iter,sum_r,max_drawdown_r,win_rate
0,-24.909360102601674,-70.7490029095777,0.3778643446379468
1,-24.909360102601664,-125.0803574143326,0.3778643446379468
2,-24.909360102601674,-145.59184844060619,0.3778643446379468
3,-24.90936010260168,-116.73265830911002,0.3778643446379468
4,-24.909360102601653,-134.89682016418323,0.3778643446379468
5,-24.909360102601664,-132.1329726173275,0.3778643446379468
6,-24.909360102601646,-104.99441205212587,0.3778643446379468
7,-24.90936010260169,-143.48548374567935,0.3778643446379468
8,-24.90936010260168,-190.83032355376312,0.3778643446379468
9,-24.909360102601653,-171.70716872869218,0.3778643446379468
10,-24.90936010260168,-138.93143995165929,0.3778643446379468
11,-24.909360102601667,-125.55646489802864,0.3778643446379468
12,-24.909360102601642,-134.93778363199766,0.3778643446379468
13,-24.90936010260166,-131.36344904004494,0.3778643446379468
14,-24.909360102601685,-166.08829578714793,0.3778643446379468
15,-24.909360102601667,-127.00113680970347,0.3778643446379468
16,-24.909360102601653,-112.42111023072744,0.3778643446379468
17,-24.90936010260167,-139.10660558222924,0.3778643446379468
18,-24.909360102601664,-99.64395304327364,0.3778643446379468
19,-24.90936010260166,-129.86308430846546,0.3778643446379468
20,-24.909360102601653,-144.61171944526942,0.3778643446379468
21,-24.909360102601664,-132.93052715460473,0.3778643446379468
22,-24.90936010260167,-126.44666803540608,0.3778643446379468
23,-24.90936010260161,-170.67363409919062,0.3778643446379468
24,-24.909360102601667,-105.15835971995796,0.3778643446379468
25,-24.909360102601674,-152.3876000540622,0.3778643446379468
26,-24.90936010260169,-141.81696400274964,0.3778643446379468
27,-24.90936010260168,-135.1527415934813,0.3778643446379468
28,-24.909360102601656,-194.42316947955592,0.3778643446379468
29,-24.909360102601667,-116.62592992956196,0.3778643446379468
30,-24.90936010260168,-148.42423068273914,0.3778643446379468
31,-24.909360102601692,-98.58133724055463,0.3778643446379468
32,-24.90936010260163,-117.9306335415431,0.3778643446379468
33,-24.909360102601674,-192.19127093043588,0.3778643446379468
34,-24.90936010260165,-127.56705959164825,0.3778643446379468
35,-24.909360102601667,-146.6461425939013,0.3778643446379468
36,-24.909360102601696,-121.78422342646193,0.3778643446379468
37,-24.90936010260165,-101.93060823337561,0.3778643446379468
38,-24.909360102601685,-123.03904646885016,0.3778643446379468
39,-24.90936010260169,-109.74324674953806,0.3778643446379468
40,-24.909360102601667,-155.6586738697521,0.3778643446379468
41,-24.909360102601653,-185.94785404830571,0.3778643446379468
42,-24.909360102601674,-171.80392138142903,0.3778643446379468
43,-24.909360102601678,-187.09218081416466,0.3778643446379468
44,-24.909360102601703,-209.7170252974205,0.3778643446379468
45,-24.909360102601642,-212.44404918697234,0.3778643446379468
46,-24.909360102601646,-117.19607063545718,0.3778643446379468
47,-24.909360102601674,-108.6448657204119,0.3778643446379468
48,-24.909360102601653,-153.80650873474735,0.3778643446379468
49,-24.909360102601656,-169.20203608725024,0.3778643446379468
50,-24.90936010260164,-101.58030340941279,0.3778643446379468
51,-24.909360102601624,-160.9375739366287,0.3778643446379468
52,-24.909360102601664,-131.099184458666,0.3778643446379468
53,-24.909360102601656,-135.39705028687717,0.3778643446379468
54,-24.909360102601667,-120.37984410167937,0.3778643446379468
55,-24.909360102601667,-190.72377563713107,0.3778643446379468
56,-24.909360102601656,-176.15050737338743,0.3778643446379468
57,-24.909360102601646,-183.8358514389448,0.3778643446379468
58,-24.90936010260166,-134.29280648364798,0.3778643446379468
59,-24.909360102601738,-229.0334878264796,0.3778643446379468
60,-24.909360102601653,-122.18896648064117,0.3778643446379468
61,-24.909360102601667,-89.38840464687253,0.3778643446379468
62,-24.909360102601674,-195.2012583028728,0.3778643446379468
63,-24.909360102601628,-174.84741905695103,0.3778643446379468
64,-24.909360102601667,-126.44996667640658,0.3778643446379468
65,-24.909360102601664,-131.62889197175943,0.3778643446379468
66,-24.90936010260169,-104.25050647909146,0.3778643446379468
67,-24.9093601026017,-173.15791021009218,0.3778643446379468
68,-24.909360102601646,-162.19676832774,0.3778643446379468
69,-24.90936010260169,-147.52004905788516,0.3778643446379468
70,-24.909360102601646,-116.10657019828989,0.3778643446379468
71,-24.90936010260162,-224.42243419158672,0.3778643446379468
72,-24.909360102601667,-178.89772596273218,0.3778643446379468
73,-24.909360102601706,-135.24873281281924,0.3778643446379468
74,-24.909360102601667,-170.80529216034483,0.3778643446379468
75,-24.909360102601703,-176.62146756475317,0.3778643446379468
76,-24.90936010260169,-145.0561910535891,0.3778643446379468
77,-24.909360102601667,-97.89680918950944,0.3778643446379468
78,-24.909360102601685,-129.81849038662224,0.3778643446379468
79,-24.909360102601664,-161.39442397712855,0.3778643446379468
80,-24.90936010260168,-160.37951726009044,0.3778643446379468
81,-24.909360102601667,-116.57769256715066,0.3778643446379468
82,-24.909360102601674,-160.11236755656194,0.3778643446379468
83,-24.909360102601653,-197.1672869941885,0.3778643446379468
84,-24.909360102601717,-122.63180566492589,0.3778643446379468
85,-24.90936010260166,-126.87945325415576,0.3778643446379468
86,-24.90936010260166,-149.13387454973756,0.3778643446379468
87,-24.90936010260166,-104.22036560059715,0.3778643446379468
88,-24.90936010260166,-98.04430939690522,0.3778643446379468
89,-24.909360102601674,-92.83781135602074,0.3778643446379468
90,-24.909360102601653,-92.18637608800577,0.3778643446379468
91,-24.909360102601653,-134.9578241374802,0.3778643446379468
92,-24.90936010260168,-137.16327758472391,0.3778643446379468
93,-24.90936010260168,-121.5125361515017,0.3778643446379468
94,-24.909360102601667,-148.688431257331,0.3778643446379468
95,-24.909360102601667,-98.12342839627021,0.3778643446379468
96,-24.909360102601678,-204.92582269692855,0.3778643446379468
97,-24.90936010260164,-186.0572227497383,0.3778643446379468
98,-24.909360102601628,-138.80515020673803,0.3778643446379468
99,-24.90936010260169,-110.27025606702013,0.3778643446379468
100,-24.90936010260165,-156.65336039710002,0.3778643446379468
101,-24.909360102601674,-148.89747208391816,0.3778643446379468
102,-24.90936010260166,-116.52232489298048,0.3778643446379468
103,-24.909360102601678,-139.0429799671807,0.3778643446379468
104,-24.909360102601646,-105.74548961598774,0.3778643446379468
105,-24.909360102601692,-155.42409321601224,0.3778643446379468
106,-24.909360102601646,-134.6519834059226,0.3778643446379468
107,-24.909360102601653,-145.03383966189259,0.3778643446379468
108,-24.909360102601674,-176.6375662414283,0.3778643446379468
109,-24.909360102601667,-177.07854851361972,0.3778643446379468
110,-24.90936010260169,-176.7572917045501,0.3778643446379468
111,-24.909360102601653,-188.7210476097356,0.3778643446379468
112,-24.9093601026017,-152.46201234717276,0.3778643446379468
113,-24.909360102601653,-105.9915665508949,0.3778643446379468
114,-24.909360102601674,-156.49008201714486,0.3778643446379468
115,-24.90936010260167,-181.18144754496285,0.3778643446379468
116,-24.909360102601674,-95.01895376557167,0.3778643446379468
117,-24.909360102601656,-139.62582781124357,0.3778643446379468
118,-24.90936010260173,-173.4105245916526,0.3778643446379468
119,-24.90936010260168,-114.04203972041903,0.3778643446379468
120,-24.90936010260166,-121.78782530063754,0.3778643446379468
121,-24.909360102601646,-121.14129864908244,0.3778643446379468
122,-24.90936010260168,-169.91066042930916,0.3778643446379468
123,-24.90936010260164,-148.39666336066375,0.3778643446379468
124,-24.90936010260169,-141.88428756705247,0.3778643446379468
125,-24.90936010260169,-117.30071433462463,0.3778643446379468
126,-24.909360102601685,-100.15477084994815,0.3778643446379468
127,-24.909360102601653,-132.62548221461094,0.3778643446379468
128,-24.909360102601674,-196.02549840866305,0.3778643446379468
129,-24.909360102601653,-149.8595628778843,0.3778643446379468
130,-24.90936010260164,-129.92088885936894,0.3778643446379468
131,-24.909360102601667,-134.05266986451272,0.3778643446379468
132,-24.909360102601696,-177.01685343327446,0.3778643446379468
133,-24.90936010260168,-241.14843014752128,0.3778643446379468
134,-24.90936010260164,-97.2212497530338,0.3778643446379468
135,-24.90936010260164,-184.33111266159642,0.3778643446379468
136,-24.909360102601646,-208.2462001358437,0.3778643446379468
137,-24.909360102601667,-175.9278619595243,0.3778643446379468
138,-24.909360102601646,-151.33363581538646,0.3778643446379468
139,-24.90936010260167,-153.4755437330283,0.3778643446379468
140,-24.909360102601667,-155.96054961239622,0.3778643446379468
141,-24.909360102601667,-146.0345369065538,0.3778643446379468
142,-24.909360102601642,-211.87140537055572,0.3778643446379468
143,-24.909360102601653,-101.43715085000949,0.3778643446379468
144,-24.909360102601674,-170.94545153584147,0.3778643446379468
145,-24.90936010260168,-194.7903039083725,0.3778643446379468
146,-24.909360102601696,-149.7785483672443,0.3778643446379468
147,-24.909360102601667,-172.90986513608587,0.3778643446379468
148,-24.909360102601706,-195.62243615048902,0.3778643446379468
149,-24.90936010260169,-128.22688891738522,0.3778643446379468
150,-24.909360102601674,-193.65675427375285,0.3778643446379468
151,-24.909360102601667,-128.65903403718684,0.3778643446379468
152,-24.90936010260161,-153.19188464575362,0.3778643446379468
153,-24.90936010260166,-192.16094650273308,0.3778643446379468
154,-24.909360102601653,-126.3531207609073,0.3778643446379468
155,-24.909360102601678,-101.83442910698746,0.3778643446379468
156,-24.90936010260171,-123.94115427658534,0.3778643446379468
157,-24.909360102601678,-109.1911356034558,0.3778643446379468
158,-24.909360102601664,-158.70701256252462,0.3778643446379468
159,-24.909360102601646,-101.00372674541201,0.3778643446379468
160,-24.909360102601642,-141.31392783112935,0.3778643446379468
161,-24.909360102601664,-132.22365793697296,0.3778643446379468
162,-24.90936010260168,-156.13540772377092,0.3778643446379468
163,-24.909360102601674,-131.49151509383995,0.3778643446379468
164,-24.90936010260166,-162.40788549460677,0.3778643446379468
165,-24.909360102601653,-99.81235384305876,0.3778643446379468
166,-24.909360102601674,-130.95641521310324,0.3778643446379468
167,-24.90936010260166,-154.01924068562377,0.3778643446379468
168,-24.90936010260167,-145.10557513768464,0.3778643446379468
169,-24.909360102601696,-105.29599581433375,0.3778643446379468
170,-24.90936010260171,-95.83837747627985,0.3778643446379468
171,-24.909360102601667,-157.3554990362948,0.3778643446379468
172,-24.909360102601678,-186.78599373515578,0.3778643446379468
173,-24.909360102601653,-153.48227200080353,0.3778643446379468
174,-24.909360102601646,-131.3594606383565,0.3778643446379468
175,-24.90936010260168,-88.78177158377564,0.3778643446379468
176,-24.90936010260166,-142.21766444370408,0.3778643446379468
177,-24.909360102601696,-106.4883192166669,0.3778643446379468
178,-24.909360102601678,-159.32225026282345,0.3778643446379468
179,-24.909360102601678,-167.95167545463104,0.3778643446379468
180,-24.90936010260167,-178.07856715553032,0.3778643446379468
181,-24.909360102601667,-154.6367366587582,0.3778643446379468
182,-24.909360102601646,-124.84963771963837,0.3778643446379468
183,-24.909360102601667,-197.06970594788027,0.3778643446379468
184,-24.909360102601664,-137.64117216039924,0.3778643446379468
185,-24.909360102601674,-146.6761007695431,0.3778643446379468
186,-24.90936010260168,-223.9125811102192,0.3778643446379468
187,-24.90936010260169,-186.8857767345952,0.3778643446379468
188,-24.909360102601667,-133.5588050556968,0.3778643446379468
189,-24.90936010260165,-183.63366983923956,0.3778643446379468
190,-24.909360102601696,-107.74370452677427,0.3778643446379468
191,-24.90936010260167,-89.16719875934622,0.3778643446379468
192,-24.909360102601667,-163.2076244480574,0.3778643446379468
193,-24.90936010260168,-158.48842245245436,0.3778643446379468
194,-24.90936010260166,-176.13748903163028,0.3778643446379468
195,-24.90936010260166,-264.6873285506011,0.3778643446379468
196,-24.90936010260168,-136.60880214870005,0.3778643446379468
197,-24.909360102601653,-131.46222701103284,0.3778643446379468
198,-24.909360102601635,-191.0202212500379,0.3778643446379468
199,-24.90936010260167,-125.36222445947026,0.3778643446379468
200,-24.909360102601664,-123.24030378309502,0.3778643446379468
201,-24.909360102601656,-108.79012177622826,0.3778643446379468
202,-24.909360102601692,-163.75953700994472,0.3778643446379468
203,-24.90936010260165,-110.67068868782519,0.3778643446379468
204,-24.909360102601653,-162.69814364699994,0.3778643446379468
205,-24.909360102601685,-124.8752483975434,0.3778643446379468
206,-24.909360102601685,-111.3610996164225,0.3778643446379468
207,-24.909360102601692,-105.95348560429022,0.3778643446379468
208,-24.90936010260163,-161.95853351144174,0.3778643446379468
209,-24.90936010260167,-157.76501440770596,0.3778643446379468
210,-24.909360102601696,-126.33953318245332,0.3778643446379468
211,-24.90936010260169,-115.45199802652806,0.3778643446379468
212,-24.909360102601674,-158.96576666419574,0.3778643446379468
213,-24.90936010260167,-102.97423500933627,0.3778643446379468
214,-24.90936010260169,-129.38835616629854,0.3778643446379468
215,-24.90936010260164,-179.24282752837547,0.3778643446379468
216,-24.909360102601653,-163.68219280845247,0.3778643446379468
217,-24.909360102601656,-133.82004983394404,0.3778643446379468
218,-24.909360102601664,-104.46623875042599,0.3778643446379468
219,-24.909360102601646,-99.08353846149008,0.3778643446379468
220,-24.909360102601667,-145.21506605030112,0.3778643446379468
221,-24.909360102601653,-138.9774874531044,0.3778643446379468
222,-24.909360102601656,-132.31288648094272,0.3778643446379468
223,-24.909360102601703,-106.26434547874013,0.3778643446379468
224,-24.909360102601667,-178.15857503239184,0.3778643446379468
225,-24.90936010260166,-149.0529585688281,0.3778643446379468
226,-24.909360102601667,-151.35949973944082,0.3778643446379468
227,-24.909360102601703,-99.78167266108815,0.3778643446379468
228,-24.909360102601678,-151.36461575415098,0.3778643446379468
229,-24.909360102601674,-193.8764102406842,0.3778643446379468
230,-24.909360102601674,-129.01668780737037,0.3778643446379468
231,-24.90936010260169,-158.06839521983906,0.3778643446379468
232,-24.909360102601664,-174.06250294559698,0.3778643446379468
233,-24.90936010260169,-139.1732550358226,0.3778643446379468
234,-24.909360102601667,-136.9401279359668,0.3778643446379468
235,-24.90936010260166,-130.61743374524866,0.3778643446379468
236,-24.909360102601653,-141.94513609456712,0.3778643446379468
237,-24.90936010260168,-157.2603134937315,0.3778643446379468
238,-24.909360102601667,-112.67206391075565,0.3778643446379468
239,-24.909360102601685,-176.6802153033195,0.3778643446379468
240,-24.90936010260165,-143.8585667383622,0.3778643446379468
241,-24.90936010260171,-114.88936051563721,0.3778643446379468
242,-24.909360102601664,-109.60793561114129,0.3778643446379468
243,-24.90936010260169,-141.22705280823368,0.3778643446379468
244,-24.90936010260168,-168.70538222477347,0.3778643446379468
245,-24.90936010260166,-134.12116874791136,0.3778643446379468
246,-24.90936010260169,-114.20889514937406,0.3778643446379468
247,-24.909360102601646,-151.602006476595,0.3778643446379468
248,-24.909360102601635,-224.41813607798093,0.3778643446379468
249,-24.90936010260166,-103.57281604370237,0.3778643446379468
250,-24.90936010260166,-130.25429480524144,0.3778643446379468
251,-24.90936010260166,-110.14261256920402,0.3778643446379468
252,-24.909360102601667,-109.13631430350333,0.3778643446379468
253,-24.909360102601696,-127.56872383406682,0.3778643446379468
254,-24.90936010260166,-108.7646473438922,0.3778643446379468
255,-24.909360102601653,-172.32426003639762,0.3778643446379468
256,-24.909360102601667,-90.70973342700061,0.3778643446379468
257,-24.909360102601667,-158.69041833513072,0.3778643446379468
258,-24.90936010260166,-101.64758108439261,0.3778643446379468
259,-24.909360102601667,-220.16053232061012,0.3778643446379468
260,-24.909360102601656,-106.1894336652649,0.3778643446379468
261,-24.909360102601664,-161.9146074192443,0.3778643446379468
262,-24.909360102601678,-109.06737417434478,0.3778643446379468
263,-24.90936010260166,-194.59009459845495,0.3778643446379468
264,-24.90936010260167,-127.51318146809382,0.3778643446379468
265,-24.909360102601674,-219.13342171191158,0.3778643446379468
266,-24.90936010260168,-154.94627780322676,0.3778643446379468
267,-24.909360102601674,-111.42457702362567,0.3778643446379468
268,-24.909360102601667,-149.85872441842827,0.3778643446379468
269,-24.90936010260166,-141.65938786575873,0.3778643446379468
270,-24.90936010260166,-106.4320096702928,0.3778643446379468
271,-24.909360102601656,-199.75934166142238,0.3778643446379468
272,-24.90936010260164,-178.9738630545744,0.3778643446379468
273,-24.909360102601642,-176.01664806403517,0.3778643446379468
274,-24.909360102601653,-169.91393611045913,0.3778643446379468
275,-24.909360102601653,-105.35859380263369,0.3778643446379468
276,-24.909360102601685,-132.23230764853676,0.3778643446379468
277,-24.90936010260166,-216.14058702209326,0.3778643446379468
278,-24.909360102601703,-156.04807054406092,0.3778643446379468
279,-24.909360102601646,-106.72938014668412,0.3778643446379468
280,-24.90936010260168,-137.57016092686553,0.3778643446379468
281,-24.90936010260168,-108.61263311187147,0.3778643446379468
282,-24.909360102601664,-139.32969558120772,0.3778643446379468
283,-24.909360102601664,-151.64298742446883,0.3778643446379468
284,-24.909360102601667,-139.3453479153053,0.3778643446379468
285,-24.909360102601706,-194.00013034854453,0.3778643446379468
286,-24.90936010260167,-136.50065745003184,0.3778643446379468
287,-24.909360102601674,-134.40680655358307,0.3778643446379468
288,-24.909360102601678,-166.39987527614852,0.3778643446379468
289,-24.909360102601653,-144.20379157393126,0.3778643446379468
290,-24.909360102601667,-163.60163426326264,0.3778643446379468
291,-24.909360102601653,-141.26227322560658,0.3778643446379468
292,-24.90936010260164,-134.11611627043322,0.3778643446379468
293,-24.909360102601653,-155.33066027748634,0.3778643446379468
294,-24.909360102601692,-171.35120402431346,0.3778643446379468
295,-24.909360102601678,-103.6967471980103,0.3778643446379468
296,-24.909360102601667,-163.11548835048976,0.3778643446379468
297,-24.90936010260169,-175.34264852074003,0.3778643446379468
298,-24.909360102601717,-190.47548113130702,0.3778643446379468
299,-24.90936010260169,-93.49046896685391,0.3778643446379468
300,-24.90936010260169,-110.84606104592741,0.3778643446379468
301,-24.909360102601674,-188.39021691199184,0.3778643446379468
302,-24.90936010260166,-108.36220111543832,0.3778643446379468
303,-24.90936010260167,-238.56820653698492,0.3778643446379468
304,-24.90936010260168,-130.42903377287476,0.3778643446379468
305,-24.90936010260168,-193.3050173153531,0.3778643446379468
306,-24.90936010260169,-173.1078690204858,0.3778643446379468
307,-24.90936010260167,-132.28100457823658,0.3778643446379468
308,-24.909360102601646,-221.9846419861096,0.3778643446379468
309,-24.90936010260166,-161.79699116754307,0.3778643446379468
310,-24.90936010260166,-200.93282037535926,0.3778643446379468
311,-24.909360102601685,-146.63772482355932,0.3778643446379468
312,-24.909360102601692,-126.46935071739411,0.3778643446379468
313,-24.90936010260166,-100.96360560716849,0.3778643446379468
314,-24.90936010260169,-216.9354736778341,0.3778643446379468
315,-24.909360102601674,-249.94320858247667,0.3778643446379468
316,-24.909360102601656,-127.0433940505359,0.3778643446379468
317,-24.909360102601678,-107.34132513527803,0.3778643446379468
318,-24.909360102601642,-127.60637847285567,0.3778643446379468
319,-24.90936010260166,-145.51472493312016,0.3778643446379468
320,-24.90936010260164,-119.25801334715507,0.3778643446379468
321,-24.90936010260168,-119.44237257465248,0.3778643446379468
322,-24.909360102601653,-140.48442718634385,0.3778643446379468
323,-24.909360102601667,-128.77434339272935,0.3778643446379468
324,-24.90936010260166,-98.64826139600936,0.3778643446379468
325,-24.90936010260166,-140.56877918309175,0.3778643446379468
326,-24.909360102601653,-296.0950060695001,0.3778643446379468
327,-24.90936010260166,-142.02212088522347,0.3778643446379468
328,-24.909360102601678,-96.73499280729031,0.3778643446379468
329,-24.90936010260168,-174.76636754265868,0.3778643446379468
330,-24.909360102601664,-101.7802671914063,0.3778643446379468
331,-24.90936010260171,-130.57448751278943,0.3778643446379468
332,-24.909360102601656,-149.63967547323753,0.3778643446379468
333,-24.909360102601674,-140.9992677857386,0.3778643446379468
334,-24.909360102601664,-113.44028908732136,0.3778643446379468
335,-24.90936010260165,-95.97652381766741,0.3778643446379468
336,-24.909360102601653,-155.8379766880428,0.3778643446379468
337,-24.909360102601664,-182.5820124842651,0.3778643446379468
338,-24.90936010260166,-114.7361818208623,0.3778643446379468
339,-24.909360102601674,-115.04515991931638,0.3778643446379468
340,-24.909360102601667,-158.18355726273592,0.3778643446379468
341,-24.909360102601674,-139.77274032208982,0.3778643446379468
342,-24.909360102601667,-128.06782618964792,0.3778643446379468
343,-24.909360102601653,-170.85614405709867,0.3778643446379468
344,-24.90936010260168,-172.3208135579406,0.3778643446379468
345,-24.90936010260164,-195.3734564562205,0.3778643446379468
346,-24.90936010260163,-156.43730876327032,0.3778643446379468
347,-24.909360102601692,-79.8866820605306,0.3778643446379468
348,-24.909360102601653,-125.21001193281997,0.3778643446379468
349,-24.90936010260166,-92.26459645994964,0.3778643446379468
350,-24.90936010260167,-106.2643126130916,0.3778643446379468
351,-24.90936010260166,-144.3925489961445,0.3778643446379468
352,-24.90936010260166,-134.13042800814821,0.3778643446379468
353,-24.90936010260168,-177.8511925987885,0.3778643446379468
354,-24.909360102601667,-136.63099234039709,0.3778643446379468
355,-24.909360102601692,-111.05163929435312,0.3778643446379468
356,-24.909360102601674,-125.72113702329086,0.3778643446379468
357,-24.90936010260168,-168.30729698209606,0.3778643446379468
358,-24.909360102601674,-128.64341301537704,0.3778643446379468
359,-24.90936010260166,-125.83974773193259,0.3778643446379468
360,-24.90936010260166,-185.68231515468142,0.3778643446379468
361,-24.90936010260166,-187.16808957504102,0.3778643446379468
362,-24.909360102601692,-220.68706676067666,0.3778643446379468
363,-24.909360102601653,-143.18345000003075,0.3778643446379468
364,-24.909360102601667,-152.1889142732135,0.3778643446379468
365,-24.909360102601703,-97.4004098535761,0.3778643446379468
366,-24.90936010260166,-193.79925291781768,0.3778643446379468
367,-24.909360102601646,-170.85070715070384,0.3778643446379468
368,-24.909360102601667,-85.33246415085361,0.3778643446379468
369,-24.909360102601624,-191.19004962164408,0.3778643446379468
370,-24.90936010260163,-150.25538352535548,0.3778643446379468
371,-24.909360102601674,-132.01968597497108,0.3778643446379468
372,-24.909360102601703,-120.80457371315688,0.3778643446379468
373,-24.909360102601674,-118.96564461685563,0.3778643446379468
374,-24.909360102601667,-168.59563231221983,0.3778643446379468
375,-24.909360102601667,-106.58966496096104,0.3778643446379468
376,-24.90936010260166,-122.1343310395054,0.3778643446379468
377,-24.90936010260164,-87.18894499026949,0.3778643446379468
378,-24.909360102601664,-163.0228686058145,0.3778643446379468
379,-24.90936010260167,-158.32614366494863,0.3778643446379468
380,-24.909360102601678,-137.02452795792834,0.3778643446379468
381,-24.909360102601703,-106.41745751836702,0.3778643446379468
382,-24.909360102601674,-199.02659047558822,0.3778643446379468
383,-24.909360102601667,-234.93891947951084,0.3778643446379468
384,-24.909360102601696,-128.2947445082937,0.3778643446379468
385,-24.909360102601653,-97.17900197862103,0.3778643446379468
386,-24.90936010260167,-102.57196018755212,0.3778643446379468
387,-24.909360102601664,-156.68675236889362,0.3778643446379468
388,-24.909360102601696,-90.1034531308413,0.3778643446379468
389,-24.909360102601653,-169.98602879257209,0.3778643446379468
390,-24.909360102601692,-154.74065437926254,0.3778643446379468
391,-24.90936010260166,-248.70288540373878,0.3778643446379468
392,-24.909360102601696,-157.78943212570886,0.3778643446379468
393,-24.90936010260168,-86.73825607338954,0.3778643446379468
394,-24.909360102601667,-136.93075870419986,0.3778643446379468
395,-24.909360102601656,-116.42092085647145,0.3778643446379468
396,-24.909360102601656,-163.4764028137584,0.3778643446379468
397,-24.90936010260168,-119.79055432893382,0.3778643446379468
398,-24.909360102601692,-154.6950585436161,0.3778643446379468
399,-24.90936010260168,-132.69983059467907,0.3778643446379468
400,-24.909360102601674,-210.6820164961755,0.3778643446379468
401,-24.909360102601664,-140.6395243829595,0.3778643446379468
402,-24.909360102601667,-127.52008048675809,0.3778643446379468
403,-24.909360102601674,-139.33932184235616,0.3778643446379468
404,-24.909360102601696,-101.69119974459261,0.3778643446379468
405,-24.90936010260166,-201.35826303071207,0.3778643446379468
406,-24.909360102601624,-127.85733528091833,0.3778643446379468
407,-24.90936010260166,-133.10103853712207,0.3778643446379468
408,-24.909360102601674,-164.59056821739088,0.3778643446379468
409,-24.909360102601667,-195.7299798103827,0.3778643446379468
410,-24.90936010260167,-173.64262484446948,0.3778643446379468
411,-24.909360102601653,-147.07685829010506,0.3778643446379468
412,-24.909360102601646,-121.43976086586088,0.3778643446379468
413,-24.909360102601667,-150.3376231166355,0.3778643446379468
414,-24.909360102601653,-148.97046849039842,0.3778643446379468
415,-24.909360102601667,-144.7166552773961,0.3778643446379468
416,-24.909360102601635,-126.62596757731438,0.3778643446379468
417,-24.909360102601667,-159.05482627001336,0.3778643446379468
418,-24.90936010260168,-192.6213715327877,0.3778643446379468
419,-24.909360102601642,-139.58063413160812,0.3778643446379468
420,-24.909360102601692,-114.0564752317726,0.3778643446379468
421,-24.90936010260166,-140.758499680044,0.3778643446379468
422,-24.909360102601653,-149.16326572462165,0.3778643446379468
423,-24.909360102601656,-121.91954165526283,0.3778643446379468
424,-24.909360102601642,-139.82435380572343,0.3778643446379468
425,-24.909360102601656,-205.09877846159992,0.3778643446379468
426,-24.909360102601653,-132.13222597414682,0.3778643446379468
427,-24.909360102601703,-155.34596902068446,0.3778643446379468
428,-24.909360102601696,-128.40799085274074,0.3778643446379468
429,-24.90936010260168,-167.82210375770217,0.3778643446379468
430,-24.90936010260164,-151.78565028127886,0.3778643446379468
431,-24.909360102601678,-101.0271448359801,0.3778643446379468
432,-24.90936010260167,-172.7249938799,0.3778643446379468
433,-24.909360102601667,-130.26388810473773,0.3778643446379468
434,-24.90936010260171,-163.6499315984313,0.3778643446379468
435,-24.90936010260166,-178.09656045368274,0.3778643446379468
436,-24.90936010260166,-185.37908298285663,0.3778643446379468
437,-24.90936010260168,-115.68665977433514,0.3778643446379468
438,-24.909360102601678,-122.16020910703631,0.3778643446379468
439,-24.909360102601664,-176.30863357933126,0.3778643446379468
440,-24.90936010260164,-171.8124295262711,0.3778643446379468
441,-24.909360102601696,-120.41498314762114,0.3778643446379468
442,-24.90936010260169,-120.64062809328315,0.3778643446379468
443,-24.90936010260169,-254.93016577640793,0.3778643446379468
444,-24.909360102601692,-179.47428809035034,0.3778643446379468
445,-24.909360102601685,-125.26651872464652,0.3778643446379468
446,-24.90936010260165,-121.53682835256964,0.3778643446379468
447,-24.90936010260167,-138.77354641381038,0.3778643446379468
448,-24.90936010260168,-113.53758943347081,0.3778643446379468
449,-24.9093601026017,-104.37048144977825,0.3778643446379468
450,-24.90936010260165,-177.45028688322085,0.3778643446379468
451,-24.90936010260168,-118.60313774775413,0.3778643446379468
452,-24.90936010260167,-156.36587202715134,0.3778643446379468
453,-24.90936010260168,-154.04571645378957,0.3778643446379468
454,-24.90936010260166,-112.92279299437274,0.3778643446379468
455,-24.909360102601685,-197.49550528798102,0.3778643446379468
456,-24.909360102601664,-91.21910810176746,0.3778643446379468
457,-24.909360102601653,-190.17130288656864,0.3778643446379468
458,-24.909360102601674,-170.67676863352978,0.3778643446379468
459,-24.909360102601667,-143.4952872046635,0.3778643446379468
460,-24.909360102601667,-88.03014618629393,0.3778643446379468
461,-24.909360102601646,-117.87475834570085,0.3778643446379468
462,-24.90936010260164,-143.12293288597476,0.3778643446379468
463,-24.909360102601646,-75.99944772284356,0.3778643446379468
464,-24.909360102601692,-140.90881897942077,0.3778643446379468
465,-24.909360102601664,-172.3594428777396,0.3778643446379468
466,-24.909360102601653,-193.18369318062813,0.3778643446379468
467,-24.909360102601624,-173.9768957223552,0.3778643446379468
468,-24.90936010260164,-201.44018603071322,0.3778643446379468
469,-24.90936010260168,-146.4578471566315,0.3778643446379468
470,-24.909360102601646,-178.73421693917484,0.3778643446379468
471,-24.909360102601667,-173.9936485423285,0.3778643446379468
472,-24.909360102601656,-199.15623649866671,0.3778643446379468
473,-24.909360102601667,-151.684971872989,0.3778643446379468
474,-24.909360102601642,-151.80976532983897,0.3778643446379468
475,-24.909360102601653,-150.27119153909746,0.3778643446379468
476,-24.909360102601653,-133.3070293265667,0.3778643446379468
477,-24.90936010260169,-197.81604555689432,0.3778643446379468
478,-24.909360102601703,-126.45097287470227,0.3778643446379468
479,-24.909360102601667,-99.03501845692514,0.3778643446379468
480,-24.909360102601667,-110.35415163483026,0.3778643446379468
481,-24.909360102601642,-209.91403226500654,0.3778643446379468
482,-24.909360102601667,-97.40810138925258,0.3778643446379468
483,-24.909360102601646,-130.79897598102136,0.3778643446379468
484,-24.909360102601653,-182.11042833821062,0.3778643446379468
485,-24.90936010260165,-109.3567387106905,0.3778643446379468
486,-24.909360102601664,-177.74276632652303,0.3778643446379468
487,-24.90936010260168,-137.93533474019085,0.3778643446379468
488,-24.90936010260164,-147.3438472042509,0.3778643446379468
489,-24.909360102601667,-167.02813288535472,0.3778643446379468
490,-24.90936010260167,-239.21328012653782,0.3778643446379468
491,-24.90936010260168,-158.60383728388618,0.3778643446379468
492,-24.909360102601674,-118.2848830731595,0.3778643446379468
493,-24.909360102601664,-133.69337129916886,0.3778643446379468
494,-24.909360102601674,-104.21218473637998,0.3778643446379468
495,-24.909360102601656,-153.49416190506372,0.3778643446379468
496,-24.90936010260166,-147.21916045957275,0.3778643446379468
497,-24.909360102601646,-144.58186742488786,0.3778643446379468
498,-24.90936010260163,-126.40948155544311,0.3778643446379468
499,-24.909360102601713,-141.25317690085888,0.3778643446379468
500,-24.90936010260168,-125.59215783231899,0.3778643446379468
501,-24.90936010260167,-117.43088572308031,0.3778643446379468
502,-24.90936010260165,-168.60436572659486,0.3778643446379468
503,-24.9093601026017,-153.72783976509524,0.3778643446379468
504,-24.909360102601646,-163.81628097040974,0.3778643446379468
505,-24.909360102601667,-129.63544816635127,0.3778643446379468
506,-24.909360102601667,-237.97075073229536,0.3778643446379468
507,-24.909360102601667,-170.43464997166603,0.3778643446379468
508,-24.909360102601614,-142.05922264643195,0.3778643446379468
509,-24.909360102601667,-227.84446162995275,0.3778643446379468
510,-24.90936010260166,-143.48200437412868,0.3778643446379468
511,-24.90936010260169,-138.2371664363481,0.3778643446379468
512,-24.90936010260168,-107.61054650583435,0.3778643446379468
513,-24.90936010260169,-117.84791739791962,0.3778643446379468
514,-24.909360102601653,-173.61614495171148,0.3778643446379468
515,-24.909360102601653,-189.16619808472905,0.3778643446379468
516,-24.909360102601664,-123.19866027695535,0.3778643446379468
517,-24.909360102601667,-128.47400201547606,0.3778643446379468
518,-24.909360102601653,-118.51357278250515,0.3778643446379468
519,-24.909360102601667,-166.00535394106612,0.3778643446379468
520,-24.909360102601653,-114.15887891611845,0.3778643446379468
521,-24.909360102601646,-113.8879510421851,0.3778643446379468
522,-24.909360102601667,-244.3725904283917,0.3778643446379468
523,-24.90936010260168,-188.14347174384065,0.3778643446379468
524,-24.9093601026017,-127.52034295760758,0.3778643446379468
525,-24.909360102601696,-234.69376591308693,0.3778643446379468
526,-24.909360102601653,-104.25397003216611,0.3778643446379468
527,-24.90936010260169,-109.76434101997265,0.3778643446379468
528,-24.909360102601646,-176.0242007187303,0.3778643446379468
529,-24.909360102601656,-188.05102614997273,0.3778643446379468
530,-24.909360102601713,-183.08703643702435,0.3778643446379468
531,-24.90936010260169,-124.81897393735758,0.3778643446379468
532,-24.909360102601703,-129.52493623684023,0.3778643446379468
533,-24.90936010260165,-171.17120676808904,0.3778643446379468
534,-24.909360102601674,-158.0532003636066,0.3778643446379468
535,-24.90936010260163,-126.68322995507802,0.3778643446379468
536,-24.909360102601624,-173.08581103039776,0.3778643446379468
537,-24.9093601026017,-117.30697024604886,0.3778643446379468
538,-24.909360102601674,-160.17329959198528,0.3778643446379468
539,-24.909360102601674,-177.0972966290434,0.3778643446379468
540,-24.90936010260166,-117.37057166599678,0.3778643446379468
541,-24.90936010260168,-233.97235185351212,0.3778643446379468
542,-24.909360102601664,-126.39234097054066,0.3778643446379468
543,-24.90936010260164,-150.6027533128426,0.3778643446379468
544,-24.909360102601674,-140.77898589719751,0.3778643446379468
545,-24.90936010260171,-162.18692637518177,0.3778643446379468
546,-24.909360102601674,-104.91839231485821,0.3778643446379468
547,-24.90936010260169,-132.37887302643963,0.3778643446379468
548,-24.909360102601653,-153.73412044427673,0.3778643446379468
549,-24.90936010260169,-136.1416200307666,0.3778643446379468
550,-24.909360102601667,-118.108769491097,0.3778643446379468
551,-24.909360102601653,-158.98338148568334,0.3778643446379468
552,-24.90936010260168,-144.33597403010916,0.3778643446379468
553,-24.909360102601692,-213.61305925891298,0.3778643446379468
554,-24.909360102601692,-120.11369714297422,0.3778643446379468
555,-24.909360102601667,-111.53937698219215,0.3778643446379468
556,-24.909360102601703,-137.69645433767866,0.3778643446379468
557,-24.909360102601656,-244.58007007419587,0.3778643446379468
558,-24.909360102601656,-96.9658570047718,0.3778643446379468
559,-24.90936010260166,-148.43613988003716,0.3778643446379468
560,-24.90936010260168,-133.41428779078777,0.3778643446379468
561,-24.909360102601667,-200.015129193904,0.3778643446379468
562,-24.909360102601653,-123.86809212778331,0.3778643446379468
563,-24.909360102601664,-157.38768192965264,0.3778643446379468
564,-24.909360102601696,-197.16169221733915,0.3778643446379468
565,-24.90936010260166,-166.07935563183165,0.3778643446379468
566,-24.90936010260165,-100.75772818262956,0.3778643446379468
567,-24.909360102601674,-113.55689649775414,0.3778643446379468
568,-24.90936010260167,-138.84741104010686,0.3778643446379468
569,-24.90936010260168,-105.95385872999282,0.3778643446379468
570,-24.909360102601653,-165.92000743554553,0.3778643446379468
571,-24.909360102601696,-124.96882132561245,0.3778643446379468
572,-24.90936010260165,-147.69649956547087,0.3778643446379468
573,-24.909360102601664,-149.3597072959048,0.3778643446379468
574,-24.90936010260167,-156.4193255891628,0.3778643446379468
575,-24.90936010260171,-176.5173190234873,0.3778643446379468
576,-24.90936010260165,-137.81547359644009,0.3778643446379468
577,-24.90936010260169,-154.71137683409236,0.3778643446379468
578,-24.90936010260164,-153.5873535488625,0.3778643446379468
579,-24.909360102601678,-119.99437211404654,0.3778643446379468
580,-24.909360102601646,-178.87661853008973,0.3778643446379468
581,-24.909360102601692,-103.06703137738572,0.3778643446379468
582,-24.909360102601667,-151.18316342855354,0.3778643446379468
583,-24.90936010260166,-114.60575825633613,0.3778643446379468
584,-24.90936010260163,-106.74440946202945,0.3778643446379468
585,-24.909360102601674,-192.95816350576968,0.3778643446379468
586,-24.909360102601678,-162.93632353558007,0.3778643446379468
587,-24.909360102601667,-192.05405649469225,0.3778643446379468
588,-24.909360102601678,-145.57821355060707,0.3778643446379468
589,-24.90936010260166,-123.8587194443234,0.3778643446379468
590,-24.90936010260164,-149.7917424410786,0.3778643446379468
591,-24.909360102601667,-88.95512051423022,0.3778643446379468
592,-24.90936010260166,-213.40844709364472,0.3778643446379468
593,-24.909360102601653,-126.38046824491298,0.3778643446379468
594,-24.90936010260167,-185.31804157503626,0.3778643446379468
595,-24.909360102601703,-124.27702932308863,0.3778643446379468
596,-24.90936010260168,-111.68086722370423,0.3778643446379468
597,-24.909360102601674,-171.65427060539548,0.3778643446379468
598,-24.909360102601678,-155.26455563252154,0.3778643446379468
599,-24.909360102601667,-129.36718365907865,0.3778643446379468
600,-24.90936010260168,-188.21421137120672,0.3778643446379468
601,-24.909360102601624,-166.48740758955606,0.3778643446379468
602,-24.909360102601653,-108.75946483218907,0.3778643446379468
603,-24.909360102601646,-145.08818650918806,0.3778643446379468
604,-24.909360102601703,-164.63169200166263,0.3778643446379468
605,-24.909360102601674,-158.60182423113469,0.3778643446379468
606,-24.90936010260166,-170.25722705732795,0.3778643446379468
607,-24.90936010260166,-101.49492845702429,0.3778643446379468
608,-24.909360102601692,-113.18576475395402,0.3778643446379468
609,-24.909360102601696,-92.19043688790035,0.3778643446379468
610,-24.909360102601667,-155.72847333120427,0.3778643446379468
611,-24.909360102601692,-171.25140937309465,0.3778643446379468
612,-24.909360102601656,-132.11675077650816,0.3778643446379468
613,-24.90936010260165,-137.80371059813837,0.3778643446379468
614,-24.909360102601664,-118.33230914183994,0.3778643446379468
615,-24.90936010260167,-154.1317948427483,0.3778643446379468
616,-24.909360102601685,-150.3735264111035,0.3778643446379468
617,-24.909360102601656,-152.70678181137544,0.3778643446379468
618,-24.90936010260169,-234.25228752220843,0.3778643446379468
619,-24.909360102601674,-196.73627644337435,0.3778643446379468
620,-24.909360102601667,-115.5367056243217,0.3778643446379468
621,-24.909360102601646,-156.71358929766956,0.3778643446379468
622,-24.90936010260164,-123.66922979477573,0.3778643446379468
623,-24.909360102601656,-152.90161690344846,0.3778643446379468
624,-24.909360102601646,-146.04233720837834,0.3778643446379468
625,-24.909360102601667,-171.94405680454437,0.3778643446379468
626,-24.90936010260169,-114.82078213464527,0.3778643446379468
627,-24.909360102601706,-118.21280723224038,0.3778643446379468
628,-24.90936010260168,-184.27157019370233,0.3778643446379468
629,-24.909360102601692,-139.17577236415735,0.3778643446379468
630,-24.90936010260166,-123.73834649380524,0.3778643446379468
631,-24.909360102601646,-138.9015485135865,0.3778643446379468
632,-24.909360102601674,-140.19626797072664,0.3778643446379468
633,-24.90936010260167,-140.17622598997292,0.3778643446379468
634,-24.909360102601674,-140.6405612927872,0.3778643446379468
635,-24.909360102601656,-122.32102039038624,0.3778643446379468
636,-24.90936010260169,-138.06284937007692,0.3778643446379468
637,-24.90936010260168,-121.14787853356633,0.3778643446379468
638,-24.909360102601696,-169.41407855949157,0.3778643446379468
639,-24.909360102601646,-110.69139016483588,0.3778643446379468
640,-24.909360102601667,-177.20450346110826,0.3778643446379468
641,-24.909360102601667,-123.88917432343271,0.3778643446379468
642,-24.909360102601646,-145.515393502658,0.3778643446379468
643,-24.909360102601646,-138.4741963031414,0.3778643446379468
644,-24.909360102601696,-143.0464450109919,0.3778643446379468
645,-24.909360102601685,-117.24598325568714,0.3778643446379468
646,-24.90936010260166,-153.95969195320987,0.3778643446379468
647,-24.90936010260166,-132.4970564934735,0.3778643446379468
648,-24.909360102601674,-166.53982584836655,0.3778643446379468
649,-24.909360102601628,-107.11107893629858,0.3778643446379468
650,-24.909360102601674,-97.67098280423403,0.3778643446379468
651,-24.909360102601696,-129.5840929658846,0.3778643446379468
652,-24.90936010260163,-166.7567329483734,0.3778643446379468
653,-24.909360102601664,-128.14513113728455,0.3778643446379468
654,-24.909360102601667,-160.6690875651153,0.3778643446379468
655,-24.90936010260168,-135.73228459452065,0.3778643446379468
656,-24.909360102601674,-159.7288628471013,0.3778643446379468
657,-24.909360102601646,-184.9967159349799,0.3778643446379468
658,-24.909360102601703,-164.64686650218687,0.3778643446379468
659,-24.90936010260168,-146.66773418614503,0.3778643446379468
660,-24.90936010260167,-139.1869605415253,0.3778643446379468
661,-24.90936010260165,-194.70696632362362,0.3778643446379468
662,-24.909360102601678,-165.6549824111841,0.3778643446379468
663,-24.909360102601646,-155.84783865897253,0.3778643446379468
664,-24.909360102601664,-174.27630968049831,0.3778643446379468
665,-24.909360102601653,-124.77468365731391,0.3778643446379468
666,-24.909360102601678,-138.0610784501888,0.3778643446379468
667,-24.909360102601653,-120.88860885970351,0.3778643446379468
668,-24.909360102601653,-165.9110255915504,0.3778643446379468
669,-24.909360102601653,-116.76706848117468,0.3778643446379468
670,-24.90936010260163,-159.52117853455925,0.3778643446379468
671,-24.909360102601646,-115.96308845663972,0.3778643446379468
672,-24.909360102601674,-160.08866667932654,0.3778643446379468
673,-24.90936010260163,-172.62328811337972,0.3778643446379468
674,-24.90936010260168,-139.34387425377173,0.3778643446379468
675,-24.90936010260164,-241.8878480484994,0.3778643446379468
676,-24.909360102601667,-148.67932475926838,0.3778643446379468
677,-24.90936010260168,-167.69997176353718,0.3778643446379468
678,-24.909360102601696,-202.69349676483083,0.3778643446379468
679,-24.909360102601667,-183.99888231655387,0.3778643446379468
680,-24.909360102601635,-155.87721552006843,0.3778643446379468
681,-24.909360102601674,-96.99525559554672,0.3778643446379468
682,-24.909360102601667,-145.13916269046416,0.3778643446379468
683,-24.90936010260169,-196.55360909881568,0.3778643446379468
684,-24.90936010260168,-99.01790593758625,0.3778643446379468
685,-24.90936010260166,-141.85623169885218,0.3778643446379468
686,-24.909360102601692,-146.1460225447695,0.3778643446379468
687,-24.90936010260166,-110.87006679358453,0.3778643446379468
688,-24.909360102601685,-102.29051822011658,0.3778643446379468
689,-24.90936010260168,-128.7047890379451,0.3778643446379468
690,-24.909360102601653,-90.62157147253912,0.3778643446379468
691,-24.909360102601617,-175.80481736315056,0.3778643446379468
692,-24.90936010260164,-196.90299664785616,0.3778643446379468
693,-24.90936010260168,-98.55681683239666,0.3778643446379468
694,-24.909360102601653,-230.36879539564575,0.3778643446379468
695,-24.90936010260169,-213.79057442219045,0.3778643446379468
696,-24.909360102601664,-89.18567858715295,0.3778643446379468
697,-24.90936010260168,-152.08034775839096,0.3778643446379468
698,-24.909360102601667,-144.78460090687287,0.3778643446379468
699,-24.909360102601696,-144.35619513642172,0.3778643446379468
700,-24.909360102601674,-152.83871490949832,0.3778643446379468
701,-24.90936010260168,-171.34588119993165,0.3778643446379468
702,-24.90936010260166,-103.05355111496006,0.3778643446379468
703,-24.909360102601678,-140.06432348662602,0.3778643446379468
704,-24.909360102601656,-116.66451339803469,0.3778643446379468
705,-24.90936010260167,-120.1897035116289,0.3778643446379468
706,-24.909360102601653,-139.51082007382388,0.3778643446379468
707,-24.909360102601667,-111.06117875056579,0.3778643446379468
708,-24.909360102601674,-196.30720911336562,0.3778643446379468
709,-24.90936010260166,-153.8951735316305,0.3778643446379468
710,-24.90936010260165,-120.50550054724255,0.3778643446379468
711,-24.909360102601674,-136.7324197046332,0.3778643446379468
712,-24.909360102601664,-165.22807587279908,0.3778643446379468
713,-24.90936010260168,-132.10957433510467,0.3778643446379468
714,-24.90936010260168,-137.7967027275206,0.3778643446379468
715,-24.90936010260166,-107.91976780698377,0.3778643446379468
716,-24.90936010260168,-116.13856565179353,0.3778643446379468
717,-24.909360102601674,-205.04969744569163,0.3778643446379468
718,-24.909360102601653,-105.68040137312647,0.3778643446379468
719,-24.909360102601667,-113.47373907300903,0.3778643446379468
720,-24.909360102601706,-211.50517571003815,0.3778643446379468
721,-24.90936010260165,-157.35652497066556,0.3778643446379468
722,-24.909360102601696,-151.51297458773604,0.3778643446379468
723,-24.90936010260164,-162.92381986020666,0.3778643446379468
724,-24.90936010260167,-131.51536719586923,0.3778643446379468
725,-24.909360102601667,-108.1698740827676,0.3778643446379468
726,-24.909360102601667,-146.07250587894936,0.3778643446379468
727,-24.90936010260166,-116.02078509537034,0.3778643446379468
728,-24.90936010260164,-136.88913521821928,0.3778643446379468
729,-24.909360102601653,-182.9221639602025,0.3778643446379468
730,-24.90936010260163,-98.57457076143845,0.3778643446379468
731,-24.90936010260167,-130.80513266877472,0.3778643446379468
732,-24.909360102601696,-154.67382721499445,0.3778643446379468
733,-24.909360102601646,-113.89967439205263,0.3778643446379468
734,-24.909360102601717,-172.80183852817385,0.3778643446379468
735,-24.90936010260168,-187.30922990227896,0.3778643446379468
736,-24.909360102601696,-95.15815568691838,0.3778643446379468
737,-24.909360102601667,-199.0495556532758,0.3778643446379468
738,-24.9093601026017,-189.3874493174439,0.3778643446379468
739,-24.90936010260163,-147.27819396336653,0.3778643446379468
740,-24.90936010260169,-94.61833698197654,0.3778643446379468
741,-24.90936010260168,-164.4010300194835,0.3778643446379468
742,-24.909360102601706,-113.02165894179453,0.3778643446379468
743,-24.909360102601667,-156.9421516479344,0.3778643446379468
744,-24.909360102601667,-148.76021509648115,0.3778643446379468
745,-24.909360102601667,-117.38483982585015,0.3778643446379468
746,-24.909360102601696,-136.1042010647021,0.3778643446379468
747,-24.909360102601674,-148.48402647261992,0.3778643446379468
748,-24.909360102601646,-187.7988989304422,0.3778643446379468
749,-24.909360102601703,-116.05530501312602,0.3778643446379468
750,-24.909360102601656,-123.29047893106835,0.3778643446379468
751,-24.909360102601664,-125.39070046750008,0.3778643446379468
752,-24.909360102601678,-103.70344453427457,0.3778643446379468
753,-24.90936010260166,-200.74649251243792,0.3778643446379468
754,-24.90936010260169,-108.76926090898391,0.3778643446379468
755,-24.90936010260169,-172.587927951333,0.3778643446379468
756,-24.90936010260165,-111.55708408220069,0.3778643446379468
757,-24.90936010260168,-90.23576357145177,0.3778643446379468
758,-24.909360102601653,-87.20922000516472,0.3778643446379468
759,-24.90936010260167,-129.40121582670434,0.3778643446379468
760,-24.90936010260169,-145.84877993430547,0.3778643446379468
761,-24.90936010260167,-120.89187106177988,0.3778643446379468
762,-24.90936010260168,-156.15306161767177,0.3778643446379468
763,-24.90936010260167,-129.1062715256973,0.3778643446379468
764,-24.909360102601674,-124.62814621139333,0.3778643446379468
765,-24.909360102601664,-197.57729974524494,0.3778643446379468
766,-24.90936010260168,-150.8369347105492,0.3778643446379468
767,-24.90936010260166,-166.64242890253885,0.3778643446379468
768,-24.909360102601635,-149.83088966526296,0.3778643446379468
769,-24.90936010260169,-142.89621876103448,0.3778643446379468
770,-24.909360102601703,-122.00229939834307,0.3778643446379468
771,-24.909360102601667,-131.40527038250838,0.3778643446379468
772,-24.90936010260165,-90.75954452618178,0.3778643446379468
773,-24.909360102601678,-85.92945399039107,0.3778643446379468
774,-24.909360102601678,-146.80665327551577,0.3778643446379468
775,-24.909360102601653,-163.72347366877068,0.3778643446379468
776,-24.909360102601667,-137.26987204399435,0.3778643446379468
777,-24.909360102601674,-150.77760576242062,0.3778643446379468
778,-24.90936010260166,-136.79448678810232,0.3778643446379468
779,-24.90936010260168,-115.21544669602218,0.3778643446379468
780,-24.909360102601653,-108.17719056265689,0.3778643446379468
781,-24.909360102601667,-120.34081467552622,0.3778643446379468
782,-24.909360102601674,-126.0175042328509,0.3778643446379468
783,-24.909360102601674,-112.87384435015561,0.3778643446379468
784,-24.90936010260166,-186.92188783344923,0.3778643446379468
785,-24.909360102601674,-91.52866896229759,0.3778643446379468
786,-24.909360102601646,-110.85046698320289,0.3778643446379468
787,-24.90936010260169,-113.93534536315218,0.3778643446379468
788,-24.909360102601667,-118.99392277027704,0.3778643446379468
789,-24.909360102601674,-144.941788438825,0.3778643446379468
790,-24.909360102601678,-109.99119383861213,0.3778643446379468
791,-24.90936010260167,-116.81805062903896,0.3778643446379468
792,-24.909360102601674,-128.2273283734766,0.3778643446379468
793,-24.909360102601706,-145.42821144504998,0.3778643446379468
794,-24.90936010260164,-166.37827019429946,0.3778643446379468
795,-24.909360102601696,-202.94482838201748,0.3778643446379468
796,-24.909360102601653,-119.5775576778324,0.3778643446379468
797,-24.909360102601664,-107.57219215727133,0.3778643446379468
798,-24.909360102601678,-147.3621310582284,0.3778643446379468
799,-24.90936010260164,-125.89171994197756,0.3778643446379468
800,-24.909360102601667,-151.7241723835347,0.3778643446379468
801,-24.909360102601696,-143.56955199324992,0.3778643446379468
802,-24.909360102601674,-135.83824961818112,0.3778643446379468
803,-24.909360102601646,-134.8138441624462,0.3778643446379468
804,-24.909360102601653,-142.30656826005006,0.3778643446379468
805,-24.909360102601664,-124.95775808189038,0.3778643446379468
806,-24.90936010260169,-179.1727074252891,0.3778643446379468
807,-24.909360102601667,-147.97491027064473,0.3778643446379468
808,-24.90936010260164,-199.33240391862432,0.3778643446379468
809,-24.909360102601703,-103.87763749680869,0.3778643446379468
810,-24.90936010260171,-144.44315097380488,0.3778643446379468
811,-24.909360102601653,-111.5036238797686,0.3778643446379468
812,-24.909360102601696,-149.21725265359765,0.3778643446379468
813,-24.90936010260169,-153.55623639553698,0.3778643446379468
814,-24.90936010260165,-89.85489337567338,0.3778643446379468
815,-24.909360102601667,-130.20485177660464,0.3778643446379468
816,-24.909360102601653,-117.7373555097688,0.3778643446379468
817,-24.90936010260164,-116.7229047316157,0.3778643446379468
818,-24.909360102601724,-178.3102283430745,0.3778643446379468
819,-24.90936010260166,-138.6711173732503,0.3778643446379468
820,-24.90936010260165,-119.87975114889315,0.3778643446379468
821,-24.909360102601664,-164.87676923992422,0.3778643446379468
822,-24.90936010260168,-146.74009472570248,0.3778643446379468
823,-24.90936010260168,-211.5152558114023,0.3778643446379468
824,-24.909360102601646,-123.88811111086908,0.3778643446379468
825,-24.90936010260166,-85.64570183092039,0.3778643446379468
826,-24.90936010260164,-146.44037929684316,0.3778643446379468
827,-24.90936010260169,-140.84009997494704,0.3778643446379468
828,-24.90936010260168,-127.15809657571737,0.3778643446379468
829,-24.909360102601674,-217.66299852878876,0.3778643446379468
830,-24.909360102601696,-126.61167465967316,0.3778643446379468
831,-24.909360102601653,-109.16625771174981,0.3778643446379468
832,-24.9093601026017,-224.7602794891402,0.3778643446379468
833,-24.909360102601656,-151.82977362515288,0.3778643446379468
834,-24.90936010260171,-193.77073309691684,0.3778643446379468
835,-24.909360102601646,-137.0211774891536,0.3778643446379468
836,-24.909360102601653,-117.05284331994372,0.3778643446379468
837,-24.909360102601674,-116.69501425686728,0.3778643446379468
838,-24.909360102601685,-211.9483297676379,0.3778643446379468
839,-24.909360102601646,-120.80356735344324,0.3778643446379468
840,-24.909360102601674,-156.4577257087049,0.3778643446379468
841,-24.909360102601656,-207.79137147503639,0.3778643446379468
842,-24.909360102601667,-108.78586428163501,0.3778643446379468
843,-24.90936010260167,-201.66024168509352,0.3778643446379468
844,-24.909360102601667,-153.0405832297132,0.3778643446379468
845,-24.909360102601692,-144.81404062866255,0.3778643446379468
846,-24.90936010260166,-118.31719906333376,0.3778643446379468
847,-24.90936010260166,-142.70361087759923,0.3778643446379468
848,-24.90936010260164,-152.48488716335225,0.3778643446379468
849,-24.909360102601674,-132.7782016295395,0.3778643446379468
850,-24.909360102601696,-179.0520179622367,0.3778643446379468
851,-24.909360102601685,-119.14986740756422,0.3778643446379468
852,-24.909360102601685,-153.72645965138577,0.3778643446379468
853,-24.909360102601696,-136.38603905970908,0.3778643446379468
854,-24.909360102601667,-107.54525583624088,0.3778643446379468
855,-24.909360102601653,-148.36495429146652,0.3778643446379468
856,-24.909360102601674,-99.19857589517893,0.3778643446379468
857,-24.909360102601674,-141.093616839393,0.3778643446379468
858,-24.90936010260169,-199.30822092161623,0.3778643446379468
859,-24.909360102601628,-102.53605376323011,0.3778643446379468
860,-24.909360102601664,-122.48083831579336,0.3778643446379468
861,-24.90936010260168,-141.02493045428545,0.3778643446379468
862,-24.909360102601646,-245.9002030748465,0.3778643446379468
863,-24.909360102601678,-178.28804891900245,0.3778643446379468
864,-24.909360102601653,-141.0690462598697,0.3778643446379468
865,-24.909360102601667,-146.0393242200867,0.3778643446379468
866,-24.909360102601656,-126.89238571916255,0.3778643446379468
867,-24.909360102601678,-189.69824417169923,0.3778643446379468
868,-24.90936010260164,-218.19807725790656,0.3778643446379468
869,-24.909360102601674,-118.29150474479455,0.3778643446379468
870,-24.90936010260168,-173.21719942297347,0.3778643446379468
871,-24.90936010260169,-175.68232585651532,0.3778643446379468
872,-24.909360102601674,-174.41784321174404,0.3778643446379468
873,-24.90936010260165,-94.66893357053625,0.3778643446379468
874,-24.909360102601678,-132.13260554946416,0.3778643446379468
875,-24.909360102601696,-172.56732080033996,0.3778643446379468
876,-24.90936010260168,-165.98696434381117,0.3778643446379468
877,-24.909360102601653,-218.39752466908567,0.3778643446379468
878,-24.909360102601692,-110.94203757731759,0.3778643446379468
879,-24.90936010260165,-139.54820760024293,0.3778643446379468
880,-24.909360102601656,-165.13292505940674,0.3778643446379468
881,-24.909360102601674,-145.2965853720388,0.3778643446379468
882,-24.909360102601696,-124.72910850864538,0.3778643446379468
883,-24.90936010260166,-175.803146508011,0.3778643446379468
884,-24.909360102601674,-118.61577787774019,0.3778643446379468
885,-24.90936010260167,-115.10344884643055,0.3778643446379468
886,-24.909360102601646,-162.1141140290039,0.3778643446379468
887,-24.909360102601667,-153.56174053716083,0.3778643446379468
888,-24.90936010260164,-171.58450538621528,0.3778643446379468
889,-24.909360102601692,-108.92349815663697,0.3778643446379468
890,-24.90936010260169,-225.87761811057828,0.3778643446379468
891,-24.909360102601653,-118.99894477036501,0.3778643446379468
892,-24.909360102601667,-89.65117237584259,0.3778643446379468
893,-24.909360102601674,-172.33562650562743,0.3778643446379468
894,-24.909360102601685,-140.58934691595147,0.3778643446379468
895,-24.909360102601696,-99.8199037021054,0.3778643446379468
896,-24.90936010260166,-120.53417997568476,0.3778643446379468
897,-24.909360102601617,-94.69330243477597,0.3778643446379468
898,-24.90936010260168,-125.22101426390515,0.3778643446379468
899,-24.909360102601664,-120.6492005576819,0.3778643446379468
900,-24.909360102601646,-163.57164585047784,0.3778643446379468
901,-24.909360102601674,-146.43494614152476,0.3778643446379468
902,-24.90936010260168,-195.61037107714418,0.3778643446379468
903,-24.90936010260166,-169.30174646057776,0.3778643446379468
904,-24.90936010260166,-154.99918643789618,0.3778643446379468
905,-24.909360102601685,-150.43969624751412,0.3778643446379468
906,-24.909360102601667,-135.83961144432672,0.3778643446379468
907,-24.90936010260163,-130.97947387251853,0.3778643446379468
908,-24.909360102601674,-134.58964799067667,0.3778643446379468
909,-24.909360102601656,-152.03614139144875,0.3778643446379468
910,-24.909360102601696,-181.10550474593668,0.3778643446379468
911,-24.90936010260164,-173.89137937467382,0.3778643446379468
912,-24.909360102601646,-132.8423375110263,0.3778643446379468
913,-24.909360102601678,-121.78652272323328,0.3778643446379468
914,-24.909360102601646,-163.41479874075173,0.3778643446379468
915,-24.909360102601667,-100.12649855370509,0.3778643446379468
916,-24.90936010260164,-148.90234882264625,0.3778643446379468
917,-24.909360102601653,-92.67861409066442,0.3778643446379468
918,-24.909360102601674,-120.71722913080778,0.3778643446379468
919,-24.90936010260166,-175.58706927950072,0.3778643446379468
920,-24.909360102601653,-138.76950343609502,0.3778643446379468
921,-24.909360102601664,-113.25612062008815,0.3778643446379468
922,-24.909360102601653,-146.2608529373755,0.3778643446379468
923,-24.90936010260167,-175.84178312330374,0.3778643446379468
924,-24.909360102601696,-146.0944386234429,0.3778643446379468
925,-24.909360102601696,-190.9807091374121,0.3778643446379468
926,-24.909360102601667,-166.3505276592347,0.3778643446379468
927,-24.909360102601703,-105.6306200566697,0.3778643446379468
928,-24.90936010260168,-133.83202782729592,0.3778643446379468
929,-24.90936010260167,-198.53572537262568,0.3778643446379468
930,-24.909360102601653,-95.29982808214714,0.3778643446379468
931,-24.909360102601646,-156.08294327402783,0.3778643446379468
932,-24.90936010260166,-133.26638150375246,0.3778643446379468
933,-24.90936010260167,-110.97746965525603,0.3778643446379468
934,-24.90936010260168,-143.77324207085303,0.3778643446379468
935,-24.909360102601646,-125.8053013350357,0.3778643446379468
936,-24.909360102601674,-203.33884720849053,0.3778643446379468
937,-24.909360102601674,-166.12952656537277,0.3778643446379468
938,-24.909360102601667,-129.83274567372246,0.3778643446379468
939,-24.90936010260166,-91.78321341843613,0.3778643446379468
940,-24.909360102601653,-111.25160175644513,0.3778643446379468
941,-24.90936010260165,-187.68538008607646,0.3778643446379468
942,-24.909360102601664,-144.65281431266442,0.3778643446379468
943,-24.90936010260166,-132.98749088341364,0.3778643446379468
944,-24.909360102601664,-112.6872909253136,0.3778643446379468
945,-24.909360102601646,-184.62114133008183,0.3778643446379468
946,-24.909360102601653,-147.59971574046892,0.3778643446379468
947,-24.90936010260167,-129.43305211286827,0.3778643446379468
948,-24.909360102601667,-152.55875959061902,0.3778643446379468
949,-24.90936010260166,-101.40000232571367,0.3778643446379468
950,-24.909360102601667,-205.20303658635603,0.3778643446379468
951,-24.90936010260166,-151.18762154080557,0.3778643446379468
952,-24.909360102601674,-109.18412692978586,0.3778643446379468
953,-24.909360102601667,-139.60566589248126,0.3778643446379468
954,-24.909360102601653,-157.76841305106905,0.3778643446379468
955,-24.909360102601667,-85.280793877805,0.3778643446379468
956,-24.909360102601674,-124.43858535544021,0.3778643446379468
957,-24.909360102601664,-201.89647207881742,0.3778643446379468
958,-24.909360102601656,-197.4985686742345,0.3778643446379468
959,-24.909360102601667,-227.4760440869034,0.3778643446379468
960,-24.90936010260166,-224.81652823397513,0.3778643446379468
961,-24.909360102601674,-121.45986353497165,0.3778643446379468
962,-24.909360102601678,-84.92871364760578,0.3778643446379468
963,-24.90936010260169,-76.50554884464304,0.3778643446379468
964,-24.909360102601653,-163.7321871652869,0.3778643446379468
965,-24.909360102601642,-193.51631898093112,0.3778643446379468
966,-24.909360102601667,-185.43397161925623,0.3778643446379468
967,-24.909360102601674,-159.9510425198772,0.3778643446379468
968,-24.90936010260168,-158.61578521732494,0.3778643446379468
969,-24.909360102601646,-120.40098916256147,0.3778643446379468
970,-24.90936010260169,-209.65675789131205,0.3778643446379468
971,-24.909360102601696,-161.67088082541952,0.3778643446379468
972,-24.90936010260164,-126.70879262927082,0.3778643446379468
973,-24.909360102601674,-126.76705591473885,0.3778643446379468
974,-24.90936010260166,-128.42602911372487,0.3778643446379468
975,-24.909360102601667,-181.44698135528535,0.3778643446379468
976,-24.90936010260163,-176.28497197014454,0.3778643446379468
977,-24.909360102601653,-141.02764283943745,0.3778643446379468
978,-24.909360102601667,-156.06660441642282,0.3778643446379468
979,-24.90936010260169,-133.85418319194252,0.3778643446379468
980,-24.909360102601678,-170.91805356460227,0.3778643446379468
981,-24.909360102601653,-146.65790064358222,0.3778643446379468
982,-24.909360102601674,-155.27080727997514,0.3778643446379468
983,-24.909360102601667,-90.48442632457005,0.3778643446379468
984,-24.909360102601667,-209.4114804294332,0.3778643446379468
985,-24.909360102601653,-107.49366068293583,0.3778643446379468
986,-24.909360102601656,-179.31240246402757,0.3778643446379468
987,-24.909360102601653,-194.69716893933074,0.3778643446379468
988,-24.909360102601667,-177.6277087482251,0.3778643446379468
989,-24.909360102601653,-218.11978284598564,0.3778643446379468
990,-24.909360102601664,-196.7969554800742,0.3778643446379468
991,-24.909360102601706,-120.94329026442742,0.3778643446379468
992,-24.909360102601653,-152.18521688414165,0.3778643446379468
993,-24.909360102601674,-130.76569139586724,0.3778643446379468
994,-24.909360102601692,-182.8745169217351,0.3778643446379468
995,-24.909360102601642,-124.08098659723194,0.3778643446379468
996,-24.90936010260169,-145.56529879069117,0.3778643446379468
997,-24.909360102601713,-113.86802393754878,0.3778643446379468
998,-24.909360102601706,-153.17111509777197,0.3778643446379468
999,-24.909360102601653,-159.1849675797204,0.3778643446379468
1000,-24.909360102601667,-119.87848413086512,0.3778643446379468
1001,-24.90936010260166,-168.3095568550531,0.3778643446379468
1002,-24.90936010260164,-102.78597680524057,0.3778643446379468
1003,-24.90936010260169,-164.95629665718462,0.3778643446379468
1004,-24.909360102601674,-162.9826652281599,0.3778643446379468
1005,-24.909360102601678,-194.27408937133865,0.3778643446379468
1006,-24.90936010260166,-149.61544979208742,0.3778643446379468
1007,-24.909360102601635,-137.86190608189386,0.3778643446379468
1008,-24.90936010260166,-128.8956295154502,0.3778643446379468
1009,-24.909360102601653,-98.59103851197447,0.3778643446379468
1010,-24.90936010260166,-157.79717779221224,0.3778643446379468
1011,-24.909360102601667,-220.70674702432734,0.3778643446379468
1012,-24.90936010260168,-192.17000413602716,0.3778643446379468
1013,-24.90936010260166,-164.411306693224,0.3778643446379468
1014,-24.909360102601703,-161.06917196491776,0.3778643446379468
1015,-24.90936010260168,-190.36628065809717,0.3778643446379468
1016,-24.909360102601674,-186.83852118054392,0.3778643446379468
1017,-24.90936010260169,-155.39763040562534,0.3778643446379468
1018,-24.909360102601653,-188.52806999600415,0.3778643446379468
1019,-24.909360102601667,-172.9651459250729,0.3778643446379468
1020,-24.909360102601674,-180.51815713613937,0.3778643446379468
1021,-24.909360102601678,-165.17468475413241,0.3778643446379468
1022,-24.909360102601685,-135.86925871145215,0.3778643446379468
1023,-24.909360102601674,-160.0491304159642,0.3778643446379468
1024,-24.909360102601674,-191.34236334198675,0.3778643446379468
1025,-24.909360102601674,-145.9800146075977,0.3778643446379468
1026,-24.909360102601678,-87.9837817556369,0.3778643446379468
1027,-24.909360102601674,-153.98654536657102,0.3778643446379468
1028,-24.90936010260167,-123.46812743825026,0.3778643446379468
1029,-24.909360102601678,-115.63549112841531,0.3778643446379468
1030,-24.909360102601642,-160.7081714343366,0.3778643446379468
1031,-24.909360102601717,-162.43153236982033,0.3778643446379468
1032,-24.909360102601646,-125.46714792817997,0.3778643446379468
1033,-24.90936010260169,-140.96687779298176,0.3778643446379468
1034,-24.90936010260164,-131.5769830217207,0.3778643446379468
1035,-24.909360102601667,-147.42812242742178,0.3778643446379468
1036,-24.90936010260164,-150.99449826556884,0.3778643446379468
1037,-24.909360102601706,-150.11766224749024,0.3778643446379468
1038,-24.909360102601653,-160.50662303703052,0.3778643446379468
1039,-24.909360102601685,-110.80867190480366,0.3778643446379468
1040,-24.909360102601664,-102.86678547661427,0.3778643446379468
1041,-24.909360102601696,-140.31972374870344,0.3778643446379468
1042,-24.909360102601674,-107.86535306242175,0.3778643446379468
1043,-24.90936010260168,-144.96251168241392,0.3778643446379468
1044,-24.90936010260169,-123.37078717300066,0.3778643446379468
1045,-24.909360102601646,-98.68432227325432,0.3778643446379468
1046,-24.909360102601653,-145.46462807947532,0.3778643446379468
1047,-24.90936010260167,-71.0635259384617,0.3778643446379468
1048,-24.90936010260165,-119.28479018713738,0.3778643446379468
1049,-24.909360102601678,-148.67620421409487,0.3778643446379468
1050,-24.909360102601653,-103.76315137766224,0.3778643446379468
1051,-24.90936010260169,-138.88258851747764,0.3778643446379468
1052,-24.909360102601667,-113.87287138921735,0.3778643446379468
1053,-24.90936010260166,-104.07113392544952,0.3778643446379468
1054,-24.909360102601646,-103.16842380849278,0.3778643446379468
1055,-24.909360102601674,-220.2481510514358,0.3778643446379468
1056,-24.90936010260171,-120.98981770886789,0.3778643446379468
1057,-24.909360102601678,-167.11615491380934,0.3778643446379468
1058,-24.909360102601674,-124.07126661645269,0.3778643446379468
1059,-24.909360102601674,-163.26279543470082,0.3778643446379468
1060,-24.909360102601674,-99.1953250727656,0.3778643446379468
1061,-24.90936010260169,-160.8487947588037,0.3778643446379468
1062,-24.909360102601674,-126.33302652309405,0.3778643446379468
1063,-24.909360102601667,-78.34611340233128,0.3778643446379468
1064,-24.909360102601696,-150.43491217413296,0.3778643446379468
1065,-24.90936010260166,-145.68356611723658,0.3778643446379468
1066,-24.909360102601674,-111.6125815034158,0.3778643446379468
1067,-24.909360102601692,-130.28009291290184,0.3778643446379468
1068,-24.90936010260168,-196.46629827174058,0.3778643446379468
1069,-24.909360102601674,-140.42765218624635,0.3778643446379468
1070,-24.909360102601656,-135.24082584984825,0.3778643446379468
1071,-24.909360102601653,-155.03546611736027,0.3778643446379468
1072,-24.909360102601653,-113.95443797090796,0.3778643446379468
1073,-24.90936010260166,-173.73696643432723,0.3778643446379468
1074,-24.90936010260166,-154.80047789738688,0.3778643446379468
1075,-24.909360102601653,-112.04148197055983,0.3778643446379468
1076,-24.909360102601674,-138.23121894037945,0.3778643446379468
1077,-24.909360102601667,-122.74258562817461,0.3778643446379468
1078,-24.909360102601674,-162.12811864163928,0.3778643446379468
1079,-24.909360102601667,-226.7234881819844,0.3778643446379468
1080,-24.90936010260166,-188.64354881256241,0.3778643446379468
1081,-24.90936010260168,-155.65784928400763,0.3778643446379468
1082,-24.909360102601696,-153.49382901666323,0.3778643446379468
1083,-24.909360102601667,-151.9489015648604,0.3778643446379468
1084,-24.90936010260164,-187.036976954412,0.3778643446379468
1085,-24.90936010260164,-106.43014249250362,0.3778643446379468
1086,-24.90936010260169,-163.38309245587823,0.3778643446379468
1087,-24.90936010260169,-233.47934979138802,0.3778643446379468
1088,-24.909360102601653,-162.87745655608128,0.3778643446379468
1089,-24.909360102601664,-138.92519702958376,0.3778643446379468
1090,-24.90936010260166,-176.42499664256107,0.3778643446379468
1091,-24.90936010260166,-188.2346708742251,0.3778643446379468
1092,-24.90936010260169,-141.87839852109602,0.3778643446379468
1093,-24.90936010260163,-109.84218060204303,0.3778643446379468
1094,-24.90936010260164,-162.65744553664163,0.3778643446379468
1095,-24.909360102601664,-192.45889075326645,0.3778643446379468
1096,-24.909360102601667,-120.82827949452565,0.3778643446379468
1097,-24.909360102601656,-186.70614098838604,0.3778643446379468
1098,-24.9093601026017,-189.1234274636368,0.3778643446379468
1099,-24.909360102601624,-122.53148913239798,0.3778643446379468
1100,-24.909360102601678,-141.0258484469718,0.3778643446379468
1101,-24.909360102601646,-185.42633413342918,0.3778643446379468
1102,-24.909360102601674,-153.95644082722055,0.3778643446379468
1103,-24.909360102601664,-89.94672390828283,0.3778643446379468
1104,-24.909360102601667,-120.41969876887306,0.3778643446379468
1105,-24.90936010260169,-117.58944920815307,0.3778643446379468
1106,-24.909360102601674,-125.4274245202996,0.3778643446379468
1107,-24.909360102601696,-154.03607475735646,0.3778643446379468
1108,-24.90936010260164,-200.79945764533227,0.3778643446379468
1109,-24.90936010260167,-134.18988093115343,0.3778643446379468
1110,-24.909360102601717,-148.71155970675693,0.3778643446379468
1111,-24.909360102601646,-101.51965254871365,0.3778643446379468
1112,-24.90936010260166,-152.76664166890725,0.3778643446379468
1113,-24.90936010260167,-137.2206560090002,0.3778643446379468
1114,-24.90936010260167,-164.95520402516624,0.3778643446379468
1115,-24.90936010260169,-170.20614437947845,0.3778643446379468
1116,-24.909360102601678,-182.63409659307416,0.3778643446379468
1117,-24.909360102601646,-151.60594712712611,0.3778643446379468
1118,-24.909360102601664,-122.50571525060224,0.3778643446379468
1119,-24.90936010260168,-145.0476512704624,0.3778643446379468
1120,-24.909360102601653,-202.4691435131565,0.3778643446379468
1121,-24.909360102601667,-245.10594826757915,0.3778643446379468
1122,-24.90936010260168,-239.84706037201116,0.3778643446379468
1123,-24.90936010260164,-168.04309217171215,0.3778643446379468
1124,-24.909360102601717,-154.65780329211736,0.3778643446379468
1125,-24.909360102601674,-148.30361152324082,0.3778643446379468
1126,-24.909360102601696,-119.77417021551025,0.3778643446379468
1127,-24.909360102601656,-160.25556877307707,0.3778643446379468
1128,-24.90936010260168,-132.94492864292775,0.3778643446379468
1129,-24.909360102601696,-130.85240144016558,0.3778643446379468
1130,-24.909360102601692,-188.58627101805388,0.3778643446379468
1131,-24.909360102601667,-115.61880542272306,0.3778643446379468
1132,-24.90936010260166,-116.6002617443122,0.3778643446379468
1133,-24.909360102601674,-111.30367220200587,0.3778643446379468
1134,-24.909360102601653,-136.40036449056043,0.3778643446379468
1135,-24.909360102601692,-113.22931587331288,0.3778643446379468
1136,-24.909360102601642,-143.22150832899283,0.3778643446379468
1137,-24.909360102601667,-108.75385628416726,0.3778643446379468
1138,-24.90936010260168,-200.1216815478133,0.3778643446379468
1139,-24.90936010260166,-77.54077000917653,0.3778643446379468
1140,-24.909360102601653,-117.38917057317273,0.3778643446379468
1141,-24.909360102601642,-167.33134159318186,0.3778643446379468
1142,-24.909360102601703,-153.18673026861907,0.3778643446379468
1143,-24.909360102601667,-184.31439220224988,0.3778643446379468
1144,-24.90936010260164,-230.88636436487292,0.3778643446379468
1145,-24.90936010260169,-100.74141207954001,0.3778643446379468
1146,-24.909360102601664,-163.73026488404747,0.3778643446379468
1147,-24.909360102601667,-183.76977742160568,0.3778643446379468
1148,-24.909360102601685,-157.62163919529058,0.3778643446379468
1149,-24.909360102601667,-88.12612781861624,0.3778643446379468
1150,-24.909360102601667,-119.89949791806907,0.3778643446379468
1151,-24.909360102601678,-92.70280132116527,0.3778643446379468
1152,-24.909360102601667,-115.9532418974045,0.3778643446379468
1153,-24.90936010260165,-190.87139270729097,0.3778643446379468
1154,-24.909360102601674,-169.4978733411257,0.3778643446379468
1155,-24.909360102601678,-156.9359825781101,0.3778643446379468
1156,-24.909360102601692,-109.80909109209915,0.3778643446379468
1157,-24.90936010260166,-117.68108501385794,0.3778643446379468
1158,-24.909360102601674,-115.18871776863443,0.3778643446379468
1159,-24.909360102601664,-88.36465540748463,0.3778643446379468
1160,-24.909360102601656,-126.65743395664025,0.3778643446379468
1161,-24.909360102601667,-180.74681644937982,0.3778643446379468
1162,-24.909360102601678,-148.85843502486352,0.3778643446379468
1163,-24.90936010260162,-143.02662848753013,0.3778643446379468
1164,-24.909360102601674,-168.200906628925,0.3778643446379468
1165,-24.909360102601642,-124.72871508464218,0.3778643446379468
1166,-24.90936010260168,-145.00523362794857,0.3778643446379468
1167,-24.90936010260168,-146.83822652395435,0.3778643446379468
1168,-24.90936010260166,-86.50290296336928,0.3778643446379468
1169,-24.909360102601646,-105.08628809510932,0.3778643446379468
1170,-24.90936010260165,-155.64142463350652,0.3778643446379468
1171,-24.909360102601667,-135.70784610532348,0.3778643446379468
1172,-24.909360102601667,-105.01970623940052,0.3778643446379468
1173,-24.909360102601653,-113.28756522770752,0.3778643446379468
1174,-24.909360102601642,-97.46574610670504,0.3778643446379468
1175,-24.90936010260169,-111.42979901446016,0.3778643446379468
1176,-24.90936010260166,-131.06205277807987,0.3778643446379468
1177,-24.909360102601653,-110.31109275749974,0.3778643446379468
1178,-24.90936010260169,-150.81895920681947,0.3778643446379468
1179,-24.909360102601674,-171.79645748826053,0.3778643446379468
1180,-24.909360102601674,-102.18196322268386,0.3778643446379468
1181,-24.90936010260164,-143.2319878224364,0.3778643446379468
1182,-24.90936010260164,-135.01408760684313,0.3778643446379468
1183,-24.909360102601646,-162.9505567735583,0.3778643446379468
1184,-24.909360102601678,-159.3630285931217,0.3778643446379468
1185,-24.90936010260166,-149.45508174302472,0.3778643446379468
1186,-24.909360102601678,-157.31775901224262,0.3778643446379468
1187,-24.909360102601664,-94.48076277015757,0.3778643446379468
1188,-24.909360102601674,-125.98152550157778,0.3778643446379468
1189,-24.90936010260168,-184.9755231070302,0.3778643446379468
1190,-24.909360102601678,-106.25450394567311,0.3778643446379468
1191,-24.90936010260168,-119.18550095111499,0.3778643446379468
1192,-24.90936010260167,-133.02084718967336,0.3778643446379468
1193,-24.90936010260169,-185.70941921655356,0.3778643446379468
1194,-24.90936010260169,-144.94947570611217,0.3778643446379468
1195,-24.90936010260169,-143.31559663823924,0.3778643446379468
1196,-24.90936010260163,-149.49291581842002,0.3778643446379468
1197,-24.90936010260168,-131.13306889608214,0.3778643446379468
1198,-24.909360102601674,-189.3079257301058,0.3778643446379468
1199,-24.909360102601696,-154.89040862775875,0.3778643446379468
1200,-24.909360102601703,-111.61078112818183,0.3778643446379468
1201,-24.909360102601653,-125.53206968161176,0.3778643446379468
1202,-24.909360102601664,-116.69849231078848,0.3778643446379468
1203,-24.909360102601653,-119.22831373092592,0.3778643446379468
1204,-24.90936010260163,-149.02871527436653,0.3778643446379468
1205,-24.909360102601635,-137.057632031834,0.3778643446379468
1206,-24.909360102601656,-108.07485005547932,0.3778643446379468
1207,-24.90936010260169,-161.52289540574472,0.3778643446379468
1208,-24.90936010260166,-130.67873387438294,0.3778643446379468
1209,-24.909360102601692,-125.27342452279763,0.3778643446379468
1210,-24.909360102601674,-121.1539478117472,0.3778643446379468
1211,-24.90936010260166,-165.02842602469377,0.3778643446379468
1212,-24.909360102601653,-135.58833981203293,0.3778643446379468
1213,-24.90936010260165,-136.83072197932484,0.3778643446379468
1214,-24.90936010260168,-114.41346283386781,0.3778643446379468
1215,-24.90936010260168,-193.541176032905,0.3778643446379468
1216,-24.90936010260165,-148.09502384649912,0.3778643446379468
1217,-24.909360102601674,-138.6478822327948,0.3778643446379468
1218,-24.90936010260169,-93.89605743507603,0.3778643446379468
1219,-24.909360102601678,-177.5363381662695,0.3778643446379468
1220,-24.909360102601685,-125.72687705846894,0.3778643446379468
1221,-24.90936010260166,-140.22534156155862,0.3778643446379468
1222,-24.90936010260166,-138.133056857432,0.3778643446379468
1223,-24.90936010260163,-140.96058472219667,0.3778643446379468
1224,-24.90936010260166,-187.193899399228,0.3778643446379468
1225,-24.909360102601653,-149.17882226065788,0.3778643446379468
1226,-24.90936010260165,-227.22761119285062,0.3778643446379468
1227,-24.90936010260167,-117.0222939980215,0.3778643446379468
1228,-24.909360102601653,-150.49363693776576,0.3778643446379468
1229,-24.90936010260168,-96.84869381107009,0.3778643446379468
1230,-24.909360102601656,-147.7026267517403,0.3778643446379468
1231,-24.909360102601646,-199.94232161969936,0.3778643446379468
1232,-24.909360102601678,-142.30244447152856,0.3778643446379468
1233,-24.909360102601674,-125.32480104095605,0.3778643446379468
1234,-24.909360102601706,-200.4440447949798,0.3778643446379468
1235,-24.909360102601653,-229.48275493708798,0.3778643446379468
1236,-24.909360102601664,-124.04188247473256,0.3778643446379468
1237,-24.909360102601674,-162.39975892757744,0.3778643446379468
1238,-24.909360102601674,-137.36642324957157,0.3778643446379468
1239,-24.909360102601678,-154.16875060778224,0.3778643446379468
1240,-24.90936010260167,-87.17064359852077,0.3778643446379468
1241,-24.90936010260166,-161.08884123233298,0.3778643446379468
1242,-24.909360102601703,-151.3411597018561,0.3778643446379468
1243,-24.909360102601646,-213.00433134488816,0.3778643446379468
1244,-24.909360102601717,-225.773753857675,0.3778643446379468
1245,-24.909360102601653,-162.12170407061652,0.3778643446379468
1246,-24.90936010260166,-142.8264591610691,0.3778643446379468
1247,-24.909360102601667,-152.7118477616704,0.3778643446379468
1248,-24.909360102601646,-137.01058747549675,0.3778643446379468
1249,-24.90936010260167,-109.82752088975826,0.3778643446379468
1250,-24.9093601026017,-147.58124417376098,0.3778643446379468
1251,-24.909360102601653,-192.7591080804688,0.3778643446379468
1252,-24.909360102601653,-99.01468549019,0.3778643446379468
1253,-24.909360102601653,-138.70398157163902,0.3778643446379468
1254,-24.90936010260163,-158.31121026931658,0.3778643446379468
1255,-24.90936010260165,-155.4450305066292,0.3778643446379468
1256,-24.909360102601664,-102.74312498630817,0.3778643446379468
1257,-24.909360102601664,-135.45075956533412,0.3778643446379468
1258,-24.90936010260166,-107.57648684066393,0.3778643446379468
1259,-24.90936010260168,-201.55256905399574,0.3778643446379468
1260,-24.90936010260166,-223.85955982747336,0.3778643446379468
1261,-24.909360102601642,-148.1790779917693,0.3778643446379468
1262,-24.909360102601696,-111.70213131967985,0.3778643446379468
1263,-24.90936010260168,-131.7784498447051,0.3778643446379468
1264,-24.909360102601667,-149.30858864018052,0.3778643446379468
1265,-24.90936010260168,-181.57514727082767,0.3778643446379468
1266,-24.909360102601696,-185.04658634855252,0.3778643446379468
1267,-24.909360102601703,-151.7157054594444,0.3778643446379468
1268,-24.909360102601674,-205.99067244932272,0.3778643446379468
1269,-24.909360102601664,-125.17430087400152,0.3778643446379468
1270,-24.909360102601674,-134.5311836870237,0.3778643446379468
1271,-24.90936010260169,-147.44843531410592,0.3778643446379468
1272,-24.909360102601667,-155.0903994481545,0.3778643446379468
1273,-24.90936010260168,-148.19136309994093,0.3778643446379468
1274,-24.909360102601674,-165.9478650928233,0.3778643446379468
1275,-24.90936010260168,-164.18896493967486,0.3778643446379468
1276,-24.909360102601685,-139.47981155704835,0.3778643446379468
1277,-24.909360102601617,-133.841574640332,0.3778643446379468
1278,-24.909360102601617,-112.61266545646714,0.3778643446379468
1279,-24.909360102601667,-110.50044376962751,0.3778643446379468
1280,-24.909360102601646,-187.00907894745836,0.3778643446379468
1281,-24.9093601026017,-207.82686140876064,0.3778643446379468
1282,-24.909360102601667,-95.87924919328395,0.3778643446379468
1283,-24.909360102601674,-95.093484981162,0.3778643446379468
1284,-24.909360102601653,-105.28955449924196,0.3778643446379468
1285,-24.90936010260168,-160.646614744281,0.3778643446379468
1286,-24.909360102601664,-177.07138947873338,0.3778643446379468
1287,-24.90936010260169,-200.79812711961125,0.3778643446379468
1288,-24.909360102601685,-108.26032583735814,0.3778643446379468
1289,-24.909360102601696,-111.93600389783545,0.3778643446379468
1290,-24.909360102601685,-116.83171468816778,0.3778643446379468
1291,-24.90936010260167,-163.16042846663584,0.3778643446379468
1292,-24.90936010260168,-143.44912330405592,0.3778643446379468
1293,-24.909360102601628,-236.16618289026627,0.3778643446379468
1294,-24.90936010260166,-126.44537781271363,0.3778643446379468
1295,-24.90936010260168,-174.16581877943796,0.3778643446379468
1296,-24.909360102601696,-122.64977809572697,0.3778643446379468
1297,-24.909360102601624,-115.56406772620758,0.3778643446379468
1298,-24.909360102601635,-131.31151605696968,0.3778643446379468
1299,-24.909360102601703,-124.16597813193013,0.3778643446379468
1300,-24.909360102601685,-183.89937975209617,0.3778643446379468
1301,-24.909360102601674,-133.5355710150987,0.3778643446379468
1302,-24.909360102601664,-147.42932825776649,0.3778643446379468
1303,-24.90936010260168,-228.49015581489266,0.3778643446379468
1304,-24.90936010260164,-146.52190683019145,0.3778643446379468
1305,-24.90936010260168,-187.4231379206472,0.3778643446379468
1306,-24.909360102601678,-137.24770817020263,0.3778643446379468
1307,-24.909360102601646,-152.1981763995069,0.3778643446379468
1308,-24.909360102601667,-123.63952398498773,0.3778643446379468
1309,-24.909360102601664,-126.52782223675959,0.3778643446379468
1310,-24.9093601026017,-104.9785319143223,0.3778643446379468
1311,-24.909360102601667,-160.00211605845664,0.3778643446379468
1312,-24.90936010260164,-123.9632478797279,0.3778643446379468
1313,-24.90936010260166,-97.81552493880666,0.3778643446379468
1314,-24.90936010260165,-164.30420693361378,0.3778643446379468
1315,-24.909360102601678,-97.0446793853491,0.3778643446379468
1316,-24.909360102601696,-199.26571063015336,0.3778643446379468
1317,-24.909360102601646,-100.8896674791781,0.3778643446379468
1318,-24.909360102601653,-190.01369923523342,0.3778643446379468
1319,-24.909360102601674,-120.38104365730311,0.3778643446379468
1320,-24.909360102601646,-189.67108224548934,0.3778643446379468
1321,-24.909360102601653,-143.48657255870495,0.3778643446379468
1322,-24.909360102601674,-153.37289349953468,0.3778643446379468
1323,-24.909360102601653,-168.84903987036955,0.3778643446379468
1324,-24.909360102601667,-165.69144943417962,0.3778643446379468
1325,-24.909360102601703,-93.69719550041648,0.3778643446379468
1326,-24.909360102601674,-148.23276235147338,0.3778643446379468
1327,-24.909360102601667,-150.39419382716198,0.3778643446379468
1328,-24.909360102601653,-164.56642805225516,0.3778643446379468
1329,-24.909360102601653,-159.00461555870444,0.3778643446379468
1330,-24.909360102601674,-146.18933435064397,0.3778643446379468
1331,-24.909360102601653,-136.70329987806002,0.3778643446379468
1332,-24.90936010260164,-121.21209993413038,0.3778643446379468
1333,-24.90936010260166,-131.823175328198,0.3778643446379468
1334,-24.90936010260166,-151.28864479521525,0.3778643446379468
1335,-24.909360102601674,-202.67466861507958,0.3778643446379468
1336,-24.90936010260169,-117.93768727983817,0.3778643446379468
1337,-24.909360102601653,-135.9279599577455,0.3778643446379468
1338,-24.909360102601653,-160.51695801897762,0.3778643446379468
1339,-24.909360102601656,-174.24296053450655,0.3778643446379468
1340,-24.90936010260171,-180.2987504072247,0.3778643446379468
1341,-24.90936010260166,-159.74819496248338,0.3778643446379468
1342,-24.909360102601653,-152.70321842369208,0.3778643446379468
1343,-24.90936010260166,-133.94432826897193,0.3778643446379468
1344,-24.909360102601667,-138.08075277044546,0.3778643446379468
1345,-24.909360102601674,-167.22453791670472,0.3778643446379468
1346,-24.909360102601667,-136.3308142885258,0.3778643446379468
1347,-24.90936010260168,-139.03727824346538,0.3778643446379468
1348,-24.909360102601685,-113.06800726626815,0.3778643446379468
1349,-24.90936010260167,-96.82957676092838,0.3778643446379468
1350,-24.90936010260166,-144.2232255484598,0.3778643446379468
1351,-24.90936010260165,-110.36974870063779,0.3778643446379468
1352,-24.90936010260163,-177.7572213574001,0.3778643446379468
1353,-24.90936010260166,-166.93213180993638,0.3778643446379468
1354,-24.909360102601656,-131.2293046254067,0.3778643446379468
1355,-24.90936010260164,-139.45431476963083,0.3778643446379468
1356,-24.909360102601667,-187.3917906414065,0.3778643446379468
1357,-24.909360102601656,-151.93422301798915,0.3778643446379468
1358,-24.909360102601685,-104.1437701373177,0.3778643446379468
1359,-24.90936010260168,-115.96303770141671,0.3778643446379468
1360,-24.909360102601678,-100.98620861229321,0.3778643446379468
1361,-24.90936010260167,-180.76866527024328,0.3778643446379468
1362,-24.909360102601678,-161.99141536514242,0.3778643446379468
1363,-24.909360102601692,-154.1960232927981,0.3778643446379468
1364,-24.909360102601653,-137.16032021843216,0.3778643446379468
1365,-24.909360102601646,-107.54019932147332,0.3778643446379468
1366,-24.909360102601667,-142.06057990102528,0.3778643446379468
1367,-24.909360102601653,-135.6003432306983,0.3778643446379468
1368,-24.909360102601642,-163.94033238124058,0.3778643446379468
1369,-24.90936010260168,-141.9330315486327,0.3778643446379468
1370,-24.909360102601646,-91.3814058383085,0.3778643446379468
1371,-24.909360102601664,-149.2201931706153,0.3778643446379468
1372,-24.909360102601635,-172.60136435024305,0.3778643446379468
1373,-24.909360102601656,-87.49004877584,0.3778643446379468
1374,-24.90936010260166,-190.85923039412688,0.3778643446379468
1375,-24.909360102601674,-123.4488418299118,0.3778643446379468
1376,-24.909360102601646,-162.32903423381532,0.3778643446379468
1377,-24.90936010260167,-106.22249850274257,0.3778643446379468
1378,-24.90936010260168,-117.39670930022747,0.3778643446379468
1379,-24.90936010260166,-105.95220128747677,0.3778643446379468
1380,-24.90936010260168,-153.66863560102377,0.3778643446379468
1381,-24.909360102601678,-121.16011054085398,0.3778643446379468
1382,-24.909360102601674,-177.35307688670486,0.3778643446379468
1383,-24.909360102601653,-125.89344534492392,0.3778643446379468
1384,-24.909360102601678,-90.35233221668248,0.3778643446379468
1385,-24.909360102601674,-151.1502538715638,0.3778643446379468
1386,-24.90936010260164,-235.28116285245625,0.3778643446379468
1387,-24.90936010260165,-137.40991909313487,0.3778643446379468
1388,-24.909360102601664,-106.3861213797402,0.3778643446379468
1389,-24.909360102601667,-166.01258389323957,0.3778643446379468
1390,-24.909360102601674,-101.599716180745,0.3778643446379468
1391,-24.90936010260163,-225.25592625558704,0.3778643446379468
1392,-24.909360102601674,-140.20609156335635,0.3778643446379468
1393,-24.909360102601685,-116.57687914763906,0.3778643446379468
1394,-24.90936010260169,-269.56808544324576,0.3778643446379468
1395,-24.909360102601703,-130.62497736297473,0.3778643446379468
1396,-24.909360102601617,-123.48396666016397,0.3778643446379468
1397,-24.909360102601635,-151.70049872244502,0.3778643446379468
1398,-24.90936010260167,-152.42452646432935,0.3778643446379468
1399,-24.909360102601667,-95.0130854356307,0.3778643446379468
1400,-24.909360102601667,-153.67213489705952,0.3778643446379468
1401,-24.909360102601653,-146.56940598709315,0.3778643446379468
1402,-24.90936010260167,-140.82694931624195,0.3778643446379468
1403,-24.909360102601667,-133.4216742142244,0.3778643446379468
1404,-24.909360102601653,-135.79056898561814,0.3778643446379468
1405,-24.909360102601646,-122.62226419332352,0.3778643446379468
1406,-24.909360102601667,-106.2579777419381,0.3778643446379468
1407,-24.909360102601674,-198.84066333248506,0.3778643446379468
1408,-24.909360102601667,-107.86376787960495,0.3778643446379468
1409,-24.909360102601667,-144.75953041613158,0.3778643446379468
1410,-24.90936010260166,-206.4548218854726,0.3778643446379468
1411,-24.909360102601667,-172.09548575700555,0.3778643446379468
1412,-24.90936010260169,-215.2558720220888,0.3778643446379468
1413,-24.90936010260167,-192.98502147862865,0.3778643446379468
1414,-24.90936010260168,-107.79997733418926,0.3778643446379468
1415,-24.9093601026017,-100.17400672104634,0.3778643446379468
1416,-24.90936010260166,-211.04271730642006,0.3778643446379468
1417,-24.909360102601703,-152.38598468138943,0.3778643446379468
1418,-24.909360102601678,-147.44864092489595,0.3778643446379468
1419,-24.90936010260167,-118.66001135870096,0.3778643446379468
1420,-24.909360102601696,-244.75462463799903,0.3778643446379468
1421,-24.909360102601653,-111.76268049019691,0.3778643446379468
1422,-24.90936010260168,-125.0280286394275,0.3778643446379468
1423,-24.90936010260165,-109.05068848531413,0.3778643446379468
1424,-24.90936010260166,-112.89481965737252,0.3778643446379468
1425,-24.90936010260169,-165.9111145667278,0.3778643446379468
1426,-24.909360102601674,-104.03629455337739,0.3778643446379468
1427,-24.90936010260168,-141.9745544914689,0.3778643446379468
1428,-24.909360102601685,-108.26830081468101,0.3778643446379468
1429,-24.909360102601653,-155.87450196939056,0.3778643446379468
1430,-24.90936010260163,-157.18989566378687,0.3778643446379468
1431,-24.909360102601656,-133.74904502616505,0.3778643446379468
1432,-24.909360102601667,-124.2354110502825,0.3778643446379468
1433,-24.909360102601696,-116.95526785378036,0.3778643446379468
1434,-24.909360102601653,-102.09766243305192,0.3778643446379468
1435,-24.90936010260163,-148.78916873321302,0.3778643446379468
1436,-24.90936010260166,-122.26111648940828,0.3778643446379468
1437,-24.909360102601667,-172.48939702479657,0.3778643446379468
1438,-24.90936010260168,-185.5675474298059,0.3778643446379468
1439,-24.90936010260169,-171.5336187698922,0.3778643446379468
1440,-24.909360102601674,-116.15987613418483,0.3778643446379468
1441,-24.909360102601692,-173.38430371293276,0.3778643446379468
1442,-24.90936010260168,-170.26462217522442,0.3778643446379468
1443,-24.90936010260164,-143.8671096571136,0.3778643446379468
1444,-24.90936010260166,-202.3230501722026,0.3778643446379468
1445,-24.909360102601653,-170.84595528553155,0.3778643446379468
1446,-24.909360102601656,-182.95530754602487,0.3778643446379468
1447,-24.909360102601667,-173.38431589451903,0.3778643446379468
1448,-24.909360102601646,-150.24973461151401,0.3778643446379468
1449,-24.909360102601685,-101.94143168088021,0.3778643446379468
1450,-24.90936010260167,-132.9223381241981,0.3778643446379468
1451,-24.909360102601674,-132.19149223532082,0.3778643446379468
1452,-24.90936010260166,-86.61952829992104,0.3778643446379468
1453,-24.909360102601678,-125.33213161336417,0.3778643446379468
1454,-24.90936010260168,-160.2422830685024,0.3778643446379468
1455,-24.909360102601624,-210.3130308866084,0.3778643446379468
1456,-24.90936010260164,-153.99145335407917,0.3778643446379468
1457,-24.909360102601674,-160.68856459639647,0.3778643446379468
1458,-24.909360102601717,-130.13862961682034,0.3778643446379468
1459,-24.909360102601667,-162.53020764161124,0.3778643446379468
1460,-24.90936010260166,-159.64414029611686,0.3778643446379468
1461,-24.90936010260166,-120.72836453983861,0.3778643446379468
1462,-24.909360102601646,-111.48598927864207,0.3778643446379468
1463,-24.909360102601678,-128.2529215108995,0.3778643446379468
1464,-24.909360102601653,-184.67175656250197,0.3778643446379468
1465,-24.90936010260166,-140.63387646929064,0.3778643446379468
1466,-24.909360102601653,-119.08276425989843,0.3778643446379468
1467,-24.90936010260164,-157.26940762766196,0.3778643446379468
1468,-24.9093601026017,-213.9103032436478,0.3778643446379468
1469,-24.909360102601674,-270.6420318428071,0.3778643446379468
1470,-24.909360102601646,-116.6148579766049,0.3778643446379468
1471,-24.90936010260166,-133.87956523034876,0.3778643446379468
1472,-24.909360102601624,-119.9571329124902,0.3778643446379468
1473,-24.909360102601635,-226.69550608050747,0.3778643446379468
1474,-24.90936010260168,-85.77040594982907,0.3778643446379468
1475,-24.90936010260166,-171.24542680048566,0.3778643446379468
1476,-24.909360102601674,-197.57468538019708,0.3778643446379468
1477,-24.90936010260166,-107.34510202645174,0.3778643446379468
1478,-24.90936010260166,-141.64625735166769,0.3778643446379468
1479,-24.90936010260169,-101.3775329019339,0.3778643446379468
1480,-24.909360102601674,-145.02134964798896,0.3778643446379468
1481,-24.90936010260169,-155.68036691156274,0.3778643446379468
1482,-24.90936010260167,-124.2043524279439,0.3778643446379468
1483,-24.90936010260169,-117.57304736457401,0.3778643446379468
1484,-24.90936010260164,-190.58142131974148,0.3778643446379468
1485,-24.90936010260164,-145.3429052738186,0.3778643446379468
1486,-24.90936010260166,-163.8052048716586,0.3778643446379468
1487,-24.90936010260168,-197.87259998607914,0.3778643446379468
1488,-24.90936010260169,-133.3574593316714,0.3778643446379468
1489,-24.909360102601696,-149.99928744036822,0.3778643446379468
1490,-24.909360102601692,-143.54136373453917,0.3778643446379468
1491,-24.909360102601696,-149.4972388561644,0.3778643446379468
1492,-24.909360102601646,-144.0066871718147,0.3778643446379468
1493,-24.90936010260168,-165.36911190089015,0.3778643446379468
1494,-24.909360102601667,-131.47174818888158,0.3778643446379468
1495,-24.909360102601656,-138.87488008712708,0.3778643446379468
1496,-24.909360102601678,-163.24374033912642,0.3778643446379468
1497,-24.90936010260165,-147.67684912650813,0.3778643446379468
1498,-24.909360102601674,-138.02416966450713,0.3778643446379468
1499,-24.909360102601664,-161.32016627041372,0.3778643446379468
1500,-24.909360102601664,-138.20514218425788,0.3778643446379468
1501,-24.909360102601653,-156.21941885937807,0.3778643446379468
1502,-24.909360102601703,-145.6620119199798,0.3778643446379468
1503,-24.909360102601678,-150.25733466346222,0.3778643446379468
1504,-24.909360102601642,-163.4005328608717,0.3778643446379468
1505,-24.909360102601703,-172.09397928174175,0.3778643446379468
1506,-24.909360102601685,-145.9027357148204,0.3778643446379468
1507,-24.909360102601653,-210.10861275769258,0.3778643446379468
1508,-24.909360102601646,-133.5186679502689,0.3778643446379468
1509,-24.90936010260168,-165.12927049159651,0.3778643446379468
1510,-24.90936010260169,-104.4960065612714,0.3778643446379468
1511,-24.90936010260166,-122.30881284420212,0.3778643446379468
1512,-24.909360102601685,-223.41621380884484,0.3778643446379468
1513,-24.90936010260166,-137.57847699691905,0.3778643446379468
1514,-24.909360102601696,-163.04102663698944,0.3778643446379468
1515,-24.909360102601696,-215.21067115379068,0.3778643446379468
1516,-24.909360102601674,-222.5010675166606,0.3778643446379468
1517,-24.909360102601674,-143.14968471126122,0.3778643446379468
1518,-24.909360102601696,-160.52495153236174,0.3778643446379468
1519,-24.90936010260166,-133.5159819126007,0.3778643446379468
1520,-24.909360102601667,-110.42161866573022,0.3778643446379468
1521,-24.90936010260166,-97.91649685773585,0.3778643446379468
1522,-24.90936010260167,-104.10486576466064,0.3778643446379468
1523,-24.909360102601653,-151.27935992740194,0.3778643446379468
1524,-24.909360102601674,-134.72464857463865,0.3778643446379468
1525,-24.90936010260169,-129.6474863150713,0.3778643446379468
1526,-24.90936010260161,-165.2536161583068,0.3778643446379468
1527,-24.90936010260168,-134.37142653324509,0.3778643446379468
1528,-24.90936010260168,-94.82823316993223,0.3778643446379468
1529,-24.909360102601678,-106.6503782375197,0.3778643446379468
1530,-24.90936010260168,-160.4036008307553,0.3778643446379468
1531,-24.90936010260167,-130.35072635164397,0.3778643446379468
1532,-24.909360102601664,-103.15468051234858,0.3778643446379468
1533,-24.909360102601674,-114.28430254636838,0.3778643446379468
1534,-24.909360102601667,-162.07940294008296,0.3778643446379468
1535,-24.909360102601667,-117.84580904255589,0.3778643446379468
1536,-24.909360102601703,-142.27124244533078,0.3778643446379468
1537,-24.909360102601678,-151.7973799626094,0.3778643446379468
1538,-24.909360102601656,-140.7838115315212,0.3778643446379468
1539,-24.90936010260166,-141.44828046521042,0.3778643446379468
1540,-24.90936010260169,-138.41898478666332,0.3778643446379468
1541,-24.909360102601646,-126.34505457506789,0.3778643446379468
1542,-24.90936010260164,-152.38072130075264,0.3778643446379468
1543,-24.909360102601703,-144.56807998298413,0.3778643446379468
1544,-24.909360102601664,-182.80115569121656,0.3778643446379468
1545,-24.909360102601667,-138.87765816073073,0.3778643446379468
1546,-24.90936010260169,-173.73038752035515,0.3778643446379468
1547,-24.909360102601703,-184.4971159868894,0.3778643446379468
1548,-24.909360102601674,-214.36482872260416,0.3778643446379468
1549,-24.909360102601653,-113.24959834094847,0.3778643446379468
1550,-24.90936010260168,-133.69973536028158,0.3778643446379468
1551,-24.909360102601685,-167.95293255674034,0.3778643446379468
1552,-24.90936010260169,-127.53487962095025,0.3778643446379468
1553,-24.909360102601653,-125.96959548173358,0.3778643446379468
1554,-24.909360102601653,-141.83775057683818,0.3778643446379468
1555,-24.909360102601692,-138.06710652513777,0.3778643446379468
1556,-24.90936010260163,-105.7710527603592,0.3778643446379468
1557,-24.909360102601674,-115.64791667144416,0.3778643446379468
1558,-24.909360102601653,-150.68740740083632,0.3778643446379468
1559,-24.909360102601678,-175.89221547009217,0.3778643446379468
1560,-24.909360102601696,-136.7351038310784,0.3778643446379468
1561,-24.909360102601678,-149.3353094995161,0.3778643446379468
1562,-24.909360102601674,-185.2200828613282,0.3778643446379468
1563,-24.909360102601674,-202.22356588051917,0.3778643446379468
1564,-24.909360102601674,-142.4856484132958,0.3778643446379468
1565,-24.909360102601653,-127.06688042783047,0.3778643446379468
1566,-24.909360102601667,-121.24453358985178,0.3778643446379468
1567,-24.90936010260169,-248.26392233924855,0.3778643446379468
1568,-24.90936010260167,-162.62754989953822,0.3778643446379468
1569,-24.909360102601692,-224.82255301714105,0.3778643446379468
1570,-24.909360102601674,-92.80618030584672,0.3778643446379468
1571,-24.909360102601667,-154.4692202598,0.3778643446379468
1572,-24.90936010260164,-205.8912532068175,0.3778643446379468
1573,-24.909360102601692,-216.80911218704455,0.3778643446379468
1574,-24.90936010260167,-134.9780791315667,0.3778643446379468
1575,-24.909360102601674,-183.06612211036685,0.3778643446379468
1576,-24.909360102601646,-151.11591729156748,0.3778643446379468
1577,-24.909360102601664,-126.77282900992611,0.3778643446379468
1578,-24.90936010260164,-175.47075656352524,0.3778643446379468
1579,-24.909360102601674,-99.49242078939784,0.3778643446379468
1580,-24.90936010260164,-127.14192452043304,0.3778643446379468
1581,-24.909360102601674,-123.91236102510898,0.3778643446379468
1582,-24.90936010260169,-124.01509443845472,0.3778643446379468
1583,-24.90936010260168,-134.63752300078752,0.3778643446379468
1584,-24.909360102601674,-205.91178608933149,0.3778643446379468
1585,-24.90936010260166,-94.26400927949446,0.3778643446379468
1586,-24.9093601026017,-103.26867385739776,0.3778643446379468
1587,-24.90936010260164,-144.4441856426506,0.3778643446379468
1588,-24.90936010260166,-154.41505484404104,0.3778643446379468
1589,-24.909360102601674,-104.65365596004682,0.3778643446379468
1590,-24.90936010260171,-182.16154572250963,0.3778643446379468
1591,-24.90936010260166,-129.14711651754533,0.3778643446379468
1592,-24.90936010260166,-160.9147287025003,0.3778643446379468
1593,-24.909360102601656,-240.1180718173302,0.3778643446379468
1594,-24.909360102601653,-150.57828471540188,0.3778643446379468
1595,-24.909360102601667,-106.30507122650872,0.3778643446379468
1596,-24.909360102601667,-156.11528815316808,0.3778643446379468
1597,-24.909360102601674,-188.56173527124218,0.3778643446379468
1598,-24.909360102601674,-139.86562562868696,0.3778643446379468
1599,-24.90936010260168,-167.84753434636846,0.3778643446379468
1600,-24.90936010260164,-117.33165218682285,0.3778643446379468
1601,-24.90936010260169,-116.87172146336927,0.3778643446379468
1602,-24.909360102601656,-167.52595554767177,0.3778643446379468
1603,-24.90936010260168,-195.0711084838506,0.3778643446379468
1604,-24.909360102601667,-211.6975601168141,0.3778643446379468
1605,-24.909360102601692,-132.99433801122427,0.3778643446379468
1606,-24.909360102601685,-205.4552732306237,0.3778643446379468
1607,-24.90936010260166,-193.41733907224864,0.3778643446379468
1608,-24.909360102601678,-180.60033759076288,0.3778643446379468
1609,-24.90936010260169,-102.8324088563472,0.3778643446379468
1610,-24.90936010260163,-121.27029907410626,0.3778643446379468
1611,-24.909360102601674,-101.4205898489453,0.3778643446379468
1612,-24.90936010260164,-161.2114058517247,0.3778643446379468
1613,-24.909360102601674,-123.46025269677091,0.3778643446379468
1614,-24.909360102601653,-160.56036549215904,0.3778643446379468
1615,-24.909360102601646,-146.75141083473144,0.3778643446379468
1616,-24.90936010260163,-122.60551458067593,0.3778643446379468
1617,-24.909360102601678,-168.91868299834255,0.3778643446379468
1618,-24.90936010260169,-100.76648443697879,0.3778643446379468
1619,-24.909360102601653,-175.67414879810096,0.3778643446379468
1620,-24.909360102601674,-133.01409321283535,0.3778643446379468
1621,-24.909360102601642,-214.5379111518294,0.3778643446379468
1622,-24.909360102601653,-184.74321005142284,0.3778643446379468
1623,-24.90936010260164,-152.3054034792868,0.3778643446379468
1624,-24.90936010260171,-149.18676185765133,0.3778643446379468
1625,-24.909360102601674,-119.2803093254514,0.3778643446379468
1626,-24.90936010260164,-128.74438189201854,0.3778643446379468
1627,-24.90936010260164,-148.30072609071308,0.3778643446379468
1628,-24.90936010260166,-142.67446444752528,0.3778643446379468
1629,-24.909360102601667,-115.15544470415087,0.3778643446379468
1630,-24.90936010260169,-188.30535355904587,0.3778643446379468
1631,-24.90936010260165,-103.68125698100123,0.3778643446379468
1632,-24.90936010260168,-95.04092418068994,0.3778643446379468
1633,-24.90936010260168,-242.3713703023293,0.3778643446379468
1634,-24.90936010260169,-197.57242020741447,0.3778643446379468
1635,-24.909360102601656,-106.69545025676021,0.3778643446379468
1636,-24.90936010260168,-163.75233664851186,0.3778643446379468
1637,-24.90936010260169,-142.46992478167218,0.3778643446379468
1638,-24.909360102601667,-146.4271324507361,0.3778643446379468
1639,-24.90936010260168,-111.23114310041682,0.3778643446379468
1640,-24.90936010260169,-139.40001251504336,0.3778643446379468
1641,-24.90936010260166,-100.53342059277622,0.3778643446379468
1642,-24.90936010260168,-156.27588042971408,0.3778643446379468
1643,-24.909360102601667,-81.8223290418662,0.3778643446379468
1644,-24.90936010260168,-94.4947257527921,0.3778643446379468
1645,-24.909360102601653,-130.91853540832312,0.3778643446379468
1646,-24.909360102601692,-196.3100443123579,0.3778643446379468
1647,-24.909360102601674,-143.7512122313103,0.3778643446379468
1648,-24.90936010260165,-253.53013647444064,0.3778643446379468
1649,-24.909360102601646,-107.50537501628308,0.3778643446379468
1650,-24.909360102601678,-109.30350042279773,0.3778643446379468
1651,-24.909360102601646,-156.744213948565,0.3778643446379468
1652,-24.90936010260168,-152.62206142007517,0.3778643446379468
1653,-24.909360102601653,-153.3723093964609,0.3778643446379468
1654,-24.909360102601656,-160.6193377076408,0.3778643446379468
1655,-24.909360102601678,-117.73008465778395,0.3778643446379468
1656,-24.909360102601685,-198.86203235778507,0.3778643446379468
1657,-24.909360102601696,-114.69745872571127,0.3778643446379468
1658,-24.909360102601667,-106.09240205266812,0.3778643446379468
1659,-24.909360102601667,-114.80899539468655,0.3778643446379468
1660,-24.909360102601703,-116.82595958779538,0.3778643446379468
1661,-24.90936010260169,-100.67574491218708,0.3778643446379468
1662,-24.90936010260166,-132.6729000768514,0.3778643446379468
1663,-24.90936010260169,-166.24612642915798,0.3778643446379468
1664,-24.909360102601696,-218.77520240852536,0.3778643446379468
1665,-24.909360102601653,-100.26955721812794,0.3778643446379468
1666,-24.909360102601674,-155.61231680115174,0.3778643446379468
1667,-24.909360102601667,-154.63623042739653,0.3778643446379468
1668,-24.90936010260166,-121.92397070858448,0.3778643446379468
1669,-24.90936010260168,-173.4971550652736,0.3778643446379468
1670,-24.9093601026017,-143.05115824560997,0.3778643446379468
1671,-24.909360102601653,-128.60191290475964,0.3778643446379468
1672,-24.909360102601703,-155.05216265918102,0.3778643446379468
1673,-24.909360102601678,-106.78401256667564,0.3778643446379468
1674,-24.909360102601653,-86.1477609373521,0.3778643446379468
1675,-24.909360102601717,-111.33655318339167,0.3778643446379468
1676,-24.909360102601635,-153.52804452057273,0.3778643446379468
1677,-24.909360102601667,-155.41119201022104,0.3778643446379468
1678,-24.90936010260164,-119.29471746513599,0.3778643446379468
1679,-24.90936010260169,-102.56313333097677,0.3778643446379468
1680,-24.909360102601674,-143.36399164985193,0.3778643446379468
1681,-24.90936010260167,-96.64941569295212,0.3778643446379468
1682,-24.90936010260169,-165.58698026868944,0.3778643446379468
1683,-24.909360102601667,-92.09551539506216,0.3778643446379468
1684,-24.9093601026017,-178.81344223938135,0.3778643446379468
1685,-24.909360102601667,-196.21524953434516,0.3778643446379468
1686,-24.90936010260168,-93.12525204636552,0.3778643446379468
1687,-24.90936010260166,-136.6524293281053,0.3778643446379468
1688,-24.90936010260167,-124.60801959196385,0.3778643446379468
1689,-24.90936010260166,-165.57651572561616,0.3778643446379468
1690,-24.909360102601653,-133.4131526561999,0.3778643446379468
1691,-24.909360102601674,-113.28690100053365,0.3778643446379468
1692,-24.909360102601617,-123.64656200371903,0.3778643446379468
1693,-24.909360102601696,-117.88564369303248,0.3778643446379468
1694,-24.909360102601696,-109.4790237821371,0.3778643446379468
1695,-24.909360102601685,-181.88785392124186,0.3778643446379468
1696,-24.909360102601674,-153.91515775986892,0.3778643446379468
1697,-24.909360102601667,-95.04944943982949,0.3778643446379468
1698,-24.90936010260164,-135.3499663716971,0.3778643446379468
1699,-24.909360102601646,-114.02697891846316,0.3778643446379468
1700,-24.90936010260168,-158.35632350763467,0.3778643446379468
1701,-24.909360102601656,-206.20464625644007,0.3778643446379468
1702,-24.909360102601696,-108.5880404682469,0.3778643446379468
1703,-24.90936010260165,-151.72410478194746,0.3778643446379468
1704,-24.909360102601642,-106.25301932243735,0.3778643446379468
1705,-24.90936010260166,-105.09460378524682,0.3778643446379468
1706,-24.90936010260167,-169.95501596854263,0.3778643446379468
1707,-24.909360102601656,-200.11484310952127,0.3778643446379468
1708,-24.909360102601667,-143.3708899172808,0.3778643446379468
1709,-24.90936010260166,-124.36499930053765,0.3778643446379468
1710,-24.909360102601674,-114.15275304964939,0.3778643446379468
1711,-24.90936010260168,-153.11890895497862,0.3778643446379468
1712,-24.90936010260168,-117.29002941515951,0.3778643446379468
1713,-24.90936010260168,-186.0900259975557,0.3778643446379468
1714,-24.909360102601664,-119.47832018143998,0.3778643446379468
1715,-24.90936010260163,-113.48471337393327,0.3778643446379468
1716,-24.909360102601646,-200.03421267202629,0.3778643446379468
1717,-24.909360102601664,-152.68104766040895,0.3778643446379468
1718,-24.909360102601653,-148.38855965086498,0.3778643446379468
1719,-24.909360102601667,-196.7415531868495,0.3778643446379468
1720,-24.9093601026017,-157.5417276429352,0.3778643446379468
1721,-24.90936010260166,-162.3979341985064,0.3778643446379468
1722,-24.909360102601667,-102.78359814351691,0.3778643446379468
1723,-24.90936010260169,-125.09228069908353,0.3778643446379468
1724,-24.909360102601617,-175.53073091668603,0.3778643446379468
1725,-24.909360102601667,-124.1863138771057,0.3778643446379468
1726,-24.909360102601674,-77.20549790785844,0.3778643446379468
1727,-24.909360102601674,-148.95008342999137,0.3778643446379468
1728,-24.90936010260169,-161.3016998621344,0.3778643446379468
1729,-24.90936010260169,-188.3504451656485,0.3778643446379468
1730,-24.909360102601667,-113.83908704003196,0.3778643446379468
1731,-24.909360102601656,-100.45818920874297,0.3778643446379468
1732,-24.909360102601703,-194.16467531967155,0.3778643446379468
1733,-24.909360102601674,-145.10484842974586,0.3778643446379468
1734,-24.909360102601664,-173.39398017900857,0.3778643446379468
1735,-24.909360102601667,-146.2103859062527,0.3778643446379468
1736,-24.909360102601664,-128.11605207008054,0.3778643446379468
1737,-24.90936010260164,-174.7264179126882,0.3778643446379468
1738,-24.909360102601653,-154.56458202749047,0.3778643446379468
1739,-24.909360102601685,-137.83650041363262,0.3778643446379468
1740,-24.90936010260168,-150.50027661295334,0.3778643446379468
1741,-24.909360102601674,-169.61326203540307,0.3778643446379468
1742,-24.909360102601674,-210.97752627807785,0.3778643446379468
1743,-24.909360102601653,-154.85915063760373,0.3778643446379468
1744,-24.909360102601696,-147.93897564227257,0.3778643446379468
1745,-24.909360102601674,-116.530626320886,0.3778643446379468
1746,-24.909360102601646,-154.92888014769653,0.3778643446379468
1747,-24.90936010260169,-154.61061978081443,0.3778643446379468
1748,-24.909360102601664,-124.26367924584852,0.3778643446379468
1749,-24.909360102601646,-114.6028802412597,0.3778643446379468
1750,-24.90936010260168,-115.616105032881,0.3778643446379468
1751,-24.909360102601653,-119.57006840426803,0.3778643446379468
1752,-24.909360102601667,-120.96880621224703,0.3778643446379468
1753,-24.909360102601667,-126.49409628064176,0.3778643446379468
1754,-24.90936010260162,-182.49818360427065,0.3778643446379468
1755,-24.909360102601692,-151.05516174038067,0.3778643446379468
1756,-24.909360102601717,-124.5332165068656,0.3778643446379468
1757,-24.909360102601667,-165.00224202612563,0.3778643446379468
1758,-24.90936010260166,-180.5895257024788,0.3778643446379468
1759,-24.909360102601667,-136.59749888446575,0.3778643446379468
1760,-24.909360102601646,-112.29115287697417,0.3778643446379468
1761,-24.909360102601653,-181.9018233547882,0.3778643446379468
1762,-24.909360102601667,-160.72849553642834,0.3778643446379468
1763,-24.909360102601696,-130.9959582831724,0.3778643446379468
1764,-24.90936010260168,-206.16439467339978,0.3778643446379468
1765,-24.909360102601653,-118.70278345764399,0.3778643446379468
1766,-24.909360102601703,-115.49929855886353,0.3778643446379468
1767,-24.90936010260164,-176.4060672507762,0.3778643446379468
1768,-24.909360102601667,-105.19710858985405,0.3778643446379468
1769,-24.90936010260166,-159.12691015212232,0.3778643446379468
1770,-24.90936010260166,-122.91753872193661,0.3778643446379468
1771,-24.90936010260168,-114.63847956913804,0.3778643446379468
1772,-24.909360102601674,-110.27147713868348,0.3778643446379468
1773,-24.909360102601667,-177.73114436591715,0.3778643446379468
1774,-24.909360102601653,-122.22239415637975,0.3778643446379468
1775,-24.909360102601678,-153.12129098284888,0.3778643446379468
1776,-24.909360102601653,-190.00460808263256,0.3778643446379468
1777,-24.909360102601696,-167.71451395119558,0.3778643446379468
1778,-24.909360102601696,-146.67088607340105,0.3778643446379468
1779,-24.90936010260168,-99.34618546910332,0.3778643446379468
1780,-24.909360102601685,-118.84057893352315,0.3778643446379468
1781,-24.909360102601624,-85.02704570788377,0.3778643446379468
1782,-24.909360102601656,-102.9988998561256,0.3778643446379468
1783,-24.909360102601667,-136.91658304881412,0.3778643446379468
1784,-24.909360102601685,-148.0421512977791,0.3778643446379468
1785,-24.90936010260168,-171.16973822155356,0.3778643446379468
1786,-24.909360102601685,-196.66126401751762,0.3778643446379468
1787,-24.909360102601674,-96.90410172149636,0.3778643446379468
1788,-24.909360102601674,-161.6424864740486,0.3778643446379468
1789,-24.909360102601653,-92.95859538620915,0.3778643446379468
1790,-24.90936010260164,-176.3747959373579,0.3778643446379468
1791,-24.909360102601624,-149.14442175473255,0.3778643446379468
1792,-24.909360102601674,-135.81342114621742,0.3778643446379468
1793,-24.909360102601664,-141.91233987271505,0.3778643446379468
1794,-24.90936010260167,-188.0223025087875,0.3778643446379468
1795,-24.909360102601674,-134.66191865871573,0.3778643446379468
1796,-24.909360102601653,-206.4794619389812,0.3778643446379468
1797,-24.90936010260169,-161.95477127476215,0.3778643446379468
1798,-24.90936010260169,-169.91773097119653,0.3778643446379468
1799,-24.90936010260168,-139.41295552280852,0.3778643446379468
1800,-24.909360102601653,-207.4013163229271,0.3778643446379468
1801,-24.909360102601656,-122.0247124543157,0.3778643446379468
1802,-24.909360102601653,-129.97348024333428,0.3778643446379468
1803,-24.909360102601696,-123.34413184812158,0.3778643446379468
1804,-24.909360102601656,-83.24342632368668,0.3778643446379468
1805,-24.909360102601674,-139.37615443364908,0.3778643446379468
1806,-24.90936010260166,-162.96242026183307,0.3778643446379468
1807,-24.909360102601667,-159.07036417033018,0.3778643446379468
1808,-24.909360102601696,-210.453658996929,0.3778643446379468
1809,-24.90936010260168,-114.67690552024499,0.3778643446379468
1810,-24.909360102601685,-105.03988955480142,0.3778643446379468
1811,-24.909360102601667,-108.2138069964157,0.3778643446379468
1812,-24.90936010260166,-138.78834966410585,0.3778643446379468
1813,-24.90936010260167,-152.77099098645994,0.3778643446379468
1814,-24.909360102601653,-171.75708490166292,0.3778643446379468
1815,-24.909360102601667,-260.56259556013777,0.3778643446379468
1816,-24.909360102601674,-153.33195042470996,0.3778643446379468
1817,-24.90936010260169,-131.45106127761184,0.3778643446379468
1818,-24.90936010260167,-210.85701774800586,0.3778643446379468
1819,-24.90936010260167,-126.68015180942596,0.3778643446379468
1820,-24.909360102601664,-154.61437463352593,0.3778643446379468
1821,-24.909360102601703,-217.3215214815362,0.3778643446379468
1822,-24.909360102601664,-140.71942995694343,0.3778643446379468
1823,-24.90936010260164,-132.1794630905071,0.3778643446379468
1824,-24.90936010260164,-210.34278753114435,0.3778643446379468
1825,-24.909360102601703,-135.8478035911891,0.3778643446379468
1826,-24.909360102601646,-144.3468487085828,0.3778643446379468
1827,-24.909360102601667,-116.76920150021195,0.3778643446379468
1828,-24.909360102601696,-148.96689983495548,0.3778643446379468
1829,-24.90936010260164,-100.41693978927262,0.3778643446379468
1830,-24.90936010260163,-158.06248263297627,0.3778643446379468
1831,-24.909360102601664,-120.54024903086186,0.3778643446379468
1832,-24.909360102601653,-167.12136522886283,0.3778643446379468
1833,-24.90936010260167,-221.49573012593694,0.3778643446379468
1834,-24.90936010260166,-125.8789547425547,0.3778643446379468
1835,-24.90936010260168,-136.87137818140508,0.3778643446379468
1836,-24.909360102601696,-179.53994345467757,0.3778643446379468
1837,-24.90936010260167,-121.30784450676487,0.3778643446379468
1838,-24.90936010260164,-104.09770986194145,0.3778643446379468
1839,-24.909360102601696,-243.21579352782243,0.3778643446379468
1840,-24.909360102601667,-157.47456730692286,0.3778643446379468
1841,-24.90936010260164,-216.56902317183017,0.3778643446379468
1842,-24.909360102601664,-141.58809715205163,0.3778643446379468
1843,-24.909360102601646,-105.94597853713249,0.3778643446379468
1844,-24.90936010260166,-128.71397117732755,0.3778643446379468
1845,-24.909360102601696,-149.47117735793796,0.3778643446379468
1846,-24.90936010260166,-215.87878870837406,0.3778643446379468
1847,-24.909360102601685,-109.96603158267601,0.3778643446379468
1848,-24.909360102601703,-169.97865432316388,0.3778643446379468
1849,-24.90936010260169,-146.05609902866905,0.3778643446379468
1850,-24.909360102601667,-115.06846975324228,0.3778643446379468
1851,-24.90936010260165,-121.53505168368122,0.3778643446379468
1852,-24.909360102601667,-158.80570084291224,0.3778643446379468
1853,-24.909360102601674,-145.2863402992616,0.3778643446379468
1854,-24.909360102601696,-154.75023799084315,0.3778643446379468
1855,-24.909360102601664,-130.4747285137312,0.3778643446379468
1856,-24.909360102601667,-135.56483376760337,0.3778643446379468
1857,-24.909360102601646,-124.93683639906973,0.3778643446379468
1858,-24.90936010260167,-100.45667745692958,0.3778643446379468
1859,-24.909360102601674,-133.53738581037655,0.3778643446379468
1860,-24.909360102601674,-130.24923380440993,0.3778643446379468
1861,-24.909360102601703,-154.30369571383005,0.3778643446379468
1862,-24.909360102601667,-136.13972652501462,0.3778643446379468
1863,-24.909360102601656,-125.69030857360005,0.3778643446379468
1864,-24.90936010260168,-96.48005864838203,0.3778643446379468
1865,-24.90936010260166,-148.04717996170402,0.3778643446379468
1866,-24.909360102601653,-160.92347622561886,0.3778643446379468
1867,-24.909360102601667,-161.14597245215808,0.3778643446379468
1868,-24.90936010260164,-138.57689542459096,0.3778643446379468
1869,-24.909360102601696,-123.53584664143762,0.3778643446379468
1870,-24.909360102601664,-156.70801606797264,0.3778643446379468
1871,-24.909360102601653,-82.09778550301623,0.3778643446379468
1872,-24.90936010260167,-154.50519934801517,0.3778643446379468
1873,-24.909360102601664,-159.60650760361412,0.3778643446379468
1874,-24.90936010260168,-121.02529466821676,0.3778643446379468
1875,-24.90936010260169,-172.17032025093192,0.3778643446379468
1876,-24.909360102601617,-105.9259669991863,0.3778643446379468
1877,-24.909360102601656,-185.27420227494866,0.3778643446379468
1878,-24.909360102601696,-192.63402385734716,0.3778643446379468
1879,-24.909360102601674,-120.5204593461172,0.3778643446379468
1880,-24.909360102601646,-139.62790180826107,0.3778643446379468
1881,-24.90936010260168,-145.39255399307956,0.3778643446379468
1882,-24.909360102601674,-89.23006141460147,0.3778643446379468
1883,-24.90936010260169,-127.51745396921402,0.3778643446379468
1884,-24.90936010260171,-150.59064286082082,0.3778643446379468
1885,-24.909360102601685,-107.37644297884734,0.3778643446379468
1886,-24.909360102601696,-162.40568406821734,0.3778643446379468
1887,-24.909360102601653,-99.42564005824462,0.3778643446379468
1888,-24.909360102601628,-152.04539096349092,0.3778643446379468
1889,-24.90936010260163,-132.08864708389066,0.3778643446379468
1890,-24.90936010260171,-163.99583756549566,0.3778643446379468
1891,-24.909360102601674,-153.00086694026905,0.3778643446379468
1892,-24.90936010260168,-140.8942867278579,0.3778643446379468
1893,-24.909360102601667,-181.82022199315725,0.3778643446379468
1894,-24.909360102601664,-116.66654017699348,0.3778643446379468
1895,-24.90936010260169,-147.60042341570283,0.3778643446379468
1896,-24.90936010260169,-164.78912767354757,0.3778643446379468
1897,-24.90936010260168,-166.45925492778335,0.3778643446379468
1898,-24.909360102601664,-165.58265723082673,0.3778643446379468
1899,-24.90936010260169,-105.47757930149731,0.3778643446379468
1900,-24.909360102601674,-183.33800989109218,0.3778643446379468
1901,-24.909360102601674,-98.47772473096997,0.3778643446379468
1902,-24.909360102601646,-185.81647332203764,0.3778643446379468
1903,-24.909360102601656,-219.29977884692707,0.3778643446379468
1904,-24.909360102601685,-150.4767095646314,0.3778643446379468
1905,-24.90936010260168,-126.30273819124486,0.3778643446379468
1906,-24.90936010260169,-128.85230348282386,0.3778643446379468
1907,-24.909360102601667,-142.3734371944547,0.3778643446379468
1908,-24.90936010260168,-131.68197244420696,0.3778643446379468
1909,-24.909360102601646,-148.79401456532744,0.3778643446379468
1910,-24.909360102601717,-137.00788496477168,0.3778643446379468
1911,-24.909360102601656,-149.4585505789807,0.3778643446379468
1912,-24.90936010260168,-152.30712501060844,0.3778643446379468
1913,-24.909360102601664,-97.5254835943387,0.3778643446379468
1914,-24.90936010260166,-91.67807536629999,0.3778643446379468
1915,-24.909360102601653,-124.67995696487276,0.3778643446379468
1916,-24.909360102601653,-164.83240365930726,0.3778643446379468
1917,-24.90936010260165,-150.3364606896413,0.3778643446379468
1918,-24.90936010260165,-132.98750747185818,0.3778643446379468
1919,-24.909360102601674,-111.66222220588503,0.3778643446379468
1920,-24.909360102601674,-150.49799201500468,0.3778643446379468
1921,-24.909360102601653,-194.11971066640888,0.3778643446379468
1922,-24.909360102601614,-127.46386146198506,0.3778643446379468
1923,-24.909360102601656,-168.40204668425054,0.3778643446379468
1924,-24.90936010260166,-169.80458774835574,0.3778643446379468
1925,-24.909360102601646,-146.77609090833934,0.3778643446379468
1926,-24.909360102601653,-157.00348977709763,0.3778643446379468
1927,-24.909360102601664,-148.37901631418123,0.3778643446379468
1928,-24.909360102601692,-127.00450465829913,0.3778643446379468
1929,-24.909360102601653,-123.08531985324252,0.3778643446379468
1930,-24.909360102601646,-118.57783258864646,0.3778643446379468
1931,-24.90936010260164,-154.9219958320665,0.3778643446379468
1932,-24.909360102601667,-141.4492985531921,0.3778643446379468
1933,-24.909360102601685,-149.1591798887888,0.3778643446379468
1934,-24.909360102601664,-164.7670794150775,0.3778643446379468
1935,-24.909360102601696,-123.78731909622864,0.3778643446379468
1936,-24.909360102601667,-151.84303256022164,0.3778643446379468
1937,-24.909360102601653,-141.10129014115972,0.3778643446379468
1938,-24.909360102601653,-85.46771412664415,0.3778643446379468
1939,-24.909360102601678,-140.485417070668,0.3778643446379468
1940,-24.909360102601653,-98.38979405382462,0.3778643446379468
1941,-24.90936010260167,-103.41541967604545,0.3778643446379468
1942,-24.909360102601717,-184.46374431963764,0.3778643446379468
1943,-24.90936010260168,-130.98732722076815,0.3778643446379468
1944,-24.90936010260165,-95.0268664515043,0.3778643446379468
1945,-24.90936010260167,-109.08129315568772,0.3778643446379468
1946,-24.909360102601713,-118.43977490428944,0.3778643446379468
1947,-24.909360102601685,-89.46926908690098,0.3778643446379468
1948,-24.909360102601656,-122.79069804099156,0.3778643446379468
1949,-24.90936010260169,-229.38302055287903,0.3778643446379468
1950,-24.909360102601653,-111.59405173775266,0.3778643446379468
1951,-24.90936010260168,-197.42249332800208,0.3778643446379468
1952,-24.90936010260169,-119.42064314600782,0.3778643446379468
1953,-24.90936010260168,-96.51391442116022,0.3778643446379468
1954,-24.909360102601703,-130.81043600778227,0.3778643446379468
1955,-24.909360102601653,-198.8362599667647,0.3778643446379468
1956,-24.90936010260168,-141.23407139976587,0.3778643446379468
1957,-24.909360102601678,-184.89218475802798,0.3778643446379468
1958,-24.909360102601667,-124.89271041356986,0.3778643446379468
1959,-24.90936010260166,-110.22899969853137,0.3778643446379468
1960,-24.90936010260169,-155.9112143066728,0.3778643446379468
1961,-24.90936010260166,-159.58112273893596,0.3778643446379468
1962,-24.90936010260165,-92.7553930434575,0.3778643446379468
1963,-24.909360102601667,-163.52544072087207,0.3778643446379468
1964,-24.909360102601664,-93.43856409110504,0.3778643446379468
1965,-24.909360102601667,-124.70088238711188,0.3778643446379468
1966,-24.909360102601696,-120.35125067328875,0.3778643446379468
1967,-24.90936010260164,-180.3507754385397,0.3778643446379468
1968,-24.909360102601656,-196.67100347987326,0.3778643446379468
1969,-24.90936010260166,-207.24617101365428,0.3778643446379468
1970,-24.90936010260167,-139.11452744253103,0.3778643446379468
1971,-24.909360102601656,-85.20687337811867,0.3778643446379468
1972,-24.90936010260166,-156.08411239977113,0.3778643446379468
1973,-24.909360102601656,-156.27624648336422,0.3778643446379468
1974,-24.909360102601664,-196.1317652938567,0.3778643446379468
1975,-24.90936010260165,-120.0224493551818,0.3778643446379468
1976,-24.90936010260168,-96.6390697725489,0.3778643446379468
1977,-24.90936010260167,-174.42515975980754,0.3778643446379468
1978,-24.90936010260168,-145.31548747238043,0.3778643446379468
1979,-24.90936010260167,-165.7259039709902,0.3778643446379468
1980,-24.909360102601667,-124.8842025352993,0.3778643446379468
1981,-24.909360102601674,-101.48167668795347,0.3778643446379468
1982,-24.90936010260167,-150.86864663545543,0.3778643446379468
1983,-24.909360102601692,-174.48973375714604,0.3778643446379468
1984,-24.909360102601678,-108.68856133261824,0.3778643446379468
1985,-24.909360102601667,-125.64137008349833,0.3778643446379468
1986,-24.909360102601635,-135.41140530863316,0.3778643446379468
1987,-24.909360102601667,-215.787360847869,0.3778643446379468
1988,-24.909360102601678,-188.35697761863167,0.3778643446379468
1989,-24.90936010260171,-177.83045425944852,0.3778643446379468
1990,-24.90936010260168,-131.794626896919,0.3778643446379468
1991,-24.909360102601678,-114.56556019056939,0.3778643446379468
1992,-24.909360102601674,-165.29750934882853,0.3778643446379468
1993,-24.909360102601646,-149.93305059504613,0.3778643446379468
1994,-24.909360102601667,-181.92075103884636,0.3778643446379468
1995,-24.909360102601678,-116.90374448085782,0.3778643446379468
1996,-24.90936010260164,-246.73139026172274,0.3778643446379468
1997,-24.90936010260166,-88.75670989595844,0.3778643446379468
1998,-24.90936010260168,-131.97598463564742,0.3778643446379468
1999,-24.909360102601674,-136.51568074901044,0.3778643446379468
