strategy,timeframe,direction,entry_time,exit_time,entry_price,exit_price,sl_price,tp_price,bars_held,reason,pnl_r,hour,session,atr14,atr_pct_rank,vol_bucket,ema55_slope_norm,trend_bucket,close,ema55,vwap
PEM,M15,short,2020-11-30 20:00:00+00:00,2020-11-30 20:30:00+00:00,1768.805,1772.648,1772.648,1761.1190000000004,3,sl,-1.0,20,NY_Late,3.0194669432553316,0.7169811320754716,HighVol,-0.350668945691231,Strong,1769.318,1775.3624324906496,1774.504728382908
PEM,M15,long,2020-12-01 11:45:00+00:00,2020-12-01 14:45:00+00:00,1786.018,1789.115,1782.685,1792.6840000000002,13,timeout,0.9291929192918998,11,London,1.8776674915030254,0.0625,LowVol,0.6111200566359558,Strong,1786.128,1779.6093587335645,1780.134981711928
PEM,M15,long,2020-12-03 10:45:00+00:00,2020-12-03 13:45:00+00:00,1833.855,1831.935,1827.469,1846.627,13,timeout,-0.3006576886940311,10,London,2.227970467637285,0.53125,MidVol,0.4222498488685684,Strong,1835.535,1827.2785361666095,1828.958072227941
PEM,M15,long,2020-12-04 01:15:00+00:00,2020-12-04 04:15:00+00:00,1837.718,1840.688,1829.468,1854.218,13,timeout,0.3600000000000033,1,Asia,3.4536278640006786,0.8541666666666666,HighVol,0.08552024491562361,Flat,1838.544,1835.1055774979911,1835.2469975522993
PEM,M15,long,2020-12-07 13:00:00+00:00,2020-12-07 15:30:00+00:00,1841.325,1834.505,1834.505,1854.965,11,sl,-1.0,13,NY_Overlap,1.7543686345676834,0.052083333333333336,LowVol,0.2697473720566758,Strong,1841.928,1838.0890794335933,1837.7729588609018
PEM,M15,long,2020-12-07 21:15:00+00:00,2020-12-07 22:00:00+00:00,1838.948,1858.5140000000004,1829.165,1858.5140000000004,4,tp,2.0,21,NY_Late,2.843089397519393,0.6666666666666666,HighVol,0.13106921872294316,Moderate,1838.935,1835.044892700879,1834.5497646392448
PEM,M15,short,2020-12-08 18:30:00+00:00,2020-12-08 20:00:00+00:00,1861.738,1865.038,1865.038,1855.1380000000001,7,sl,-1.0,18,NY_Late,2.317148967411476,0.4583333333333333,MidVol,-0.06845243278431697,Flat,1860.958,1863.3681238978807,1864.4491889909846
PEM,M15,short,2020-12-09 08:15:00+00:00,2020-12-09 10:45:00+00:00,1867.188,1859.7480000000005,1870.908,1859.7480000000005,11,tp,2.0,8,London,1.5437727380470228,0.07291666666666667,LowVol,-0.039600660232849895,Flat,1867.335,1868.5477404058413,1870.2566808635404
PEM,M15,short,2020-12-09 11:00:00+00:00,2020-12-09 14:00:00+00:00,1860.755,1860.635,1866.358,1849.5490000000004,13,timeout,0.021417097983244995,11,London,1.7828882888618276,0.23958333333333334,LowVol,-0.5199429028871771,Strong,1860.678,1867.3483904859502,1867.783655282053
PEM,M15,short,2020-12-10 00:30:00+00:00,2020-12-10 03:30:00+00:00,1841.285,1833.315,1858.125,1807.6050000000002,13,timeout,0.47327790973872125,0,Asia,4.086360290425298,0.8958333333333334,HighVol,-0.5453549069595147,Strong,1841.025,1855.1333386206356,1842.1695602105299
PEM,M15,short,2020-12-11 01:15:00+00:00,2020-12-11 04:15:00+00:00,1830.357,1834.758,1843.378,1804.315,13,timeout,-0.33799247369634294,1,Asia,3.64634655679384,0.7604166666666666,HighVol,-0.22030781589408596,Moderate,1834.255,1837.8838634563513,1834.0053175565256
PEM,M15,long,2020-12-11 17:00:00+00:00,2020-12-11 18:00:00+00:00,1836.565,1831.743,1831.743,1846.2090000000003,5,sl,-1.0,17,NY_Late,2.287585840747101,0.5,MidVol,-0.0411498175056973,Flat,1838.618,1836.0883061195111,1835.4215659930192
PEM,M15,long,2020-12-14 21:30:00+00:00,2020-12-14 23:45:00+00:00,1832.535,1823.345,1823.345,1850.9150000000002,10,sl,-1.0,21,NY_Late,3.3645683356854508,0.8958333333333334,HighVol,-0.03555108372700906,Flat,1834.788,1830.8414884491028,1830.4108490426627
PEM,M15,long,2020-12-15 11:30:00+00:00,2020-12-15 14:15:00+00:00,1834.568,1841.5939999999998,1831.055,1841.5939999999998,12,tp,2.0,11,London,1.7347635368171517,0.19791666666666666,LowVol,0.4858452738676757,Strong,1834.865,1829.7259926053878,1828.504511802423
PEM,M15,long,2020-12-16 01:45:00+00:00,2020-12-16 04:45:00+00:00,1852.458,1853.718,1847.518,1862.3380000000002,13,timeout,0.25506072874493463,1,Asia,2.62083736134366,0.71875,HighVol,0.4756819093715436,Strong,1853.318,1845.419912095186,1850.3792884420209
PEM,M15,short,2020-12-17 00:00:00+00:00,2020-12-17 02:30:00+00:00,1854.235,1845.3089999999995,1858.698,1845.3089999999995,11,tp,2.0,0,Asia,3.2213046037497706,0.8541666666666666,HighVol,-0.05610168894037375,Flat,1853.875,1856.4389909582972,1854.3083333333332
PEM,M15,long,2020-12-17 16:00:00+00:00,2020-12-17 19:00:00+00:00,1881.542,1878.188,1869.798,1905.0299999999997,13,timeout,-0.2855926430517574,16,NY_Overlap,2.400976117989968,0.4895833333333333,MidVol,0.9407696227442448,Strong,1878.845,1866.7052702718547,1862.8945803243441
PEM,M15,long,2020-12-17 20:15:00+00:00,2020-12-17 23:15:00+00:00,1883.308,1888.508,1873.798,1902.328,13,timeout,0.5467928496319716,20,NY_Late,3.04191179677321,0.6875,HighVol,0.5436313571591087,Strong,1880.955,1871.7694616523406,1866.5035335209107
PEM,M15,short,2020-12-19 03:15:00+00:00,2020-12-21 06:30:00+00:00,1879.305,1884.758,1884.758,1868.3990000000001,11,sl,-1.0,3,Asia,2.1115413927969215,0.5208333333333334,MidVol,-0.2211818540158841,Moderate,1879.588,1882.5519070144344,1881.8156377009263
PEM,M15,long,2020-12-21 13:45:00+00:00,2020-12-21 14:00:00+00:00,1906.338,1898.455,1898.455,1922.104,2,sl,-1.0,13,NY_Overlap,2.448318620476399,0.65625,MidVol,0.9555303617293245,Strong,1904.338,1892.239936782383,1896.5018380273698
PEM,M15,short,2020-12-22 12:45:00+00:00,2020-12-22 15:45:00+00:00,1876.718,1872.748,1882.255,1865.644,13,timeout,0.7169947625067731,12,London,2.0817646982761153,0.0625,LowVol,-0.20165065480337543,Moderate,1874.878,1880.3103276351608,1878.978080312079
PEM,M15,short,2020-12-23 02:15:00+00:00,2020-12-23 06:00:00+00:00,1861.855,1860.038,1867.9,1849.7649999999999,13,timeout,0.30057899090156914,2,Asia,3.038462051721745,0.6979166666666666,HighVol,-0.4762618869475007,Strong,1862.395,1871.2854102784027,1864.9623599039023
PEM,M15,short,2020-12-23 19:30:00+00:00,2020-12-23 20:45:00+00:00,1859.045,1868.865,1868.865,1839.4050000000002,6,sl,-1.0,19,NY_Late,2.7174833325945653,0.6875,HighVol,-0.2507583007157381,Strong,1860.098,1866.0976058220544,1864.87986356838
PEM,M15,short,2020-12-24 21:45:00+00:00,2020-12-24 22:00:00+00:00,1871.925,1877.005,1877.005,1861.7649999999996,2,sl,-1.0,21,NY_Late,2.4632208290630033,0.7708333333333334,HighVol,-0.12200007269264833,Moderate,1874.258,1874.7275379951316,1874.8729391597878
PEM,M15,long,2020-12-28 06:30:00+00:00,2020-12-28 09:30:00+00:00,1886.135,1897.508,1876.418,1905.5690000000002,13,timeout,1.1704229700524784,6,Asia,2.413883010422224,0.90625,HighVol,0.4964177852717066,Strong,1887.865,1877.4996629824489,1886.5247441651406
PEM,M15,long,2020-12-28 21:15:00+00:00,2020-12-29 00:15:00+00:00,1887.848,1877.108,1875.295,1912.9539999999997,13,timeout,-0.855572373137904,21,NY_Late,3.3908404829875347,0.9791666666666666,HighVol,0.11846536078246829,Moderate,1889.207,1883.2744687235481,1885.1267650730933
PEM,M15,short,2020-12-29 03:45:00+00:00,2020-12-29 07:15:00+00:00,1873.505,1877.708,1877.708,1865.0990000000002,12,sl,-1.0,3,Asia,2.813627559119206,0.46875,MidVol,-0.4376565000842344,Strong,1874.015,1880.5436792392481,1876.0672901347482
PEM,M15,long,2020-12-29 07:45:00+00:00,2020-12-29 10:45:00+00:00,1879.138,1879.745,1874.845,1887.7239999999997,13,timeout,0.1413929652923331,7,London,2.1372471625885745,0.052083333333333336,LowVol,-0.06622510193438001,Flat,1878.438,1878.7074927085032,1875.9512983771804
PEM,M15,short,2020-12-29 18:00:00+00:00,2020-12-29 21:00:00+00:00,1876.558,1879.205,1882.925,1863.824,13,timeout,-0.41573739594784836,18,NY_Late,2.5977107768265886,0.53125,MidVol,-0.0015595738021724115,Flat,1877.628,1878.9147448366118,1877.5377935876927
PEM,M15,long,2020-12-31 01:15:00+00:00,2020-12-31 04:15:00+00:00,1889.188,1891.958,1884.375,1898.8140000000003,13,timeout,0.5755246208186003,1,Asia,2.192993545697315,0.7083333333333334,HighVol,0.47346536196083655,Strong,1890.465,1882.892063218579,1887.6247091684822
PEM,M15,short,2020-12-31 10:30:00+00:00,2020-12-31 13:30:00+00:00,1888.208,1887.768,1897.778,1869.0680000000002,13,timeout,0.04597701149425888,10,London,2.230466440108547,0.8229166666666666,HighVol,0.1448780088478665,Moderate,1888.945,1890.4914526380828,1892.719042798615
PEM,M15,long,2020-12-31 20:45:00+00:00,2020-12-31 23:45:00+00:00,1896.684,1894.798,1888.595,1912.8619999999999,13,timeout,-0.23315613796513548,20,NY_Late,1.9042888690647242,0.2708333333333333,LowVol,0.33111058007950067,Strong,1897.105,1892.2925213949213,1892.2134332862065
PEM,M15,short,2021-01-01 01:45:00+00:00,2021-01-01 02:45:00+00:00,1891.845,1896.014,1896.014,1883.5070000000003,5,sl,-1.0,1,Asia,2.5303139600337348,0.8854166666666666,HighVol,-0.07878009648159173,Flat,1893.348,1893.9593043899688,1893.305837241374
PEM,M15,long,2021-01-04 10:30:00+00:00,2021-01-04 13:30:00+00:00,1922.155,1924.205,1909.858,1946.749,13,timeout,0.1667073269903188,10,London,2.738145659612255,0.8229166666666666,HighVol,1.1198250401792582,Strong,1923.165,1905.6892897687699,1914.9148226787197
PEM,M15,long,2021-01-04 15:15:00+00:00,2021-01-04 15:30:00+00:00,1925.405,1931.579,1922.318,1931.579,2,tp,2.0,15,NY_Overlap,2.293561528089982,0.3541666666666667,MidVol,0.915751633946238,Strong,1927.275,1914.4579085044595,1918.561757685029
PEM,M15,long,2021-01-06 00:15:00+00:00,2021-01-06 03:15:00+00:00,1951.098,1950.795,1945.665,1961.964,13,timeout,-0.05577029265596981,0,Asia,3.704108153964838,0.8020833333333334,HighVol,0.21620051180849065,Moderate,1948.692,1944.697190876691,1949.9557175914506
PEM,M15,long,2021-01-06 06:45:00+00:00,2021-01-06 08:30:00+00:00,1951.385,1947.615,1947.615,1958.925,8,sl,-1.0,6,Asia,2.4211612652808134,0.125,LowVol,0.23927494514555933,Moderate,1951.158,1947.80605786031,1950.1391754846477
PEM,M15,short,2021-01-06 20:15:00+00:00,2021-01-06 23:15:00+00:00,1932.529,1904.308,1956.515,1884.5569999999998,13,timeout,1.1765613274410023,20,NY_Late,5.377766224894632,1.0,HighVol,-0.2678488501181259,Strong,1943.218,1948.2306570067108,1948.289343614202
PEM,M15,long,2021-01-07 14:00:00+00:00,2021-01-07 17:00:00+00:00,1926.848,1916.258,1914.705,1951.134,13,timeout,-0.8721073869719091,14,NY_Overlap,2.5461041395896435,0.08333333333333333,LowVol,0.13612210656001597,Moderate,1925.637,1921.4190742370495,1916.8977010267163
PEM,M15,short,2021-01-08 12:15:00+00:00,2021-01-08 15:00:00+00:00,1908.905,1900.1589999999999,1913.278,1900.1589999999999,12,tp,2.0,12,London,1.9667077909305288,0.020833333333333332,LowVol,-0.3466925844563474,Strong,1910.055,1913.176684183962,1912.5640439441872
PEM,M15,short,2021-01-09 01:45:00+00:00,2021-01-09 04:45:00+00:00,1834.538,1847.145,1862.228,1779.158,13,timeout,-0.4552907186709984,1,Asia,7.672031206370896,0.9895833333333334,HighVol,-0.9342198998938714,Strong,1837.685,1876.2052906750232,1843.020696176421
PEM,M15,long,2021-01-12 11:00:00+00:00,2021-01-12 14:00:00+00:00,1850.705,1859.008,1845.242,1861.6309999999999,13,timeout,1.519860882299133,11,London,2.4461824538554433,0.010416666666666666,LowVol,0.22291297320242023,Moderate,1849.568,1846.5698311303474,1847.2149579661755
PEM,M15,short,2021-01-12 21:00:00+00:00,2021-01-13 00:00:00+00:00,1845.218,1842.678,1862.648,1810.3580000000004,13,timeout,0.1457257601835908,21,NY_Late,3.6388012794936864,0.7708333333333334,HighVol,-0.1784801501726252,Moderate,1843.598,1854.4439913058268,1852.2569300304374
PEM,M15,short,2021-01-13 00:45:00+00:00,2021-01-13 01:45:00+00:00,1840.258,1846.058,1846.058,1828.6580000000001,5,sl,-1.0,0,Asia,4.039214065306856,0.8333333333333334,HighVol,-0.42086974173872754,Strong,1838.955,1849.3353423540236,1840.7930851096773
PEM,M15,long,2021-01-13 03:45:00+00:00,2021-01-13 07:30:00+00:00,1855.768,1858.358,1846.568,1874.1680000000001,13,timeout,0.2815217391304245,3,Asia,3.5139271391801494,0.7083333333333334,HighVol,0.2540234832754857,Strong,1855.115,1849.7445307433254,1846.7553441593172
PEM,M15,long,2021-01-13 09:15:00+00:00,2021-01-13 12:15:00+00:00,1861.865,1859.578,1854.668,1876.2590000000002,13,timeout,-0.317771293594553,9,London,2.614844674358961,0.46875,MidVol,0.4606423855906539,Strong,1860.808,1853.5995406633401,1850.3548673149623
PEM,M15,long,2021-01-19 08:15:00+00:00,2021-01-19 11:15:00+00:00,1840.748,1838.115,1836.215,1849.8140000000003,13,timeout,-0.5808515332009625,8,London,1.8949858910259376,0.03125,LowVol,0.35953025517746723,Strong,1841.685,1835.7680678493791,1838.6910199353233
PEM,M15,long,2021-01-19 18:30:00+00:00,2021-01-19 19:00:00+00:00,1844.828,1842.305,1842.305,1849.8739999999998,3,sl,-1.0,18,NY_Late,1.8382807158455556,0.08333333333333333,LowVol,0.43708888803389123,Strong,1844.735,1840.2106973228654,1840.5565895802242
PEM,M15,long,2021-01-21 10:30:00+00:00,2021-01-21 13:30:00+00:00,1872.205,1873.275,1867.567,1881.4809999999998,13,timeout,0.2307028891764084,10,London,2.119919933306519,0.59375,MidVol,0.43550011326874505,Strong,1870.598,1865.5383408469977,1867.801047241165
PEM,M15,long,2021-01-21 18:45:00+00:00,2021-01-21 20:00:00+00:00,1871.765,1869.786,1869.786,1875.7230000000002,6,sl,-1.0,18,NY_Late,2.2812827839901884,0.4583333333333333,MidVol,0.1389629693318217,Moderate,1871.255,1869.4173137334694,1869.483047327099
PEM,M15,short,2021-01-22 13:45:00+00:00,2021-01-22 16:45:00+00:00,1859.015,1857.685,1864.035,1848.9750000000001,13,timeout,0.26494023904385644,13,NY_Overlap,1.8877398856674452,0.3333333333333333,MidVol,-0.4325002016137302,Strong,1860.495,1864.7441122950497,1864.4900520426986
PEM,M15,long,2021-01-23 00:30:00+00:00,2021-01-23 03:30:00+00:00,1856.335,1855.271,1851.475,1866.0550000000003,13,timeout,-0.21893004115227374,0,Asia,3.6380327279321296,0.8854166666666666,HighVol,0.003672818873522391,Flat,1854.421,1854.4513850328296,1854.886226326245
PEM,M15,short,2021-01-25 11:30:00+00:00,2021-01-25 14:30:00+00:00,1853.765,1851.935,1857.325,1846.6450000000002,13,timeout,0.514044943820276,11,London,1.822582376630141,0.09375,LowVol,-0.10263659116303062,Moderate,1854.755,1855.30393782573,1855.794254394668
PEM,M15,long,2021-01-25 18:15:00+00:00,2021-01-25 21:15:00+00:00,1862.755,1864.185,1852.412,1883.4410000000003,13,timeout,0.138257758870717,18,NY_Late,2.427435341119347,0.5208333333333334,MidVol,0.3567014905481994,Strong,1862.888,1854.8818206908118,1854.8619701258656
PEM,M15,long,2021-01-26 09:30:00+00:00,2021-01-26 12:30:00+00:00,1858.805,1856.925,1853.058,1870.2990000000002,13,timeout,-0.3271271967983445,9,London,1.8285890211781846,0.15625,LowVol,0.13141983025386103,Moderate,1859.205,1856.1253682023414,1856.0703524965395
PEM,M15,short,2021-01-26 17:15:00+00:00,2021-01-26 20:15:00+00:00,1852.425,1852.535,1857.345,1842.5849999999998,13,timeout,-0.02235772357726132,17,NY_Late,2.124404056913654,0.4895833333333333,MidVol,-0.20996036223298659,Moderate,1853.955,1855.557680753258,1855.748444076664
PEM,M15,long,2021-01-27 13:15:00+00:00,2021-01-27 15:30:00+00:00,1850.792,1845.347,1845.347,1861.6819999999998,10,sl,-1.0,13,NY_Overlap,1.5854510589521131,0.14583333333333334,LowVol,-0.07695092315055016,Flat,1849.905,1849.5686596924302,1849.705533357654
PEM,M15,short,2021-01-27 18:45:00+00:00,2021-01-27 21:45:00+00:00,1843.175,1833.475,1849.575,1830.3749999999998,13,timeout,1.5156249999999856,18,NY_Late,2.151970793197471,0.6666666666666666,HighVol,-0.39562262423919825,Strong,1839.458,1847.7467392620965,1848.4496764313449
PEM,M15,short,2021-01-28 13:30:00+00:00,2021-01-28 15:30:00+00:00,1835.515,1840.995,1840.995,1824.5550000000005,9,sl,-1.0,13,NY_Overlap,1.9301348858151663,0.13541666666666666,LowVol,-0.3208072592961754,Strong,1836.535,1839.8640841350068,1841.0326202533065
PEM,M15,short,2021-01-29 01:30:00+00:00,2021-01-29 02:15:00+00:00,1838.488,1843.165,1843.165,1829.1340000000002,4,sl,-1.0,1,Asia,4.484659334770584,0.9375,HighVol,-0.2474848766152697,Moderate,1837.818,1845.1231282994354,1841.876788976361
PEM,M15,long,2021-01-29 12:45:00+00:00,2021-01-29 15:45:00+00:00,1845.315,1845.625,1840.945,1854.0550000000003,13,timeout,0.07093821510296042,12,London,1.6987949794150903,0.03125,LowVol,0.05706525116024204,Flat,1845.405,1843.3548447662379,1842.3216699749378
PEM,M15,short,2021-02-02 07:30:00+00:00,2021-02-02 08:30:00+00:00,1856.835,1862.165,1862.165,1846.1750000000002,5,sl,-1.0,7,London,2.3797713210929134,0.020833333333333332,LowVol,-0.2518506284065731,Strong,1854.847,1860.6051922253403,1860.9143453953272
PEM,M15,short,2021-02-02 11:45:00+00:00,2021-02-02 14:45:00+00:00,1854.835,1850.318,1862.245,1840.0150000000003,13,timeout,0.6095816464237708,11,London,2.365411606458623,0.020833333333333332,LowVol,-0.3381384538829249,Strong,1853.405,1859.3757046408907,1859.9452170689806
PEM,M15,short,2021-02-03 01:45:00+00:00,2021-02-03 04:45:00+00:00,1833.405,1838.005,1844.085,1812.0449999999998,13,timeout,-0.4307116104869016,1,Asia,3.7601734312337434,0.7291666666666666,HighVol,-0.4026490009417562,Strong,1835.295,1842.7862931673337,1835.5787025995162
PEM,M15,long,2021-02-03 08:45:00+00:00,2021-02-03 11:45:00+00:00,1840.791,1841.095,1837.555,1847.2629999999997,13,timeout,0.09394313967864615,8,London,2.0013920527745244,0.010416666666666666,LowVol,0.01660703411956071,Flat,1840.355,1839.9332861879343,1836.7550294596892
PEM,M15,short,2021-02-04 12:45:00+00:00,2021-02-04 14:30:00+00:00,1820.063,1826.095,1826.095,1807.9990000000003,8,sl,-1.0,12,London,2.149236884298071,0.6770833333333334,HighVol,-0.8124637014858764,Strong,1818.045,1829.1751793035241,1829.3340415342373
PEM,M15,long,2021-02-05 13:00:00+00:00,2021-02-05 15:15:00+00:00,1797.947,1806.1649999999997,1793.838,1806.1649999999997,10,tp,2.0,13,NY_Overlap,1.5900502540473456,0.03125,LowVol,-0.07126786348739035,Flat,1797.945,1797.4773976547547,1793.4487341054744
PEM,M15,long,2021-02-05 15:45:00+00:00,2021-02-05 18:45:00+00:00,1810.338,1805.238,1796.495,1838.0240000000001,13,timeout,-0.36841725059596053,15,NY_Overlap,2.6054878714041187,0.4583333333333333,MidVol,0.445433132944557,Strong,1807.578,1798.7166288871608,1795.685658251458
PEM,M15,long,2021-02-06 00:30:00+00:00,2021-02-06 03:30:00+00:00,1814.703,1812.115,1806.175,1831.759,13,timeout,-0.3034709193245731,0,Asia,3.6686383867407293,0.78125,HighVol,0.441124589851852,Strong,1813.136,1803.95503064217,1813.5535686308808
PEM,M15,long,2021-02-08 18:30:00+00:00,2021-02-08 20:00:00+00:00,1816.405,1824.499,1812.358,1824.499,7,tp,2.0,18,NY_Late,2.160633892103125,0.3541666666666667,MidVol,0.2704347263061304,Strong,1818.185,1812.681361311703,1813.4080250931545
PEM,M15,long,2021-02-10 12:15:00+00:00,2021-02-10 13:15:00+00:00,1843.835,1841.907,1841.907,1847.6910000000003,5,sl,-1.0,12,London,1.5969582606006558,0.010416666666666666,LowVol,0.42735422390747263,Strong,1843.295,1839.659758729175,1837.998468333444
PEM,M15,short,2021-02-11 12:15:00+00:00,2021-02-11 14:00:00+00:00,1835.672,1838.085,1838.085,1830.846,8,sl,-1.0,12,London,1.6261908329953414,0.07291666666666667,LowVol,-0.4085475341127118,Strong,1835.685,1839.8490599642575,1840.45984257511
PEM,M15,short,2021-02-11 18:30:00+00:00,2021-02-11 19:15:00+00:00,1840.341,1843.105,1843.105,1834.8129999999996,4,sl,-1.0,18,NY_Late,1.6795367210922005,0.14583333333333334,LowVol,0.02970628789712655,Flat,1840.585,1840.6795585227835,1840.9464750872219
PEM,M15,short,2021-02-12 00:30:00+00:00,2021-02-12 03:30:00+00:00,1827.565,1823.947,1837.995,1806.7050000000004,13,timeout,0.34688398849474805,0,Asia,3.0436395110603938,0.9166666666666666,HighVol,-0.5608372299698872,Strong,1824.812,1839.4352127147652,1828.3158292133016
PEM,M15,long,2021-02-15 09:00:00+00:00,2021-02-15 12:00:00+00:00,1824.565,1822.095,1819.995,1833.7050000000004,13,timeout,-0.5404814004376234,9,London,2.0430815980223214,0.3645833333333333,MidVol,0.2417790118013177,Moderate,1826.845,1821.6902587056854,1823.1381009077231
PEM,M15,short,2021-02-15 21:30:00+00:00,2021-02-16 00:30:00+00:00,1817.155,1818.028,1823.655,1804.155,13,timeout,-0.1343076923076996,21,NY_Late,1.9258022691277472,0.5,MidVol,-0.15492617040741646,Moderate,1819.198,1820.4633441327846,1820.8321306209293
PEM,M15,short,2021-02-16 01:00:00+00:00,2021-02-16 07:30:00+00:00,1817.715,1820.735,1820.735,1811.675,8,sl,-1.0,1,Asia,1.5930257527587208,0.07291666666666667,LowVol,-0.11788948138054368,Moderate,1818.438,1819.7584481091737,1818.9693326618924
PEM,M15,long,2021-02-16 11:15:00+00:00,2021-02-16 12:45:00+00:00,1825.615,1820.855,1820.855,1835.135,7,sl,-1.0,11,London,1.4597074262626506,0.020833333333333332,LowVol,0.4649716594296304,Strong,1825.475,1821.474827375418,1822.12317472413
PEM,M15,short,2021-02-17 23:30:00+00:00,2021-02-18 00:00:00+00:00,1770.435,1779.565,1779.565,1752.1749999999997,3,sl,-1.0,23,NY_Late,4.1658992935927,0.8645833333333334,HighVol,-0.5725397330923094,Strong,1774.515,1786.009392008564,1787.0192042283836
PEM,M15,short,2021-02-18 02:00:00+00:00,2021-02-18 05:00:00+00:00,1771.735,1775.785,1780.068,1755.0689999999997,13,timeout,-0.486019440777648,2,Asia,3.5923874473309008,0.7395833333333334,HighVol,-0.49773503462769403,Strong,1774.915,1782.8682550826936,1775.9370101774327
PEM,M15,long,2021-02-18 08:00:00+00:00,2021-02-18 11:00:00+00:00,1780.055,1782.975,1775.895,1788.3750000000002,13,timeout,0.7019230769230259,8,London,2.203850224781684,0.20833333333333334,LowVol,-0.037389738392883454,Flat,1779.495,1779.336540285375,1775.3797673625593
PEM,M15,long,2021-02-19 13:30:00+00:00,2021-02-19 16:30:00+00:00,1776.935,1773.995,1765.862,1799.0809999999997,13,timeout,-0.26551070170686264,13,NY_Overlap,2.918198354221179,0.65625,MidVol,0.0023743330744302963,Flat,1772.465,1772.1122490849152,1771.0580128239585
PEM,M15,short,2021-02-19 17:30:00+00:00,2021-02-19 20:15:00+00:00,1769.925,1774.875,1774.875,1760.0249999999999,12,sl,-1.0,17,NY_Late,2.728704720411528,0.46875,MidVol,-0.006089491568824597,Flat,1773.505,1772.4251852725683,1771.5542632598074
PEM,M15,long,2021-02-22 08:30:00+00:00,2021-02-22 09:15:00+00:00,1787.825,1783.905,1783.905,1795.6650000000002,4,sl,-1.0,8,London,2.617504923572848,0.28125,LowVol,0.44885656870226465,Strong,1788.415,1780.9372051431899,1785.667537965705
PEM,M15,long,2021-02-22 12:30:00+00:00,2021-02-22 13:15:00+00:00,1786.131,1791.5230000000004,1783.435,1791.5230000000004,4,tp,2.0,12,London,2.3683205994686687,0.010416666666666666,LowVol,0.23997990017807913,Moderate,1787.515,1782.7531312154067,1785.3706199826886
PEM,M15,long,2021-02-23 19:30:00+00:00,2021-02-23 21:45:00+00:00,1812.188,1805.465,1805.465,1825.6340000000005,10,sl,-1.0,19,NY_Late,2.506658990461452,0.6354166666666666,MidVol,0.06794391814010499,Flat,1810.665,1808.6621508457,1809.52966672049
PEM,M15,short,2021-02-24 20:45:00+00:00,2021-02-24 21:45:00+00:00,1801.559,1785.157,1809.76,1785.157,5,tp,2.0,20,NY_Late,2.7238422696481903,0.78125,HighVol,-0.2594577837934979,Strong,1797.415,1806.8911320555903,1806.7609980706932
PEM,M15,short,2021-02-25 15:45:00+00:00,2021-02-25 18:45:00+00:00,1789.405,1785.425,1796.475,1775.265,13,timeout,0.5629420084865706,15,NY_Overlap,2.8240326098188726,0.6979166666666666,HighVol,-0.4182567389152621,Strong,1789.878,1797.3537917167387,1797.6996209084784
PEM,M15,short,2021-02-25 19:00:00+00:00,2021-02-25 22:00:00+00:00,1785.455,1780.191,1794.965,1766.435,13,timeout,0.5535226077812725,19,NY_Late,3.503690779734474,0.8020833333333334,HighVol,-0.3176211073404766,Strong,1786.495,1794.9368283224308,1795.9550859105143
PEM,M15,short,2021-02-26 07:45:00+00:00,2021-02-26 10:45:00+00:00,1768.075,1772.505,1779.415,1745.3950000000002,13,timeout,-0.39065255731923243,7,London,3.6962811478257427,0.6145833333333334,MidVol,-0.4109055369459528,Strong,1771.425,1777.6005798538056,1773.6180810198266
PEM,M15,short,2021-02-26 13:00:00+00:00,2021-02-26 16:00:00+00:00,1762.065,1768.895,1768.895,1748.4050000000002,13,sl,-1.0,13,NY_Overlap,3.321625624192121,0.3958333333333333,MidVol,-0.5184761226960847,Strong,1759.491,1773.1314020184104,1772.282021803486
PEM,M15,long,2021-03-01 07:45:00+00:00,2021-03-01 10:45:00+00:00,1740.965,1750.735,1735.615,1751.6649999999997,13,timeout,1.826168224299093,7,London,3.246426620058881,0.14583333333333334,LowVol,-0.06726197159845944,Flat,1739.748,1740.801019942353,1738.8015492031404
PEM,M15,short,2021-03-01 18:45:00+00:00,2021-03-01 20:30:00+00:00,1743.095,1734.2549999999999,1747.515,1734.2549999999999,8,tp,2.0,18,NY_Late,2.3852721773911734,0.041666666666666664,LowVol,-0.22475361253784856,Moderate,1742.015,1747.1946326731095,1747.7238755634362
PEM,M15,short,2021-03-02 00:30:00+00:00,2021-03-02 03:30:00+00:00,1729.615,1721.615,1740.825,1707.195,13,timeout,0.7136485280999085,0,Asia,4.273454167417996,0.8020833333333334,HighVol,-0.4285729743958906,Strong,1728.135,1741.302800110019,1731.311527498904
PEM,M15,long,2021-03-02 20:30:00+00:00,2021-03-02 20:45:00+00:00,1734.966,1727.666,1727.666,1749.5659999999998,2,sl,-1.0,20,NY_Late,3.6326581908929314,0.7395833333333334,HighVol,0.34453649093685595,Strong,1727.896,1724.8094372774688,1722.47315254036
PEM,M15,short,2021-03-03 09:45:00+00:00,2021-03-03 12:45:00+00:00,1731.725,1732.235,1735.616,1723.9429999999998,13,timeout,-0.1310717039321462,9,London,2.614227532718237,0.08333333333333333,LowVol,0.01750991309462033,Flat,1732.49,1732.4533861989864,1734.8945154327344
PEM,M15,long,2021-03-04 19:45:00+00:00,2021-03-04 21:00:00+00:00,1718.995,1713.354,1713.354,1730.2769999999996,6,sl,-1.0,19,NY_Late,3.0851960974435384,0.5208333333333334,MidVol,0.1619151145163875,Moderate,1719.479,1715.2645635028293,1714.9431106016543
PEM,M15,short,2021-03-05 07:45:00+00:00,2021-03-05 10:45:00+00:00,1691.879,1694.285,1718.434,1638.7689999999998,13,timeout,-0.0906044059499217,7,London,3.5866862256456895,0.5729166666666666,MidVol,-0.5960236802088792,Strong,1693.865,1703.9581963249611,1699.5980658466492
PEM,M15,long,2021-03-06 00:45:00+00:00,2021-03-06 03:45:00+00:00,1701.389,1698.348,1694.085,1715.9969999999996,13,timeout,-0.4163472070098574,0,Asia,4.170174769103158,0.6666666666666666,HighVol,0.0859952315802211,Flat,1701.005,1697.1981120940038,1698.7674697848745
PEM,M15,long,2021-03-08 06:30:00+00:00,2021-03-08 09:30:00+00:00,1708.435,1711.421,1696.865,1731.5749999999998,13,timeout,0.25808124459810894,6,Asia,3.032538961021726,0.5104166666666666,MidVol,0.3795660786633967,Strong,1710.439,1699.3026398508405,1708.4134801825767
PEM,M15,short,2021-03-08 14:30:00+00:00,2021-03-08 17:30:00+00:00,1701.928,1693.024,1714.168,1677.4480000000005,13,timeout,0.7274509803921881,14,NY_Overlap,2.5152938771901336,0.23958333333333334,LowVol,-0.08817244078036962,Flat,1700.018,1704.4204829456328,1707.6082323416213
PEM,M15,short,2021-03-10 18:00:00+00:00,2021-03-10 20:30:00+00:00,1712.368,1715.668,1715.668,1705.768,11,sl,-1.0,18,NY_Late,2.0164295395050904,0.2604166666666667,LowVol,0.023586489561422307,Flat,1711.138,1712.9883052635116,1714.7802546113933
PEM,M15,long,2021-03-11 00:30:00+00:00,2021-03-11 03:30:00+00:00,1718.859,1725.424,1710.494,1735.589,13,timeout,0.7848176927674893,0,Asia,3.293425315338784,0.8645833333333334,HighVol,0.15524978366672856,Moderate,1718.014,1715.0549656091373,1718.3512153084862
PEM,M15,long,2021-03-11 12:45:00+00:00,2021-03-11 15:45:00+00:00,1733.255,1739.378,1724.748,1750.2690000000002,13,timeout,0.7197601974843982,12,London,1.8817741414871003,0.1875,LowVol,0.6873112442183514,Strong,1733.655,1726.056193839377,1725.1249257625518
PEM,M15,short,2021-03-15 12:45:00+00:00,2021-03-15 15:45:00+00:00,1723.318,1725.949,1727.905,1714.144,13,timeout,-0.5735775016350756,12,London,2.001484124133458,0.052083333333333336,LowVol,0.12078091119255108,Moderate,1723.195,1723.5800478621957,1727.3925644126732
PEM,M15,long,2021-03-15 18:45:00+00:00,2021-03-15 19:15:00+00:00,1730.258,1728.358,1728.358,1734.0580000000002,3,sl,-1.0,18,NY_Late,2.1526223478669095,0.2916666666666667,LowVol,0.3569582242054987,Strong,1731.095,1725.9309149972166,1727.427896670829
PEM,M15,long,2021-03-16 18:15:00+00:00,2021-03-16 19:00:00+00:00,1733.994,1730.898,1730.898,1740.186,4,sl,-1.0,18,NY_Late,1.6863395824176404,0.3958333333333333,MidVol,0.1788114996691765,Moderate,1734.054,1731.7184983834775,1731.403731640807
PEM,M15,long,2021-03-17 11:45:00+00:00,2021-03-17 14:45:00+00:00,1737.118,1734.468,1733.445,1744.464,13,timeout,-0.7214810781377246,11,London,1.3841494414153532,0.0625,LowVol,0.4846219672395931,Strong,1736.718,1732.8714310417834,1731.9088804420887
PEM,M15,long,2021-03-18 01:30:00+00:00,2021-03-18 05:15:00+00:00,1741.774,1748.734,1727.135,1771.0519999999997,13,timeout,0.47544231163331413,1,Asia,3.667439669554697,1.0,HighVol,0.20229017976813715,Moderate,1742.228,1732.0902186104968,1734.7560469549599
PEM,M15,long,2021-03-18 05:45:00+00:00,2021-03-18 08:45:00+00:00,1749.025,1751.518,1743.634,1759.8070000000002,13,timeout,0.4624373956594144,5,Asia,2.9624397570841037,0.84375,HighVol,0.6263931725850769,Strong,1747.895,1737.993211822884,1741.391519499433
PEM,M15,short,2021-03-18 17:30:00+00:00,2021-03-18 20:30:00+00:00,1734.338,1721.968,1750.748,1701.5179999999998,13,timeout,0.7538086532601967,17,NY_Late,2.8537135836270653,0.6770833333333334,HighVol,-0.5012614549693936,Strong,1734.278,1743.099022886172,1743.9599360322716
PEM,M15,short,2021-03-19 08:30:00+00:00,2021-03-19 10:30:00+00:00,1728.774,1734.858,1734.858,1716.6059999999998,9,sl,-1.0,8,London,2.2998005840839224,0.13541666666666666,LowVol,-0.2874891875362759,Strong,1729.394,1734.175496966018,1733.4717827023258
PEM,M15,short,2021-03-19 12:45:00+00:00,2021-03-19 13:00:00+00:00,1730.914,1734.258,1734.258,1724.2259999999999,2,sl,-1.0,12,London,2.080715134239164,0.125,LowVol,-0.03608125710866034,Flat,1733.244,1733.1137909891568,1732.8142388948959
PEM,M15,long,2021-03-19 23:15:00+00:00,2021-03-20 02:15:00+00:00,1740.178,1741.868,1734.328,1751.8780000000004,13,timeout,0.2888888888888526,23,NY_Late,2.9564593222504034,0.7395833333333334,HighVol,0.04173867536721031,Flat,1740.085,1737.2446177850363,1736.285827062523
PEM,M15,long,2021-03-24 20:00:00+00:00,2021-03-24 20:45:00+00:00,1732.448,1730.018,1730.018,1737.3080000000002,4,sl,-1.0,20,NY_Late,1.947839067984932,0.6666666666666666,HighVol,0.05841488285758062,Flat,1732.795,1730.9820873081976,1729.6284383246027
PEM,M15,long,2021-03-24 23:15:00+00:00,2021-03-25 02:15:00+00:00,1734.085,1734.308,1729.865,1742.525,13,timeout,0.05284360189572391,23,NY_Late,2.3381058750797767,0.8645833333333334,HighVol,0.14076946476290703,Moderate,1736.678,1731.3197658313848,1730.0562717078756
PEM,M15,short,2021-03-25 18:00:00+00:00,2021-03-25 20:30:00+00:00,1730.578,1733.768,1733.768,1724.1979999999999,11,sl,-1.0,18,NY_Late,1.5972815847450614,0.3645833333333333,MidVol,-0.2199553635061336,Moderate,1731.548,1733.2496371559764,1733.7250304712577
PEM,M15,short,2021-03-26 00:15:00+00:00,2021-03-26 03:15:00+00:00,1727.965,1727.695,1737.108,1709.6789999999999,13,timeout,0.029530788581426333,0,Asia,3.415498779319691,0.90625,HighVol,-0.21234300921482602,Moderate,1727.615,1732.9287197112385,1726.9539008003594
PEM,M15,short,2021-03-29 12:15:00+00:00,2021-03-29 15:15:00+00:00,1727.675,1725.139,1730.978,1721.0689999999997,13,timeout,0.7677868604299041,12,London,1.4380808492809771,0.08333333333333333,LowVol,-0.2678626518241894,Strong,1727.605,1730.2105174924611,1730.2031047709468
PEM,M15,short,2021-03-31 02:00:00+00:00,2021-03-31 05:45:00+00:00,1681.608,1684.84,1687.558,1669.7079999999999,13,timeout,-0.5431932773109154,2,Asia,2.215310846227561,0.5,MidVol,-0.7656698717711281,Strong,1681.508,1691.049772023759,1684.0437144896584
PEM,M15,long,2021-03-31 18:00:00+00:00,2021-03-31 18:45:00+00:00,1688.368,1684.625,1684.625,1695.8539999999998,4,sl,-1.0,18,NY_Late,1.8768899332758633,0.21875,LowVol,0.24907023880344162,Moderate,1687.128,1684.825992419615,1683.563075434497
PEM,M15,long,2021-03-31 23:30:00+00:00,2021-04-01 02:30:00+00:00,1709.188,1707.538,1702.675,1722.2140000000004,13,timeout,-0.2533394748963694,23,NY_Late,3.1976383758039257,0.9270833333333334,HighVol,0.9807130883597481,Strong,1709.238,1691.610876140996,1688.4728801414665
PEM,M15,long,2021-04-01 10:30:00+00:00,2021-04-01 13:30:00+00:00,1712.985,1712.728,1709.138,1720.6789999999999,13,timeout,-0.06680530283333398,10,London,1.7390839885593565,0.10416666666666667,LowVol,0.7677058161354202,Strong,1713.325,1705.155055786702,1709.5528751866536
PEM,M15,long,2021-04-06 12:30:00+00:00,2021-04-06 14:00:00+00:00,1735.548,1732.518,1732.518,1741.608,7,sl,-1.0,12,London,1.3588553209298881,0.13541666666666666,LowVol,0.6454160410813363,Strong,1735.968,1730.8192477947628,1730.006079609801
PEM,M15,long,2021-04-06 18:30:00+00:00,2021-04-06 20:45:00+00:00,1733.718,1739.2240000000004,1730.965,1739.2240000000004,10,tp,2.0,18,NY_Late,1.8155926380736214,0.5104166666666666,MidVol,0.11117734848923523,Moderate,1734.808,1731.8698687770197,1731.2680472280485
PEM,M15,short,2021-04-07 08:45:00+00:00,2021-04-07 11:45:00+00:00,1739.268,1738.475,1744.228,1729.348,13,timeout,0.15987903225808756,8,London,1.4491633362973901,0.22916666666666666,LowVol,-0.06243287250013778,Flat,1738.568,1740.595576446468,1742.1472148044015
PEM,M15,long,2021-04-08 12:00:00+00:00,2021-04-08 15:00:00+00:00,1739.678,1745.448,1734.655,1749.7240000000004,13,timeout,1.1487159068285533,12,London,1.2995697717392798,0.09375,LowVol,0.2574723882966228,Strong,1740.288,1737.7293802125905,1737.7363488592139
PEM,M15,long,2021-04-08 18:45:00+00:00,2021-04-08 21:45:00+00:00,1749.018,1758.448,1742.878,1761.2980000000002,13,timeout,1.5358306188924935,18,NY_Late,1.8706655955151472,0.5208333333333334,MidVol,0.6258550113482959,Strong,1750.765,1742.2728752750263,1741.0179996877587
PEM,M15,short,2021-04-09 12:00:00+00:00,2021-04-09 13:30:00+00:00,1751.725,1748.185,1753.495,1748.185,7,tp,2.0,12,London,1.228354551624,0.11458333333333333,LowVol,-0.12927424347688568,Moderate,1752.018,1752.9658396562936,1754.523539275961
PEM,M15,short,2021-04-09 19:30:00+00:00,2021-04-09 20:00:00+00:00,1744.188,1735.688,1748.438,1735.688,3,tp,2.0,19,NY_Late,2.230001400582239,0.8541666666666666,HighVol,-0.36486632955258147,Strong,1738.418,1748.3827045652424,1749.871919994993
PEM,M15,short,2021-04-12 12:45:00+00:00,2021-04-12 13:30:00+00:00,1735.985,1739.908,1739.908,1728.139,4,sl,-1.0,12,London,1.570667513220076,0.3229166666666667,LowVol,-0.47239546384373776,Strong,1737.265,1740.92006507665,1739.6801332095822
PEM,M15,short,2021-04-13 02:00:00+00:00,2021-04-13 05:45:00+00:00,1727.758,1732.165,1735.488,1712.298,13,timeout,-0.5701164294954612,2,Asia,2.105929162027678,0.8333333333333334,HighVol,-0.5670591173959286,Strong,1730.145,1735.8436767631506,1731.0940804595966
PEM,M15,long,2021-04-14 00:45:00+00:00,2021-04-14 03:45:00+00:00,1746.698,1745.348,1727.665,1784.7640000000004,13,timeout,-0.07092943834393566,0,Asia,2.7103292508673062,0.7916666666666666,HighVol,0.5803229036266829,Strong,1746.318,1737.2299007732054,1745.2711513306022
PEM,M15,short,2021-04-14 12:30:00+00:00,2021-04-14 13:15:00+00:00,1742.548,1744.758,1744.758,1738.128,4,sl,-1.0,12,London,1.3038725222157153,0.052083333333333336,LowVol,-0.0386410111669982,Flat,1742.298,1743.217628879986,1745.2195975308164
PEM,M15,long,2021-04-15 12:00:00+00:00,2021-04-15 13:15:00+00:00,1739.468,1742.986,1737.709,1742.986,6,tp,2.0,12,London,1.3609345290825468,0.21875,LowVol,0.14754647534183268,Moderate,1740.105,1738.0723038370777,1736.8572039407356
PEM,M15,short,2021-04-19 23:15:00+00:00,2021-04-20 02:15:00+00:00,1771.868,1770.625,1787.718,1740.1679999999997,13,timeout,0.07842271293374936,23,NY_Late,2.841979664576605,0.84375,HighVol,-0.32300913368121403,Strong,1771.408,1777.9146269988591,1778.6577386119184
PEM,M15,long,2021-04-20 18:15:00+00:00,2021-04-20 19:45:00+00:00,1771.538,1767.235,1767.235,1780.1440000000002,7,sl,-1.0,18,NY_Late,2.6329320283161897,0.7395833333333334,HighVol,0.010858846029700518,Flat,1772.895,1770.488120741915,1769.8518751904232
PEM,M15,long,2021-04-21 18:45:00+00:00,2021-04-21 21:00:00+00:00,1782.708,1792.0880000000002,1778.018,1792.0880000000002,10,tp,2.0,18,NY_Late,1.8791461061484174,0.3645833333333333,MidVol,0.12324782832236925,Moderate,1783.698,1780.6247092810775,1780.8891724747032
PEM,M15,short,2021-04-22 11:45:00+00:00,2021-04-22 14:45:00+00:00,1790.992,1792.825,1794.715,1783.546,13,timeout,-0.4923448831587712,11,London,1.448350743054393,0.16666666666666666,LowVol,0.03870137060552642,Flat,1791.918,1792.125374651014,1793.4449282697228
PEM,M15,short,2021-04-22 16:00:00+00:00,2021-04-22 18:00:00+00:00,1790.038,1783.6840000000002,1793.215,1783.6840000000002,9,tp,2.0,16,NY_Overlap,1.7500309084852113,0.4166666666666667,MidVol,-0.11796511569411083,Moderate,1790.465,1791.809364505049,1792.6881601083705
PEM,M15,short,2021-04-22 19:30:00+00:00,2021-04-22 22:30:00+00:00,1783.758,1779.288,1788.298,1774.678,13,timeout,0.9845814977973707,19,NY_Late,2.455636040030303,0.8229166666666666,HighVol,-0.35008196085720095,Strong,1783.448,1789.6831256421492,1791.0029402971031
PEM,M15,long,2021-04-23 06:30:00+00:00,2021-04-23 09:30:00+00:00,1784.905,1787.757,1779.435,1795.845,13,timeout,0.5213893967093373,6,Asia,1.5827051167858086,0.3125,LowVol,-0.02553786793644694,Flat,1784.818,1784.5956825952505,1781.8927598742528
PEM,M15,short,2021-04-23 13:00:00+00:00,2021-04-23 13:15:00+00:00,1783.565,1785.268,1785.268,1780.159,2,sl,-1.0,13,NY_Overlap,1.4150521522902095,0.052083333333333336,LowVol,-0.13682587553290582,Moderate,1784.338,1785.1923645968386,1783.783674694788
PEM,M15,short,2021-04-26 13:30:00+00:00,2021-04-26 16:30:00+00:00,1779.488,1779.888,1782.638,1773.1880000000003,13,timeout,-0.12698412698408917,13,NY_Overlap,1.567705092212702,0.4166666666666667,MidVol,0.07340159988856623,Flat,1777.365,1779.6392658530688,1779.3815883608415
PEM,M15,short,2021-04-28 13:00:00+00:00,2021-04-28 16:00:00+00:00,1768.765,1769.298,1772.175,1761.9450000000004,13,timeout,-0.15630498533722126,13,NY_Overlap,1.3048467185126738,0.15625,LowVol,-0.5548915390841209,Strong,1769.228,1773.7948080550887,1773.503570839659
PEM,M15,short,2021-04-29 01:15:00+00:00,2021-04-29 01:15:00+00:00,1771.248,1775.758,1775.758,1762.228,1,sl,-1.0,1,Asia,2.3720053948927005,0.8541666666666666,HighVol,0.13994773652979897,Moderate,1774.298,1771.6502589047782,1773.4317902722848
PEM,M15,long,2021-04-29 07:30:00+00:00,2021-04-29 10:30:00+00:00,1784.798,1785.938,1779.898,1794.5980000000002,13,timeout,0.2326530612245059,7,London,1.6628634821561614,0.3541666666666667,MidVol,0.742991557770312,Strong,1784.198,1777.3854589525301,1778.4185616650866
PEM,M15,short,2021-04-30 17:30:00+00:00,2021-04-30 17:45:00+00:00,1767.255,1769.338,1769.338,1763.0890000000004,2,sl,-1.0,17,NY_Late,1.8145504404833266,0.40625,MidVol,-0.1906111081758549,Moderate,1768.218,1769.6159299505139,1769.418587122167
PEM,M15,long,2021-05-01 01:00:00+00:00,2021-05-01 04:00:00+00:00,1770.108,1768.428,1765.575,1779.1739999999998,13,timeout,-0.37061548643279785,1,Asia,2.263949083209403,0.7083333333333334,HighVol,-0.042513492508821506,Flat,1769.598,1769.0423649572022,1768.1718002533166
PEM,M15,long,2021-05-03 10:45:00+00:00,2021-05-03 13:45:00+00:00,1774.178,1778.488,1771.575,1779.3840000000002,13,timeout,1.6557817902419658,10,London,1.3278960149956966,0.020833333333333332,LowVol,0.5181674907254302,Strong,1775.068,1769.8998562886918,1770.6272943856475
PEM,M15,long,2021-05-03 17:45:00+00:00,2021-05-03 20:30:00+00:00,1779.425,1789.5049999999999,1774.385,1789.5049999999999,12,tp,2.0,17,NY_Late,1.7766893307721858,0.5208333333333334,MidVol,0.5173758736774718,Strong,1780.558,1774.2645376800433,1774.7635907766771
PEM,M15,short,2021-05-04 10:45:00+00:00,2021-05-04 12:30:00+00:00,1789.098,1784.458,1791.418,1784.458,8,tp,2.0,10,London,1.2185157363096302,0.020833333333333332,LowVol,0.07082342501913506,Flat,1790.255,1789.306531854412,1791.5186857367964
PEM,M15,short,2021-05-04 12:45:00+00:00,2021-05-04 15:15:00+00:00,1783.938,1789.358,1789.358,1773.0980000000004,11,sl,-1.0,12,London,1.4137905770285966,0.3333333333333333,MidVol,-0.3079860492612659,Strong,1786.418,1788.8521810308362,1790.9694927704495
PEM,M15,long,2021-05-05 10:00:00+00:00,2021-05-05 13:00:00+00:00,1781.755,1778.695,1776.658,1791.9490000000005,13,timeout,-0.6003531489111337,10,London,1.4796021470399778,0.17708333333333334,LowVol,0.0247268351088787,Flat,1781.198,1780.5630419112904,1778.1099341729869
PEM,M15,long,2021-05-05 19:00:00+00:00,2021-05-05 19:30:00+00:00,1779.075,1775.615,1775.615,1785.9950000000001,3,sl,-1.0,19,NY_Late,1.6009319916140665,0.3854166666666667,MidVol,-0.07475593841610276,Flat,1778.192,1778.684202399955,1777.8424089093642
PEM,M15,long,2021-05-10 13:00:00+00:00,2021-05-10 16:00:00+00:00,1837.928,1835.918,1831.095,1851.5940000000003,13,timeout,-0.29416069076543155,13,NY_Overlap,1.7997698910443052,0.16666666666666666,LowVol,0.4876552391266889,Strong,1838.878,1831.8260761269155,1833.269269398046
PEM,M15,short,2021-05-11 11:15:00+00:00,2021-05-11 12:30:00+00:00,1834.828,1837.288,1837.288,1829.908,6,sl,-1.0,11,London,1.6332235142954685,0.0625,LowVol,-0.05335161593150772,Flat,1835.505,1836.2971051859245,1836.0614911461616
PEM,M15,long,2021-05-11 17:45:00+00:00,2021-05-11 19:30:00+00:00,1840.855,1835.018,1835.018,1852.529,8,sl,-1.0,17,NY_Late,1.8454443272542684,0.4791666666666667,MidVol,0.31980249315757503,Strong,1840.465,1836.519342147098,1836.1424520431924
PEM,M15,long,2021-05-11 23:30:00+00:00,2021-05-12 02:30:00+00:00,1834.398,1836.585,1827.848,1847.4979999999998,13,timeout,0.3338931297710138,23,NY_Late,3.375905698280996,0.8854166666666666,HighVol,-0.06822448023969097,Flat,1834.498,1834.072880686615,1833.9886955343388
PEM,M15,long,2021-05-12 13:45:00+00:00,2021-05-12 16:45:00+00:00,1832.808,1833.646,1827.925,1842.574,13,timeout,0.1716158099528894,13,NY_Overlap,1.7332891628861034,0.2916666666666667,LowVol,-0.13284089779760408,Moderate,1832.298,1832.1199158162447,1832.4168772412083
PEM,M15,long,2021-05-12 17:30:00+00:00,2021-05-12 19:30:00+00:00,1835.178,1830.255,1830.255,1845.0240000000001,9,sl,-1.0,17,NY_Late,1.7651962217312733,0.28125,LowVol,0.17281567046467275,Moderate,1834.268,1832.6101860621927,1832.6034241395855
PEM,M15,short,2021-05-13 03:45:00+00:00,2021-05-13 07:30:00+00:00,1815.418,1814.945,1824.768,1796.7179999999996,13,timeout,0.05058823529411224,3,Asia,3.029716185525536,0.6979166666666666,HighVol,-0.5345933599540272,Strong,1814.526,1825.4837062220454,1821.0082667521117
PEM,M15,short,2021-05-13 10:15:00+00:00,2021-05-13 13:15:00+00:00,1819.788,1819.015,1822.258,1814.848,13,timeout,0.312955465587005,10,London,2.2004473630442374,0.4270833333333333,MidVol,-0.109152675940656,Moderate,1818.205,1821.498960555668,1820.104077924854
PEM,M15,long,2021-05-13 23:15:00+00:00,2021-05-14 02:15:00+00:00,1824.998,1825.126,1820.555,1833.884,13,timeout,0.028809363042973112,23,NY_Late,2.929458883205131,0.6770833333333334,HighVol,0.333610918468521,Strong,1825.498,1819.3919630990274,1818.9827958192557
PEM,M15,short,2021-05-14 10:00:00+00:00,2021-05-14 12:45:00+00:00,1821.475,1824.808,1824.808,1814.8089999999997,12,sl,-1.0,10,London,1.6393679079721672,0.16666666666666666,LowVol,-0.0804317797779023,Flat,1821.948,1823.5646575022945,1824.5537240873423
PEM,M15,long,2021-05-17 12:00:00+00:00,2021-05-17 15:00:00+00:00,1853.025,1852.768,1851.125,1856.8250000000003,13,timeout,-0.13526315789476293,12,London,1.6801693633876895,0.11458333333333333,LowVol,0.862800123162495,Strong,1852.995,1845.1748825406755,1849.4105615517858
PEM,M15,short,2021-05-17 19:00:00+00:00,2021-05-17 19:30:00+00:00,1847.965,1850.098,1850.098,1843.6989999999998,3,sl,-1.0,19,NY_Late,1.6093053382259603,0.11458333333333333,LowVol,-0.09709670853103801,Flat,1846.958,1848.9128247778995,1850.8053407802497
PEM,M15,long,2021-05-18 07:15:00+00:00,2021-05-18 10:15:00+00:00,1868.255,1868.368,1865.335,1874.0950000000003,13,timeout,0.03869863013692678,7,London,1.2264952951289059,0.010416666666666666,LowVol,0.91529352037025,Strong,1868.955,1861.8851813129766,1866.785111965751
PEM,M15,short,2021-05-18 18:45:00+00:00,2021-05-18 19:00:00+00:00,1865.915,1869.495,1869.495,1858.755,2,sl,-1.0,18,NY_Late,1.7240317487641725,0.5729166666666666,MidVol,0.004045294672896387,Flat,1868.838,1867.5299329013296,1868.5365366319688
PEM,M15,short,2021-05-19 16:15:00+00:00,2021-05-19 19:15:00+00:00,1863.075,1862.095,1871.498,1846.229,13,timeout,0.11634809450314829,16,NY_Overlap,2.400411505123595,0.8333333333333334,HighVol,-0.27243893443655237,Strong,1862.805,1868.2693622748632,1868.549840250123
PEM,M15,short,2021-05-20 07:15:00+00:00,2021-05-20 08:00:00+00:00,1865.615,1871.564,1871.564,1853.7169999999999,4,sl,-1.0,7,London,2.6315326668974057,0.4791666666666667,MidVol,-0.285467693804781,Strong,1865.924,1870.5596792362496,1870.7073106823407
PEM,M15,long,2021-05-20 21:00:00+00:00,2021-05-21 00:00:00+00:00,1875.405,1882.364,1866.618,1892.979,13,timeout,0.7919654034368991,21,NY_Late,2.85545306809267,0.5625,MidVol,0.15867160625508436,Moderate,1877.768,1871.820992279253,1871.5851507243922
PEM,M15,long,2021-05-21 16:30:00+00:00,2021-05-21 19:30:00+00:00,1876.998,1884.458,1873.268,1884.458,13,tp,2.0,16,NY_Overlap,1.4505824946596562,0.14583333333333334,LowVol,0.19059043580089816,Moderate,1877.285,1875.0227769410958,1875.3615455165775
PEM,M15,long,2021-05-22 01:00:00+00:00,2021-05-22 04:00:00+00:00,1876.885,1880.898,1872.458,1885.7389999999998,13,timeout,0.9064829455613291,1,Asia,2.830088658854343,0.8333333333333334,HighVol,-0.07548389411664501,Flat,1877.288,1876.563344562939,1874.7900107728663
PEM,M15,long,2021-05-24 07:15:00+00:00,2021-05-24 08:00:00+00:00,1883.205,1879.998,1879.998,1889.6189999999997,4,sl,-1.0,7,London,1.7443164358096337,0.5625,MidVol,0.39935883149318807,Strong,1884.015,1878.935288240923,1882.1433000630943
PEM,M15,short,2021-05-24 16:15:00+00:00,2021-05-24 19:15:00+00:00,1877.395,1882.418,1886.878,1858.429,13,timeout,-0.5296846989349298,16,NY_Overlap,1.7677235964789082,0.5,MidVol,-0.2532441680785351,Strong,1878.355,1881.67077036228,1882.9598934793275
PEM,M15,short,2021-05-25 06:45:00+00:00,2021-05-25 09:45:00+00:00,1877.755,1876.388,1881.455,1870.3550000000005,13,timeout,0.36945945945952874,6,Asia,1.3282222088376172,0.07291666666666667,LowVol,-0.41402847532598475,Strong,1877.498,1881.67641327676,1882.5313155953895
PEM,M15,short,2021-05-27 01:15:00+00:00,2021-05-27 05:00:00+00:00,1893.108,1895.998,1904.808,1869.7079999999999,13,timeout,-0.2470085470085546,1,Asia,2.965504294490805,0.875,HighVol,-0.43227416311322536,Strong,1892.508,1902.5086142419627,1896.8338862099943
PEM,M15,short,2021-05-27 08:15:00+00:00,2021-05-27 10:00:00+00:00,1893.358,1896.448,1896.448,1887.1779999999997,8,sl,-1.0,8,London,1.5946630135525317,0.125,LowVol,-0.5033618569736346,Strong,1893.378,1898.2827049182424,1895.7477105155558
PEM,M15,long,2021-05-27 12:00:00+00:00,2021-05-27 15:00:00+00:00,1898.425,1899.268,1894.488,1906.2989999999998,13,timeout,0.21412242824488098,12,London,1.4352834596607147,0.010416666666666666,LowVol,0.05323916784048443,Flat,1898.858,1897.5222112709819,1895.7272384806658
PEM,M15,short,2021-05-27 18:45:00+00:00,2021-05-27 19:45:00+00:00,1893.0,1897.245,1897.245,1884.5100000000002,5,sl,-1.0,18,NY_Late,2.076225782462447,0.6354166666666666,MidVol,-0.27269999513586385,Strong,1892.348,1897.1541020506827,1896.5545830918225
PEM,M15,long,2021-05-28 00:45:00+00:00,2021-05-28 03:45:00+00:00,1895.598,1896.948,1890.128,1906.538,13,timeout,0.24680073126144966,0,Asia,2.615939707769275,0.71875,HighVol,-0.055114896049608994,Flat,1896.858,1894.790550763042,1894.2151542675817
PEM,M15,long,2021-06-01 13:30:00+00:00,2021-06-01 15:45:00+00:00,1913.115,1906.878,1906.878,1925.5890000000002,10,sl,-1.0,13,NY_Overlap,1.5248765195927083,0.5416666666666666,MidVol,0.4608190406714288,Strong,1915.255,1909.2160517342961,1910.6487747103045
PEM,M15,short,2021-06-03 11:45:00+00:00,2021-06-03 13:45:00+00:00,1904.068,1895.9080000000001,1908.148,1895.9080000000001,9,tp,2.0,11,London,1.161179520797478,0.14583333333333334,LowVol,-0.2381031706798638,Moderate,1903.958,1905.6587776375736,1906.8674147600927
PEM,M15,short,2021-06-03 17:00:00+00:00,2021-06-03 17:00:00+00:00,1892.748,1894.845,1894.845,1888.554,1,sl,-1.0,17,NY_Late,2.0077864630198365,0.71875,HighVol,-0.6859158495424224,Strong,1895.218,1900.710624624366,1901.6080670275755
PEM,M15,long,2021-06-04 19:45:00+00:00,2021-06-04 22:45:00+00:00,1878.898,1892.208,1868.668,1899.358,13,timeout,1.301075268817219,19,NY_Late,3.0882027131304457,0.8541666666666666,HighVol,0.2116946861964358,Moderate,1882.228,1872.0539610210255,1870.8367705725998
PEM,M15,long,2021-06-07 18:45:00+00:00,2021-06-07 21:45:00+00:00,1887.815,1891.898,1882.738,1897.969,13,timeout,0.8042150876501591,18,NY_Late,1.840513599282453,0.6145833333333334,MidVol,0.11190570072928373,Moderate,1887.355,1885.466982175115,1885.9506804883104
PEM,M15,short,2021-06-08 11:30:00+00:00,2021-06-08 12:15:00+00:00,1895.618,1897.268,1897.268,1892.3179999999998,4,sl,-1.0,11,London,1.229661512935421,0.13541666666666666,LowVol,-0.03360687778216444,Flat,1895.338,1896.249950748114,1898.3947385979989
PEM,M15,long,2021-06-08 19:15:00+00:00,2021-06-08 20:00:00+00:00,1899.268,1893.595,1893.595,1910.614,4,sl,-1.0,19,NY_Late,2.03155543326056,0.84375,HighVol,0.2129333810895012,Moderate,1899.045,1895.3436301477,1896.3545356339698
PEM,M15,short,2021-06-10 12:00:00+00:00,2021-06-10 13:30:00+00:00,1885.218,1887.878,1887.878,1879.8980000000004,7,sl,-1.0,12,London,1.2463235804754884,0.14583333333333334,LowVol,-0.41332802358418497,Strong,1885.158,1888.336132239078,1888.232858458486
PEM,M15,short,2021-06-10 18:30:00+00:00,2021-06-10 19:15:00+00:00,1878.448,1872.9340000000004,1881.205,1872.9340000000004,4,tp,2.0,18,NY_Late,1.8495266334348115,0.59375,MidVol,-0.5254701553168856,Strong,1877.778,1884.0561498088534,1885.1487546220624
PEM,M15,long,2021-06-11 12:30:00+00:00,2021-06-11 12:45:00+00:00,1900.285,1898.588,1898.588,1903.6790000000003,2,sl,-1.0,12,London,1.1946733370364673,0.020833333333333332,LowVol,0.5306040409194782,Strong,1899.568,1896.6921962036329,1897.6614143661302
PEM,M15,short,2021-06-11 18:15:00+00:00,2021-06-11 21:15:00+00:00,1890.968,1881.308,1900.398,1872.1080000000004,13,timeout,1.0243902439024655,18,NY_Late,2.168744446667387,0.6770833333333334,HighVol,-0.43723384987589936,Strong,1888.188,1895.9464285255442,1896.9896023149815
PEM,M15,short,2021-06-14 07:30:00+00:00,2021-06-14 10:30:00+00:00,1871.778,1863.808,1877.458,1860.418,13,timeout,1.4031690140844961,7,London,1.6935679151060872,0.40625,MidVol,-0.8240396370880622,Strong,1872.858,1880.2285840438844,1874.3250882244042
PEM,M15,long,2021-06-15 11:30:00+00:00,2021-06-15 14:30:00+00:00,1865.124,1867.648,1860.628,1874.1160000000002,13,timeout,0.561387900355835,11,London,1.8225030086641731,0.22916666666666666,LowVol,-0.013474903168927077,Flat,1864.918,1863.7325378693054,1863.6505721874323
PEM,M15,short,2021-06-15 15:30:00+00:00,2021-06-15 18:30:00+00:00,1863.488,1863.398,1867.998,1854.468,13,timeout,0.019955654102027872,15,NY_Overlap,1.9715600167650162,0.4375,MidVol,0.08873476267159039,Flat,1864.188,1864.7053363595699,1864.3364256186408
PEM,M15,short,2021-06-15 23:30:00+00:00,2021-06-16 02:30:00+00:00,1855.578,1858.345,1861.408,1843.9180000000001,13,timeout,-0.4746140651801179,23,NY_Late,2.6817017320303713,0.8645833333333334,HighVol,-0.4211246901197069,Strong,1853.928,1862.7743539142311,1863.4366637500777
PEM,M15,long,2021-06-16 12:00:00+00:00,2021-06-16 14:15:00+00:00,1860.178,1857.258,1857.258,1866.0180000000003,10,sl,-1.0,12,London,1.3921208169569212,0.13541666666666666,LowVol,0.11792158459980663,Moderate,1859.738,1858.1347930186625,1856.2770029426447
PEM,M15,long,2021-06-16 23:15:00+00:00,2021-06-17 01:00:00+00:00,1860.145,1855.395,1855.395,1869.645,8,sl,-1.0,23,NY_Late,2.302060993735477,0.7916666666666666,HighVol,0.0457551381830252,Flat,1859.048,1857.951748721045,1857.259001098126
PEM,M15,short,2021-06-17 01:30:00+00:00,2021-06-17 05:15:00+00:00,1834.638,1811.628,1860.288,1783.3379999999997,13,timeout,0.8970760233918094,1,Asia,4.219187268979167,1.0,HighVol,-0.3943697171680069,Strong,1839.268,1856.4608387636622,1845.4742828675667
PEM,M15,short,2021-06-17 12:45:00+00:00,2021-06-17 14:45:00+00:00,1818.538,1805.998,1824.808,1805.998,9,tp,2.0,12,London,2.25261175874344,0.4375,MidVol,-0.7823839663409494,Strong,1819.078,1828.584549516383,1829.4591028275502
PEM,M15,short,2021-06-17 18:00:00+00:00,2021-06-17 21:00:00+00:00,1798.048,1780.398,1811.558,1771.028,13,timeout,1.3064396743153297,18,NY_Late,3.110235568323934,0.625,MidVol,-0.9872353597892446,Strong,1798.968,1816.8428360001765,1822.216546632451
PEM,M15,short,2021-06-19 03:30:00+00:00,2021-06-21 07:15:00+00:00,1762.805,1770.985,1773.758,1740.8990000000001,13,timeout,-0.746827353236543,3,Asia,3.449286938462812,0.71875,HighVol,-0.5998121730778619,Strong,1762.898,1776.6360871011327,1770.512987295235
PEM,M15,short,2021-06-21 12:30:00+00:00,2021-06-21 13:15:00+00:00,1771.368,1776.018,1776.018,1762.0679999999998,4,sl,-1.0,12,London,2.090983831518218,0.11458333333333333,LowVol,-0.1134868947907716,Moderate,1768.768,1773.4321213851963,1772.5829818000075
PEM,M15,short,2021-06-21 19:45:00+00:00,2021-06-21 22:15:00+00:00,1776.018,1784.108,1784.108,1759.8380000000002,11,sl,-1.0,19,NY_Late,2.676732228841396,0.375,MidVol,0.073354016436576,Flat,1775.828,1778.0929090334657,1776.3469494683484
PEM,M15,short,2021-06-22 23:00:00+00:00,2021-06-23 02:00:00+00:00,1775.935,1779.688,1785.548,1756.7089999999998,13,timeout,-0.39040882138771815,23,NY_Late,2.950232941902817,0.8229166666666666,HighVol,-0.16246153536706118,Moderate,1776.218,1780.2822654443085,1781.5564741471396
PEM,M15,short,2021-06-23 03:15:00+00:00,2021-06-23 07:00:00+00:00,1775.088,1777.528,1780.748,1763.7679999999998,13,timeout,-0.4310954063604274,3,Asia,2.2540753940841762,0.5520833333333334,MidVol,-0.1823237191120671,Moderate,1776.435,1779.3162226350528,1778.4032441659722
PEM,M15,short,2021-06-23 12:45:00+00:00,2021-06-23 14:00:00+00:00,1778.368,1782.758,1782.758,1769.5879999999997,6,sl,-1.0,12,London,1.605932586317949,0.2916666666666667,LowVol,0.03826864636283498,Flat,1779.778,1779.964592136668,1779.2976959858909
PEM,M15,long,2021-06-23 18:00:00+00:00,2021-06-23 18:30:00+00:00,1783.378,1781.628,1781.628,1786.878,3,sl,-1.0,18,NY_Late,1.7974721464312065,0.3645833333333333,MidVol,0.15817190283401034,Moderate,1782.857,1781.285277000909,1780.3041124705837
PEM,M15,short,2021-06-24 02:30:00+00:00,2021-06-24 06:15:00+00:00,1776.878,1776.938,1783.768,1763.0979999999997,13,timeout,-0.008708272859241209,2,Asia,2.362839728968946,0.78125,HighVol,-0.40485234955377325,Strong,1775.738,1783.0733267512373,1781.0091655192725
PEM,M15,long,2021-06-24 16:00:00+00:00,2021-06-24 19:00:00+00:00,1781.798,1787.068,1774.968,1795.4579999999999,13,timeout,0.7715959004392442,16,NY_Overlap,1.9861576041335625,0.6145833333333334,MidVol,0.15353590481344512,Moderate,1779.618,1777.8585089609428,1777.8140601385094
PEM,M15,short,2021-06-24 23:30:00+00:00,2021-06-25 02:30:00+00:00,1777.838,1775.318,1780.108,1773.298,13,timeout,1.1101321585903092,23,NY_Late,2.4176244300380714,0.84375,HighVol,-0.17460464786844407,Moderate,1778.358,1780.6338651428,1779.987762575137
PEM,M15,long,2021-06-25 09:45:00+00:00,2021-06-25 12:45:00+00:00,1778.868,1779.148,1774.438,1787.7279999999996,13,timeout,0.06320541760721965,9,London,1.4201111332863976,0.15625,LowVol,0.1267878083183812,Moderate,1778.888,1777.369949648493,1776.131962948946
PEM,M15,long,2021-06-28 12:45:00+00:00,2021-06-28 15:15:00+00:00,1783.668,1778.408,1778.408,1794.1879999999999,11,sl,-1.0,12,London,1.6690995219787512,0.5520833333333334,MidVol,0.2942812983610734,Strong,1783.368,1779.7876813068588,1778.3243089677912
PEM,M15,short,2021-06-28 15:45:00+00:00,2021-06-28 18:45:00+00:00,1776.118,1776.078,1783.768,1760.8179999999998,13,timeout,0.005228758169929823,15,NY_Overlap,2.052113150763227,0.75,HighVol,-0.07966618956604642,Flat,1778.148,1780.3995748801794,1779.6491755042714
PEM,M15,short,2021-06-29 11:45:00+00:00,2021-06-29 12:15:00+00:00,1773.798,1775.778,1775.778,1769.838,3,sl,-1.0,11,London,1.2359558835853754,0.125,LowVol,-0.3681922432975425,Strong,1774.798,1776.9291205209443,1777.0376761661591
PEM,M15,short,2021-06-29 18:15:00+00:00,2021-06-29 19:30:00+00:00,1768.518,1774.888,1774.888,1755.7780000000002,6,sl,-1.0,18,NY_Late,1.7879917058699717,0.5520833333333334,MidVol,-0.4976103812072561,Strong,1767.138,1773.8091022297633,1774.809245658811
PEM,M15,short,2021-06-30 02:30:00+00:00,2021-06-30 06:15:00+00:00,1761.708,1761.658,1765.361,1754.402,13,timeout,0.01368738023547266,2,Asia,2.4877973535021596,0.7083333333333334,HighVol,-0.20313195012683558,Moderate,1760.288,1765.35094113291,1762.9954047762722
PEM,M15,short,2021-06-30 10:45:00+00:00,2021-06-30 13:00:00+00:00,1761.788,1756.288,1764.538,1756.288,10,tp,2.0,10,London,1.411902311992204,0.25,LowVol,-0.1019012176516713,Moderate,1761.188,1763.1356616385622,1762.326603434735
PEM,M15,short,2021-07-01 22:45:00+00:00,2021-07-02 00:30:00+00:00,1769.758,1775.338,1775.338,1758.5980000000002,8,sl,-1.0,22,NY_Late,3.194630372510739,0.96875,HighVol,-0.14752015548128863,Moderate,1770.958,1774.441349973372,1774.5200708267696
PEM,M15,long,2021-07-03 01:15:00+00:00,2021-07-05 05:00:00+00:00,1788.108,1787.448,1781.358,1801.608,13,timeout,-0.09777777777775622,1,Asia,2.9355022639087642,0.7708333333333334,HighVol,0.24834116337923845,Moderate,1790.108,1782.7622156187178,1785.1517261766542
PEM,M15,short,2021-07-05 11:15:00+00:00,2021-07-05 13:45:00+00:00,1785.198,1788.388,1788.388,1778.8180000000004,11,sl,-1.0,11,London,1.4381980480045837,0.19791666666666666,LowVol,0.10052969856312467,Moderate,1786.995,1786.0610959791752,1787.302810315231
PEM,M15,long,2021-07-06 19:15:00+00:00,2021-07-06 20:15:00+00:00,1810.298,1806.768,1806.768,1817.358,5,sl,-1.0,19,NY_Late,1.9790426286215967,0.8958333333333334,HighVol,0.6794036647747538,Strong,1810.255,1802.383008125487,1802.3490573766971
PEM,M15,long,2021-07-07 17:15:00+00:00,2021-07-07 20:15:00+00:00,1806.118,1802.578,1797.678,1822.9979999999996,13,timeout,-0.41943127962085736,17,NY_Late,1.930216884035483,0.4479166666666667,MidVol,0.3757847007698872,Strong,1807.048,1801.5511733696694,1799.7316994043042
PEM,M15,short,2021-07-08 03:30:00+00:00,2021-07-08 07:15:00+00:00,1802.418,1803.518,1806.358,1794.5379999999998,13,timeout,-0.279187817258914,3,Asia,2.057505582194563,0.625,MidVol,0.012857330386243303,Flat,1803.598,1803.3053985298068,1803.6188695598441
PEM,M15,long,2021-07-08 14:45:00+00:00,2021-07-08 17:45:00+00:00,1805.018,1812.848,1796.518,1822.018,13,timeout,0.9211764705882267,14,NY_Overlap,2.0902792666054992,0.6770833333333334,HighVol,0.07426717275043111,Flat,1806.238,1800.6993875817043,1801.3585668926946
PEM,M15,short,2021-07-09 12:30:00+00:00,2021-07-09 15:30:00+00:00,1800.408,1802.578,1806.118,1788.9879999999998,13,timeout,-0.3800350262697126,12,London,1.7061472841852037,0.2708333333333333,LowVol,-0.22589021014929797,Moderate,1800.928,1803.2914572942393,1802.2617418273035
PEM,M15,short,2021-07-09 18:45:00+00:00,2021-07-09 21:15:00+00:00,1799.228,1805.798,1805.798,1786.0880000000002,11,sl,-1.0,18,NY_Late,2.2958052778010787,0.5833333333333334,MidVol,-0.1129763412293826,Moderate,1799.088,1802.6062181159793,1802.1360628244352
PEM,M15,short,2021-07-12 07:00:00+00:00,2021-07-12 07:30:00+00:00,1806.558,1808.838,1808.838,1801.998,3,sl,-1.0,7,London,1.1735764256259384,0.010416666666666666,LowVol,0.020834408751703035,Flat,1806.478,1807.0528159704145,1807.4683671710488
PEM,M15,short,2021-07-14 00:45:00+00:00,2021-07-14 03:45:00+00:00,1808.698,1807.218,1814.838,1796.4180000000003,13,timeout,0.24104234527688093,0,Asia,2.959518513956727,0.7916666666666666,HighVol,-0.0060624421427459396,Flat,1807.728,1809.8394376133626,1809.474089472329
PEM,M15,long,2021-07-15 01:00:00+00:00,2021-07-15 04:00:00+00:00,1825.158,1826.868,1821.248,1832.9779999999996,13,timeout,0.437340153452711,1,Asia,2.5387772364391696,0.6875,HighVol,0.37028264185380394,Strong,1823.756,1818.791325331649,1823.4021897280786
PEM,M15,short,2021-07-15 17:45:00+00:00,2021-07-15 20:45:00+00:00,1823.798,1824.728,1832.778,1805.838,13,timeout,-0.10356347438753472,17,NY_Late,2.1542784482975965,0.7083333333333334,HighVol,0.028180843192420403,Flat,1825.788,1827.6529271243742,1827.6640819628997
PEM,M15,long,2021-07-16 06:30:00+00:00,2021-07-16 08:30:00+00:00,1831.198,1828.628,1828.628,1836.3380000000004,9,sl,-1.0,6,Asia,1.2950569982476903,0.010416666666666666,LowVol,0.4033999542280538,Strong,1831.218,1827.810854552725,1828.748742617645
PEM,M15,short,2021-07-16 18:30:00+00:00,2021-07-16 19:45:00+00:00,1815.938,1823.288,1823.288,1801.2380000000003,6,sl,-1.0,18,NY_Late,2.0447083113210196,0.6770833333333334,HighVol,-0.4940577270710574,Strong,1817.398,1824.5040113165228,1825.9552553712647
PEM,M15,short,2021-07-19 13:15:00+00:00,2021-07-19 13:30:00+00:00,1811.048,1805.148,1813.998,1805.148,2,tp,2.0,13,NY_Overlap,1.944182829202642,0.5729166666666666,MidVol,-0.34991338548554757,Strong,1805.968,1813.879503573245,1813.0996084305602
PEM,M15,long,2021-07-20 07:45:00+00:00,2021-07-20 09:15:00+00:00,1813.595,1818.829,1810.978,1818.829,7,tp,2.0,7,London,1.2400677597554355,0.03125,LowVol,0.42161182660594704,Strong,1813.438,1810.0901663549612,1809.2863367105092
PEM,M15,short,2021-07-20 22:15:00+00:00,2021-07-21 01:15:00+00:00,1809.138,1810.598,1823.898,1779.618,13,timeout,-0.09891598915989412,22,NY_Late,3.556229782964918,0.9895833333333334,HighVol,-0.131590660962013,Moderate,1809.738,1816.028530567979,1815.420383763161
PEM,M15,short,2021-07-21 18:15:00+00:00,2021-07-21 21:15:00+00:00,1801.208,1804.508,1805.918,1791.7880000000005,13,timeout,-0.700636942675178,18,NY_Late,2.179195727173099,0.6458333333333334,MidVol,-0.42994367320546806,Strong,1802.008,1807.6555293758902,1807.9809390712621
PEM,M15,short,2021-07-22 10:15:00+00:00,2021-07-22 13:15:00+00:00,1798.378,1798.388,1801.878,1791.378,13,timeout,-0.0028571428571402585,10,London,1.237785483328484,0.19791666666666666,LowVol,-0.47096503451359223,Strong,1798.168,1802.6867146142822,1802.2393234012006
PEM,M15,short,2021-07-22 17:45:00+00:00,2021-07-22 18:45:00+00:00,1796.168,1797.708,1797.708,1793.0879999999995,5,sl,-1.0,17,NY_Late,1.8210137072630481,0.5,MidVol,-0.3638216508043458,Strong,1795.228,1799.568641626505,1799.8765739368664
PEM,M15,long,2021-07-22 22:30:00+00:00,2021-07-23 01:30:00+00:00,1804.228,1807.778,1801.818,1809.0480000000002,13,timeout,1.4730290456430846,22,NY_Late,2.82590927149193,0.875,HighVol,0.30338565858713495,Strong,1807.218,1800.2341460477521,1800.1667495334216
PEM,M15,short,2021-07-23 17:30:00+00:00,2021-07-23 20:30:00+00:00,1798.298,1799.898,1804.888,1785.1180000000002,13,timeout,-0.24279210925643838,17,NY_Late,2.0216619703687924,0.7291666666666666,HighVol,-0.3681540698643735,Strong,1798.138,1804.3739940042292,1805.1909056129691
PEM,M15,short,2021-07-26 19:45:00+00:00,2021-07-26 22:45:00+00:00,1803.788,1799.258,1809.518,1792.328,13,timeout,0.7905759162303592,19,NY_Late,1.963644387425971,0.7083333333333334,HighVol,-0.07078524133911776,Flat,1802.938,1806.1651305661846,1806.3843730934325
PEM,M15,short,2021-07-27 01:45:00+00:00,2021-07-27 05:30:00+00:00,1796.825,1797.548,1800.628,1789.2190000000003,13,timeout,-0.19011306863002325,1,Asia,1.7172225302933068,0.53125,MidVol,-0.532809189921787,Strong,1796.715,1802.1550902082208,1798.2430134047393
PEM,M15,short,2021-07-27 12:15:00+00:00,2021-07-27 14:45:00+00:00,1797.578,1799.668,1799.668,1793.3980000000001,11,sl,-1.0,12,London,1.163726707801984,0.13541666666666666,LowVol,-0.13479827248862974,Moderate,1797.105,1798.8708889631537,1797.7468894893666
PEM,M15,long,2021-07-27 19:15:00+00:00,2021-07-27 19:30:00+00:00,1798.898,1804.1779999999997,1796.258,1804.1779999999997,2,tp,2.0,19,NY_Late,1.9409781222410545,0.75,HighVol,0.11616958397252694,Moderate,1802.518,1797.712668601713,1797.2907004779377
PEM,M15,long,2021-07-29 08:30:00+00:00,2021-07-29 11:30:00+00:00,1816.248,1814.868,1801.366,1846.0120000000002,13,timeout,-0.09272947184518905,8,London,2.1272070390875735,0.75,HighVol,0.6918679053512448,Strong,1816.908,1805.4477561287383,1804.0988658163205
PEM,M15,long,2021-07-29 18:45:00+00:00,2021-07-29 21:45:00+00:00,1827.698,1826.958,1820.538,1842.0180000000003,13,timeout,-0.10335195530726266,18,NY_Late,2.0470210930013724,0.65625,MidVol,0.7830522807088902,Strong,1825.788,1816.471807482125,1812.3322599928204
PEM,M15,long,2021-07-29 22:45:00+00:00,2021-07-30 01:45:00+00:00,1829.298,1830.198,1825.168,1837.5580000000002,13,timeout,0.21791767554481045,22,NY_Late,2.1564980638669278,0.7291666666666666,HighVol,0.7076774051589768,Strong,1830.998,1821.1557286057187,1816.3989123104227
PEM,M15,short,2021-07-30 23:45:00+00:00,2021-07-31 02:45:00+00:00,1817.288,1814.128,1827.768,1796.328,13,timeout,0.3015267175572592,23,NY_Late,2.1687747279068987,0.9479166666666666,HighVol,-0.5117050710850832,Strong,1817.958,1825.3233160793213,1826.7529158614607
PEM,M15,short,2021-08-03 13:45:00+00:00,2021-08-03 14:30:00+00:00,1808.618,1811.538,1811.538,1802.7779999999998,4,sl,-1.0,13,NY_Overlap,1.3410393461208772,0.3541666666666667,MidVol,-0.28396834621156564,Strong,1808.518,1811.644699752357,1813.334029571844
PEM,M15,long,2021-08-04 19:00:00+00:00,2021-08-04 20:15:00+00:00,1818.308,1828.888,1813.018,1828.888,6,tp,2.0,19,NY_Late,1.4524546311818782,0.71875,HighVol,0.4205932005994063,Strong,1818.758,1813.088033841828,1812.7838548460854
PEM,M15,short,2021-08-06 10:00:00+00:00,2021-08-06 13:00:00+00:00,1800.495,1799.895,1802.178,1797.1289999999995,13,timeout,0.3565062388590794,10,London,1.0348487145102967,0.14583333333333334,LowVol,-0.6735144865757096,Strong,1800.495,1804.2120521034128,1803.1401523549737
PEM,M15,short,2021-08-06 17:45:00+00:00,2021-08-06 19:15:00+00:00,1797.598,1800.238,1800.238,1792.3179999999998,7,sl,-1.0,17,NY_Late,1.3278461455132446,0.3958333333333333,MidVol,-0.4335721422551711,Strong,1797.495,1800.9399645936167,1801.1913807153928
PEM,M15,long,2021-08-09 18:45:00+00:00,2021-08-09 20:00:00+00:00,1746.265,1738.968,1738.968,1760.8590000000002,6,sl,-1.0,18,NY_Late,3.580086117488181,0.3229166666666667,LowVol,-0.1307607578806214,Moderate,1745.258,1745.6451015483358,1736.3222517499858
PEM,M15,long,2021-08-10 23:15:00+00:00,2021-08-11 02:15:00+00:00,1730.688,1729.738,1724.768,1742.5280000000002,13,timeout,-0.1604729729729787,23,NY_Late,3.0989300633162706,0.78125,HighVol,-0.04353701176585654,Flat,1730.468,1730.1002042143423,1729.7967849467852
PEM,M15,long,2021-08-11 18:00:00+00:00,2021-08-11 19:30:00+00:00,1735.878,1742.298,1732.668,1742.298,7,tp,2.0,18,NY_Late,1.7256971298566481,0.5104166666666666,MidVol,0.36519848365566004,Strong,1736.938,1732.0412634054155,1731.1758891895772
PEM,M15,long,2021-08-12 00:45:00+00:00,2021-08-12 03:45:00+00:00,1751.168,1752.148,1747.948,1757.6079999999995,13,timeout,0.3043478260869811,0,Asia,2.79341002854163,0.8020833333333334,HighVol,0.712871746322713,Strong,1751.568,1740.7692936345356,1751.1679083875565
PEM,M15,long,2021-08-13 20:15:00+00:00,2021-08-13 22:45:00+00:00,1762.478,1775.688,1755.873,1775.688,11,tp,2.0,20,NY_Late,1.8972875087962093,0.71875,HighVol,0.37926584012775366,Strong,1763.213,1757.1213045139427,1756.4668217137842
PEM,M15,long,2021-08-16 05:15:00+00:00,2021-08-16 08:15:00+00:00,1779.698,1781.698,1773.278,1792.5380000000002,13,timeout,0.3115264797507753,5,Asia,1.481606381612806,0.5,MidVol,1.1058316423043433,Strong,1778.688,1770.767674503523,1779.0533545985522
PEM,M15,short,2021-08-16 18:45:00+00:00,2021-08-16 19:30:00+00:00,1772.938,1776.548,1776.548,1765.7180000000003,4,sl,-1.0,18,NY_Late,1.7166868041360133,0.5833333333333334,MidVol,-0.14331581396306187,Moderate,1772.598,1774.9437144774938,1776.239193903411
PEM,M15,short,2021-08-17 22:30:00+00:00,2021-08-18 01:30:00+00:00,1782.618,1783.828,1793.888,1760.078,13,timeout,-0.10736468500443996,22,NY_Late,3.045544089184853,0.9583333333333334,HighVol,-0.3435016934459993,Strong,1782.295,1788.9258773686456,1788.9098613392746
PEM,M15,long,2021-08-18 06:15:00+00:00,2021-08-18 09:15:00+00:00,1786.558,1788.758,1784.667,1790.3400000000001,13,timeout,1.1634056054997126,6,Asia,1.2082167144755476,0.19791666666666666,LowVol,-0.01060762528266481,Flat,1785.698,1786.2119640843198,1784.232472547176
PEM,M15,long,2021-08-18 13:30:00+00:00,2021-08-18 15:15:00+00:00,1791.668,1788.598,1788.598,1797.8079999999998,8,sl,-1.0,13,NY_Overlap,1.2687689838940872,0.20833333333333334,LowVol,0.38506073051888084,Strong,1792.008,1788.2239316461944,1786.8673009664176
PEM,M15,short,2021-08-20 01:45:00+00:00,2021-08-20 05:30:00+00:00,1777.608,1780.418,1783.888,1765.048,13,timeout,-0.4474522292993563,1,Asia,2.106488539548482,0.4375,MidVol,-0.3214310055973243,Strong,1779.808,1782.9933860390988,1780.499087689913
PEM,M15,short,2021-08-20 07:15:00+00:00,2021-08-20 08:00:00+00:00,1779.148,1781.298,1781.298,1774.8479999999997,4,sl,-1.0,7,London,1.5142302619772972,0.052083333333333336,LowVol,-0.2084547895934639,Moderate,1780.148,1781.4989811414719,1779.9550922729236
PEM,M15,long,2021-08-20 08:30:00+00:00,2021-08-20 11:30:00+00:00,1782.788,1786.148,1779.478,1789.408,13,timeout,1.0151057401812553,8,London,1.5334061415264661,0.10416666666666667,LowVol,0.03211801770276403,Flat,1784.078,1781.548231107071,1780.3183348768018
PEM,M15,long,2021-08-23 17:30:00+00:00,2021-08-23 19:45:00+00:00,1788.275,1794.3490000000002,1785.238,1794.3490000000002,10,tp,2.0,17,NY_Late,1.5213933578530647,0.21875,LowVol,0.35034484902951973,Strong,1788.433,1785.1213742589798,1784.373394938841
PEM,M15,long,2021-08-24 17:00:00+00:00,2021-08-24 19:45:00+00:00,1803.028,1807.434,1800.825,1807.434,12,tp,2.0,17,NY_Late,1.3192782764696145,0.4166666666666667,MidVol,0.08300286315735281,Flat,1802.848,1801.8980006109732,1802.9780119097363
PEM,M15,short,2021-08-26 10:00:00+00:00,2021-08-26 13:00:00+00:00,1787.928,1786.248,1790.948,1781.8880000000001,13,timeout,0.5562913907285012,10,London,1.1743704256720449,0.16666666666666666,LowVol,-0.3264685110736541,Strong,1788.598,1790.8237434496823,1790.2141979933272
PEM,M15,short,2021-08-26 13:30:00+00:00,2021-08-26 16:30:00+00:00,1786.148,1784.518,1788.248,1781.9479999999996,13,timeout,0.7761904761903695,13,NY_Overlap,1.1327963238310363,0.21875,LowVol,-0.5442905121765347,Strong,1784.658,1789.3005083056098,1789.332499840884
PEM,M15,long,2021-08-27 13:00:00+00:00,2021-08-27 15:30:00+00:00,1801.738,1797.795,1797.795,1809.624,11,sl,-1.0,13,NY_Overlap,1.2029288396433422,0.2916666666666667,LowVol,0.989708758107206,Strong,1802.288,1795.0664311269147,1794.585981558891
PEM,M15,short,2021-08-27 18:00:00+00:00,2021-08-27 19:45:00+00:00,1794.735,1797.365,1797.365,1789.4749999999997,8,sl,-1.0,18,NY_Late,1.39300065144177,0.40625,MidVol,-0.20643097211803102,Moderate,1794.008,1796.5247961618352,1796.3776164856026
PEM,M15,long,2021-08-27 23:15:00+00:00,2021-08-28 02:15:00+00:00,1813.718,1818.069,1805.855,1829.4440000000002,13,timeout,0.5533511382423826,23,NY_Late,3.9225806982512714,0.9166666666666666,HighVol,0.5781359020244728,Strong,1814.679,1799.4381392210719,1798.588729526581
PEM,M15,short,2021-09-01 08:00:00+00:00,2021-09-01 08:15:00+00:00,1812.728,1814.718,1814.718,1808.748,2,sl,-1.0,8,London,1.2072301507902135,0.2708333333333333,LowVol,-0.03817559129626535,Flat,1812.108,1813.3163574861292,1814.39498984486
PEM,M15,long,2021-09-01 11:15:00+00:00,2021-09-01 14:15:00+00:00,1815.388,1814.548,1811.508,1823.1479999999997,13,timeout,-0.21649484536081023,11,London,1.3347836583792767,0.34375,MidVol,0.19880200240752463,Moderate,1815.618,1813.3352514832688,1813.8527447129459
PEM,M15,short,2021-09-02 23:15:00+00:00,2021-09-03 02:15:00+00:00,1809.018,1809.218,1813.288,1800.478,13,timeout,-0.04683840749415605,23,NY_Late,2.3364075684936223,0.8645833333333334,HighVol,-0.20233021108668311,Moderate,1809.015,1812.881213371313,1812.8324136032857
PEM,M15,long,2021-09-03 17:15:00+00:00,2021-09-03 19:30:00+00:00,1813.698,1818.5780000000002,1811.258,1818.5780000000002,10,tp,2.0,17,NY_Late,1.100958047053644,0.40625,MidVol,0.15460748400513938,Moderate,1813.148,1811.9647134140916,1811.7123376652685
PEM,M15,long,2021-09-03 22:15:00+00:00,2021-09-04 01:15:00+00:00,1830.717,1830.804,1814.594,1862.9630000000002,13,timeout,0.005396018110772736,22,NY_Late,3.237889179570661,0.9895833333333334,HighVol,0.7436003407504977,Strong,1833.587,1817.324468782476,1817.5794778046243
PEM,M15,short,2021-09-06 11:15:00+00:00,2021-09-06 13:45:00+00:00,1825.788,1828.008,1828.008,1821.348,11,sl,-1.0,11,London,1.2530310966059208,0.3958333333333333,MidVol,0.062080110083901595,Flat,1825.908,1826.0584149935466,1827.2866703203133
PEM,M15,short,2021-09-06 17:00:00+00:00,2021-09-06 20:00:00+00:00,1823.618,1823.218,1826.285,1818.2839999999997,13,timeout,0.14998125234339785,17,NY_Late,1.2415226139597129,0.3125,LowVol,-0.2405042552175987,Moderate,1824.238,1825.833254964883,1826.4446908711966
PEM,M15,short,2021-09-07 11:45:00+00:00,2021-09-07 14:45:00+00:00,1821.475,1819.228,1826.718,1810.9889999999996,13,timeout,0.4285714285713852,11,London,1.1159162725372789,0.3958333333333333,MidVol,-0.3351390796973716,Strong,1821.798,1824.1529887444963,1824.8458497996285
PEM,M15,short,2021-09-07 23:45:00+00:00,2021-09-08 02:45:00+00:00,1794.558,1794.435,1821.738,1740.1979999999999,13,timeout,0.004525386313467513,23,NY_Late,3.2488385188962203,0.9166666666666666,HighVol,-0.8103686980384808,Strong,1796.128,1809.2671168789411,1811.0413062138687
PEM,M15,short,2021-09-08 12:45:00+00:00,2021-09-08 14:30:00+00:00,1797.065,1798.758,1798.758,1793.679,8,sl,-1.0,12,London,1.147434402935908,0.0625,LowVol,-0.2886940309327503,Strong,1797.015,1799.1331143230175,1797.1032882872414
PEM,M15,long,2021-09-09 18:45:00+00:00,2021-09-09 19:45:00+00:00,1799.457,1794.257,1794.257,1809.8570000000002,5,sl,-1.0,18,NY_Late,1.530248939247674,0.6145833333333334,MidVol,0.6377635799944738,Strong,1799.647,1792.277747504397,1791.0716476640928
PEM,M15,long,2021-09-10 10:00:00+00:00,2021-09-10 13:00:00+00:00,1797.834,1802.554,1792.418,1808.6660000000004,13,timeout,0.8714918759231687,10,London,1.7886294559385008,0.6041666666666666,MidVol,0.2903275752681705,Strong,1799.798,1794.4932186046863,1795.4310183001464
PEM,M15,short,2021-09-11 01:30:00+00:00,2021-09-13 05:15:00+00:00,1788.418,1788.168,1797.784,1769.6859999999995,13,timeout,0.02669229126628169,1,Asia,1.9948028595198304,0.6354166666666666,MidVol,-0.503864783309118,Strong,1788.594,1794.5425526240826,1790.4359114750673
PEM,M15,short,2021-09-13 07:15:00+00:00,2021-09-13 08:15:00+00:00,1787.064,1783.756,1788.718,1783.756,5,tp,2.0,7,London,1.3654965328957644,0.020833333333333332,LowVol,-0.5580232352558047,Strong,1786.488,1791.2141271626538,1787.6666491105275
PEM,M15,long,2021-09-13 19:30:00+00:00,2021-09-13 19:45:00+00:00,1791.094,1787.618,1787.618,1798.0460000000003,2,sl,-1.0,19,NY_Late,1.6470190464195311,0.53125,MidVol,-0.023867102107886812,Flat,1787.907,1789.847794208733,1789.3374928937344
PEM,M15,short,2021-09-16 10:30:00+00:00,2021-09-16 12:45:00+00:00,1793.154,1787.946,1795.758,1787.946,10,tp,2.0,10,London,1.3206196729676205,0.3541666666666667,MidVol,-0.18397521938246822,Moderate,1792.798,1795.1177425661185,1793.8054342186929
PEM,M15,short,2021-09-16 16:00:00+00:00,2021-09-16 19:00:00+00:00,1784.668,1772.3159999999996,1790.844,1772.3159999999996,13,tp,2.0,16,NY_Overlap,1.7125623203075417,0.65625,MidVol,-0.6362852857978566,Strong,1784.418,1790.656532941234,1790.208081830307
PEM,M15,long,2021-09-17 11:45:00+00:00,2021-09-17 13:00:00+00:00,1759.114,1762.726,1757.308,1762.726,6,tp,2.0,11,London,1.2025087000772214,0.010416666666666666,LowVol,-0.09212688726400987,Flat,1759.148,1759.0416916967306,1755.9188216381774
PEM,M15,long,2021-09-20 17:15:00+00:00,2021-09-20 20:15:00+00:00,1759.097,1757.988,1751.014,1775.2630000000001,13,timeout,-0.13720153408386887,17,NY_Late,1.8480459022200437,0.1875,LowVol,0.5418955860006107,Strong,1759.127,1753.187394106934,1751.944992003253
PEM,M15,short,2021-09-23 08:00:00+00:00,2021-09-23 11:00:00+00:00,1764.998,1763.988,1769.348,1756.2980000000002,13,timeout,0.23218390804597977,8,London,2.449046550172465,0.7708333333333334,HighVol,-0.4733638132195566,Strong,1763.088,1771.4931071795893,1773.5824632886893
PEM,M15,short,2021-09-24 03:15:00+00:00,2021-09-24 07:00:00+00:00,1748.044,1746.238,1771.827,1700.4780000000003,13,timeout,0.07593659336501062,3,Asia,2.014774456751357,0.17708333333333334,LowVol,-0.8249521376188086,Strong,1746.868,1756.6890170017891,1750.0317630466536
PEM,M15,long,2021-09-27 07:45:00+00:00,2021-09-27 10:45:00+00:00,1752.684,1759.014,1748.094,1761.8639999999998,13,timeout,1.37908496732027,7,London,1.5372199592220086,0.25,LowVol,0.18260494788216636,Moderate,1753.164,1749.8937711295841,1750.583070796367
PEM,M15,short,2021-09-28 11:00:00+00:00,2021-09-28 13:30:00+00:00,1749.784,1742.9360000000001,1753.208,1742.9360000000001,11,tp,2.0,11,London,1.260697825718624,0.19791666666666666,LowVol,-0.07203904102160857,Flat,1749.668,1751.2895388549846,1751.181770230815
PEM,M15,short,2021-09-30 00:15:00+00:00,2021-09-30 03:15:00+00:00,1724.848,1725.505,1731.298,1711.9479999999999,13,timeout,-0.10186046511630203,0,Asia,2.7425111255068453,0.7708333333333334,HighVol,-0.660849704682577,Strong,1725.038,1735.3534025503695,1725.1280534863236
PEM,M15,long,2021-09-30 10:45:00+00:00,2021-09-30 11:15:00+00:00,1734.136,1731.958,1731.958,1738.4919999999997,3,sl,-1.0,10,London,1.292221936551519,0.09375,LowVol,0.39696532159019365,Strong,1733.848,1730.706053059929,1727.6804459548605
PEM,M15,long,2021-10-01 16:45:00+00:00,2021-10-01 19:15:00+00:00,1755.688,1751.245,1751.245,1764.5740000000005,11,sl,-1.0,16,NY_Overlap,1.9606448929753313,0.5208333333333334,MidVol,0.14554038592207735,Moderate,1754.965,1752.6713162732253,1754.55126068856
PEM,M15,short,2021-10-04 14:00:00+00:00,2021-10-04 14:45:00+00:00,1758.638,1753.098,1761.408,1753.098,4,tp,2.0,14,NY_Overlap,1.6449548180310134,0.2916666666666667,LowVol,-0.09477182311173978,Flat,1757.778,1759.9730388607113,1761.4847644010054
PEM,M15,long,2021-10-04 23:45:00+00:00,2021-10-05 02:45:00+00:00,1768.168,1767.008,1762.565,1779.3739999999996,13,timeout,-0.20703194717113832,23,NY_Late,3.4759537973897254,0.90625,HighVol,0.510284013563331,Strong,1769.168,1758.368603398797,1758.2246056482668
PEM,M15,short,2021-10-05 16:00:00+00:00,2021-10-05 19:00:00+00:00,1756.035,1757.328,1760.048,1748.0090000000002,13,timeout,-0.3222028407674853,16,NY_Overlap,1.9173069708748187,0.53125,MidVol,-0.3380845693640057,Strong,1755.968,1760.773483461128,1762.6498977610183
PEM,M15,short,2021-10-07 09:30:00+00:00,2021-10-07 12:30:00+00:00,1760.015,1757.505,1763.435,1753.1750000000004,13,timeout,0.7339181286550013,9,London,1.162873121639764,0.052083333333333336,LowVol,-0.04578699542911384,Flat,1759.175,1760.8651520081091,1762.5273510222798
PEM,M15,short,2021-10-07 13:00:00+00:00,2021-10-07 13:15:00+00:00,1756.778,1759.995,1759.995,1750.3440000000003,2,sl,-1.0,13,NY_Overlap,1.2526177828118947,0.28125,LowVol,-0.3549207584720181,Strong,1756.438,1759.8957135891299,1761.521798982634
PEM,M15,long,2021-10-07 18:30:00+00:00,2021-10-07 19:30:00+00:00,1763.905,1759.51,1759.51,1772.695,5,sl,-1.0,18,NY_Late,1.6949984090600698,0.4479166666666667,MidVol,0.15813718505251842,Moderate,1763.278,1761.037466420179,1761.85905392104
PEM,M15,short,2021-10-08 02:00:00+00:00,2021-10-08 05:45:00+00:00,1755.528,1755.655,1758.918,1748.7480000000003,13,timeout,-0.03746312684364527,2,Asia,1.856183311705154,0.6354166666666666,MidVol,-0.26752405802469326,Strong,1756.025,1758.9641751800723,1757.1055816759572
PEM,M15,short,2021-10-08 06:30:00+00:00,2021-10-08 08:00:00+00:00,1754.628,1756.298,1756.298,1751.2879999999998,7,sl,-1.0,6,Asia,1.2685578689882846,0.3020833333333333,LowVol,-0.3684337734175556,Strong,1754.465,1757.453689237274,1756.3827079645102
PEM,M15,long,2021-10-08 16:45:00+00:00,2021-10-08 18:30:00+00:00,1757.568,1762.7740000000001,1754.965,1762.7740000000001,8,tp,2.0,16,NY_Overlap,1.7342879933406328,0.6041666666666666,MidVol,-0.020661950841129942,Flat,1759.435,1757.3325782144177,1757.0646462947675
PEM,M15,long,2021-10-08 19:45:00+00:00,2021-10-08 21:45:00+00:00,1767.648,1759.168,1759.168,1784.608,9,sl,-1.0,19,NY_Late,2.7959163873345196,1.0,HighVol,0.48676190480088477,Strong,1775.098,1759.384048024495,1759.351301215123
PEM,M15,short,2021-10-11 11:00:00+00:00,2021-10-11 14:00:00+00:00,1756.235,1754.238,1760.728,1747.2489999999996,13,timeout,0.44446917427103716,11,London,1.688038328337712,0.3020833333333333,LowVol,-0.08845393671161667,Flat,1755.015,1758.0782356037978,1757.2206085151354
PEM,M15,short,2021-10-11 16:30:00+00:00,2021-10-11 19:15:00+00:00,1752.908,1757.038,1757.038,1744.6479999999997,12,sl,-1.0,16,NY_Overlap,1.6626310396440327,0.21875,LowVol,-0.3221202513268347,Strong,1752.898,1756.4409660316917,1755.5250410298163
PEM,M15,long,2021-10-12 18:15:00+00:00,2021-10-12 19:30:00+00:00,1762.308,1757.308,1757.308,1772.308,6,sl,-1.0,18,NY_Late,1.6726031750843782,0.6979166666666666,HighVol,0.33448389418572005,Strong,1762.718,1758.2749869595566,1757.2770688587177
PEM,M15,long,2021-10-13 13:15:00+00:00,2021-10-13 15:15:00+00:00,1762.578,1766.458,1760.638,1766.458,9,tp,2.0,13,NY_Overlap,1.1529094742488804,0.22916666666666666,LowVol,0.132142845734285,Moderate,1762.178,1761.0235575265147,1760.642686378461
PEM,M15,long,2021-10-13 16:45:00+00:00,2021-10-13 19:45:00+00:00,1767.533,1762.168,1762.168,1778.263,13,sl,-1.0,16,NY_Overlap,1.4067358624623545,0.4166666666666667,MidVol,0.6295692331388247,Strong,1767.378,1762.8591130018315,1762.021125546149
PEM,M15,short,2021-10-15 12:30:00+00:00,2021-10-15 14:45:00+00:00,1793.268,1787.908,1795.948,1787.908,10,tp,2.0,12,London,1.0226589155033246,0.14583333333333334,LowVol,-0.2707315407527014,Strong,1792.105,1795.2182475399134,1795.808632796451
PEM,M15,short,2021-10-15 23:15:00+00:00,2021-10-16 02:15:00+00:00,1767.574,1767.454,1778.778,1745.1660000000002,13,timeout,0.01071046054981424,23,NY_Late,3.241902669016513,0.8958333333333334,HighVol,-0.6759541499116309,Strong,1767.118,1780.6373284638582,1781.5238958476127
PEM,M15,short,2021-10-18 10:45:00+00:00,2021-10-18 13:45:00+00:00,1768.004,1765.605,1771.458,1761.0959999999995,13,timeout,0.6945570353212981,10,London,1.475159339626522,0.21875,LowVol,-0.3087704036176213,Strong,1767.758,1771.5120128733897,1769.8263261531758
PEM,M15,long,2021-10-19 11:30:00+00:00,2021-10-19 14:30:00+00:00,1775.458,1778.978,1771.654,1783.0660000000003,13,timeout,0.9253417455309939,11,London,1.2896309388684748,0.16666666666666666,LowVol,0.9506172654172396,Strong,1774.748,1768.3794839134687,1768.1013239623205
PEM,M15,short,2021-10-19 23:45:00+00:00,2021-10-20 02:45:00+00:00,1767.448,1769.734,1782.858,1736.6280000000004,13,timeout,-0.1483452303698801,23,NY_Late,2.635212913209061,0.8333333333333334,HighVol,-0.4216423486515739,Strong,1768.438,1774.6715589645685,1774.888584475162
PEM,M15,long,2021-10-21 00:00:00+00:00,2021-10-21 03:00:00+00:00,1785.234,1785.698,1777.838,1800.0259999999998,13,timeout,0.0627366143861779,0,Asia,2.5545908515903135,0.8333333333333334,HighVol,0.41741293670895824,Strong,1787.294,1779.6557881866381,1786.5653333333332
PEM,M15,long,2021-10-22 17:30:00+00:00,2021-10-22 19:00:00+00:00,1793.414,1791.614,1791.614,1797.014,7,sl,-1.0,17,NY_Late,1.5771164033980765,0.46875,MidVol,0.5751408097405848,Strong,1793.278,1788.3086489904379,1786.6734816451983
PEM,M15,short,2021-10-23 01:15:00+00:00,2021-10-25 05:00:00+00:00,1792.094,1792.458,1798.478,1779.326,13,timeout,-0.05701754385965412,1,Asia,3.8625935010932255,0.8958333333333334,HighVol,-0.07983897827282087,Flat,1793.084,1794.7001564308198,1794.1016916314927
PEM,M15,long,2021-10-25 18:45:00+00:00,2021-10-25 21:00:00+00:00,1801.508,1807.6960000000001,1798.414,1807.6960000000001,10,tp,2.0,18,NY_Late,1.6419180102992512,0.052083333333333336,LowVol,0.3155834389217668,Strong,1800.424,1797.9137379818656,1797.221904112742
PEM,M15,long,2021-10-27 23:30:00+00:00,2021-10-28 02:30:00+00:00,1795.804,1795.068,1791.284,1804.844,13,timeout,-0.16283185840710324,23,NY_Late,2.846414694870883,0.875,HighVol,0.21710413518871122,Moderate,1795.238,1791.1791731221037,1790.565437945392
PEM,M15,short,2021-10-29 12:00:00+00:00,2021-10-29 12:45:00+00:00,1794.004,1796.514,1796.514,1788.984,4,sl,-1.0,12,London,1.3936501750605694,0.041666666666666664,LowVol,-0.4479854137837404,Strong,1794.334,1798.192633057496,1798.6593669119165
PEM,M15,long,2021-11-01 17:15:00+00:00,2021-11-01 18:15:00+00:00,1786.348,1783.488,1783.488,1792.0679999999998,5,sl,-1.0,17,NY_Late,1.6807569182698265,0.3125,LowVol,0.1778607735232077,Moderate,1787.054,1784.1954438358694,1783.834222929752
PEM,M15,short,2021-11-03 00:00:00+00:00,2021-11-03 03:00:00+00:00,1787.788,1787.944,1792.794,1777.7759999999998,13,timeout,-0.031162604874140312,0,Asia,2.4200005970044933,0.8229166666666666,HighVol,-0.22329608754521846,Moderate,1788.148,1791.0573232266556,1788.2476666666669
PEM,M15,short,2021-11-03 12:00:00+00:00,2021-11-03 15:00:00+00:00,1781.068,1781.878,1783.698,1775.8079999999998,13,timeout,-0.3079847908744912,12,London,1.4586528883305718,0.3645833333333333,MidVol,-0.5416904369965058,Strong,1780.304,1785.623220609359,1785.54373100887
PEM,M15,long,2021-11-05 11:45:00+00:00,2021-11-05 14:45:00+00:00,1794.488,1797.704,1792.525,1798.414,13,timeout,1.6383087111563683,11,London,1.2978673032218648,0.09375,LowVol,0.35598895535307384,Strong,1794.668,1791.3643613397214,1793.123530874318
PEM,M15,long,2021-11-09 02:00:00+00:00,2021-11-09 05:00:00+00:00,1825.803,1823.508,1822.453,1832.5030000000004,13,timeout,-0.6850746268656654,2,Asia,1.9244362004888929,0.4375,MidVol,0.5102033228037613,Strong,1825.628,1819.9256949011567,1824.1246616752346
PEM,M15,long,2021-11-09 13:15:00+00:00,2021-11-09 14:45:00+00:00,1824.824,1821.838,1821.838,1830.7960000000003,7,sl,-1.0,13,NY_Overlap,1.2110295084415899,0.11458333333333333,LowVol,0.20620265799608403,Moderate,1826.368,1823.127273308376,1824.096143907766
PEM,M15,long,2021-11-10 01:15:00+00:00,2021-11-10 04:15:00+00:00,1830.018,1832.358,1825.35,1839.3540000000003,13,timeout,0.5012853470436713,1,Asia,2.6025815175739617,0.875,HighVol,0.24476944128469474,Moderate,1827.918,1825.6815750086037,1828.8011927540983
PEM,M15,short,2021-11-10 17:15:00+00:00,2021-11-10 20:15:00+00:00,1825.353,1826.733,1826.733,1822.5930000000003,13,sl,-1.0,17,NY_Late,1.4628432226111865,0.34375,MidVol,-0.11607355186155936,Moderate,1825.533,1826.6774721388067,1828.1100027723464
PEM,M15,short,2021-11-11 09:15:00+00:00,2021-11-11 10:30:00+00:00,1845.284,1852.528,1852.528,1830.7960000000003,6,sl,-1.0,9,London,2.3172963036699588,0.5520833333333334,MidVol,0.13334947458774893,Moderate,1845.148,1845.5992632374812,1848.4943160192686
PEM,M15,short,2021-11-12 09:45:00+00:00,2021-11-12 12:45:00+00:00,1857.674,1859.008,1860.298,1852.426,13,timeout,-0.5083841463414817,9,London,1.474574345476574,0.19791666666666666,LowVol,-0.2230983206206592,Moderate,1856.648,1859.8120239453826,1860.703821870323
PEM,M15,long,2021-11-13 01:30:00+00:00,2021-11-13 04:30:00+00:00,1864.314,1863.994,1860.968,1871.006,13,timeout,-0.09563658099227836,1,Asia,2.4950753449814242,0.8125,HighVol,0.46970046660483755,Strong,1865.028,1858.1305290077173,1863.7803436518361
PEM,M15,long,2021-11-15 06:30:00+00:00,2021-11-15 08:15:00+00:00,1866.848,1862.434,1862.434,1875.676,8,sl,-1.0,6,Asia,1.936220503387236,0.4375,MidVol,0.4561279279244454,Strong,1866.558,1861.3369528137343,1866.638736530345
PEM,M15,short,2021-11-15 11:15:00+00:00,2021-11-15 14:15:00+00:00,1856.488,1856.448,1860.404,1848.6560000000002,13,timeout,0.010214504596517935,11,London,1.9488474826189428,0.3125,LowVol,-0.32845035238000775,Strong,1857.004,1861.0079254931488,1861.0992942941216
PEM,M15,long,2021-11-15 17:30:00+00:00,2021-11-15 19:45:00+00:00,1862.768,1860.698,1860.698,1866.908,10,sl,-1.0,17,NY_Late,1.8485050004147427,0.19791666666666666,LowVol,0.20457878202689056,Moderate,1863.888,1860.4172587950407,1860.3545471980483
PEM,M15,short,2021-11-17 13:00:00+00:00,2021-11-17 14:00:00+00:00,1852.368,1855.978,1855.978,1845.1479999999997,5,sl,-1.0,13,NY_Overlap,1.4257396228492225,0.010416666666666666,LowVol,-0.2628087556457736,Strong,1852.608,1855.0776913612222,1853.0208369726338
PEM,M15,long,2021-11-17 19:30:00+00:00,2021-11-17 22:30:00+00:00,1863.758,1865.234,1859.718,1871.838,13,timeout,0.36534653465344025,19,NY_Late,1.893755268105234,0.5833333333333334,MidVol,0.48465119871254625,Strong,1862.958,1857.645622383924,1855.1178338067136
PEM,M15,short,2021-11-22 20:15:00+00:00,2021-11-22 21:30:00+00:00,1839.118,1824.9379999999996,1846.208,1824.9379999999996,6,tp,2.0,20,NY_Late,2.350581495836985,0.5104166666666666,MidVol,-0.35545992721434166,Strong,1840.058,1844.455056824462,1843.817812385108
PEM,M15,short,2021-11-23 18:45:00+00:00,2021-11-23 20:15:00+00:00,1795.468,1788.3080000000002,1799.048,1788.3080000000002,7,tp,2.0,18,NY_Late,2.569445469098991,0.5208333333333334,MidVol,-0.7679446764838138,Strong,1793.638,1805.4922786791947,1805.2990565930445
PEM,M15,short,2021-11-24 20:00:00+00:00,2021-11-24 23:00:00+00:00,1785.328,1784.185,1789.108,1777.768,13,timeout,0.30238095238096224,20,NY_Late,1.9244980145240578,0.4166666666666667,MidVol,-0.529217281586527,Strong,1784.915,1790.8371750042982,1790.0096049279516
PEM,M15,short,2021-11-25 01:00:00+00:00,2021-11-25 04:00:00+00:00,1785.558,1788.048,1789.935,1776.804,13,timeout,-0.5688827964359232,1,Asia,2.6165371954941974,0.7291666666666666,HighVol,-0.11162611937905305,Moderate,1785.328,1787.8540987770668,1786.9904758295806
PEM,M15,long,2021-11-26 10:30:00+00:00,2021-11-26 13:30:00+00:00,1797.099,1799.338,1791.519,1808.2589999999998,13,timeout,0.4012544802867494,10,London,1.8720014972007428,0.9895833333333334,HighVol,0.32441500537110807,Strong,1796.588,1791.6789382394134,1792.7436537436809
PEM,M15,short,2021-11-27 00:00:00+00:00,2021-11-29 07:00:00+00:00,1785.118,1795.378,1813.458,1728.4379999999996,13,timeout,-0.36203246294989194,0,Asia,4.629091523518044,0.9895833333333334,HighVol,-0.3646550451528111,Strong,1783.525,1800.5111150933913,1783.9203333333335
PEM,M15,short,2021-11-30 01:00:00+00:00,2021-11-30 04:00:00+00:00,1782.928,1783.645,1793.938,1760.9080000000001,13,timeout,-0.06512261580380303,1,Asia,2.3691740423813203,0.25,LowVol,-0.5364839519469888,Strong,1784.128,1790.280690032475,1783.9000346072728
PEM,M15,long,2021-11-30 12:45:00+00:00,2021-11-30 15:45:00+00:00,1791.138,1794.438,1787.968,1797.4779999999996,13,timeout,1.0410094637225056,12,London,1.4926599339948412,0.09375,LowVol,0.32506139368596054,Strong,1793.378,1787.973242360675,1785.9143589944115
PEM,M15,long,2021-12-01 13:15:00+00:00,2021-12-01 16:00:00+00:00,1789.708,1777.005,1777.005,1815.114,12,sl,-1.0,13,NY_Overlap,2.8417272013552677,0.7083333333333334,HighVol,0.2663047684410959,Strong,1787.158,1779.8737624400842,1775.6854462775589
PEM,M15,short,2021-12-02 11:30:00+00:00,2021-12-02 14:30:00+00:00,1777.595,1776.098,1783.155,1766.4750000000001,13,timeout,0.26924460431656216,11,London,1.6190402422465962,0.010416666666666666,LowVol,-0.35097588564312676,Strong,1777.058,1781.4060583471319,1781.4231615750657
PEM,M15,long,2021-12-04 00:30:00+00:00,2021-12-04 03:30:00+00:00,1780.778,1784.315,1769.618,1803.0980000000002,13,timeout,0.31693548387096854,0,Asia,3.7119880513332175,0.8958333333333334,HighVol,0.3561833092970269,Strong,1780.965,1772.4077680756,1780.006704454897
PEM,M15,long,2021-12-06 07:30:00+00:00,2021-12-06 10:30:00+00:00,1784.815,1785.535,1781.758,1790.929,13,timeout,0.2355250245338644,7,London,2.2304696181264574,0.5729166666666666,MidVol,0.3985441343876747,Strong,1783.365,1778.9136930870795,1783.3429352608778
PEM,M15,long,2021-12-07 07:00:00+00:00,2021-12-07 10:00:00+00:00,1781.375,1779.858,1777.838,1788.449,13,timeout,-0.4288945433983709,7,London,1.2512766659770405,0.010416666666666666,LowVol,0.05903627292065045,Flat,1781.055,1779.9293094668776,1780.0086195815177
PEM,M15,short,2021-12-07 10:45:00+00:00,2021-12-07 13:00:00+00:00,1779.058,1780.598,1780.598,1775.978,10,sl,-1.0,10,London,1.2237238618115267,0.10416666666666667,LowVol,-0.10193536985126972,Moderate,1778.345,1779.8073174354718,1779.9191441609607
PEM,M15,short,2021-12-07 21:00:00+00:00,2021-12-07 23:30:00+00:00,1774.195,1784.158,1784.158,1754.269,11,sl,-1.0,21,NY_Late,2.228586080475503,0.8645833333333334,HighVol,-0.18781826878969066,Moderate,1775.065,1780.4054750001783,1780.102679977982
PEM,M15,long,2021-12-08 00:00:00+00:00,2021-12-08 03:00:00+00:00,1786.12,1784.618,1780.598,1797.1639999999998,13,timeout,-0.2720028975009001,0,Asia,2.4958530385852047,0.8958333333333334,HighVol,0.28910739338653174,Strong,1786.325,1781.2621719914034,1786.4260000000002
PEM,M15,long,2021-12-08 08:00:00+00:00,2021-12-08 09:30:00+00:00,1785.715,1790.2289999999996,1783.458,1790.2289999999996,7,tp,2.0,8,London,1.2296403758098917,0.17708333333333334,LowVol,0.28244846711817906,Strong,1785.245,1783.3772665182498,1783.707064819421
PEM,M15,long,2021-12-08 18:00:00+00:00,2021-12-08 18:30:00+00:00,1791.968,1787.938,1787.938,1800.028,3,sl,-1.0,18,NY_Late,1.564206175398192,0.4583333333333333,MidVol,0.3544957405940535,Strong,1791.968,1787.7499777434602,1785.1275551833876
PEM,M15,long,2021-12-10 10:45:00+00:00,2021-12-10 11:15:00+00:00,1778.848,1777.158,1777.158,1782.228,3,sl,-1.0,10,London,1.1692712203594122,0.15625,LowVol,0.09531105079833056,Flat,1778.358,1777.830098638156,1776.6212685885082
PEM,M15,short,2021-12-10 13:45:00+00:00,2021-12-10 16:45:00+00:00,1771.595,1771.208,1778.225,1758.3350000000003,13,timeout,0.058371040723974435,13,NY_Overlap,1.4730065741588905,0.4479166666666667,MidVol,-0.3725587936840021,Strong,1772.918,1777.3294107811,1776.5057274577512
PEM,M15,long,2021-12-13 09:00:00+00:00,2021-12-13 12:00:00+00:00,1786.405,1786.328,1782.368,1794.479,13,timeout,-0.019073569482288215,9,London,1.262166498001463,0.23958333333333334,LowVol,0.5301487487302231,Strong,1786.858,1781.6642082743085,1783.9994963127667
PEM,M15,short,2021-12-15 10:45:00+00:00,2021-12-15 13:45:00+00:00,1770.035,1769.518,1772.728,1764.6490000000001,13,timeout,0.19197920534721719,10,London,1.1176493659413775,0.20833333333333334,LowVol,-0.47536454100607967,Strong,1769.988,1773.7490571816893,1772.0982804881248
PEM,M15,short,2021-12-16 01:30:00+00:00,2021-12-16 02:00:00+00:00,1765.155,1758.9149999999997,1768.275,1758.9149999999997,3,tp,2.0,1,Asia,1.943267128029539,0.78125,HighVol,-0.3371405212354431,Strong,1763.738,1768.7881470937918,1765.9959134056646
PEM,M15,long,2021-12-16 09:30:00+00:00,2021-12-16 12:30:00+00:00,1783.77,1782.058,1776.468,1798.3739999999998,13,timeout,-0.23445631333881276,9,London,2.4614865098906638,0.6979166666666666,HighVol,0.6477031359186867,Strong,1782.175,1774.274551628309,1770.7992255434317
PEM,M15,long,2021-12-17 06:15:00+00:00,2021-12-17 07:45:00+00:00,1798.755,1797.775,1797.775,1800.7150000000001,7,sl,-1.0,6,Asia,1.3763970799780862,0.010416666666666666,LowVol,0.8098806293828791,Strong,1798.455,1793.018170984879,1797.262206198669
PEM,M15,short,2021-12-18 00:45:00+00:00,2021-12-18 03:45:00+00:00,1803.945,1797.968,1809.539,1792.7569999999998,13,timeout,1.0684662138004661,0,Asia,2.2002164086431693,0.8333333333333334,HighVol,-0.07420201155859765,Flat,1804.905,1805.6089327559855,1804.6695372752845
PEM,M15,short,2021-12-20 17:30:00+00:00,2021-12-20 20:30:00+00:00,1798.838,1795.878,1802.238,1792.0379999999998,13,timeout,0.870588235294105,17,NY_Late,1.4340019398989508,0.21875,LowVol,-0.219557475999445,Moderate,1798.055,1800.9208508338224,1800.5649020668
PEM,M15,long,2021-12-23 01:15:00+00:00,2021-12-23 04:15:00+00:00,1799.899,1804.178,1797.338,1805.0209999999997,13,timeout,1.6708317063648397,1,Asia,1.6282737888127312,0.7604166666666666,HighVol,0.7373877372529496,Strong,1799.545,1792.8993307303633,1798.4749383925116
PEM,M15,long,2021-12-24 01:30:00+00:00,2021-12-24 04:30:00+00:00,1808.595,1808.748,1806.108,1813.5690000000002,13,timeout,0.06151990349819666,1,Asia,1.6890305772933916,0.8541666666666666,HighVol,0.3162991154362912,Strong,1810.435,1805.8496314541242,1808.220353426101
PEM,M15,long,2021-12-28 03:15:00+00:00,2021-12-28 07:00:00+00:00,1809.019,1812.428,1806.935,1813.1870000000001,13,timeout,1.6357965451055698,3,Asia,1.3730036501529195,0.6666666666666666,HighVol,-0.005987035045947768,Flat,1809.008,1808.4618826163417,1808.4865375833172
PEM,M15,long,2021-12-28 18:15:00+00:00,2021-12-28 21:15:00+00:00,1817.339,1814.788,1814.788,1822.4409999999998,13,sl,-1.0,18,NY_Late,1.0821641716616959,0.53125,MidVol,0.7056624424623296,Strong,1817.538,1812.8386024949184,1811.2288680174677
PEM,M15,short,2021-12-29 04:30:00+00:00,2021-12-29 08:15:00+00:00,1805.248,1804.318,1807.338,1801.0680000000002,13,timeout,0.4449760765550718,4,Asia,1.4511346276260142,0.6979166666666666,HighVol,-0.6737843083543651,Strong,1805.358,1810.5890667999652,1808.4211706312426
PEM,M15,short,2021-12-29 14:15:00+00:00,2021-12-29 15:15:00+00:00,1805.738,1802.5980000000002,1807.308,1802.5980000000002,5,tp,2.0,14,NY_Overlap,0.9280531609209338,0.0625,LowVol,-0.2149152330799651,Moderate,1805.898,1807.4027654202096,1807.0942246199131
PEM,M15,short,2021-12-30 12:15:00+00:00,2021-12-30 15:15:00+00:00,1800.298,1799.818,1803.208,1794.4779999999998,13,timeout,0.16494845360824903,12,London,1.0263773091700754,0.14583333333333334,LowVol,-0.333885345459704,Strong,1800.098,1802.369013691729,1803.3474191717678
PEM,M15,long,2021-12-31 11:45:00+00:00,2021-12-31 14:45:00+00:00,1818.098,1817.298,1814.598,1825.098,13,timeout,-0.22857142857141557,11,London,1.1434419717455275,0.19791666666666666,LowVol,0.6635866907911511,Strong,1817.608,1813.6843959266992,1815.3611818408294
PEM,M15,long,2021-12-31 16:30:00+00:00,2021-12-31 19:30:00+00:00,1819.644,1818.974,1817.348,1824.236,13,timeout,-0.29181184668992094,16,NY_Overlap,1.2282912189876174,0.375,MidVol,0.4352783737504576,Strong,1818.904,1815.9267684596514,1816.184879409712
PEM,M15,long,2021-12-31 20:45:00+00:00,2021-12-31 23:45:00+00:00,1825.608,1825.564,1818.604,1839.6159999999998,13,timeout,-0.006282124500266937,20,NY_Late,1.520878914685191,0.75,HighVol,0.6271106699458328,Strong,1826.498,1817.9909027777812,1817.4246232842186
PEM,M15,long,2022-01-01 02:00:00+00:00,2022-01-01 05:00:00+00:00,1827.564,1829.058,1821.818,1839.0560000000003,13,timeout,0.26000696136440826,2,Asia,1.8900676756619836,0.8333333333333334,HighVol,0.5508244416391351,Strong,1828.538,1821.8555295028016,1826.381329584953
PEM,M15,long,2022-01-03 08:00:00+00:00,2022-01-03 09:15:00+00:00,1829.428,1827.344,1827.344,1833.5960000000002,6,sl,-1.0,8,London,1.391152131559823,0.6354166666666666,MidVol,0.4772815118561061,Strong,1829.768,1825.5174555093015,1829.3601927745044
PEM,M15,long,2022-01-03 17:30:00+00:00,2022-01-03 19:00:00+00:00,1827.169,1822.478,1822.478,1836.5510000000002,7,sl,-1.0,17,NY_Late,1.3728606624247617,0.4270833333333333,MidVol,0.13005333873045774,Moderate,1825.994,1824.9920387227742,1825.7066374875876
PEM,M15,short,2022-01-03 20:45:00+00:00,2022-01-03 23:45:00+00:00,1811.734,1798.708,1822.264,1790.674,13,timeout,1.237037037037025,20,NY_Late,2.217152291751223,0.9375,HighVol,-0.7036964732643914,Strong,1808.314,1823.1647573604591,1822.5002104440352
PEM,M15,long,2022-01-05 00:45:00+00:00,2022-01-05 03:45:00+00:00,1814.365,1813.925,1811.518,1820.059,13,timeout,-0.1545486476993529,0,Asia,2.560636682494533,0.8541666666666666,HighVol,0.4323937870424213,Strong,1814.495,1807.9419860695668,1813.3662123790189
PEM,M15,long,2022-01-05 18:45:00+00:00,2022-01-05 21:45:00+00:00,1820.288,1828.118,1814.688,1831.4879999999998,13,timeout,1.3982142857142954,18,NY_Late,1.4411259572964272,0.5208333333333334,MidVol,0.49771371812267573,Strong,1819.588,1815.6507164409306,1815.3809402567017
PEM,M15,short,2022-01-06 11:15:00+00:00,2022-01-06 14:00:00+00:00,1806.718,1800.298,1809.928,1800.298,12,tp,2.0,11,London,1.450472448790094,0.3125,LowVol,-0.7510706242113531,Strong,1806.098,1812.6953525257602,1813.7489589229544
PEM,M15,long,2022-01-08 00:15:00+00:00,2022-01-08 03:15:00+00:00,1794.265,1796.478,1789.348,1804.0990000000004,13,timeout,0.4500711816147856,0,Asia,3.2030326419768533,0.9270833333333334,HighVol,0.05893784297947801,Flat,1792.718,1791.3748260851316,1793.3551264584726
PEM,M15,long,2022-01-10 09:00:00+00:00,2022-01-10 10:15:00+00:00,1795.918,1793.205,1793.205,1801.3439999999998,6,sl,-1.0,9,London,1.7508148343092478,0.5729166666666666,MidVol,0.09847514666581465,Flat,1795.368,1793.9921290753505,1794.7740820373197
PEM,M15,long,2022-01-10 17:45:00+00:00,2022-01-10 19:45:00+00:00,1799.738,1796.458,1796.458,1806.298,9,sl,-1.0,17,NY_Late,1.6973042263179607,0.5104166666666666,MidVol,0.4736668100954169,Strong,1799.858,1794.6300222813263,1794.6439025299567
PEM,M15,short,2022-01-11 21:30:00+00:00,2022-01-11 23:00:00+00:00,1802.395,1809.695,1809.695,1787.795,7,sl,-1.0,21,NY_Late,1.885640888994962,0.7604166666666666,HighVol,-0.10383222756841123,Moderate,1802.918,1805.4663328193694,1804.3436082069204
PEM,M15,long,2022-01-12 02:00:00+00:00,2022-01-12 05:00:00+00:00,1818.878,1821.228,1814.778,1827.0779999999997,13,timeout,0.5731707317073631,2,Asia,2.112610736010066,0.8229166666666666,HighVol,0.8278001569270963,Strong,1819.408,1809.7457420702244,1816.955524838815
PEM,M15,short,2022-01-17 07:30:00+00:00,2022-01-17 10:00:00+00:00,1815.694,1818.158,1818.158,1810.766,11,sl,-1.0,7,London,1.4580383726365476,0.3854166666666667,MidVol,-0.3853928195253188,Strong,1814.938,1819.0659891540147,1816.511171449224
PEM,M15,long,2022-01-17 15:00:00+00:00,2022-01-17 18:00:00+00:00,1821.648,1820.898,1818.618,1827.7079999999999,13,timeout,-0.24752475247524974,15,NY_Overlap,1.1467500452623698,0.0625,LowVol,0.3319136176958162,Strong,1821.598,1818.9260808546874,1817.5892948617793
PEM,M15,short,2022-01-18 11:15:00+00:00,2022-01-18 14:15:00+00:00,1816.188,1814.478,1822.274,1804.0160000000005,13,timeout,0.2809727242852607,11,London,1.3255413238068907,0.8333333333333334,HighVol,-0.21016256256420895,Moderate,1816.854,1819.7009177643895,1819.6365340284297
PEM,M15,short,2022-01-18 14:45:00+00:00,2022-01-18 17:45:00+00:00,1814.018,1809.848,1817.898,1806.2580000000003,13,timeout,1.0747422680412886,14,NY_Overlap,1.7070274497177937,1.0,HighVol,-0.2973910751896776,Strong,1816.958,1818.430941612521,1818.2020828156933
PEM,M15,short,2022-01-18 23:45:00+00:00,2022-01-19 02:45:00+00:00,1812.198,1815.414,1820.048,1796.4980000000003,13,timeout,-0.4096815286624117,23,NY_Late,3.468017052161129,0.9791666666666666,HighVol,0.03732902959418042,Flat,1813.538,1815.2050573199995,1815.4205710232463
PEM,M15,long,2022-01-19 13:30:00+00:00,2022-01-19 16:30:00+00:00,1813.698,1816.074,1810.143,1820.8080000000002,13,timeout,0.6683544303797282,13,NY_Overlap,1.0740535286323072,0.010416666666666666,LowVol,0.02974399666379068,Flat,1813.638,1813.2342376695246,1813.0214367116057
PEM,M15,long,2022-01-19 23:15:00+00:00,2022-01-20 02:15:00+00:00,1838.877,1841.808,1815.568,1885.495,13,timeout,0.12574542022394972,23,NY_Late,2.5695369719496357,0.8125,HighVol,1.3308782329030122,Strong,1839.958,1820.9630783161485,1818.4108835064014
PEM,M15,short,2022-01-21 03:45:00+00:00,2022-01-21 07:30:00+00:00,1838.938,1838.378,1843.658,1829.4980000000005,13,timeout,0.1186440677966518,3,Asia,1.7330925513191082,0.6770833333333334,HighVol,-0.15877309136235523,Moderate,1838.318,1840.7525221970284,1841.0034139636036
PEM,M15,short,2022-01-22 03:30:00+00:00,2022-01-24 07:15:00+00:00,1828.915,1833.858,1842.728,1801.2889999999998,13,timeout,-0.35785129950046674,3,Asia,2.0354204175128596,0.7083333333333334,HighVol,-0.4353193291431778,Strong,1829.068,1834.5693645071435,1831.8359078651474
PEM,M15,long,2022-01-25 01:45:00+00:00,2022-01-25 04:45:00+00:00,1841.878,1842.968,1832.438,1860.7579999999996,13,timeout,0.11546610169493278,1,Asia,2.5620980609358224,0.8125,HighVol,0.22596194774825343,Moderate,1841.884,1837.1346994152716,1837.7181010555812
PEM,M15,long,2022-01-25 11:00:00+00:00,2022-01-25 14:00:00+00:00,1841.654,1841.198,1839.368,1846.226,13,timeout,-0.19947506561675066,11,London,1.2594247804826075,0.010416666666666666,LowVol,0.17223946675633406,Moderate,1842.548,1840.2086793283233,1839.8903805677996
PEM,M15,short,2022-01-27 13:00:00+00:00,2022-01-27 16:00:00+00:00,1813.128,1814.194,1816.978,1805.4279999999997,13,timeout,-0.2768831168831151,13,NY_Overlap,1.9069269346673818,0.3645833333333333,MidVol,-0.8263248638363165,Strong,1812.378,1821.8293062553369,1820.8130575824737
PEM,M15,short,2022-01-27 18:30:00+00:00,2022-01-27 21:30:00+00:00,1810.288,1799.648,1816.774,1797.3160000000003,13,timeout,1.6404563675609471,18,NY_Late,2.0318218893276168,0.25,LowVol,-0.46435898231039996,Strong,1809.798,1816.8242084395392,1818.326303372826
PEM,M15,short,2022-01-31 11:15:00+00:00,2022-01-31 14:15:00+00:00,1786.728,1787.358,1789.968,1780.248,13,timeout,-0.1944444444444074,11,London,1.3282306082499382,0.19791666666666666,LowVol,-0.21604248236540488,Moderate,1785.738,1788.3732491929395,1788.3708549483024
PEM,M15,long,2022-02-01 00:30:00+00:00,2022-02-01 03:30:00+00:00,1797.875,1796.298,1790.978,1811.6689999999999,13,timeout,-0.22865013774104873,0,Asia,2.4767512735103923,0.7708333333333334,HighVol,0.32692312224204967,Strong,1796.208,1792.5309706979483,1797.0714041746787
PEM,M15,long,2022-02-01 18:00:00+00:00,2022-02-01 20:45:00+00:00,1806.835,1802.448,1802.448,1815.609,12,sl,-1.0,18,NY_Late,1.3941000811561715,0.3125,LowVol,0.7779691852419748,Strong,1806.545,1800.9262342227164,1799.7863421690527
PEM,M15,short,2022-02-02 10:00:00+00:00,2022-02-02 13:00:00+00:00,1798.958,1798.295,1802.268,1792.3380000000002,13,timeout,0.20030211480363197,10,London,1.0783356863117848,0.020833333333333332,LowVol,-0.347301005837906,Strong,1798.198,1801.2036790872091,1801.2170714256358
PEM,M15,long,2022-02-02 17:00:00+00:00,2022-02-02 20:00:00+00:00,1801.187,1804.745,1798.018,1807.5249999999996,13,timeout,1.1227516566740738,17,NY_Late,1.466392311447797,0.5416666666666666,MidVol,0.10006847892888439,Moderate,1801.555,1799.3469420309827,1799.846325434001
PEM,M15,long,2022-02-02 20:30:00+00:00,2022-02-02 20:45:00+00:00,1806.012,1802.478,1802.478,1813.0799999999997,2,sl,-1.0,20,NY_Late,1.8180545471538696,0.6770833333333334,HighVol,0.39518455957052556,Strong,1804.058,1800.964125261437,1800.8089671483692
PEM,M15,long,2022-02-07 07:45:00+00:00,2022-02-07 08:45:00+00:00,1812.158,1808.728,1808.728,1819.0179999999996,5,sl,-1.0,7,London,1.6389308871496506,0.5625,MidVol,0.43001475614556334,Strong,1812.304,1807.836670324587,1810.5142163300713
PEM,M15,long,2022-02-08 02:00:00+00:00,2022-02-08 05:00:00+00:00,1820.538,1820.258,1814.588,1832.438,13,timeout,-0.04705882352940682,2,Asia,1.6641214561394486,0.46875,MidVol,0.6829394305151283,Strong,1820.854,1814.6873781255026,1819.2563828926598
PEM,M15,long,2022-02-08 09:00:00+00:00,2022-02-08 12:00:00+00:00,1822.068,1821.348,1820.208,1825.7879999999998,13,timeout,-0.3870967741935839,9,London,1.0854272653520272,0.08333333333333333,LowVol,0.5152803841529471,Strong,1822.128,1818.5935152861364,1820.6496382917528
PEM,M15,short,2022-02-08 12:30:00+00:00,2022-02-08 15:30:00+00:00,1819.608,1818.878,1822.438,1813.9479999999996,13,timeout,0.25795053003532803,12,London,0.9815109156916799,0.07291666666666667,LowVol,0.21795833056113023,Moderate,1820.198,1819.8072425156427,1820.9849323624087
PEM,M15,short,2022-02-08 18:45:00+00:00,2022-02-08 20:45:00+00:00,1817.628,1820.859,1820.859,1811.166,9,sl,-1.0,18,NY_Late,1.38640682031803,0.4583333333333333,MidVol,-0.12429343953314355,Moderate,1818.378,1819.2231777501788,1820.0920133050306
PEM,M15,long,2022-02-09 23:45:00+00:00,2022-02-10 02:45:00+00:00,1830.769,1833.468,1827.488,1837.331,13,timeout,0.8226150563852822,23,NY_Late,2.192028463080058,0.9479166666666666,HighVol,0.2255454012195585,Moderate,1832.644,1827.7757164308514,1827.663129893153
PEM,M15,long,2022-02-10 13:15:00+00:00,2022-02-10 15:15:00+00:00,1834.548,1833.508,1833.508,1836.628,9,sl,-1.0,13,NY_Overlap,0.7474359494764482,0.0625,LowVol,0.4053782477012117,Strong,1834.598,1832.7470210210042,1833.7797234840707
PEM,M15,short,2022-02-10 19:30:00+00:00,2022-02-10 20:30:00+00:00,1832.348,1830.3359999999998,1833.354,1830.3359999999998,5,tp,2.0,19,NY_Late,1.0394094556456797,0.3854166666666667,MidVol,-0.07468214741124711,Flat,1831.128,1832.696994102559,1833.3880313718678
PEM,M15,short,2022-02-11 02:45:00+00:00,2022-02-11 06:30:00+00:00,1831.764,1826.568,1836.774,1821.744,13,timeout,1.0371257485029786,2,Asia,3.0006326552148805,0.7916666666666666,HighVol,-0.05797590475990689,Flat,1830.714,1833.8683804696325,1835.5266566577711
PEM,M15,long,2022-02-11 19:45:00+00:00,2022-02-11 22:45:00+00:00,1830.434,1834.608,1823.638,1844.026,13,timeout,0.614184814596814,19,NY_Late,1.5852766559880145,0.4895833333333333,MidVol,0.20534766315129888,Moderate,1830.038,1826.7465638892063,1828.6365317506143
PEM,M15,long,2022-02-12 02:15:00+00:00,2022-02-14 06:00:00+00:00,1859.138,1860.248,1832.918,1911.578,13,timeout,0.04233409610984463,2,Asia,3.827265484983588,1.0,HighVol,0.7827031792263838,Strong,1852.658,1833.8066759459946,1846.8765890403834
PEM,M15,long,2022-02-15 01:30:00+00:00,2022-02-15 04:30:00+00:00,1867.138,1871.824,1860.518,1880.3779999999997,13,timeout,0.707854984894294,1,Asia,2.9567475139477573,0.5833333333333334,MidVol,0.3778826095706356,Strong,1867.794,1859.3170460508381,1863.2467171399376
PEM,M15,long,2022-02-16 13:00:00+00:00,2022-02-16 16:00:00+00:00,1853.998,1856.937,1851.518,1858.958,13,timeout,1.1850806451612215,13,NY_Overlap,1.1274519727979626,0.041666666666666664,LowVol,-0.05839771858429996,Flat,1853.968,1853.6293692119543,1852.6556757078592
PEM,M15,long,2022-02-17 00:00:00+00:00,2022-02-17 03:00:00+00:00,1864.508,1870.388,1854.818,1883.8880000000001,13,timeout,0.6068111455108203,0,Asia,2.239638068792642,0.6770833333333334,HighVol,0.5676781811443183,Strong,1865.338,1857.50837736458,1865.1233333333332
PEM,M15,long,2022-02-17 15:30:00+00:00,2022-02-17 15:30:00+00:00,1876.628,1882.3479999999997,1873.768,1882.3479999999997,1,tp,2.0,15,NY_Overlap,3.1086450157440892,1.0,HighVol,0.4095045999205674,Strong,1884.048,1871.0643469687648,1871.5694562874767
PEM,M15,long,2022-02-17 20:45:00+00:00,2022-02-17 23:45:00+00:00,1892.278,1897.043,1883.048,1910.738,13,timeout,0.5162513542795085,20,NY_Late,3.1309520371432127,0.8958333333333334,HighVol,0.6729548945267848,Strong,1896.868,1879.898002101834,1877.1072658635055
PEM,M15,long,2022-02-18 00:45:00+00:00,2022-02-18 03:45:00+00:00,1898.178,1897.308,1892.888,1908.7580000000005,13,timeout,-0.16446124763706746,0,Asia,3.3500895084811013,0.78125,HighVol,0.6494045688509299,Strong,1899.728,1886.8056114482022,1897.6577734884993
PEM,M15,long,2022-02-21 06:45:00+00:00,2022-02-21 09:45:00+00:00,1904.891,1896.358,1890.588,1933.4970000000003,13,timeout,-0.5965881283646831,6,Asia,2.3570538879652614,0.71875,HighVol,0.5635848499241831,Strong,1905.858,1896.141142658761,1903.7691722988743
PEM,M15,long,2022-02-21 17:30:00+00:00,2022-02-21 20:30:00+00:00,1896.823,1896.368,1887.796,1914.8770000000002,13,timeout,-0.050404342527988526,17,NY_Late,2.21150716696827,0.16666666666666666,LowVol,0.08565191491328619,Flat,1895.423,1894.8501806443783,1895.205411785877
PEM,M15,long,2022-02-21 23:15:00+00:00,2022-02-22 01:30:00+00:00,1895.568,1901.2679999999998,1892.718,1901.2679999999998,10,tp,2.0,23,NY_Late,2.133811896932339,0.14583333333333334,LowVol,-0.004862361967687544,Flat,1896.528,1895.1119342539191,1895.2651046440856
PEM,M15,short,2022-02-22 18:00:00+00:00,2022-02-22 20:30:00+00:00,1895.582,1901.028,1901.028,1884.6900000000003,11,sl,-1.0,18,NY_Late,3.160736996403558,0.96875,HighVol,-0.41375525284248,Strong,1895.938,1903.8185257645027,1905.2890349114343
PEM,M15,short,2022-02-22 22:45:00+00:00,2022-02-23 01:15:00+00:00,1896.678,1904.443,1904.443,1881.1480000000004,11,sl,-1.0,22,NY_Late,3.3920359434789646,0.9895833333333334,HighVol,-0.1348338385219164,Moderate,1896.848,1901.5750314925856,1903.2548930933765
PEM,M15,short,2022-02-23 12:30:00+00:00,2022-02-23 15:30:00+00:00,1896.048,1894.708,1899.948,1888.2479999999998,13,timeout,0.3435897435897146,12,London,1.2563004963296647,0.07291666666666667,LowVol,-0.3891324714758216,Strong,1895.618,1899.732176764155,1900.8137019437006
PEM,M15,long,2022-02-24 06:45:00+00:00,2022-02-24 09:45:00+00:00,1910.808,1915.098,1894.026,1944.3719999999998,13,timeout,0.2556310332499096,6,Asia,1.778249077990402,0.3958333333333333,MidVol,0.5666254271513345,Strong,1910.538,1904.9945835635338,1908.1341415275135
PEM,M15,short,2022-02-25 02:30:00+00:00,2022-02-25 06:15:00+00:00,1905.798,1907.408,1926.198,1864.9979999999998,13,timeout,-0.07892156862744572,2,Asia,8.001345146847854,1.0,HighVol,-0.512771803012805,Strong,1890.168,1933.0660561665009,1917.0879665469106
PEM,M15,short,2022-02-28 23:45:00+00:00,2022-03-01 02:45:00+00:00,1900.578,1904.793,1916.823,1868.0879999999997,13,timeout,-0.25946445060017775,23,NY_Late,4.99739944534919,0.8020833333333334,HighVol,-0.11465739634718859,Moderate,1897.828,1906.5549866236506,1907.832663174935
PEM,M15,long,2022-03-02 04:15:00+00:00,2022-03-02 08:00:00+00:00,1946.298,1934.168,1932.648,1973.5980000000002,13,timeout,-0.8886446886446907,4,Asia,3.852153542806887,0.71875,HighVol,0.8088469288538895,Strong,1944.888,1927.809986439544,1938.2195200205529
PEM,M15,long,2022-03-02 14:45:00+00:00,2022-03-02 15:45:00+00:00,1940.949,1933.728,1933.728,1955.391,5,sl,-1.0,14,NY_Overlap,3.03451382715812,0.40625,MidVol,0.30477176132486605,Strong,1942.588,1935.3589319694393,1937.8233826749984
PEM,M15,long,2022-03-03 03:30:00+00:00,2022-03-03 07:15:00+00:00,1931.361,1929.548,1915.0,1964.0830000000003,13,timeout,-0.1108122975368309,3,Asia,4.022086437407084,0.5625,MidVol,0.04246311509834887,Flat,1928.453,1927.3345698464793,1921.517893160283
PEM,M15,long,2022-03-04 03:45:00+00:00,2022-03-04 07:30:00+00:00,1939.198,1942.06,1929.7,1958.1940000000002,13,timeout,0.3013265950726299,3,Asia,2.939200858077129,0.4166666666666667,MidVol,0.37455934900011495,Strong,1938.738,1931.4943481237717,1933.146298837921
PEM,M15,long,2022-03-04 07:45:00+00:00,2022-03-04 09:00:00+00:00,1942.06,1935.088,1935.088,1956.004,6,sl,-1.0,7,London,3.018010487939224,0.5729166666666666,MidVol,0.4379408611810502,Strong,1948.418,1934.0514386147245,1935.102061087688
PEM,M15,long,2022-03-04 10:30:00+00:00,2022-03-04 13:30:00+00:00,1940.128,1934.114,1934.114,1952.1559999999997,13,sl,-1.0,10,London,3.4029226891435704,0.6979166666666666,HighVol,0.18695279958011235,Moderate,1939.798,1935.7584749787377,1937.2284343063607
PEM,M15,long,2022-03-04 18:15:00+00:00,2022-03-04 21:15:00+00:00,1947.403,1947.878,1934.893,1972.423,13,timeout,0.03796962430055231,18,NY_Late,2.9081765484530835,0.3333333333333333,MidVol,0.46337373493831124,Strong,1947.358,1938.8875372346706,1938.314157959202
PEM,M15,long,2022-03-07 06:30:00+00:00,2022-03-07 09:30:00+00:00,1986.628,1990.578,1966.888,2026.108,13,timeout,0.20010131712259593,6,Asia,4.825743952477153,1.0,HighVol,0.7825290861176764,Strong,1990.595,1959.8485052975388,1985.4991654092244
PEM,M15,long,2022-03-09 11:15:00+00:00,2022-03-09 14:15:00+00:00,2056.658,2046.618,2037.168,2095.638,13,timeout,-0.5151359671626454,11,London,5.162423730269717,0.3125,LowVol,0.5673213356513581,Strong,2055.788,2040.5570541059813,2042.807965777707
PEM,M15,short,2022-03-09 14:45:00+00:00,2022-03-09 16:45:00+00:00,2042.448,2023.9080000000006,2051.718,2023.9080000000006,9,tp,2.0,14,NY_Overlap,4.979188745936609,0.2604166666666667,LowVol,0.08812464068596125,Flat,2043.68,2044.2842769881947,2044.2616908671014
PEM,M15,short,2022-03-10 08:00:00+00:00,2022-03-10 11:00:00+00:00,1982.948,1976.458,1993.488,1961.8680000000002,13,timeout,0.6157495256167013,8,London,4.711214457162276,0.0625,LowVol,-0.5494136409867284,Strong,1980.588,1998.2259114728602,1988.680324832628
PEM,M15,short,2022-03-11 08:30:00+00:00,2022-03-11 09:45:00+00:00,1991.178,1996.168,1996.168,1981.1980000000005,6,sl,-1.0,8,London,3.6537862996492865,0.17708333333333334,LowVol,-0.12103875359970637,Moderate,1993.518,1995.6325653100698,1997.6110737397655
PEM,M15,short,2022-03-11 19:00:00+00:00,2022-03-11 22:00:00+00:00,1969.902,1978.282,1992.792,1924.1220000000003,13,timeout,-0.366098733071207,19,NY_Late,5.58593811783738,0.6979166666666666,HighVol,-0.26911489573186603,Strong,1978.952,1989.5934942348501,1992.3693238865012
PEM,M15,short,2022-03-16 23:45:00+00:00,2022-03-17 01:15:00+00:00,1908.978,1915.848,1915.848,1895.2380000000003,7,sl,-1.0,23,NY_Late,4.27758887569436,0.7708333333333334,HighVol,-0.28086389734179035,Strong,1909.542,1916.5438272052552,1917.5327443343315
PEM,M15,short,2022-03-18 03:00:00+00:00,2022-03-18 05:00:00+00:00,1937.108,1942.603,1942.603,1926.1179999999997,6,sl,-1.0,3,Asia,3.0072922805199838,0.2708333333333333,LowVol,-0.08072597075936652,Flat,1936.648,1939.7946750530568,1940.3662154677431
PEM,M15,long,2022-03-18 07:30:00+00:00,2022-03-18 08:15:00+00:00,1944.468,1940.038,1940.038,1953.3280000000002,4,sl,-1.0,7,London,2.1658410313415364,0.041666666666666664,LowVol,0.21570697042117917,Moderate,1942.828,1940.5837546969442,1940.7245229184155
PEM,M15,short,2022-03-19 02:30:00+00:00,2022-03-21 06:15:00+00:00,1920.738,1919.538,1929.948,1902.318,13,timeout,0.13029315960912494,2,Asia,3.3303716818014215,0.7916666666666666,HighVol,-0.4822538991705882,Strong,1919.488,1931.5900748854976,1925.826371621493
PEM,M15,long,2022-03-22 02:15:00+00:00,2022-03-22 06:00:00+00:00,1935.193,1935.978,1927.663,1950.253,13,timeout,0.10424966799469916,2,Asia,3.2153958135930205,0.90625,HighVol,0.2557810384174517,Strong,1934.253,1929.4703169612192,1931.2404922660837
PEM,M15,short,2022-03-22 08:00:00+00:00,2022-03-22 10:45:00+00:00,1929.483,1936.813,1936.813,1914.8229999999996,12,sl,-1.0,8,London,2.3034225713516747,0.3645833333333333,MidVol,0.03301891165956872,Flat,1931.708,1932.236222585578,1933.0673697210257
PEM,M15,short,2022-03-22 21:00:00+00:00,2022-03-23 00:00:00+00:00,1920.0,1920.198,1927.768,1904.464,13,timeout,-0.0254891864057791,21,NY_Late,3.0938617536612423,0.8020833333333334,HighVol,-0.3585701288181482,Strong,1921.723,1929.3376154460775,1930.289427540725
PEM,M15,short,2022-03-23 12:45:00+00:00,2022-03-23 15:45:00+00:00,1920.388,1924.223,1924.223,1912.7179999999998,13,sl,-1.0,12,London,1.496405122526001,0.020833333333333332,LowVol,-0.09318405761670703,Flat,1920.898,1921.835817923242,1920.9405152804122
PEM,M15,long,2022-03-24 00:15:00+00:00,2022-03-24 03:15:00+00:00,1935.103,1946.248,1925.758,1953.7930000000001,13,timeout,1.1926163723916479,0,Asia,2.9858225379458245,0.78125,HighVol,0.35400310673405,Strong,1935.813,1928.30051640935,1935.5436623218939
PEM,M15,short,2022-03-24 16:45:00+00:00,2022-03-24 17:30:00+00:00,1939.558,1944.048,1944.048,1930.578,4,sl,-1.0,16,NY_Overlap,2.1331933247730075,0.40625,MidVol,-0.025562720461255736,Flat,1939.532,1940.3644042959904,1941.556560435274
PEM,M15,long,2022-03-24 19:15:00+00:00,2022-03-24 19:30:00+00:00,1957.698,1944.843,1944.843,1983.4080000000001,2,sl,-1.0,19,NY_Late,2.9708224627515745,0.875,HighVol,0.5919162179278309,Strong,1953.868,1942.704978850921,1942.9654607383266
PEM,M15,short,2022-03-25 12:45:00+00:00,2022-03-25 15:45:00+00:00,1957.723,1957.802,1963.078,1947.013,13,timeout,-0.014752567693734942,12,London,1.8984987702171774,0.09375,LowVol,0.018257202061874013,Flat,1958.948,1958.9743564165392,1961.5201183288789
PEM,M15,short,2022-03-25 21:00:00+00:00,2022-03-25 22:30:00+00:00,1947.373,1959.135,1959.135,1923.8490000000002,7,sl,-1.0,21,NY_Late,3.5243663078024894,0.78125,HighVol,-0.2762407521061162,Strong,1949.148,1955.3303719885807,1956.9991329589643
PEM,M15,short,2022-03-26 01:00:00+00:00,2022-03-26 04:00:00+00:00,1952.72,1957.043,1957.043,1944.0740000000003,13,sl,-1.0,1,Asia,3.2614634334418313,0.7395833333333334,HighVol,-0.05224168814050041,Flat,1953.558,1955.237341112584,1954.6752771201805
PEM,M15,short,2022-03-29 01:30:00+00:00,2022-03-29 02:45:00+00:00,1933.268,1919.828,1939.988,1919.828,6,tp,2.0,1,Asia,3.054952073632119,0.6666666666666666,HighVol,-0.17828540129359252,Moderate,1932.668,1937.4856185217773,1936.3294978644126
PEM,M15,short,2022-03-29 15:00:00+00:00,2022-03-29 18:00:00+00:00,1919.643,1912.398,1926.339,1906.2510000000002,13,timeout,1.0819892473118597,15,NY_Overlap,2.011690642454846,0.10416666666666667,LowVol,-0.43509853066968474,Strong,1920.138,1925.5624410214364,1924.7056058119713
PEM,M15,long,2022-03-30 18:45:00+00:00,2022-03-30 21:45:00+00:00,1923.613,1935.7230000000002,1917.558,1935.7230000000002,13,tp,2.0,18,NY_Late,2.6382544357307096,0.4791666666666667,MidVol,0.07458903682290008,Flat,1924.483,1921.0930865184746,1921.2628384350376
PEM,M15,short,2022-03-31 07:45:00+00:00,2022-03-31 10:15:00+00:00,1930.675,1923.869,1934.078,1923.869,11,tp,2.0,7,London,1.857544355513619,0.09375,LowVol,0.12577276505200086,Moderate,1931.958,1930.7278967004295,1932.607850967833
PEM,M15,long,2022-04-01 00:45:00+00:00,2022-04-01 02:30:00+00:00,1947.948,1940.439,1940.439,1962.9660000000001,8,sl,-1.0,0,Asia,3.0049611399598173,0.7916666666666666,HighVol,0.6818795630339312,Strong,1947.658,1935.418642489179,1946.51307243571
PEM,M15,short,2022-04-01 03:15:00+00:00,2022-04-01 07:00:00+00:00,1936.818,1936.033,1948.818,1912.818,13,timeout,0.06541666666667349,3,Asia,2.588017272350788,0.5104166666666666,MidVol,0.1340612782017909,Moderate,1936.978,1937.0288409143877,1942.241939860411
PEM,M15,short,2022-04-02 00:30:00+00:00,2022-04-02 03:30:00+00:00,1920.528,1923.853,1932.615,1896.354,13,timeout,-0.2750889385290021,0,Asia,3.551933310713757,0.8229166666666666,HighVol,-0.4053643241687314,Strong,1920.138,1929.2532903618103,1921.0723045761533
PEM,M15,short,2022-04-04 11:45:00+00:00,2022-04-04 12:45:00+00:00,1917.408,1920.258,1920.258,1911.7079999999996,5,sl,-1.0,11,London,1.7311265497426107,0.041666666666666664,LowVol,-0.6197414839776056,Strong,1917.453,1923.350184405907,1922.3938291866289
PEM,M15,long,2022-04-04 19:45:00+00:00,2022-04-04 21:00:00+00:00,1932.748,1925.488,1925.488,1947.268,6,sl,-1.0,19,NY_Late,2.616715223600222,0.6458333333333334,MidVol,0.3191797759533387,Strong,1931.563,1926.404947087732,1926.0196507306061
PEM,M15,short,2022-04-05 09:45:00+00:00,2022-04-05 12:45:00+00:00,1928.478,1929.328,1930.818,1923.7980000000002,13,timeout,-0.3632478632478371,9,London,1.4555866398340391,0.03125,LowVol,-0.19863396257180424,Moderate,1928.348,1930.5222346915548,1931.1562821623552
PEM,M15,short,2022-04-06 12:00:00+00:00,2022-04-06 15:00:00+00:00,1920.558,1921.598,1924.518,1912.638,13,timeout,-0.26262626262625105,12,London,1.8335777326869536,0.19791666666666666,LowVol,-0.20978645864105655,Moderate,1920.928,1923.5645625123475,1922.1763488515685
PEM,M15,long,2022-04-07 10:30:00+00:00,2022-04-07 11:30:00+00:00,1925.078,1921.028,1921.028,1933.1779999999999,5,sl,-1.0,10,London,2.100624965808851,0.1875,LowVol,-0.044105784703132284,Flat,1922.662,1923.9004710132383,1923.1142657429352
PEM,M15,long,2022-04-07 19:00:00+00:00,2022-04-07 22:00:00+00:00,1929.732,1937.322,1922.672,1943.8519999999999,13,timeout,1.0750708215297418,19,NY_Late,2.056636263511078,0.3541666666666667,MidVol,0.3011890271587576,Strong,1930.624,1925.4322546578421,1924.5721327824076
PEM,M15,short,2022-04-08 12:00:00+00:00,2022-04-08 15:00:00+00:00,1928.282,1931.802,1933.088,1918.6699999999998,13,timeout,-0.7324178110694866,12,London,1.5077929120305114,0.010416666666666666,LowVol,-0.2414209792390867,Moderate,1928.122,1930.8351156436504,1932.569063908881
PEM,M15,long,2022-04-11 13:15:00+00:00,2022-04-11 15:30:00+00:00,1944.948,1952.8080000000002,1941.018,1952.8080000000002,10,tp,2.0,13,NY_Overlap,2.0568395951742793,0.4895833333333333,MidVol,0.04864490555535607,Flat,1943.568,1942.5665941235,1943.9386872960276
PEM,M15,long,2022-04-11 19:30:00+00:00,2022-04-11 22:30:00+00:00,1963.362,1952.812,1942.098,2005.8900000000003,13,timeout,-0.49614371708051735,19,NY_Late,2.8537045156644782,0.8333333333333334,HighVol,0.742831506160304,Strong,1963.338,1949.9196544777997,1949.410957677192
PEM,M15,short,2022-04-13 08:00:00+00:00,2022-04-13 09:00:00+00:00,1963.048,1969.202,1969.202,1950.74,5,sl,-1.0,8,London,2.0093120319075166,0.2604166666666667,LowVol,-0.060227437339700624,Flat,1964.682,1965.0506877776293,1968.3334253499609
PEM,M15,long,2022-04-13 23:15:00+00:00,2022-04-14 02:15:00+00:00,1980.408,1974.808,1974.808,1991.6079999999997,13,sl,-1.0,23,NY_Late,3.108082320469389,0.6770833333333334,HighVol,0.2957779141535832,Strong,1979.068,1974.4814096761966,1973.1411609916436
PEM,M15,short,2022-04-14 13:15:00+00:00,2022-04-14 14:45:00+00:00,1972.018,1975.484,1975.484,1965.0860000000002,7,sl,-1.0,13,NY_Overlap,1.8140099146560826,0.3125,LowVol,-0.2674916060652181,Strong,1974.163,1975.7752039792724,1976.7086374727073
PEM,M15,long,2022-04-14 19:15:00+00:00,2022-04-14 21:00:00+00:00,1978.018,1968.968,1968.968,1996.118,8,sl,-1.0,19,NY_Late,2.460729941301014,0.6875,HighVol,0.20167645537519777,Moderate,1978.652,1974.3537705547933,1975.5192402056773
PEM,M15,long,2022-04-18 07:15:00+00:00,2022-04-18 10:15:00+00:00,1987.572,1983.918,1973.491,2015.7339999999997,13,timeout,-0.25949861515517514,7,London,2.613239242918005,0.6875,HighVol,0.6733450584557347,Strong,1985.342,1974.409501765324,1980.3751393916807
PEM,M15,long,2022-04-18 15:15:00+00:00,2022-04-18 18:15:00+00:00,1991.878,1988.3,1983.908,2007.818,13,timeout,-0.4489335006273478,15,NY_Overlap,2.1237375538576546,0.052083333333333336,LowVol,0.7400406964745385,Strong,1992.214,1983.0532419573808,1984.7855690043998
PEM,M15,long,2022-04-18 19:00:00+00:00,2022-04-18 21:45:00+00:00,1991.532,1988.048,1988.048,1998.4999999999998,12,sl,-1.0,19,NY_Late,1.9358398767631129,0.052083333333333336,LowVol,0.38907929366582483,Strong,1991.718,1986.351294000369,1986.2287319386542
PEM,M15,short,2022-04-19 00:45:00+00:00,2022-04-19 03:45:00+00:00,1982.258,1977.682,1993.532,1959.7100000000003,13,timeout,0.40588965761930706,0,Asia,3.017105972955842,0.8958333333333334,HighVol,-0.22191298439797805,Moderate,1979.238,1987.3921215605787,1983.602047381167
PEM,M15,short,2022-04-19 12:15:00+00:00,2022-04-19 14:30:00+00:00,1974.758,1978.578,1978.578,1967.1180000000002,10,sl,-1.0,12,London,1.5660478409157912,0.03125,LowVol,-0.4948374930992841,Strong,1973.478,1979.07096255604,1978.2442533716962
PEM,M15,long,2022-04-19 19:30:00+00:00,2022-04-19 19:45:00+00:00,1979.708,1975.948,1975.948,1987.228,2,sl,-1.0,19,NY_Late,2.3685248142696205,0.6979166666666666,HighVol,0.07527098874223527,Flat,1978.362,1978.0524358350215,1977.8223130861272
PEM,M15,short,2022-04-20 02:45:00+00:00,2022-04-20 06:30:00+00:00,1945.658,1948.828,1958.142,1920.6899999999996,13,timeout,-0.2539250240307621,2,Asia,3.082936091636373,0.7708333333333334,HighVol,-0.8727298097734351,Strong,1947.048,1963.1465780969872,1952.404302013948
PEM,M15,short,2022-04-20 08:00:00+00:00,2022-04-20 11:00:00+00:00,1946.828,1943.228,1951.418,1937.6480000000001,13,timeout,0.7843137254901903,8,London,1.9630201240705787,0.3229166666666667,LowVol,-0.8829616835631334,Strong,1946.828,1956.2466185967958,1950.6259474818426
PEM,M15,long,2022-04-21 03:00:00+00:00,2022-04-21 06:45:00+00:00,1956.348,1955.508,1949.813,1969.4179999999997,13,timeout,-0.1285386381025152,3,Asia,2.29215413538093,0.2708333333333333,LowVol,0.29360745145474015,Strong,1957.388,1951.1467205740694,1953.3318899426288
PEM,M15,long,2022-04-21 08:30:00+00:00,2022-04-21 09:15:00+00:00,1956.188,1953.262,1953.262,1962.0400000000004,4,sl,-1.0,8,London,1.8091560950364216,0.09375,LowVol,0.17053690305517466,Moderate,1955.178,1953.2651839691475,1954.1274083752073
PEM,M15,short,2022-04-21 10:30:00+00:00,2022-04-21 13:30:00+00:00,1951.435,1951.352,1953.958,1946.3889999999997,13,timeout,0.032897344431173904,10,London,1.6783352787511172,0.010416666666666666,LowVol,-0.10862082639449748,Moderate,1951.562,1953.2160161689076,1953.9666873055824
PEM,M15,long,2022-04-22 02:15:00+00:00,2022-04-22 06:00:00+00:00,1951.468,1951.508,1938.172,1978.0600000000002,13,timeout,0.0030084235860381673,2,Asia,3.3822698724703253,0.8020833333333334,HighVol,0.148558056929536,Moderate,1951.202,1946.0339420669127,1946.3495968270236
PEM,M15,long,2022-04-22 13:30:00+00:00,2022-04-22 15:30:00+00:00,1953.798,1948.938,1948.938,1963.5179999999998,9,sl,-1.0,13,NY_Overlap,1.9432894300505212,0.22916666666666666,LowVol,0.26554133948627134,Strong,1953.358,1950.0810757856839,1949.7352354118334
PEM,M15,short,2022-04-25 08:00:00+00:00,2022-04-25 11:00:00+00:00,1928.588,1923.743,1932.863,1920.0379999999998,13,timeout,1.1333333333333155,8,London,2.5046712245735296,0.40625,MidVol,-0.43767082383117994,Strong,1927.348,1934.8335573472007,1930.185435974667
PEM,M15,short,2022-04-25 12:15:00+00:00,2022-04-25 15:15:00+00:00,1916.693,1916.271,1924.398,1901.2830000000001,13,timeout,0.0547696301103218,12,London,2.7024677980719454,0.4895833333333333,MidVol,-0.7116918760111514,Strong,1917.248,1929.1584538039835,1925.5618925800436
PEM,M15,long,2022-04-26 13:15:00+00:00,2022-04-26 14:30:00+00:00,1905.898,1899.673,1899.673,1918.3479999999997,6,sl,-1.0,13,NY_Overlap,2.170133010530474,0.17708333333333334,LowVol,0.173096230466829,Moderate,1904.693,1902.646010631613,1900.4492922290813
PEM,M15,long,2022-04-28 17:00:00+00:00,2022-04-28 20:00:00+00:00,1889.948,1884.618,1877.718,1914.4080000000001,13,timeout,-0.4358135731807152,17,NY_Late,3.2763884414600937,0.6666666666666666,HighVol,0.2800218326207393,Strong,1889.658,1884.0354748179425,1883.683182604657
PEM,M15,long,2022-04-29 08:45:00+00:00,2022-04-29 11:45:00+00:00,1903.178,1904.363,1896.698,1916.1380000000001,13,timeout,0.18287037037036144,8,London,2.1053494350648316,0.23958333333333334,LowVol,0.7504397053384156,Strong,1903.238,1892.6932048597052,1894.1013999501029
PEM,M15,long,2022-04-29 12:30:00+00:00,2022-04-29 15:00:00+00:00,1907.423,1915.5629999999999,1903.353,1915.5629999999999,11,tp,2.0,12,London,1.8716334557061525,0.08333333333333333,LowVol,0.9170452670357444,Strong,1907.858,1897.30901253659,1897.2724861046268
PEM,M15,short,2022-04-30 02:45:00+00:00,2022-05-02 06:30:00+00:00,1900.073,1898.918,1915.903,1868.4130000000002,13,timeout,0.07296272899559099,2,Asia,3.2503179457520375,0.8020833333333334,HighVol,-0.2514838142880662,Strong,1898.628,1907.9774279909502,1906.889961217919
PEM,M15,short,2022-05-02 09:30:00+00:00,2022-05-02 12:30:00+00:00,1888.108,1883.363,1894.388,1875.548,13,timeout,0.7555732484076292,9,London,2.5950282313701996,0.5729166666666666,MidVol,-0.7861394342987114,Strong,1886.568,1899.891073769363,1893.6406838524479
PEM,M15,short,2022-05-02 17:45:00+00:00,2022-05-02 19:45:00+00:00,1877.995,1866.3589999999995,1883.813,1866.3589999999995,9,tp,2.0,17,NY_Late,2.355157627157827,0.13541666666666666,LowVol,-0.7583179244628735,Strong,1879.348,1888.0682671916315,1887.1765819470895
PEM,M15,short,2022-05-03 00:30:00+00:00,2022-05-03 03:30:00+00:00,1864.867,1861.868,1869.668,1855.265,13,timeout,0.6246615288481705,0,Asia,3.5199380441227572,0.8125,HighVol,-0.4824128033910892,Strong,1863.543,1874.4774995684434,1865.5281965394315
PEM,M15,short,2022-05-03 12:15:00+00:00,2022-05-03 15:15:00+00:00,1857.938,1855.063,1864.268,1845.2780000000002,13,timeout,0.45418641390205894,12,London,1.929655975968818,0.25,LowVol,-0.44595165208263116,Strong,1858.988,1864.9397770460162,1863.0643277347901
PEM,M15,long,2022-05-04 14:30:00+00:00,2022-05-04 17:30:00+00:00,1867.808,1870.258,1862.003,1879.4180000000001,13,timeout,0.4220499569336811,14,NY_Overlap,2.0431924815766185,0.3854166666666667,MidVol,0.08916796211653692,Flat,1870.328,1865.5870026371783,1866.61550394423
PEM,M15,short,2022-05-04 18:30:00+00:00,2022-05-04 21:30:00+00:00,1866.198,1863.328,1871.208,1856.178,13,timeout,0.5728542914171904,18,NY_Late,2.056819031218645,0.5416666666666666,MidVol,0.10218684020219117,Moderate,1868.028,1867.1494691397268,1867.4571486773652
PEM,M15,long,2022-05-05 01:30:00+00:00,2022-05-05 01:45:00+00:00,1872.208,1867.258,1867.258,1882.1080000000002,2,sl,-1.0,1,Asia,3.4952678075921795,1.0,HighVol,0.16647907117972835,Moderate,1871.908,1867.6423267014347,1870.3234799680486
PEM,M15,long,2022-05-05 08:30:00+00:00,2022-05-05 11:30:00+00:00,1900.498,1900.228,1892.888,1915.7180000000003,13,timeout,-0.03547963206307192,8,London,3.6254993360361003,0.8125,HighVol,0.9593451705485654,Strong,1900.613,1880.3114476260653,1881.4565637136116
PEM,M15,long,2022-05-05 17:30:00+00:00,2022-05-05 20:00:00+00:00,1898.248,1906.5280000000002,1894.108,1906.5280000000002,11,tp,2.0,17,NY_Late,2.5112629405596145,0.2604166666666667,LowVol,0.333257658047642,Strong,1897.765,1892.6682404507678,1889.1132499645205
PEM,M15,long,2022-05-10 19:00:00+00:00,2022-05-10 21:00:00+00:00,1862.885,1856.152,1856.152,1876.3509999999999,9,sl,-1.0,19,NY_Late,2.4340374044188096,0.5625,MidVol,0.03892643489406917,Flat,1860.753,1860.2703715342511,1858.449143442661
PEM,M15,short,2022-05-11 07:15:00+00:00,2022-05-11 10:15:00+00:00,1833.578,1838.368,1840.463,1819.808,13,timeout,-0.6957153231662992,7,London,2.264156475914531,0.2916666666666667,LowVol,-0.8766755606094859,Strong,1833.758,1845.6591195285084,1841.3653537248001
PEM,M15,short,2022-05-13 01:15:00+00:00,2022-05-13 05:00:00+00:00,1823.708,1822.194,1835.927,1799.2700000000004,13,timeout,0.12390539324004791,1,Asia,3.8903892891998977,0.8125,HighVol,-0.8508595614872771,Strong,1822.883,1840.8004455039427,1824.8656041426157
PEM,M15,short,2022-05-13 13:45:00+00:00,2022-05-13 14:45:00+00:00,1822.318,1827.438,1827.438,1812.0779999999997,5,sl,-1.0,13,NY_Overlap,2.2321006884177295,0.125,LowVol,-0.22691545195942972,Moderate,1824.178,1827.2650017630026,1823.9096581412825
PEM,M15,short,2022-05-13 23:00:00+00:00,2022-05-14 02:00:00+00:00,1808.737,1808.798,1822.828,1780.5550000000003,13,timeout,-0.004329004328998811,23,NY_Late,4.184621403965764,0.875,HighVol,-0.2961784567607343,Strong,1808.378,1818.1180132015393,1819.5041856164662
PEM,M15,short,2022-05-16 12:15:00+00:00,2022-05-16 14:45:00+00:00,1807.808,1797.4279999999999,1812.998,1797.4279999999999,11,tp,2.0,12,London,2.0019331754341305,0.020833333333333332,LowVol,-0.34259419149144354,Strong,1807.598,1812.1473822559865,1812.199623191258
PEM,M15,long,2022-05-17 02:30:00+00:00,2022-05-17 06:15:00+00:00,1823.798,1824.848,1814.304,1842.7859999999998,13,timeout,0.11059616599957489,2,Asia,2.9166875696858723,0.5416666666666666,MidVol,0.6226415487188616,Strong,1825.124,1811.6696620898942,1817.557359003072
PEM,M15,long,2022-05-17 19:00:00+00:00,2022-05-17 20:15:00+00:00,1835.818,1827.378,1827.378,1852.698,6,sl,-1.0,19,NY_Late,2.5421045246306413,0.5833333333333334,MidVol,0.42927565642266824,Strong,1833.793,1825.7284594352493,1825.0442940288206
PEM,M15,short,2022-05-18 08:45:00+00:00,2022-05-18 10:30:00+00:00,1814.138,1808.4379999999996,1816.988,1808.4379999999996,8,tp,2.0,8,London,1.8549601738699684,0.14583333333333334,LowVol,-0.34349879456036614,Strong,1813.098,1818.2418319993976,1816.608254841678
PEM,M15,short,2022-05-18 18:45:00+00:00,2022-05-18 21:45:00+00:00,1812.933,1813.698,1819.638,1799.5230000000001,13,timeout,-0.11409395973155978,18,NY_Late,2.2913803693107666,0.5833333333333334,MidVol,-0.021495164601903084,Flat,1811.583,1814.969893433124,1815.0232368922623
PEM,M15,long,2022-05-19 20:00:00+00:00,2022-05-19 23:00:00+00:00,1837.758,1842.308,1827.718,1857.838,13,timeout,0.45318725099601304,20,NY_Late,3.485314633733619,0.9895833333333334,HighVol,0.6657436529633158,Strong,1837.698,1822.0153998118417,1820.6035809842085
PEM,M15,long,2022-05-20 13:00:00+00:00,2022-05-20 16:00:00+00:00,1845.823,1845.089,1839.304,1858.861,13,timeout,-0.11259395612826359,13,NY_Overlap,1.6327438144893358,0.2916666666666667,LowVol,0.5121165370234513,Strong,1845.038,1839.743854965689,1841.326158423528
PEM,M15,long,2022-05-23 08:00:00+00:00,2022-05-23 11:00:00+00:00,1850.708,1854.018,1845.528,1861.0680000000002,13,timeout,0.6389961389961206,8,London,2.377078976039169,0.6666666666666666,HighVol,0.3748111084261079,Strong,1851.774,1844.6068765364562,1848.0962123874697
PEM,M15,short,2022-05-24 08:30:00+00:00,2022-05-24 10:30:00+00:00,1851.188,1854.038,1854.038,1845.4880000000003,9,sl,-1.0,8,London,1.476649647081659,0.10416666666666667,LowVol,-0.21267182881021396,Moderate,1851.108,1853.652092478655,1852.6656145793995
PEM,M15,long,2022-05-24 11:30:00+00:00,2022-05-24 13:30:00+00:00,1856.116,1850.344,1850.344,1867.6599999999999,9,sl,-1.0,11,London,1.3372989127404482,0.020833333333333332,LowVol,0.30569986279288497,Strong,1856.144,1853.4423749569687,1852.625071345194
PEM,M15,long,2022-05-24 18:30:00+00:00,2022-05-24 19:45:00+00:00,1858.248,1854.778,1854.778,1865.188,6,sl,-1.0,18,NY_Late,1.8745734608657016,0.46875,MidVol,0.19454148399787963,Moderate,1859.014,1855.396469486941,1854.4170945811757
PEM,M15,short,2022-05-25 13:00:00+00:00,2022-05-25 16:00:00+00:00,1859.308,1855.623,1863.458,1851.0079999999998,13,timeout,0.887951807228883,13,NY_Overlap,1.4531142520697076,0.21875,LowVol,-0.2739134254480891,Strong,1859.604,1862.728967995261,1864.0481552699853
PEM,M15,short,2022-05-25 23:15:00+00:00,2022-05-26 02:15:00+00:00,1846.028,1855.108,1855.588,1826.9080000000001,13,timeout,-0.9497907949790773,23,NY_Late,2.8774812870652706,0.9166666666666666,HighVol,-0.49043034182233536,Strong,1845.994,1854.7430058563245,1857.4843456980564
PEM,M15,short,2022-05-26 09:30:00+00:00,2022-05-26 12:30:00+00:00,1849.488,1844.393,1854.068,1840.3280000000002,13,timeout,1.1124454148471852,9,London,1.5112095541846853,0.21875,LowVol,-0.24367279900432948,Moderate,1850.563,1852.829566792609,1851.4933593900453
PEM,M15,short,2022-05-26 16:30:00+00:00,2022-05-26 19:30:00+00:00,1845.118,1844.276,1848.338,1838.6779999999999,13,timeout,0.2614906832297713,16,NY_Overlap,1.9633285721577505,0.4375,MidVol,-0.2977186675079293,Strong,1845.283,1849.202818623323,1849.1756498933423
PEM,M15,long,2022-05-27 00:30:00+00:00,2022-05-27 03:30:00+00:00,1848.978,1850.748,1845.048,1856.8380000000002,13,timeout,0.45038167938930107,0,Asia,2.4456288126028682,0.6666666666666666,HighVol,0.03875549873963233,Flat,1849.698,1847.4879332752093,1848.5578212404755
PEM,M15,short,2022-05-30 06:30:00+00:00,2022-05-30 08:45:00+00:00,1848.918,1853.383,1853.383,1839.9879999999996,10,sl,-1.0,6,Asia,1.4720344531031082,0.16666666666666666,LowVol,-0.39407906849732716,Strong,1849.698,1853.5825054663005,1851.3119467153026
PEM,M15,long,2022-05-30 09:15:00+00:00,2022-05-30 12:15:00+00:00,1857.063,1862.228,1849.623,1871.9430000000002,13,timeout,0.6942204301075169,9,London,1.8917484956434918,0.5833333333333334,MidVol,0.17487841460910103,Moderate,1858.744,1853.2251125113983,1852.6294366116
PEM,M15,short,2022-05-30 18:00:00+00:00,2022-05-30 20:30:00+00:00,1854.758,1859.123,1859.123,1846.028,11,sl,-1.0,18,NY_Late,1.7744851440593674,0.3958333333333333,MidVol,-0.14326686395993804,Moderate,1854.904,1857.4735608554602,1857.901492372502
PEM,M15,long,2022-05-30 20:45:00+00:00,2022-05-30 21:15:00+00:00,1860.106,1854.939,1854.939,1870.4399999999998,3,sl,-1.0,20,NY_Late,1.6618864186005655,0.3333333333333333,MidVol,0.08184401589779329,Flat,1860.138,1857.1337371768946,1857.6312657725346
PEM,M15,short,2022-05-30 23:15:00+00:00,2022-05-31 05:30:00+00:00,1855.318,1855.563,1861.053,1843.8479999999997,13,timeout,-0.04272013949435271,23,NY_Late,1.7276517160513416,0.4583333333333333,MidVol,-0.0738198728820857,Flat,1855.638,1857.0077007282719,1857.5040528899174
PEM,M15,short,2022-05-31 06:30:00+00:00,2022-05-31 08:00:00+00:00,1853.308,1846.9679999999998,1856.478,1846.9679999999998,7,tp,2.0,6,Asia,1.3472952078678535,0.041666666666666664,LowVol,-0.3035827910882787,Strong,1852.798,1856.1355332319831,1854.922833003109
PEM,M15,short,2022-06-01 11:45:00+00:00,2022-06-01 14:45:00+00:00,1833.888,1832.718,1837.563,1826.5379999999996,13,timeout,0.31836734693871765,11,London,1.64579545057603,0.2916666666666667,LowVol,-0.5075027270805609,Strong,1833.438,1839.0835014154093,1838.5518839138967
PEM,M15,long,2022-06-01 23:30:00+00:00,2022-06-02 02:30:00+00:00,1848.063,1848.278,1830.194,1883.8010000000004,13,timeout,0.012032010744860733,23,NY_Late,3.131095471794417,0.875,HighVol,0.4696674288856406,Strong,1848.888,1838.6186315638395,1838.3035672706915
PEM,M15,long,2022-06-02 13:15:00+00:00,2022-06-02 16:15:00+00:00,1848.458,1852.448,1843.908,1857.5580000000004,13,timeout,0.8769230769230438,13,NY_Overlap,1.3818782746237783,0.11458333333333333,LowVol,0.32560059459380725,Strong,1848.963,1845.1516866058475,1847.0023103779622
PEM,M15,long,2022-06-02 17:00:00+00:00,2022-06-02 19:45:00+00:00,1853.993,1851.028,1851.028,1859.9229999999998,12,sl,-1.0,17,NY_Late,1.499072399641648,0.3020833333333333,LowVol,0.6921036599736233,Strong,1853.758,1848.0801762439628,1848.417755335836
PEM,M15,long,2022-06-03 08:00:00+00:00,2022-06-03 10:30:00+00:00,1870.923,1868.888,1868.888,1874.9930000000002,11,sl,-1.0,8,London,1.4662646384616391,0.3541666666666667,MidVol,0.7059141273499224,Strong,1872.608,1865.3784078287763,1869.1191294242944
PEM,M15,short,2022-06-03 23:30:00+00:00,2022-06-04 02:30:00+00:00,1849.738,1850.348,1856.868,1835.4780000000003,13,timeout,-0.0855539971949383,23,NY_Late,3.078855385408248,0.9166666666666666,HighVol,-0.6776872117256307,Strong,1850.768,1861.799874104598,1863.5416553995517
PEM,M15,long,2022-06-06 10:15:00+00:00,2022-06-06 13:15:00+00:00,1854.348,1854.568,1850.558,1861.9279999999999,13,timeout,0.05804749340370169,10,London,1.3093493603275628,0.020833333333333332,LowVol,0.015479038577401716,Flat,1855.488,1854.174475981489,1852.778372328471
PEM,M15,short,2022-06-08 10:30:00+00:00,2022-06-08 13:30:00+00:00,1847.798,1849.928,1850.928,1841.5379999999998,13,timeout,-0.6805111821086374,10,London,1.431093426209706,0.041666666666666664,LowVol,-0.2015729044959023,Moderate,1847.253,1849.9512033861427,1851.1651186270913
PEM,M15,long,2022-06-08 22:45:00+00:00,2022-06-09 01:45:00+00:00,1857.974,1853.813,1848.273,1877.376,13,timeout,-0.4289248531079086,22,NY_Late,2.3266829813087373,0.7395833333333334,HighVol,0.48395593308663204,Strong,1857.698,1851.39628738868,1851.2826669251992
PEM,M15,short,2022-06-09 13:30:00+00:00,2022-06-09 16:30:00+00:00,1851.088,1849.09,1855.138,1842.988,13,timeout,0.49333333333335055,13,NY_Overlap,1.3541591382710787,0.3645833333333333,MidVol,-0.14528559045578834,Moderate,1849.758,1852.8604929840103,1853.1424003229756
PEM,M15,short,2022-06-14 23:15:00+00:00,2022-06-15 02:15:00+00:00,1810.523,1806.123,1822.908,1785.753,13,timeout,0.35526846992328354,23,NY_Late,3.1776991156020378,0.5729166666666666,MidVol,-0.5729541123681156,Strong,1810.433,1820.999050092655,1822.1018499132776
PEM,M15,long,2022-06-16 22:30:00+00:00,2022-06-17 01:30:00+00:00,1838.988,1848.518,1826.178,1864.608,13,timeout,0.7439500390320073,22,NY_Late,4.493105318389835,0.8854166666666666,HighVol,0.27283053023315246,Strong,1842.844,1828.9989970885365,1829.0667828415546
PEM,M15,short,2022-06-17 11:15:00+00:00,2022-06-17 12:00:00+00:00,1842.348,1845.078,1845.078,1836.888,4,sl,-1.0,11,London,2.0904169467030704,0.10416666666666667,LowVol,-0.08489971540156989,Flat,1843.138,1844.3735738149633,1848.1478592386693
PEM,M15,short,2022-06-17 17:30:00+00:00,2022-06-17 19:45:00+00:00,1845.263,1850.933,1850.933,1833.9229999999998,10,sl,-1.0,17,NY_Late,2.219011417547853,0.4166666666666667,MidVol,0.14636813962562983,Moderate,1846.724,1846.2324518156329,1847.7790061903931
PEM,M15,short,2022-06-18 00:00:00+00:00,2022-06-18 03:00:00+00:00,1839.038,1837.108,1846.578,1823.958,13,timeout,0.2559681697612829,0,Asia,2.871082112380925,0.6979166666666666,HighVol,-0.29881670050299425,Strong,1839.328,1844.5070549797804,1839.0379999999998
PEM,M15,long,2022-06-20 08:30:00+00:00,2022-06-20 08:30:00+00:00,1841.278,1836.928,1836.928,1849.9779999999998,1,sl,-1.0,8,London,2.19400726605936,0.4166666666666667,MidVol,-0.12529019621711357,Moderate,1837.598,1840.3450167932695,1838.5418667744013
PEM,M15,short,2022-06-22 01:15:00+00:00,2022-06-22 05:00:00+00:00,1833.038,1832.963,1838.973,1821.1680000000001,13,timeout,0.012636899747269783,1,Asia,2.4722211001274075,0.8020833333333334,HighVol,-0.1524358801917236,Moderate,1832.998,1836.2677503202194,1834.9089124404618
PEM,M15,short,2022-06-22 12:30:00+00:00,2022-06-22 14:30:00+00:00,1825.458,1828.308,1828.308,1819.7580000000003,9,sl,-1.0,12,London,1.7943288681066685,0.125,LowVol,-0.4437765953158327,Strong,1826.028,1830.3258476658623,1830.308058935993
PEM,M15,long,2022-06-22 18:30:00+00:00,2022-06-22 21:30:00+00:00,1840.113,1843.003,1823.688,1872.963,13,timeout,0.17595129375950566,18,NY_Late,2.8457026361629687,0.9375,HighVol,0.37385810179157763,Strong,1838.613,1829.3195870229079,1829.290418485497
PEM,M15,short,2022-06-23 18:30:00+00:00,2022-06-23 20:00:00+00:00,1826.608,1833.533,1833.533,1812.758,7,sl,-1.0,18,NY_Late,2.0516145556893988,0.53125,MidVol,-0.5182938505756587,Strong,1825.543,1833.0413757246906,1834.3517027994415
PEM,M15,long,2022-06-27 10:00:00+00:00,2022-06-27 13:00:00+00:00,1835.553,1835.173,1833.508,1839.6430000000003,13,timeout,-0.18581907090469224,10,London,2.0241879146205695,0.2708333333333333,LowVol,0.49262974262021164,Strong,1834.898,1829.9843141510437,1832.8316180052714
PEM,M15,short,2022-06-28 01:00:00+00:00,2022-06-28 04:00:00+00:00,1822.413,1822.618,1826.488,1814.263,13,timeout,-0.050306748466239254,1,Asia,2.6517125358307267,0.8125,HighVol,-0.4280858600138942,Strong,1823.543,1829.5426812532696,1823.9963660299843
PEM,M15,long,2022-06-28 11:30:00+00:00,2022-06-28 14:30:00+00:00,1826.458,1826.173,1823.73,1831.9140000000002,13,timeout,-0.10447214076249084,11,London,1.2601062282536146,0.010416666666666666,LowVol,0.0835823120520493,Flat,1826.478,1825.503239880103,1823.8762805053675
PEM,M15,short,2022-06-30 12:00:00+00:00,2022-06-30 15:00:00+00:00,1815.068,1814.848,1817.698,1809.8079999999998,13,timeout,0.08365019011407535,12,London,1.2569675948523864,0.20833333333333334,LowVol,-0.3906403531972478,Strong,1815.983,1818.6398641276046,1818.1848037893178
PEM,M15,short,2022-07-01 10:45:00+00:00,2022-07-01 12:45:00+00:00,1802.838,1797.066,1805.724,1797.066,9,tp,2.0,10,London,1.5575453052854529,0.19791666666666666,LowVol,-0.4696515626509534,Strong,1802.764,1807.3601942375744,1806.3788327647676
PEM,M15,short,2022-07-01 17:45:00+00:00,2022-07-01 20:45:00+00:00,1791.133,1791.578,1802.318,1768.7630000000001,13,timeout,-0.03978542691103608,17,NY_Late,2.3364201073166737,0.59375,MidVol,-0.6192507130254622,Strong,1790.571,1800.0251773431346,1801.2440347453216
PEM,M15,long,2022-07-04 10:45:00+00:00,2022-07-04 13:45:00+00:00,1812.038,1810.958,1805.378,1825.3580000000002,13,timeout,-0.16216216216214924,10,London,2.0369346587752157,0.28125,LowVol,0.4471835346401478,Strong,1811.668,1806.3558833169634,1808.956724914729
PEM,M15,long,2022-07-04 22:00:00+00:00,2022-07-05 01:00:00+00:00,1810.588,1806.528,1805.008,1821.7479999999998,13,timeout,-0.7275985663082435,22,NY_Late,1.7540882323506615,0.3125,LowVol,0.1588501106807778,Moderate,1809.574,1807.9288730197554,1808.7302742339741
PEM,M15,long,2022-07-05 12:00:00+00:00,2022-07-05 14:00:00+00:00,1811.434,1808.314,1808.314,1817.6739999999998,9,sl,-1.0,12,London,1.287505089705813,0.20833333333333334,LowVol,0.33612562936812845,Strong,1811.564,1808.9989563861488,1809.5456770109306
PEM,M15,short,2022-07-09 00:00:00+00:00,2022-07-09 03:00:00+00:00,1740.978,1741.348,1746.088,1730.7580000000003,13,timeout,-0.07240704500976479,0,Asia,3.391591350908345,0.8229166666666666,HighVol,0.029042913638980834,Flat,1742.738,1741.480722168626,1742.1966666666667
PEM,M15,short,2022-07-11 07:15:00+00:00,2022-07-11 10:15:00+00:00,1741.488,1741.998,1744.068,1736.3280000000002,13,timeout,-0.1976744186046532,7,London,1.582278032516121,0.3125,LowVol,0.025556946142666584,Flat,1740.648,1742.088628629378,1742.413738802744
PEM,M15,long,2022-07-11 10:45:00+00:00,2022-07-11 12:45:00+00:00,1742.058,1740.548,1740.548,1745.078,9,sl,-1.0,10,London,1.6854789254783,0.25,LowVol,0.010666562283075795,Flat,1741.625,1741.6759208858948,1741.1623540933201
PEM,M15,short,2022-07-13 00:45:00+00:00,2022-07-13 03:45:00+00:00,1726.094,1725.974,1733.688,1710.906,13,timeout,0.01580194890704733,0,Asia,2.468817953294607,0.3333333333333333,MidVol,-0.3115805808974978,Strong,1726.688,1731.803845038533,1727.6803004171857
PEM,M15,short,2022-07-13 12:15:00+00:00,2022-07-13 15:00:00+00:00,1725.318,1727.464,1727.464,1721.026,12,sl,-1.0,12,London,1.4056548018601025,0.09375,LowVol,-0.231934894572499,Moderate,1724.934,1727.4216927188425,1726.5825574982298
PEM,M15,long,2022-07-13 18:30:00+00:00,2022-07-13 19:30:00+00:00,1730.548,1725.828,1725.828,1739.988,5,sl,-1.0,18,NY_Late,1.8486887743397664,0.46875,MidVol,0.22237407587986038,Moderate,1729.938,1727.4130276007993,1726.6398315130618
PEM,M15,short,2022-07-14 17:45:00+00:00,2022-07-14 20:45:00+00:00,1713.224,1702.1359999999997,1718.768,1702.1359999999997,13,tp,2.0,17,NY_Late,2.512244326934935,0.46875,MidVol,-0.7298337229871911,Strong,1714.174,1723.9874018471833,1726.478749895621
PEM,M15,long,2022-07-18 10:45:00+00:00,2022-07-18 13:45:00+00:00,1716.134,1713.894,1708.754,1730.8940000000002,13,timeout,-0.30352303523034907,10,London,1.6909001745338708,0.10416666666666667,LowVol,0.6859452735434953,Strong,1715.714,1709.2500607954773,1711.985798516762
PEM,M15,short,2022-07-19 02:30:00+00:00,2022-07-19 06:15:00+00:00,1707.987,1707.964,1712.698,1698.565,13,timeout,0.004882190617732579,2,Asia,2.01310799833809,0.46875,MidVol,-0.40138228230021067,Strong,1707.334,1712.631199066204,1710.0581682016364
PEM,M15,long,2022-07-19 12:45:00+00:00,2022-07-19 15:45:00+00:00,1710.124,1712.204,1706.984,1716.4040000000002,13,timeout,0.6624203821655609,12,London,1.3633869284640097,0.07291666666666667,LowVol,0.011435416210365555,Flat,1710.338,1709.256229686567,1708.7007686700008
PEM,M15,short,2022-07-20 13:15:00+00:00,2022-07-20 16:15:00+00:00,1708.508,1709.811,1713.294,1698.936,13,timeout,-0.27225240284159374,13,NY_Overlap,1.4304135633722022,0.4270833333333333,MidVol,-0.3287310843451216,Strong,1706.534,1711.0781076964229,1710.9618033897982
PEM,M15,short,2022-07-21 01:30:00+00:00,2022-07-21 03:00:00+00:00,1700.844,1695.676,1703.428,1695.676,7,tp,2.0,1,Asia,2.163295301656175,0.78125,HighVol,-0.523113580841852,Strong,1702.138,1707.5099602929788,1701.9985638313344
PEM,M15,short,2022-07-21 03:15:00+00:00,2022-07-21 07:00:00+00:00,1693.158,1694.618,1702.254,1674.966,13,timeout,-0.16051011433597578,3,Asia,2.213971585016207,0.8229166666666666,HighVol,-0.7440763449907466,Strong,1694.958,1705.4384537854924,1700.6326052703137
PEM,M15,short,2022-07-21 07:30:00+00:00,2022-07-21 10:30:00+00:00,1693.778,1692.118,1697.146,1687.0420000000001,13,timeout,0.4928741092636913,7,London,1.4853734235673517,0.4166666666666667,MidVol,-0.9142313864029677,Strong,1694.574,1701.4162237108283,1699.5201090174307
PEM,M15,short,2022-07-21 10:45:00+00:00,2022-07-21 13:45:00+00:00,1692.088,1689.908,1695.148,1685.968,13,timeout,0.7124183006536283,10,London,1.5193979547910577,0.3333333333333333,MidVol,-0.7429215665591047,Strong,1691.588,1698.0793047810114,1697.5562100265445
PEM,M15,long,2022-07-21 20:00:00+00:00,2022-07-21 23:00:00+00:00,1699.146,1713.168,1681.688,1734.0619999999997,13,timeout,0.8031847863443722,20,NY_Late,3.822217527709814,1.0,HighVol,0.12393196737080661,Moderate,1705.768,1690.7430877993086,1692.5990761981077
PEM,M15,long,2022-07-22 03:00:00+00:00,2022-07-22 06:45:00+00:00,1717.858,1718.816,1703.618,1746.338,13,timeout,0.06727528089888224,3,Asia,2.6981458712977964,0.6979166666666666,HighVol,0.9028562249108154,Strong,1719.094,1704.6888414170899,1714.6224725186228
PEM,M15,long,2022-07-22 13:45:00+00:00,2022-07-22 16:45:00+00:00,1719.088,1723.678,1712.958,1731.3479999999997,13,timeout,0.7487765089723057,13,NY_Overlap,1.5411331069496994,0.23958333333333334,LowVol,0.4598252819147147,Strong,1717.384,1713.3391747941084,1715.6295305143958
PEM,M15,short,2022-07-27 20:30:00+00:00,2022-07-27 23:30:00+00:00,1718.298,1719.324,1723.997,1706.8999999999999,13,timeout,-0.1800315844885164,20,NY_Late,2.0852340835632237,0.8020833333333334,HighVol,-0.11978761736466544,Moderate,1717.918,1719.7617739210427,1719.2344791536887
PEM,M15,long,2022-07-28 14:00:00+00:00,2022-07-28 17:00:00+00:00,1740.677,1740.654,1735.338,1751.3549999999998,13,timeout,-0.004307922831974362,14,NY_Overlap,1.6322108828546578,0.07291666666666667,LowVol,0.6853321390824302,Strong,1740.208,1734.197582575663,1733.8415741689485
PEM,M15,long,2022-07-29 13:00:00+00:00,2022-07-29 16:00:00+00:00,1764.468,1763.954,1753.738,1785.928,13,timeout,-0.04790307548929383,13,NY_Overlap,1.773273197458637,0.3541666666666667,MidVol,0.8353762121389349,Strong,1763.368,1755.38939402722,1755.9451786729578
PEM,M15,short,2022-07-29 19:45:00+00:00,2022-07-29 22:15:00+00:00,1757.574,1764.034,1764.034,1744.654,11,sl,-1.0,19,NY_Late,2.7543412385725974,0.7291666666666666,HighVol,-0.02807830758570204,Flat,1757.494,1759.2461555532177,1758.7849345996628
PEM,M15,long,2022-08-02 18:45:00+00:00,2022-08-02 21:45:00+00:00,1778.785,1779.667,1770.708,1794.939,13,timeout,0.1091989600098842,18,NY_Late,2.0741768118679698,0.5729166666666666,MidVol,0.31301463163934445,Strong,1778.944,1773.5587489096897,1773.3612331654303
PEM,M15,short,2022-08-03 01:00:00+00:00,2022-08-03 03:00:00+00:00,1771.844,1761.4560000000001,1777.038,1761.4560000000001,9,tp,2.0,1,Asia,3.368631358849494,0.8541666666666666,HighVol,-0.1954555122087035,Moderate,1768.407,1776.2201320835404,1773.130601263395
PEM,M15,long,2022-08-03 10:45:00+00:00,2022-08-03 13:45:00+00:00,1767.834,1767.758,1760.998,1781.506,13,timeout,-0.01111761263897333,10,London,2.2472287037017775,0.3958333333333333,MidVol,0.058731496461498646,Flat,1767.578,1766.146505245281,1765.1334096762455
PEM,M15,long,2022-08-04 23:45:00+00:00,2022-08-05 02:45:00+00:00,1789.564,1792.224,1777.214,1814.2640000000004,13,timeout,0.2153846153846012,23,NY_Late,2.8467995321835398,0.8541666666666666,HighVol,0.6616791726990617,Strong,1789.574,1779.2243734418194,1776.5089649844783
PEM,M15,short,2022-08-05 23:30:00+00:00,2022-08-06 02:30:00+00:00,1772.768,1774.908,1787.927,1742.4500000000003,13,timeout,-0.14117026189061876,23,NY_Late,3.1913308658973634,0.8645833333333334,HighVol,-0.5029708691237882,Strong,1772.688,1781.704069895631,1782.8481550226388
PEM,M15,short,2022-08-08 07:45:00+00:00,2022-08-08 08:15:00+00:00,1771.918,1774.968,1774.968,1765.8179999999995,3,sl,-1.0,7,London,1.8509705637432605,0.4583333333333333,MidVol,-0.3511159525484539,Strong,1774.308,1776.584730442501,1773.3361953237245
PEM,M15,short,2022-08-08 10:30:00+00:00,2022-08-08 13:00:00+00:00,1772.174,1775.014,1775.014,1766.4940000000001,11,sl,-1.0,10,London,1.516543583847674,0.10416666666666667,LowVol,-0.31079072376989103,Strong,1772.548,1775.7205655317,1773.791137542814
PEM,M15,long,2022-08-08 17:00:00+00:00,2022-08-08 19:00:00+00:00,1776.444,1783.524,1772.904,1783.524,9,tp,2.0,17,NY_Late,1.6204598667050847,0.25,LowVol,0.07606030246331974,Flat,1777.994,1775.2105053800235,1774.6188187237492
PEM,M15,long,2022-08-09 15:45:00+00:00,2022-08-09 18:45:00+00:00,1792.144,1791.308,1784.064,1808.3039999999999,13,timeout,-0.10346534653465597,15,NY_Overlap,1.917787848406415,0.75,HighVol,0.30590735798891383,Strong,1792.228,1786.5243961032465,1787.357071535524
PEM,M15,long,2022-08-09 23:15:00+00:00,2022-08-10 02:15:00+00:00,1795.768,1795.218,1790.248,1806.808,13,timeout,-0.09963768115941238,23,NY_Late,2.6398525804684074,0.9270833333333334,HighVol,0.24150367123378527,Moderate,1795.878,1791.1223885069835,1790.564778171166
PEM,M15,short,2022-08-10 12:00:00+00:00,2022-08-10 15:00:00+00:00,1790.128,1790.494,1792.084,1786.2159999999997,13,timeout,-0.18711656441715793,12,London,0.9702573793888954,0.010416666666666666,LowVol,-0.4184639491923759,Strong,1790.074,1792.5888875807623,1793.6215666058185
PEM,M15,short,2022-08-11 09:15:00+00:00,2022-08-11 12:15:00+00:00,1787.754,1784.748,1792.24,1778.7819999999997,13,timeout,0.6700847079803363,9,London,1.5361072798274784,0.4895833333333333,MidVol,-0.5058195959062404,Strong,1787.028,1791.895977500807,1791.8626524747767
PEM,M15,long,2022-08-11 19:00:00+00:00,2022-08-11 22:00:00+00:00,1794.208,1792.448,1789.668,1803.2880000000005,13,timeout,-0.38766519823786716,19,NY_Late,1.7340356166100614,0.46875,MidVol,0.37228066215352357,Strong,1794.898,1789.401769347041,1789.5538310407871
PEM,M15,long,2022-08-12 10:30:00+00:00,2022-08-12 13:30:00+00:00,1789.48,1790.538,1786.574,1795.292,13,timeout,0.36407432897453934,10,London,1.3123612739314994,0.020833333333333332,LowVol,-0.011446783004624123,Flat,1790.208,1788.741942029239,1788.0594762085511
PEM,M15,short,2022-08-15 12:45:00+00:00,2022-08-15 15:00:00+00:00,1792.715,1787.2689999999996,1795.438,1787.2689999999996,10,tp,2.0,12,London,1.3229299917466402,0.16666666666666666,LowVol,-0.39368861460403715,Strong,1793.138,1796.156305996441,1797.0232287017463
PEM,M15,long,2022-08-16 00:30:00+00:00,2022-08-16 03:30:00+00:00,1783.564,1779.044,1775.568,1799.5560000000003,13,timeout,-0.5652826413206513,0,Asia,2.3820178843419937,0.7604166666666666,HighVol,-0.11340064054300805,Moderate,1782.594,1783.3909372744527,1782.721992414348
PEM,M15,long,2022-08-17 12:00:00+00:00,2022-08-17 14:30:00+00:00,1778.564,1774.698,1774.698,1786.296,11,sl,-1.0,12,London,1.1107247809842256,0.10416666666666667,LowVol,0.2519404751224171,Strong,1778.528,1776.0626081192236,1775.7440982971798
PEM,M15,short,2022-08-17 18:45:00+00:00,2022-08-17 21:45:00+00:00,1768.248,1766.003,1778.085,1748.574,13,timeout,0.228219985768031,18,NY_Late,1.8051494401462775,0.6979166666666666,HighVol,-0.5002519993901038,Strong,1767.738,1774.7929718927808,1775.0810946571016
PEM,M15,short,2022-08-18 11:15:00+00:00,2022-08-18 14:15:00+00:00,1762.074,1761.348,1765.724,1754.7740000000003,13,timeout,0.19890410958907942,11,London,1.3465536701171636,0.15625,LowVol,-0.3332037509771401,Strong,1762.558,1765.5615120101259,1765.0094194447056
PEM,M15,long,2022-08-18 17:15:00+00:00,2022-08-18 20:15:00+00:00,1769.378,1763.748,1763.748,1780.6379999999997,13,sl,-1.0,17,NY_Late,1.5743768550742714,0.4479166666666667,MidVol,0.3663244920311617,Strong,1770.285,1764.9206483186538,1764.680694455326
PEM,M15,short,2022-08-22 07:00:00+00:00,2022-08-22 09:30:00+00:00,1746.278,1747.848,1747.848,1743.1380000000001,11,sl,-1.0,7,London,1.274558117408188,0.03125,LowVol,-0.4599743013796335,Strong,1745.098,1749.307504790404,1746.5122388183029
PEM,M15,short,2022-08-22 11:45:00+00:00,2022-08-22 14:15:00+00:00,1744.848,1739.0679999999998,1747.738,1739.0679999999998,11,tp,2.0,11,London,1.2875578140199102,0.041666666666666664,LowVol,-0.3477296817010968,Strong,1745.158,1747.8047011507915,1746.3752404909367
PEM,M15,short,2022-08-23 12:30:00+00:00,2022-08-23 15:15:00+00:00,1735.858,1738.888,1738.888,1729.798,12,sl,-1.0,12,London,1.2854794100065419,0.03125,LowVol,-0.06103207183933012,Flat,1736.498,1737.2409426950296,1736.9758065379592
PEM,M15,short,2022-08-23 17:45:00+00:00,2022-08-23 20:45:00+00:00,1735.838,1739.468,1739.468,1728.5779999999997,13,sl,-1.0,17,NY_Late,2.127376960944344,0.65625,MidVol,-0.029659427525751254,Flat,1736.738,1737.7046563836784,1737.3017127939481
PEM,M15,long,2022-08-26 00:30:00+00:00,2022-08-26 03:30:00+00:00,1758.554,1757.664,1754.248,1767.1660000000002,13,timeout,-0.20668834184860468,0,Asia,2.0165743136782974,0.7291666666666666,HighVol,-0.01702760261410087,Flat,1758.224,1757.7016495129876,1758.2386316392478
PEM,M15,short,2022-08-26 19:00:00+00:00,2022-08-26 19:30:00+00:00,1743.914,1747.954,1747.954,1735.834,3,sl,-1.0,19,NY_Late,1.6351116949079936,0.53125,MidVol,-0.8932508450310117,Strong,1744.634,1752.4820070961787,1753.4872516879277
PEM,M15,short,2022-08-29 07:00:00+00:00,2022-08-29 08:30:00+00:00,1734.714,1728.6859999999997,1737.728,1728.6859999999997,7,tp,2.0,7,London,1.91771519216825,0.5520833333333334,MidVol,-0.5927765422995396,Strong,1734.714,1740.8749084228857,1735.5975566265372
PEM,M15,short,2022-08-29 11:30:00+00:00,2022-08-29 14:30:00+00:00,1724.178,1721.768,1734.454,1703.6260000000004,13,timeout,0.23452705332815488,11,London,1.8543651878441008,0.3645833333333333,MidVol,-1.0125311950907385,Strong,1722.898,1734.4104870432411,1730.1474567313367
PEM,M15,long,2022-08-29 22:45:00+00:00,2022-08-30 01:45:00+00:00,1740.474,1738.254,1721.988,1777.4459999999997,13,timeout,-0.12009087958455275,22,NY_Late,2.7243887202037045,0.7708333333333334,HighVol,0.5362794940412101,Strong,1739.575,1732.0590062021474,1730.4251086376962
PEM,M15,short,2022-08-30 19:15:00+00:00,2022-08-30 21:30:00+00:00,1731.878,1725.1899999999998,1735.222,1725.1899999999998,10,tp,2.0,19,NY_Late,1.995386861236173,0.6041666666666666,MidVol,-0.14493024307083624,Moderate,1732.698,1734.4788826011318,1735.2233158884617
PEM,M15,long,2022-09-02 13:15:00+00:00,2022-09-02 16:15:00+00:00,1701.164,1704.554,1697.248,1708.9959999999999,13,timeout,0.8656792645557079,13,NY_Overlap,1.2527636474819779,0.08333333333333333,LowVol,0.24266813840100313,Moderate,1700.908,1698.611002424259,1697.3579727647193
PEM,M15,long,2022-09-02 17:00:00+00:00,2022-09-02 19:30:00+00:00,1706.184,1711.3439999999998,1703.604,1711.3439999999998,11,tp,2.0,17,NY_Late,1.373358661695901,0.1875,LowVol,0.7064562392806536,Strong,1707.14,1700.8234331626866,1699.375714261771
PEM,M15,short,2022-09-05 07:15:00+00:00,2022-09-05 08:15:00+00:00,1708.141,1711.478,1711.478,1701.467,5,sl,-1.0,7,London,1.5674812394818824,0.5104166666666666,MidVol,-0.07230918823947591,Flat,1709.364,1709.364605270345,1709.5554106742272
PEM,M15,short,2022-09-05 09:45:00+00:00,2022-09-05 10:45:00+00:00,1709.214,1712.574,1712.574,1702.4939999999997,5,sl,-1.0,9,London,1.6286090273947307,0.53125,MidVol,0.05881668120416714,Flat,1708.648,1709.615745247589,1710.1166897706414
PEM,M15,short,2022-09-05 23:00:00+00:00,2022-09-06 05:15:00+00:00,1710.274,1711.708,1712.465,1705.8919999999998,13,timeout,-0.654495664080409,23,NY_Late,1.3629691135161566,0.010416666666666666,LowVol,-0.10808699008574946,Moderate,1710.534,1711.6333754547393,1711.5551859385573
PEM,M15,short,2022-09-06 20:30:00+00:00,2022-09-06 23:30:00+00:00,1706.808,1703.024,1716.028,1688.368,13,timeout,0.4104121475054332,20,NY_Late,2.3075399145550874,1.0,HighVol,-0.3594053537346732,Strong,1709.134,1713.5148955978038,1714.4927780556575
PEM,M15,short,2022-09-07 00:30:00+00:00,2022-09-07 03:30:00+00:00,1700.734,1700.741,1704.218,1693.7659999999996,13,timeout,-0.0020091848450234048,0,Asia,2.57950770386162,0.8541666666666666,HighVol,-0.550328645284989,Strong,1701.878,1709.27828086274,1701.5518397770752
PEM,M15,long,2022-09-07 16:15:00+00:00,2022-09-07 19:15:00+00:00,1704.558,1701.654,1692.418,1728.8380000000002,13,timeout,-0.23920922570016248,16,NY_Overlap,2.0983095859668808,0.6145833333333334,MidVol,0.3939342491427543,Strong,1704.624,1699.880776626512,1699.0521240316302
PEM,M15,long,2022-09-08 00:15:00+00:00,2022-09-08 03:15:00+00:00,1714.805,1716.668,1709.488,1725.439,13,timeout,0.35038555576449626,0,Asia,2.464446828134892,0.8333333333333334,HighVol,0.6579466367943216,Strong,1715.368,1704.9954279230346,1714.6652920537938
PEM,M15,long,2022-09-13 17:00:00+00:00,2022-09-13 19:30:00+00:00,1727.683,1720.198,1720.198,1742.6529999999998,11,sl,-1.0,17,NY_Late,1.6292756739924041,0.3229166666666667,LowVol,0.2834726553159315,Strong,1726.794,1724.1397253376554,1725.02154923038
PEM,M15,short,2022-09-13 23:15:00+00:00,2022-09-14 02:15:00+00:00,1700.568,1703.124,1728.364,1644.9759999999999,13,timeout,-0.09195567707583953,23,NY_Late,3.6501881630901334,0.8645833333333334,HighVol,-0.7279015344363636,Strong,1703.758,1716.4357302936385,1717.1029469041125
PEM,M15,short,2022-09-14 11:30:00+00:00,2022-09-14 11:45:00+00:00,1699.748,1702.434,1702.434,1694.3760000000002,2,sl,-1.0,11,London,1.6867307894114383,0.3541666666666667,MidVol,-0.43058117421400693,Strong,1701.384,1704.4297428424627,1702.4638401416569
PEM,M15,short,2022-09-15 00:30:00+00:00,2022-09-15 03:30:00+00:00,1699.594,1697.208,1703.938,1690.906,13,timeout,0.5492633517495256,0,Asia,2.1671159734732655,0.65625,MidVol,-0.2218429837220994,Moderate,1699.424,1703.3112945032117,1700.2304509606502
PEM,M15,short,2022-09-15 12:15:00+00:00,2022-09-15 15:15:00+00:00,1686.968,1688.534,1695.048,1670.8080000000002,13,timeout,-0.1938118811881244,12,London,1.5947232826216022,0.3125,LowVol,-0.7823678879522071,Strong,1687.738,1695.9208380378,1695.5807181658995
PEM,M15,long,2022-09-19 22:15:00+00:00,2022-09-20 01:15:00+00:00,1672.868,1670.218,1660.678,1697.2479999999996,13,timeout,-0.21739130434781798,22,NY_Late,2.880427216278793,0.8333333333333334,HighVol,0.26149850120421575,Strong,1675.108,1667.0417448209867,1666.9609996582512
PEM,M15,long,2022-09-20 07:30:00+00:00,2022-09-20 10:30:00+00:00,1678.498,1676.748,1673.088,1689.3180000000002,13,timeout,-0.323475046210716,7,London,1.3002979997900967,0.0625,LowVol,0.7403516890908636,Strong,1678.175,1672.119710706584,1672.4199972039758
PEM,M15,short,2022-09-20 13:00:00+00:00,2022-09-20 13:45:00+00:00,1672.295,1674.565,1674.565,1667.755,4,sl,-1.0,13,NY_Overlap,1.3392506448071686,0.125,LowVol,-0.20538680752384125,Moderate,1670.458,1673.4499530255353,1673.396295245108
PEM,M15,short,2022-09-21 11:45:00+00:00,2022-09-21 13:00:00+00:00,1661.948,1665.118,1665.118,1655.6080000000004,6,sl,-1.0,11,London,1.3093915031086791,0.10416666666666667,LowVol,-0.33320787630812926,Strong,1662.595,1665.0458235871026,1664.45189557051
PEM,M15,long,2022-09-21 16:45:00+00:00,2022-09-21 19:45:00+00:00,1673.895,1673.835,1670.368,1680.949,13,timeout,-0.017011624610134588,16,NY_Overlap,2.0704622791725327,0.5833333333333334,MidVol,0.47722674390728625,Strong,1674.428,1667.854165494845,1667.4097318378397
PEM,M15,short,2022-09-22 00:15:00+00:00,2022-09-22 01:45:00+00:00,1665.108,1674.435,1674.435,1646.454,7,sl,-1.0,0,Asia,1.8749029888744742,0.40625,MidVol,-0.3266515219351433,Strong,1666.098,1669.3762192332879,1665.5607782215009
PEM,M15,short,2022-09-22 05:45:00+00:00,2022-09-22 07:15:00+00:00,1671.158,1664.2379999999998,1674.618,1664.2379999999998,7,tp,2.0,5,Asia,3.6517916855800747,0.8645833333333334,HighVol,0.04564450391961408,Flat,1670.634,1671.155396283995,1672.9628245763959
PEM,M15,short,2022-09-23 17:00:00+00:00,2022-09-23 18:00:00+00:00,1657.602,1642.9700000000005,1664.918,1642.9700000000005,5,tp,2.0,17,NY_Late,2.7827733360781446,0.5625,MidVol,-0.6105841918236996,Strong,1656.031,1668.165703814157,1668.7982247583068
PEM,M15,short,2022-09-26 08:15:00+00:00,2022-09-26 08:15:00+00:00,1634.368,1644.843,1644.843,1613.4179999999997,1,sl,-1.0,8,London,3.903030364759294,0.875,HighVol,-0.3784727473748419,Strong,1638.415,1646.6528619924622,1639.7507990925515
PEM,M15,short,2022-09-28 12:30:00+00:00,2022-09-28 14:15:00+00:00,1623.578,1618.638,1626.048,1618.638,8,tp,2.0,12,London,1.5403773242219858,0.0625,LowVol,-0.4445060118140817,Strong,1624.868,1627.7144967098104,1627.778645150853
PEM,M15,long,2022-09-28 23:00:00+00:00,2022-09-29 02:00:00+00:00,1654.915,1661.285,1636.122,1692.5009999999997,13,timeout,0.3389559942531876,23,NY_Late,4.322341501338072,0.9166666666666666,HighVol,0.896106279254695,Strong,1659.758,1634.8126716380052,1631.7171365918853
PEM,M15,long,2022-09-29 23:15:00+00:00,2022-09-30 02:15:00+00:00,1660.356,1659.415,1647.85,1685.3680000000002,13,timeout,-0.07524388293619258,23,NY_Late,4.039529259397022,0.90625,HighVol,0.40913797680024827,Strong,1664.306,1651.6941573841068,1652.3322224708058
PEM,M15,long,2022-09-30 12:45:00+00:00,2022-09-30 14:30:00+00:00,1665.025,1673.4590000000003,1660.808,1673.4590000000003,8,tp,2.0,12,London,1.601695686610681,0.0625,LowVol,0.46354922669889526,Strong,1666.388,1660.6501237249097,1661.0136480093363
PEM,M15,short,2022-10-01 01:00:00+00:00,2022-10-01 04:00:00+00:00,1661.265,1659.978,1673.638,1636.5190000000005,13,timeout,0.10401681079770898,1,Asia,2.825739011562843,0.6979166666666666,HighVol,-0.21300711588612672,Moderate,1663.088,1666.4543497349557,1663.6487205499286
PEM,M15,long,2022-10-03 08:45:00+00:00,2022-10-03 11:15:00+00:00,1667.498,1663.118,1663.118,1676.2580000000003,11,sl,-1.0,8,London,1.664053290121397,0.14583333333333334,LowVol,0.14032183742438173,Moderate,1668.085,1664.816931016384,1664.931335699209
PEM,M15,long,2022-10-04 01:00:00+00:00,2022-10-04 04:00:00+00:00,1696.475,1699.608,1663.921,1761.5829999999996,13,timeout,0.09624009338330318,1,Asia,3.941770536368942,0.8541666666666666,HighVol,0.8607080069754051,Strong,1694.675,1676.4993675603591,1692.9769869293552
PEM,M15,long,2022-10-06 10:15:00+00:00,2022-10-06 13:15:00+00:00,1721.948,1722.854,1719.398,1727.0480000000005,13,timeout,0.3552941176470135,10,London,1.8653621758308256,0.17708333333333334,LowVol,0.5092545436803183,Strong,1723.398,1717.0096993614736,1716.1801716221712
PEM,M15,short,2022-10-10 10:45:00+00:00,2022-10-10 13:45:00+00:00,1688.428,1686.194,1693.038,1679.2080000000003,13,timeout,0.4845986984816051,10,London,2.0510551100164167,0.2708333333333333,LowVol,-0.7030052791707069,Strong,1688.478,1697.2388624961259,1693.7622707515961
PEM,M15,long,2022-10-11 19:15:00+00:00,2022-10-11 22:15:00+00:00,1670.478,1671.415,1662.595,1686.2440000000001,13,timeout,0.11886337688695847,19,NY_Late,2.7408452563153753,0.7083333333333334,HighVol,0.17366548971246862,Moderate,1671.248,1667.273370847706,1667.0619959725009
PEM,M15,short,2022-10-12 02:15:00+00:00,2022-10-12 06:00:00+00:00,1665.472,1665.315,1682.958,1630.4999999999998,13,timeout,0.008978611460592732,2,Asia,3.453095021191542,0.9479166666666666,HighVol,0.015577835486208488,Flat,1664.335,1671.7110405401334,1675.6018151086378
PEM,M15,long,2022-10-13 00:30:00+00:00,2022-10-13 01:15:00+00:00,1670.695,1677.869,1667.108,1677.869,4,tp,2.0,0,Asia,2.6396546686610267,0.5833333333333334,MidVol,0.06525655214686864,Flat,1670.958,1669.1685046803304,1670.187486968269
PEM,M15,long,2022-10-14 01:00:00+00:00,2022-10-14 04:00:00+00:00,1670.138,1666.208,1646.018,1718.3779999999997,13,timeout,-0.16293532338307853,1,Asia,4.830129463025915,0.78125,HighVol,0.15093809120672777,Moderate,1670.257,1665.210896930867,1669.0339797278812
PEM,M15,short,2022-10-14 08:45:00+00:00,2022-10-14 08:45:00+00:00,1659.645,1663.065,1663.065,1652.8049999999998,1,sl,-1.0,8,London,2.356707570061161,0.5833333333333334,MidVol,-0.2261501101013856,Moderate,1665.485,1664.500938707937,1666.5214514212153
PEM,M15,short,2022-10-18 00:15:00+00:00,2022-10-18 03:15:00+00:00,1657.798,1648.928,1663.748,1645.898,13,timeout,1.4907563025209787,0,Asia,2.426594681486386,0.65625,MidVol,0.1524271580266219,Moderate,1659.118,1657.8287117266632,1658.167102963466
PEM,M15,long,2022-10-18 19:45:00+00:00,2022-10-18 21:30:00+00:00,1655.448,1650.908,1650.908,1664.5280000000005,8,sl,-1.0,19,NY_Late,2.318022011634705,0.625,MidVol,0.07080439948111249,Flat,1656.118,1653.5436941554892,1653.2044152540886
PEM,M15,short,2022-10-19 10:15:00+00:00,2022-10-19 13:15:00+00:00,1649.757,1645.807,1653.098,1643.0750000000003,13,timeout,1.182280754265241,10,London,1.389979028402129,0.10416666666666667,LowVol,-0.1670666873671165,Moderate,1650.338,1651.7062180111986,1650.7853122633292
PEM,M15,short,2022-10-21 01:45:00+00:00,2022-10-21 05:30:00+00:00,1628.428,1626.657,1633.467,1618.3500000000001,13,timeout,0.3514586227426454,1,Asia,2.510648934113406,0.75,HighVol,-0.3666264327326212,Strong,1628.498,1633.9793732193843,1631.12343652972
PEM,M15,short,2022-10-21 11:15:00+00:00,2022-10-21 14:15:00+00:00,1620.647,1618.797,1628.147,1605.647,13,timeout,0.24666666666665454,11,London,1.6688833224981334,0.22916666666666666,LowVol,-0.6195208958129907,Strong,1620.807,1628.069128343092,1628.1060970298868
PEM,M15,long,2022-10-21 17:30:00+00:00,2022-10-21 19:30:00+00:00,1625.598,1620.837,1620.837,1635.12,9,sl,-1.0,17,NY_Late,2.293535368360102,0.4895833333333333,MidVol,0.028215110492501135,Flat,1625.688,1624.7797619985206,1624.7608806198207
PEM,M15,long,2022-10-25 11:00:00+00:00,2022-10-25 12:15:00+00:00,1651.808,1648.448,1648.448,1658.5279999999998,6,sl,-1.0,11,London,1.570412790139779,0.10416666666666667,LowVol,0.023825783436693265,Flat,1651.228,1650.3779630647257,1650.3711933603765
PEM,M15,long,2022-10-25 13:45:00+00:00,2022-10-25 14:15:00+00:00,1651.267,1648.017,1648.017,1657.767,3,sl,-1.0,13,NY_Overlap,1.4868314174426516,0.13541666666666666,LowVol,-0.09275672162638868,Flat,1650.368,1650.1618536830297,1650.194894671333
PEM,M15,long,2022-10-27 12:30:00+00:00,2022-10-27 13:45:00+00:00,1666.258,1662.848,1662.848,1673.0780000000002,6,sl,-1.0,12,London,1.6805185631852968,0.2604166666666667,LowVol,-0.0439982554413149,Flat,1665.778,1665.2040896932372,1665.7549764099124
PEM,M15,short,2022-10-27 18:00:00+00:00,2022-10-27 19:30:00+00:00,1660.597,1664.248,1664.248,1653.2949999999998,7,sl,-1.0,18,NY_Late,2.0943547702936836,0.46875,MidVol,-0.23082963512163224,Moderate,1661.197,1663.843948942449,1664.4256165937152
PEM,M15,short,2022-10-28 00:00:00+00:00,2022-10-28 03:00:00+00:00,1657.088,1662.168,1664.747,1641.7699999999998,13,timeout,-0.663271967619775,0,Asia,3.0627164960528583,0.84375,HighVol,-0.2011633898472088,Moderate,1657.798,1662.2158208337823,1657.6546666666666
PEM,M15,short,2022-10-28 13:00:00+00:00,2022-10-28 15:15:00+00:00,1660.647,1651.225,1665.358,1651.225,10,tp,2.0,13,NY_Overlap,1.7670498867357494,0.21875,LowVol,-0.047244835454341175,Flat,1659.807,1662.6238794215085,1661.594161573986
PEM,M15,short,2022-10-31 13:15:00+00:00,2022-10-31 16:15:00+00:00,1641.427,1636.758,1645.328,1633.6249999999998,13,timeout,1.1968725967700047,13,NY_Overlap,1.4274320415533943,0.052083333333333336,LowVol,-0.21267887543851308,Moderate,1640.977,1643.9840309211074,1642.838950781526
PEM,M15,short,2022-10-31 22:45:00+00:00,2022-11-01 01:45:00+00:00,1637.508,1635.697,1641.438,1629.648,13,timeout,0.4608142493638982,22,NY_Late,2.3259429739086728,0.7708333333333334,HighVol,-0.12946787980050034,Moderate,1637.078,1640.0675760947277,1639.6940357094097
PEM,M15,short,2022-11-01 07:15:00+00:00,2022-11-01 08:15:00+00:00,1631.868,1634.298,1634.298,1627.0079999999998,5,sl,-1.0,7,London,1.273779379164309,0.03125,LowVol,-0.5588866423193193,Strong,1632.008,1635.8371566347266,1634.7254055134183
PEM,M15,long,2022-11-01 13:00:00+00:00,2022-11-01 16:00:00+00:00,1641.018,1646.898,1631.948,1659.158,13,timeout,0.6482910694597489,13,NY_Overlap,1.492808005076337,0.28125,LowVol,0.34366907048677775,Strong,1641.578,1636.925043407826,1635.942243309466
PEM,M15,short,2022-11-03 10:30:00+00:00,2022-11-03 13:30:00+00:00,1636.058,1634.347,1638.998,1630.1779999999999,13,timeout,0.5819727891156398,10,London,2.1071191333579637,0.5104166666666666,MidVol,-0.43804089877618,Strong,1636.568,1641.4684059639292,1648.6575743129317
PEM,M15,short,2022-11-03 23:15:00+00:00,2022-11-04 02:15:00+00:00,1625.638,1631.728,1634.888,1607.138,13,timeout,-0.6583783783783941,23,NY_Late,3.365196016982832,0.7708333333333334,HighVol,-0.015766525680359484,Flat,1627.668,1627.7849148862792,1634.3666753491086
PEM,M15,long,2022-11-04 20:15:00+00:00,2022-11-04 23:15:00+00:00,1660.148,1671.118,1645.138,1690.168,13,timeout,0.7308461025982701,20,NY_Late,3.790280096702394,1.0,HighVol,0.6080942265821068,Strong,1665.768,1645.1728391425943,1645.9177852608275
PEM,M15,short,2022-11-07 14:45:00+00:00,2022-11-07 15:30:00+00:00,1667.858,1672.398,1672.398,1658.778,4,sl,-1.0,14,NY_Overlap,2.1002518002842927,0.08333333333333333,LowVol,-0.06663462207327395,Flat,1668.557,1670.2776263211506,1672.2525211738352
PEM,M15,short,2022-11-08 12:00:00+00:00,2022-11-08 15:00:00+00:00,1669.848,1669.978,1673.807,1661.9299999999998,13,timeout,-0.03283657489267673,12,London,1.3050629159263498,0.03125,LowVol,-0.4597131740890847,Strong,1669.638,1674.0865666733014,1674.7958936335922
PEM,M15,long,2022-11-09 00:15:00+00:00,2022-11-09 03:15:00+00:00,1715.967,1711.568,1671.828,1804.2450000000003,13,timeout,-0.09966243005052453,0,Asia,3.7608326241366177,0.9375,HighVol,1.6348597698945464,Strong,1710.988,1683.4470701707046,1714.2345347199866
PEM,M15,long,2022-11-09 14:30:00+00:00,2022-11-09 17:00:00+00:00,1711.468,1707.968,1707.968,1718.468,11,sl,-1.0,14,NY_Overlap,1.7003513437403086,0.15625,LowVol,0.5108938137015452,Strong,1712.038,1706.179816361001,1711.113104811332
PEM,M15,short,2022-11-10 01:45:00+00:00,2022-11-10 04:45:00+00:00,1709.287,1705.798,1714.257,1699.347,13,timeout,0.7020120724346104,1,Asia,2.998561931217556,0.78125,HighVol,-0.023682492127625243,Flat,1705.508,1709.8353342169346,1710.7239258413044
PEM,M15,long,2022-11-10 08:45:00+00:00,2022-11-10 11:45:00+00:00,1708.047,1708.557,1703.977,1716.187,13,timeout,0.12530712530712504,8,London,1.828098635163003,0.23958333333333334,LowVol,-0.07466401203971046,Flat,1705.068,1707.43310210117,1707.589094764277
PEM,M15,long,2022-11-10 12:45:00+00:00,2022-11-10 14:15:00+00:00,1711.078,1708.148,1708.148,1716.938,7,sl,-1.0,12,London,1.576450391841142,0.0625,LowVol,0.2387557041697683,Moderate,1710.108,1708.153954906526,1707.8124414988029
PEM,M15,long,2022-11-10 20:15:00+00:00,2022-11-10 20:30:00+00:00,1709.258,1714.318,1706.728,1714.318,2,tp,2.0,20,NY_Late,1.876151035524822,0.3229166666666667,LowVol,0.07307299188191724,Flat,1710.048,1707.9556996454528,1707.7236829842043
PEM,M15,long,2022-11-11 03:15:00+00:00,2022-11-11 07:00:00+00:00,1753.647,1752.297,1746.118,1768.705,13,timeout,-0.17930668083409612,3,Asia,2.9208284957676414,0.71875,HighVol,1.2879631116012715,Strong,1754.298,1733.8596949567125,1749.9242703392017
PEM,M15,long,2022-11-11 12:30:00+00:00,2022-11-11 15:30:00+00:00,1754.148,1760.227,1747.108,1768.2279999999998,13,timeout,0.863494318181848,12,London,2.3259952258451335,0.5833333333333334,MidVol,0.6199545324550628,Strong,1761.467,1746.911206888067,1751.0878900384462
PEM,M15,long,2022-11-14 21:00:00+00:00,2022-11-15 00:00:00+00:00,1762.458,1769.928,1754.098,1779.1780000000003,13,timeout,0.893540669856449,21,NY_Late,2.5121092518902173,0.4270833333333333,MidVol,0.10790069272324186,Moderate,1763.538,1760.2041130905275,1760.5503154017367
PEM,M15,long,2022-11-15 12:45:00+00:00,2022-11-15 13:00:00+00:00,1773.058,1770.498,1770.498,1778.1779999999999,2,sl,-1.0,12,London,1.5029156023973742,0.07291666666666667,LowVol,0.3213880684585992,Strong,1772.108,1769.520583380972,1770.8880100864947
PEM,M15,short,2022-11-16 11:30:00+00:00,2022-11-16 14:30:00+00:00,1770.408,1773.058,1777.208,1756.8079999999995,13,timeout,-0.3897058823529441,11,London,2.1374128469431573,0.17708333333333334,LowVol,-0.2897976218469788,Strong,1771.067,1775.2035922503624,1775.0201729056469
PEM,M15,short,2022-11-17 02:00:00+00:00,2022-11-17 05:00:00+00:00,1772.447,1773.198,1783.398,1750.5449999999998,13,timeout,-0.06857821203544902,2,Asia,2.3552736096932043,0.4479166666666667,MidVol,-0.2954387483109386,Strong,1772.498,1776.587609632588,1773.7692949417963
PEM,M15,short,2022-11-17 09:15:00+00:00,2022-11-17 12:15:00+00:00,1769.508,1761.958,1775.888,1756.7480000000003,13,timeout,1.183385579937319,9,London,1.612658022862852,0.11458333333333333,LowVol,-0.40435610989110754,Strong,1768.168,1774.503528405687,1773.3339002291702
PEM,M15,short,2022-11-17 18:15:00+00:00,2022-11-17 19:00:00+00:00,1762.337,1765.518,1765.518,1755.975,4,sl,-1.0,18,NY_Late,2.0377359345760007,0.5416666666666666,MidVol,-0.44138964426591415,Strong,1761.748,1767.6351835665364,1768.6275180847983
PEM,M15,short,2022-11-18 19:15:00+00:00,2022-11-18 22:15:00+00:00,1759.488,1753.987,1765.467,1747.53,13,timeout,0.9200535206556176,19,NY_Late,2.093302228003082,0.6458333333333334,MidVol,-0.13365617501698138,Moderate,1761.038,1762.976206838345,1762.0474450745426
PEM,M15,short,2022-11-19 00:30:00+00:00,2022-11-19 03:30:00+00:00,1751.927,1748.348,1762.458,1730.8649999999996,13,timeout,0.33985376507453147,0,Asia,2.516184732831996,0.8229166666666666,HighVol,-0.46125217622241466,Strong,1750.988,1759.4103265602437,1752.8401699400579
PEM,M15,long,2022-11-22 07:45:00+00:00,2022-11-22 10:45:00+00:00,1740.728,1744.097,1736.618,1748.9480000000003,13,timeout,0.8197080291970341,7,London,1.458693332339163,0.020833333333333332,LowVol,0.034396407848987384,Flat,1741.358,1739.6140518438676,1737.3370358759526
PEM,M15,short,2022-11-22 23:15:00+00:00,2022-11-23 02:15:00+00:00,1741.308,1738.267,1745.068,1733.788,13,timeout,0.8087765957446669,23,NY_Late,2.1382082579909842,0.8125,HighVol,-0.15163185287623399,Moderate,1739.778,1743.7762705984599,1743.0277222511488
PEM,M15,short,2022-11-23 11:30:00+00:00,2022-11-23 14:30:00+00:00,1734.918,1740.748,1742.398,1719.9579999999999,13,timeout,-0.7794117647059011,11,London,1.4927454107118863,0.4270833333333333,MidVol,-0.4699983020837021,Strong,1734.238,1740.1516266040974,1739.300862391262
PEM,M15,long,2022-11-24 02:00:00+00:00,2022-11-24 05:00:00+00:00,1746.008,1749.225,1740.497,1757.03,13,timeout,0.5837416076936836,2,Asia,2.4521181341850964,0.8125,HighVol,0.325370352830987,Strong,1743.077,1740.337716286663,1743.2437639048535
PEM,M15,long,2022-11-24 14:30:00+00:00,2022-11-24 15:15:00+00:00,1756.958,1752.897,1752.897,1765.0800000000004,4,sl,-1.0,14,NY_Overlap,1.4186870328144632,0.11458333333333333,LowVol,0.533993887134895,Strong,1756.858,1751.4785718988167,1750.7208402734927
PEM,M15,long,2022-11-24 19:15:00+00:00,2022-11-24 20:30:00+00:00,1758.347,1755.668,1755.668,1763.7050000000002,6,sl,-1.0,19,NY_Late,1.6704377437435876,0.3125,LowVol,0.4099778337471765,Strong,1758.118,1753.9384394188453,1752.5252011981167
PEM,M15,short,2022-11-25 01:00:00+00:00,2022-11-25 07:15:00+00:00,1754.907,1753.478,1757.217,1750.2869999999996,13,timeout,0.6186147186146117,1,Asia,1.2025322572796755,0.010416666666666666,LowVol,0.060653861849299405,Flat,1755.047,1755.2913709898403,1755.774164872281
PEM,M15,short,2022-11-25 07:30:00+00:00,2022-11-25 08:30:00+00:00,1753.468,1755.848,1755.848,1748.7080000000003,5,sl,-1.0,7,London,1.0871192321114214,0.10416666666666667,LowVol,-0.11525924274041588,Moderate,1752.698,1754.9670514904053,1754.9968609900707
PEM,M15,short,2022-11-25 13:15:00+00:00,2022-11-25 15:15:00+00:00,1756.478,1750.6580000000004,1759.388,1750.6580000000004,9,tp,2.0,13,NY_Overlap,1.3517528487641646,0.46875,MidVol,0.05715280380295491,Flat,1754.628,1756.3324467981436,1756.5522637644215
PEM,M15,short,2022-11-28 08:45:00+00:00,2022-11-28 11:45:00+00:00,1747.797,1750.488,1755.787,1731.817,13,timeout,-0.3367959949937457,8,London,2.0352897112036747,0.9375,HighVol,-0.23989639245631567,Moderate,1746.818,1751.9191064468641,1750.6050453955297
PEM,M15,short,2022-11-29 01:45:00+00:00,2022-11-29 04:45:00+00:00,1741.368,1740.828,1750.328,1723.4479999999999,13,timeout,0.060267857142852835,1,Asia,2.3712488644479697,0.8020833333333334,HighVol,-0.6504730827632698,Strong,1741.518,1749.857761767051,1743.2246107141164
PEM,M15,short,2022-11-30 21:15:00+00:00,2022-11-30 21:45:00+00:00,1755.328,1762.507,1762.507,1740.9699999999998,3,sl,-1.0,21,NY_Late,2.718877028409719,0.9375,HighVol,0.13993636999540746,Moderate,1759.448,1757.0241059582368,1755.9637371369283
PEM,M15,long,2022-12-01 02:15:00+00:00,2022-12-01 06:00:00+00:00,1761.548,1768.748,1750.707,1783.2299999999998,13,timeout,0.6641453740429957,2,Asia,3.8385996448587667,1.0,HighVol,0.03928563115301829,Flat,1759.898,1755.6468005553336,1755.6773184054246
PEM,M15,long,2022-12-01 19:45:00+00:00,2022-12-01 21:00:00+00:00,1783.638,1791.7779999999998,1779.568,1791.7779999999998,6,tp,2.0,19,NY_Late,2.092968020020905,0.21875,LowVol,0.5458575754515032,Strong,1783.118,1776.157151363468,1771.3813136275628
PEM,M15,short,2022-12-06 13:00:00+00:00,2022-12-06 15:15:00+00:00,1769.568,1772.798,1772.798,1763.108,10,sl,-1.0,13,NY_Overlap,1.9399449541616347,0.40625,MidVol,-0.34239906973885903,Strong,1770.668,1774.4388266534245,1770.8152378961768
PEM,M15,long,2022-12-06 19:30:00+00:00,2022-12-06 22:15:00+00:00,1780.008,1772.368,1772.368,1795.2880000000002,12,sl,-1.0,19,NY_Late,2.0352878117096926,0.5104166666666666,MidVol,0.421740298079938,Strong,1780.188,1773.9272588423394,1771.7153525837198
PEM,M15,short,2022-12-07 02:15:00+00:00,2022-12-07 06:00:00+00:00,1768.017,1770.877,1773.028,1757.9950000000001,13,timeout,-0.5707443624026978,2,Asia,2.009426700853926,0.4375,MidVol,-0.40767029423193163,Strong,1769.018,1773.2243563140046,1770.6815523589662
PEM,M15,short,2022-12-07 12:15:00+00:00,2022-12-07 12:15:00+00:00,1770.958,1773.208,1773.208,1766.458,1,sl,-1.0,12,London,1.4773793098713768,0.17708333333333334,LowVol,-0.03231408731476051,Flat,1773.058,1772.0552280774198,1771.2430571625075
PEM,M15,short,2022-12-09 22:45:00+00:00,2022-12-09 23:30:00+00:00,1792.548,1800.318,1800.318,1777.008,4,sl,-1.0,22,NY_Late,3.590663224479257,1.0,HighVol,0.03638417314202079,Flat,1795.038,1794.6285275764453,1794.3200451745527
PEM,M15,long,2022-12-12 19:00:00+00:00,2022-12-12 19:45:00+00:00,1794.828,1791.378,1791.378,1801.728,4,sl,-1.0,19,NY_Late,1.6466637162219722,0.3020833333333333,LowVol,0.24154022064533767,Moderate,1794.058,1791.457040906385,1790.5437324187606
PEM,M15,long,2022-12-13 10:15:00+00:00,2022-12-13 10:45:00+00:00,1785.835,1782.765,1782.765,1791.975,3,sl,-1.0,10,London,1.2865216313156156,0.07291666666666667,LowVol,0.12476037682384077,Moderate,1784.705,1784.0109194731758,1781.8083927080047
PEM,M15,long,2022-12-13 18:00:00+00:00,2022-12-13 20:30:00+00:00,1786.358,1794.4639999999997,1782.305,1794.4639999999997,11,tp,2.0,18,NY_Late,1.7486195802584474,0.65625,MidVol,0.057044707308158416,Flat,1787.068,1784.674658839265,1783.6683692061458
PEM,M15,short,2022-12-15 01:45:00+00:00,2022-12-15 02:00:00+00:00,1807.335,1800.0350000000003,1810.985,1800.0350000000003,2,tp,2.0,1,Asia,1.9000230074497566,0.5625,MidVol,-0.07007142688652432,Flat,1808.905,1808.8500227801574,1808.7433735175393
PEM,M15,short,2022-12-15 08:45:00+00:00,2022-12-15 11:45:00+00:00,1802.255,1790.925,1808.965,1788.8350000000005,13,timeout,1.6885245901640056,8,London,2.450293475301818,0.7708333333333334,HighVol,-0.2896112073875985,Strong,1800.395,1806.9700823392598,1804.7109207289793
PEM,M15,long,2022-12-16 20:45:00+00:00,2022-12-16 22:00:00+00:00,1785.288,1792.2939999999999,1781.785,1792.2939999999999,6,tp,2.0,20,NY_Late,2.1264640935561587,0.5625,MidVol,0.38630759488746463,Strong,1786.325,1780.7210619711968,1779.7435832757894
PEM,M15,long,2022-12-17 03:30:00+00:00,2022-12-19 07:15:00+00:00,1793.028,1791.385,1786.515,1806.0539999999999,13,timeout,-0.25226470136650536,3,Asia,1.9348135127545527,0.4270833333333333,MidVol,0.5966885904423064,Strong,1793.718,1786.5180035955357,1790.6086515612308
PEM,M15,short,2022-12-19 20:45:00+00:00,2022-12-19 23:45:00+00:00,1792.435,1788.645,1797.025,1783.2549999999997,13,timeout,0.8257080610021446,20,NY_Late,1.7212417618343956,0.59375,MidVol,-0.056658000813246505,Flat,1792.735,1793.4884103939612,1794.0593882369783
PEM,M15,long,2022-12-20 22:00:00+00:00,2022-12-20 22:15:00+00:00,1808.448,1817.7540000000001,1803.795,1817.7540000000001,2,tp,2.0,22,NY_Late,3.017844089605971,1.0,HighVol,0.5153047523314632,Strong,1813.755,1799.716746449033,1797.0971086777404
PEM,M15,long,2022-12-21 00:45:00+00:00,2022-12-21 03:45:00+00:00,1819.088,1818.215,1813.985,1829.294,13,timeout,-0.17107583774251148,0,Asia,2.9387574843125392,0.8854166666666666,HighVol,0.8651007632223104,Strong,1818.228,1805.5261970636197,1818.7268441222802
PEM,M15,long,2022-12-21 20:15:00+00:00,2022-12-21 23:15:00+00:00,1815.825,1816.695,1811.705,1824.0650000000003,13,timeout,0.21116504854365678,20,NY_Late,1.583898203921403,0.2604166666666667,LowVol,0.09802069778531648,Flat,1816.737,1814.0821673273326,1815.7776214846926
PEM,M15,short,2022-12-22 01:45:00+00:00,2022-12-22 04:45:00+00:00,1815.435,1814.087,1818.255,1809.7949999999996,13,timeout,0.4780141843971199,1,Asia,1.9448696645487342,0.7291666666666666,HighVol,0.05924585049427729,Flat,1817.145,1815.8756621788932,1816.7589131991347
PEM,M15,long,2022-12-22 12:30:00+00:00,2022-12-22 14:00:00+00:00,1820.155,1815.545,1815.545,1829.3749999999998,7,sl,-1.0,12,London,1.141541903919745,0.010416666666666666,LowVol,0.38897574753564057,Strong,1819.345,1817.2416308025229,1817.4147445177098
PEM,M15,short,2022-12-23 01:15:00+00:00,2022-12-23 04:15:00+00:00,1788.985,1791.325,1816.315,1734.3249999999996,13,timeout,-0.08562019758507619,1,Asia,2.7328747166690976,0.9270833333333334,HighVol,-1.0514055692993913,Strong,1789.715,1806.7112677996163,1792.5897745539978
PEM,M15,short,2022-12-23 21:30:00+00:00,2022-12-23 22:30:00+00:00,1793.955,1799.565,1799.565,1782.7349999999997,5,sl,-1.0,21,NY_Late,2.327658924596907,0.6875,HighVol,-0.11876973058089227,Moderate,1792.675,1796.5611461475146,1794.2604905845542
PEM,M15,short,2022-12-24 01:15:00+00:00,2022-12-24 04:15:00+00:00,1796.947,1798.095,1802.915,1785.0109999999997,13,timeout,-0.19235924932977946,1,Asia,2.1686891124679795,0.6354166666666666,MidVol,0.09809920522862553,Flat,1796.615,1797.650646425452,1799.135043597552
PEM,M15,long,2022-12-27 06:45:00+00:00,2022-12-27 09:45:00+00:00,1801.755,1806.095,1795.335,1814.5950000000003,13,timeout,0.6760124610591696,6,Asia,1.5021229502857696,0.3125,LowVol,0.36033073844099506,Strong,1801.945,1797.8018617770806,1801.1553572097655
PEM,M15,long,2022-12-29 13:30:00+00:00,2022-12-29 14:15:00+00:00,1809.715,1806.908,1806.908,1815.329,4,sl,-1.0,13,NY_Overlap,1.2757373799700564,0.08333333333333333,LowVol,0.3299545351223143,Strong,1808.085,1806.7000406244654,1805.8936421213111
PEM,M15,long,2022-12-29 21:00:00+00:00,2022-12-30 00:00:00+00:00,1811.745,1816.215,1804.865,1825.5049999999997,13,timeout,0.6497093023255965,21,NY_Late,1.9995239422961963,0.6770833333333334,HighVol,0.14714207155206308,Moderate,1810.375,1807.3553484523973,1806.6851380664116
PEM,M15,long,2022-12-30 01:30:00+00:00,2022-12-30 02:00:00+00:00,1818.575,1815.945,1815.945,1823.8350000000003,3,sl,-1.0,1,Asia,2.233397709332661,0.75,HighVol,0.6289018457850997,Strong,1819.087,1811.2869179895185,1817.3955883960944
PEM,M15,long,2022-12-31 00:45:00+00:00,2022-12-31 03:45:00+00:00,1820.048,1822.548,1814.155,1831.834,13,timeout,0.4242321398269112,0,Asia,2.5709952201245834,0.90625,HighVol,0.06055745485584233,Flat,1820.917,1817.4536403610778,1818.3240549701845
PEM,M15,long,2023-01-03 10:15:00+00:00,2023-01-03 13:15:00+00:00,1839.775,1842.645,1826.965,1865.3950000000004,13,timeout,0.224043715846983,10,London,2.922526770020074,0.9791666666666666,HighVol,0.7147939382090046,Strong,1839.985,1825.295583509795,1830.7809687672218
PEM,M15,long,2023-01-03 14:30:00+00:00,2023-01-03 14:30:00+00:00,1842.535,1847.8150000000003,1839.895,1847.8150000000003,1,tp,2.0,14,NY_Overlap,2.4194314751741666,0.6458333333333334,MidVol,0.8276928078395811,Strong,1847.405,1832.8559811620944,1835.8322178973212
PEM,M15,long,2023-01-04 13:45:00+00:00,2023-01-04 14:45:00+00:00,1848.125,1855.165,1844.605,1855.165,5,tp,2.0,13,NY_Overlap,1.6035068885590313,0.10416666666666667,LowVol,0.6129699170262612,Strong,1846.787,1841.8166030034083,1840.4489086513124
PEM,M15,long,2023-01-04 21:00:00+00:00,2023-01-04 22:00:00+00:00,1861.888,1852.695,1852.695,1880.274,5,sl,-1.0,21,NY_Late,2.9783532266573856,0.8020833333333334,HighVol,0.33302253928882236,Strong,1858.785,1852.4491142323452,1848.5922355945218
PEM,M15,long,2023-01-09 20:45:00+00:00,2023-01-09 21:30:00+00:00,1876.005,1873.985,1873.985,1880.0450000000005,4,sl,-1.0,20,NY_Late,2.1606745081930296,0.3645833333333333,MidVol,0.27316897459972217,Strong,1875.825,1872.3978547789968,1874.4111227384083
PEM,M15,long,2023-01-10 03:15:00+00:00,2023-01-10 03:45:00+00:00,1874.698,1869.275,1869.275,1885.544,3,sl,-1.0,3,Asia,2.668793303587803,0.78125,HighVol,-0.015485144244011935,Flat,1870.835,1873.0595417854406,1872.368286969909
PEM,M15,short,2023-01-10 08:00:00+00:00,2023-01-10 08:30:00+00:00,1868.595,1872.145,1872.145,1861.4950000000001,3,sl,-1.0,8,London,1.6981972455238215,0.07291666666666667,LowVol,-0.27056421212731435,Strong,1870.748,1871.825283971191,1871.7142901717652
PEM,M15,short,2023-01-11 19:45:00+00:00,2023-01-11 22:45:00+00:00,1877.897,1870.955,1885.135,1863.4209999999998,13,timeout,0.9591047250621654,19,NY_Late,2.0966871919512946,0.7291666666666666,HighVol,-0.04605088822462174,Flat,1877.015,1880.3535143809513,1878.9668419709578
PEM,M15,long,2023-01-13 21:45:00+00:00,2023-01-13 23:00:00+00:00,1902.065,1915.4650000000001,1895.365,1915.4650000000001,6,tp,2.0,21,NY_Late,2.9847212750612035,0.7083333333333334,HighVol,0.19520223307450818,Moderate,1907.238,1899.4122614224195,1898.992626728844
PEM,M15,long,2023-01-14 01:45:00+00:00,2023-01-14 04:45:00+00:00,1919.195,1919.948,1915.038,1927.5089999999998,13,timeout,0.18114024536929757,1,Asia,2.8910230291794754,0.7291666666666666,HighVol,0.859580370073404,Strong,1920.815,1906.1970321131791,1915.9466683906944
PEM,M15,long,2023-01-16 11:15:00+00:00,2023-01-16 11:45:00+00:00,1926.437,1924.575,1924.575,1930.1609999999996,3,sl,-1.0,11,London,2.1656227073134398,0.3229166666666667,LowVol,0.7425265491288828,Strong,1925.007,1917.4610822362579,1921.3808460573598
PEM,M15,long,2023-01-17 19:30:00+00:00,2023-01-17 22:30:00+00:00,1913.485,1910.175,1904.175,1932.1049999999998,13,timeout,-0.35553168635875027,19,NY_Late,2.0904878431742233,0.8333333333333334,HighVol,0.00377591742069524,Flat,1912.275,1910.6573921999254,1910.732229679989
PEM,M15,short,2023-01-18 01:00:00+00:00,2023-01-18 04:00:00+00:00,1905.845,1908.285,1912.265,1893.0049999999999,13,timeout,-0.38006230529595436,1,Asia,2.7237112134746244,0.875,HighVol,-0.16922849512936114,Moderate,1907.375,1910.7415151557082,1908.979891230184
PEM,M15,long,2023-01-18 19:30:00+00:00,2023-01-18 20:30:00+00:00,1916.705,1923.4449999999997,1913.335,1923.4449999999997,5,tp,2.0,19,NY_Late,2.108770243465618,0.2708333333333333,LowVol,0.5894304520711818,Strong,1916.255,1909.2811332206775,1907.5167866093614
PEM,M15,long,2023-01-20 02:15:00+00:00,2023-01-20 03:15:00+00:00,1924.308,1933.214,1919.855,1933.214,5,tp,2.0,2,Asia,2.579292968791196,0.6979166666666666,HighVol,0.6224234489301378,Strong,1924.368,1915.2365246972697,1922.2078065787052
PEM,M15,long,2023-01-23 07:30:00+00:00,2023-01-23 10:30:00+00:00,1929.165,1932.295,1925.447,1936.601,13,timeout,0.8418504572350851,7,London,1.7948630539830257,0.19791666666666666,LowVol,0.03888928611968534,Flat,1928.838,1927.4030627974682,1926.7592895123955
PEM,M15,short,2023-01-23 21:45:00+00:00,2023-01-24 00:45:00+00:00,1917.428,1921.905,1929.565,1893.1540000000002,13,timeout,-0.3688720441624687,21,NY_Late,3.0774380814640008,1.0,HighVol,-0.41191803483550277,Strong,1913.745,1924.8543820178975,1924.7017144501374
PEM,M15,long,2023-01-24 01:30:00+00:00,2023-01-24 04:30:00+00:00,1926.525,1931.198,1920.595,1938.3850000000002,13,timeout,0.7880269814502447,1,Asia,3.005646737184999,0.84375,HighVol,0.03863403739420669,Flat,1927.155,1923.632668417415,1923.0241797161916
PEM,M15,short,2023-01-24 21:15:00+00:00,2023-01-24 22:15:00+00:00,1931.985,1917.9989999999996,1938.978,1917.9989999999996,5,tp,2.0,21,NY_Late,2.202869376129088,0.6770833333333334,HighVol,-0.13338142366523958,Moderate,1928.978,1934.7402047579772,1933.4719767691804
PEM,M15,long,2023-01-25 02:45:00+00:00,2023-01-25 06:30:00+00:00,1936.035,1936.315,1931.975,1944.1550000000004,13,timeout,0.06896551724136965,2,Asia,2.5288236155665773,0.75,HighVol,0.14299548135594092,Moderate,1937.025,1933.9617896900008,1934.0039090118435
PEM,M15,short,2023-01-25 19:00:00+00:00,2023-01-25 19:00:00+00:00,1923.545,1926.475,1926.475,1917.6850000000004,1,sl,-1.0,19,NY_Late,2.3964711296088974,0.75,HighVol,-0.4409636639679688,Strong,1925.365,1930.1804842771166,1932.2993382732461
PEM,M15,long,2023-01-26 00:30:00+00:00,2023-01-26 03:30:00+00:00,1937.127,1944.195,1925.705,1959.971,13,timeout,0.6188058133426693,0,Asia,3.275851869611318,0.8645833333333334,HighVol,0.3652386108743169,Strong,1939.255,1930.5193991981228,1937.3436228822163
PEM,M15,long,2023-01-26 09:45:00+00:00,2023-01-26 12:45:00+00:00,1945.655,1945.595,1942.415,1952.135,13,timeout,-0.018518518518501625,9,London,1.7570853068272325,0.0625,LowVol,0.5184389502172019,Strong,1944.445,1940.6835414026475,1941.9679582081822
PEM,M15,long,2023-01-26 13:30:00+00:00,2023-01-26 14:00:00+00:00,1948.535,1945.055,1945.055,1955.4950000000001,3,sl,-1.0,13,NY_Overlap,1.6895060035469942,0.13541666666666666,LowVol,0.4350303568354658,Strong,1947.015,1943.1985767140982,1942.8629518890161
PEM,M15,short,2023-01-26 18:45:00+00:00,2023-01-26 19:00:00+00:00,1934.345,1937.495,1937.495,1928.0450000000003,2,sl,-1.0,18,NY_Late,2.300670819502071,0.4895833333333333,MidVol,-0.4347808510070833,Strong,1936.225,1940.8545788440158,1941.755155112514
PEM,M15,long,2023-01-30 11:30:00+00:00,2023-01-30 14:30:00+00:00,1930.535,1928.735,1924.227,1943.151,13,timeout,-0.28535193405202663,11,London,2.1366082384667777,0.6041666666666666,MidVol,0.026625057916968703,Flat,1931.235,1927.904658993492,1927.385894847579
PEM,M15,short,2023-01-30 15:00:00+00:00,2023-01-30 18:00:00+00:00,1924.828,1930.295,1933.625,1907.234,13,timeout,-0.6214618619984179,15,NY_Overlap,2.3484704917671895,0.7395833333333334,HighVol,-0.08970009197741959,Flat,1923.648,1928.7921987432733,1928.672370239848
PEM,M15,long,2023-01-30 18:15:00+00:00,2023-01-30 19:00:00+00:00,1930.285,1922.015,1922.015,1946.825,4,sl,-1.0,18,NY_Late,2.175886965787633,0.5416666666666666,MidVol,0.05137818233483813,Flat,1929.055,1927.5422596715753,1927.4075259701808
PEM,M15,long,2023-01-30 21:00:00+00:00,2023-01-30 22:00:00+00:00,1929.635,1925.115,1925.115,1938.675,5,sl,-1.0,21,NY_Late,2.329354700475774,0.6458333333333334,MidVol,0.05887912395331605,Flat,1929.325,1927.0809459562545,1927.1407948068404
PEM,M15,short,2023-01-31 11:45:00+00:00,2023-01-31 14:45:00+00:00,1919.977,1913.905,1925.585,1908.7610000000002,13,timeout,1.0827389443652236,11,London,1.582892057376766,0.14583333333333334,LowVol,-0.38806993340921864,Strong,1919.645,1923.54546537813,1923.002761461335
PEM,M15,short,2023-02-02 23:45:00+00:00,2023-02-03 02:45:00+00:00,1919.855,1913.175,1927.505,1904.5549999999998,13,timeout,0.8732026143790829,23,NY_Late,4.584018947733416,0.8541666666666666,HighVol,-0.9162520087107023,Strong,1916.835,1943.3374540279553,1942.289390482128
PEM,M15,short,2023-02-03 11:45:00+00:00,2023-02-03 14:15:00+00:00,1914.565,1918.115,1918.115,1907.4650000000001,11,sl,-1.0,11,London,1.594737848550045,0.010416666666666666,LowVol,-0.6503044245653319,Strong,1915.555,1920.697528704945,1914.928846247742
PEM,M15,short,2023-02-06 23:00:00+00:00,2023-02-07 02:00:00+00:00,1866.115,1868.895,1874.025,1850.2949999999998,13,timeout,-0.35145385587862754,23,NY_Late,3.2555762068453284,0.7708333333333334,HighVol,-0.27587902690892774,Strong,1865.185,1873.085590521591,1872.5088671544524
PEM,M15,long,2023-02-07 02:30:00+00:00,2023-02-07 06:15:00+00:00,1870.815,1867.758,1863.998,1884.449,13,timeout,-0.4484377292063977,2,Asia,2.6753028905327016,0.4166666666666667,MidVol,-0.15257968953525974,Moderate,1869.725,1870.744414065986,1866.7705016526804
PEM,M15,short,2023-02-07 18:30:00+00:00,2023-02-07 21:30:00+00:00,1870.075,1867.598,1875.145,1859.9350000000002,13,timeout,0.48856015779095074,18,NY_Late,2.379336076140991,0.5416666666666666,MidVol,-0.08825907365099667,Flat,1869.495,1872.5108307543846,1871.2412900125585
PEM,M15,short,2023-02-08 03:45:00+00:00,2023-02-08 05:00:00+00:00,1868.625,1874.468,1874.468,1856.9389999999999,6,sl,-1.0,3,Asia,3.711350655507259,0.875,HighVol,-0.08812028554683633,Flat,1870.065,1872.0663646562843,1874.1509575310151
PEM,M15,short,2023-02-09 03:00:00+00:00,2023-02-09 06:45:00+00:00,1876.237,1875.385,1879.365,1869.9810000000002,13,timeout,0.2723785166240756,3,Asia,2.553090124024642,0.4166666666666667,MidVol,-0.009620448595163766,Flat,1875.755,1876.965034347605,1876.9736263169132
PEM,M15,short,2023-02-09 07:45:00+00:00,2023-02-09 08:45:00+00:00,1874.095,1875.945,1875.945,1870.3950000000002,5,sl,-1.0,7,London,1.5388751817153428,0.010416666666666666,LowVol,-0.19259964059690596,Moderate,1874.348,1876.0853682554289,1876.375899112436
PEM,M15,short,2023-02-09 22:15:00+00:00,2023-02-10 00:45:00+00:00,1879.345,1863.5450000000003,1887.245,1863.5450000000003,11,tp,2.0,22,NY_Late,3.0093202071122382,0.84375,HighVol,0.08886062486112226,Flat,1880.545,1881.219867879434,1879.7880862859606
PEM,M15,short,2023-02-10 03:15:00+00:00,2023-02-10 07:00:00+00:00,1861.165,1861.105,1867.355,1848.7849999999999,13,timeout,0.009693053311784314,3,Asia,3.681795225980102,0.8958333333333334,HighVol,-0.6069654123603666,Strong,1862.015,1874.2720245372918,1867.046687395762
PEM,M15,short,2023-02-13 11:30:00+00:00,2023-02-13 13:30:00+00:00,1858.575,1861.865,1861.865,1851.9950000000001,9,sl,-1.0,11,London,1.6808453132148284,0.010416666666666666,LowVol,-0.302635143594812,Strong,1858.845,1861.8946559190344,1861.5018888534448
PEM,M15,long,2023-02-13 18:45:00+00:00,2023-02-13 20:30:00+00:00,1861.258,1857.875,1857.875,1868.0240000000001,8,sl,-1.0,18,NY_Late,2.1236788039963987,0.46875,MidVol,-0.057449479663043514,Flat,1861.275,1860.773741885984,1860.9303128690142
PEM,M15,long,2023-02-14 13:30:00+00:00,2023-02-14 14:00:00+00:00,1859.895,1864.315,1857.685,1864.315,3,tp,2.0,13,NY_Overlap,1.2610471740977287,0.08333333333333333,LowVol,0.36543048667695244,Strong,1859.815,1856.7168902438925,1854.7339138998668
PEM,M15,short,2023-02-17 11:45:00+00:00,2023-02-17 14:45:00+00:00,1826.445,1827.175,1829.975,1819.385,13,timeout,-0.20679886685553084,11,London,1.7712057983724006,0.13541666666666666,LowVol,-0.7147028225076766,Strong,1825.775,1833.445345088664,1837.130365251246
PEM,M15,long,2023-02-20 11:45:00+00:00,2023-02-20 12:30:00+00:00,1844.268,1841.298,1841.298,1850.208,4,sl,-1.0,11,London,1.5231771623287824,0.010416666666666666,LowVol,0.5590848506770686,Strong,1843.505,1839.013168442278,1840.7036512327736
PEM,M15,short,2023-02-20 22:45:00+00:00,2023-02-21 01:45:00+00:00,1842.985,1840.945,1846.575,1835.8049999999996,13,timeout,0.5682451253481563,22,NY_Late,1.6348851678411587,0.2916666666666667,LowVol,0.12093608895504154,Moderate,1842.585,1843.3026620040198,1843.3606939330089
PEM,M15,long,2023-02-22 01:15:00+00:00,2023-02-22 01:45:00+00:00,1837.255,1832.065,1832.065,1847.6350000000002,3,sl,-1.0,1,Asia,2.6635185775272863,0.8645833333333334,HighVol,-0.07961093327775529,Flat,1835.475,1836.3967917801942,1835.1096651205557
PEM,M15,long,2023-02-23 13:30:00+00:00,2023-02-23 13:45:00+00:00,1829.245,1832.8649999999998,1827.435,1832.8649999999998,2,tp,2.0,13,NY_Overlap,1.4754121454319309,0.15625,LowVol,0.04185882396793603,Flat,1831.245,1829.0137012902478,1828.6218201385996
PEM,M15,short,2023-02-23 17:00:00+00:00,2023-02-23 20:00:00+00:00,1825.584,1826.805,1830.018,1816.7160000000001,13,timeout,-0.27537212449256027,17,NY_Late,1.7769561460633556,0.21875,LowVol,-0.29134534527896255,Strong,1825.678,1828.607335304875,1828.614188427582
PEM,M15,short,2023-02-24 19:00:00+00:00,2023-02-24 22:00:00+00:00,1817.985,1812.145,1823.175,1807.6049999999998,13,timeout,1.1252408477841729,19,NY_Late,2.043454843449778,0.6770833333333334,HighVol,-0.2954854082065276,Strong,1818.295,1823.148930165546,1823.20259528132
PEM,M15,short,2023-02-28 11:15:00+00:00,2023-02-28 14:15:00+00:00,1814.885,1812.495,1819.025,1806.6049999999998,13,timeout,0.5772946859903484,11,London,1.2947232345778865,0.14583333333333334,LowVol,-0.06684346690937953,Flat,1815.125,1816.2200470615016,1817.440185779005
PEM,M15,short,2023-02-28 19:30:00+00:00,2023-02-28 21:00:00+00:00,1808.355,1810.705,1810.705,1803.6550000000002,7,sl,-1.0,19,NY_Late,1.8522562300215744,0.5729166666666666,MidVol,-0.3643640881406724,Strong,1808.105,1812.419459808788,1814.0538588533648
PEM,M15,long,2023-03-01 00:45:00+00:00,2023-03-01 03:45:00+00:00,1830.528,1827.365,1825.665,1840.2540000000001,13,timeout,-0.6504215504832355,0,Asia,2.8691452643914395,0.9166666666666666,HighVol,0.7836367536444004,Strong,1829.645,1817.3227165481264,1828.5585699601868
PEM,M15,long,2023-03-01 11:00:00+00:00,2023-03-01 14:00:00+00:00,1830.445,1835.084,1827.384,1836.5669999999998,13,timeout,1.515517804639086,11,London,1.5079968767837764,0.25,LowVol,0.6177399606958499,Strong,1830.895,1824.9960708000476,1827.9106731855557
PEM,M15,long,2023-03-03 13:45:00+00:00,2023-03-03 16:45:00+00:00,1842.215,1846.385,1837.985,1850.675,13,timeout,0.9858156028368924,13,NY_Overlap,1.3555300108622814,0.09375,LowVol,0.4394782564266423,Strong,1843.015,1837.9909804598349,1837.197152527744
PEM,M15,long,2023-03-04 02:30:00+00:00,2023-03-06 06:15:00+00:00,1849.605,1853.605,1845.775,1857.2649999999999,13,timeout,1.0443864229765212,2,Asia,1.958758629409783,0.7708333333333334,HighVol,0.4378827749092798,Strong,1851.425,1845.1699936255134,1847.6739438771533
PEM,M15,short,2023-03-06 18:15:00+00:00,2023-03-06 21:15:00+00:00,1849.854,1852.508,1853.895,1841.7720000000002,13,timeout,-0.6567681267013205,18,NY_Late,1.736529544424731,0.5104166666666666,MidVol,-0.19225522375145915,Moderate,1849.055,1852.3037801073226,1853.447984003213
PEM,M15,short,2023-03-07 01:45:00+00:00,2023-03-07 02:15:00+00:00,1848.705,1845.0789999999997,1850.518,1845.0789999999997,3,tp,2.0,1,Asia,1.9781960274119332,0.8541666666666666,HighVol,-0.23973820024744827,Moderate,1847.165,1851.059027374452,1849.875776339619
PEM,M15,short,2023-03-07 17:15:00+00:00,2023-03-07 20:15:00+00:00,1843.724,1837.855,1848.135,1834.9019999999998,13,timeout,1.3305372931307724,17,NY_Late,1.6426258445056745,0.4479166666666667,MidVol,-0.3347533303078171,Strong,1843.165,1847.433557927206,1847.521466359929
PEM,M15,short,2023-03-08 01:15:00+00:00,2023-03-08 04:15:00+00:00,1816.975,1814.155,1821.585,1807.7549999999997,13,timeout,0.6117136659435701,1,Asia,3.036726064629918,0.90625,HighVol,-0.9972525759361333,Strong,1816.175,1833.658866673785,1819.098749934434
PEM,M15,short,2023-03-08 10:30:00+00:00,2023-03-08 13:00:00+00:00,1810.135,1812.885,1812.885,1804.635,11,sl,-1.0,10,London,1.3934465000947596,0.1875,LowVol,-1.1394772930359376,Strong,1810.185,1818.9401018003816,1815.5451830175955
PEM,M15,short,2023-03-09 01:45:00+00:00,2023-03-09 04:45:00+00:00,1814.715,1813.725,1819.655,1804.8349999999998,13,timeout,0.20040485829959476,1,Asia,2.416876819263148,0.7708333333333334,HighVol,-0.058967877769670426,Flat,1813.705,1815.9843096857503,1816.242839588438
PEM,M15,long,2023-03-09 18:45:00+00:00,2023-03-09 20:30:00+00:00,1819.625,1816.115,1816.115,1826.645,8,sl,-1.0,18,NY_Late,1.3683145907127154,0.375,MidVol,0.4607751480295295,Strong,1819.715,1815.7809252360785,1815.3486403070017
PEM,M15,long,2023-03-10 01:45:00+00:00,2023-03-10 04:45:00+00:00,1830.768,1830.835,1827.535,1837.234,13,timeout,0.020723785957317775,1,Asia,2.4349866598723207,0.875,HighVol,0.5932042306770741,Strong,1833.335,1823.0474522633444,1829.254598800546
PEM,M15,long,2023-03-14 00:30:00+00:00,2023-03-14 03:30:00+00:00,1911.815,1912.275,1902.924,1929.5970000000002,13,timeout,0.05173771229333398,0,Asia,4.646115845165283,0.7291666666666666,HighVol,0.6448750009870751,Strong,1910.985,1893.5096590775852,1910.2032980726694
PEM,M15,short,2023-03-14 11:15:00+00:00,2023-03-14 13:15:00+00:00,1903.135,1907.808,1907.808,1893.789,9,sl,-1.0,11,London,2.104371350853137,0.041666666666666664,LowVol,-0.08415930009832705,Flat,1903.025,1905.0510161555794,1909.8645744817752
PEM,M15,long,2023-03-14 19:45:00+00:00,2023-03-14 20:45:00+00:00,1909.565,1900.695,1900.695,1927.3050000000003,5,sl,-1.0,19,NY_Late,3.5736669859270447,0.6666666666666666,HighVol,0.1060283590108345,Moderate,1909.874,1905.2930669920563,1907.3457049678045
PEM,M15,long,2023-03-15 00:30:00+00:00,2023-03-15 03:30:00+00:00,1909.794,1903.835,1902.105,1925.1720000000003,13,timeout,-0.7750032513981011,0,Asia,3.499949804609224,0.6666666666666666,HighVol,0.08711668095685432,Flat,1906.865,1905.6144401026274,1908.1735771185206
PEM,M15,short,2023-03-15 07:30:00+00:00,2023-03-15 08:45:00+00:00,1900.735,1904.825,1904.825,1892.5549999999996,6,sl,-1.0,7,London,1.7688145328166598,0.041666666666666664,LowVol,-0.29325373511789277,Strong,1900.985,1904.8110977147844,1906.1851249186243
PEM,M15,short,2023-03-16 02:00:00+00:00,2023-03-16 05:45:00+00:00,1912.575,1919.685,1935.898,1865.9290000000003,13,timeout,-0.3048492904000318,2,Asia,5.811584450110495,0.9791666666666666,HighVol,0.09915550028400939,Flat,1915.525,1916.3384800349559,1922.6950503105622
PEM,M15,short,2023-03-16 08:30:00+00:00,2023-03-16 11:30:00+00:00,1911.285,1913.575,1924.285,1885.285,13,timeout,-0.17615384615384336,8,London,3.7271761931962173,0.5104166666666666,MidVol,-0.05600147753696108,Flat,1911.765,1917.7359703070772,1920.6445300075939
PEM,M15,short,2023-03-16 23:00:00+00:00,2023-03-17 02:00:00+00:00,1915.285,1919.175,1924.635,1896.5850000000003,13,timeout,-0.41604278074865353,23,NY_Late,4.929854326148065,0.7916666666666666,HighVol,-0.09024081937043318,Flat,1917.925,1921.1910915484073,1921.7382010767424
PEM,M15,long,2023-03-17 10:00:00+00:00,2023-03-17 13:00:00+00:00,1928.165,1928.965,1921.625,1941.245,13,timeout,0.12232415902140045,10,London,2.0211056056385344,0.125,LowVol,0.40326264308279913,Strong,1927.195,1921.0366877217948,1919.3158372950181
PEM,M15,long,2023-03-17 16:45:00+00:00,2023-03-17 19:30:00+00:00,1931.735,1939.3749999999998,1927.915,1939.3749999999998,12,tp,2.0,16,NY_Overlap,2.391407527994845,0.4166666666666667,MidVol,0.30226802436606987,Strong,1931.098,1926.586360064459,1923.5809904000107
PEM,M15,long,2023-03-18 01:00:00+00:00,2023-03-18 04:00:00+00:00,1972.125,1987.798,1959.935,1996.505,13,timeout,1.2857260049220616,1,Asia,4.350148490704074,0.875,HighVol,1.0172406143565471,Strong,1973.298,1945.756471399111,1966.6845172718756
PEM,M15,long,2023-03-20 13:15:00+00:00,2023-03-20 16:15:00+00:00,1987.465,1996.955,1972.398,2017.599,13,timeout,0.6298533218291634,13,NY_Overlap,3.5776511763116625,0.5104166666666666,MidVol,0.5179924705300004,Strong,1983.434,1970.558121230531,1976.6988278882782
PEM,M15,short,2023-03-22 00:45:00+00:00,2023-03-22 03:45:00+00:00,1938.025,1939.914,1948.858,1916.3590000000004,13,timeout,-0.17437459614141249,0,Asia,4.523018324769369,0.8541666666666666,HighVol,-0.8514590703946368,Strong,1937.985,1959.8913807494305,1941.0488679696068
PEM,M15,short,2023-03-22 11:30:00+00:00,2023-03-22 13:30:00+00:00,1938.615,1941.465,1941.465,1932.9150000000002,9,sl,-1.0,11,London,2.0808904548640212,0.19791666666666666,LowVol,-0.5564384329191479,Strong,1938.625,1945.4857257622261,1940.7528194637048
PEM,M15,short,2023-03-22 18:00:00+00:00,2023-03-22 21:00:00+00:00,1940.385,1942.825,1945.485,1930.1850000000002,13,timeout,-0.47843137254903884,18,NY_Late,2.6534249481602843,0.4791666666666667,MidVol,-0.03904129596909192,Flat,1941.958,1943.2976025848334,1941.0135110510917
PEM,M15,long,2023-03-23 01:30:00+00:00,2023-03-23 01:45:00+00:00,1955.235,1973.6549999999995,1946.025,1973.6549999999995,2,tp,2.0,1,Asia,4.346815924624992,0.9895833333333334,HighVol,0.33666574476580485,Strong,1958.605,1945.8206199523609,1954.8033250601172
PEM,M15,long,2023-03-23 13:00:00+00:00,2023-03-23 16:00:00+00:00,1978.415,1976.815,1968.085,1999.0749999999998,13,timeout,-0.15488867376572316,13,NY_Overlap,2.723981368990971,0.25,LowVol,0.7730656685100472,Strong,1977.215,1967.0227709246128,1965.8444597715934
PEM,M15,long,2023-03-24 01:15:00+00:00,2023-03-24 05:00:00+00:00,1998.474,1993.424,1984.248,2026.9259999999997,13,timeout,-0.35498383241951326,1,Asia,4.044236604170264,0.6354166666666666,MidVol,0.7301707859693837,Strong,2000.398,1981.2855930289195,1996.7302209423005
PEM,M15,long,2023-03-24 17:30:00+00:00,2023-03-24 20:30:00+00:00,1997.755,1996.055,1985.635,2021.9950000000003,13,timeout,-0.14026402640264266,17,NY_Late,3.4491555525913853,0.6041666666666666,MidVol,0.2514686201300424,Strong,1996.495,1989.9294778275219,1992.6793274646618
PEM,M15,short,2023-03-24 23:15:00+00:00,2023-03-25 02:15:00+00:00,1987.955,1978.695,1995.645,1972.5749999999998,13,timeout,1.2041612483745026,23,NY_Late,5.020780840804503,0.9583333333333334,HighVol,-0.06857576405935194,Flat,1988.065,1992.044370278796,1993.464753722636
PEM,M15,short,2023-03-28 00:45:00+00:00,2023-03-28 03:45:00+00:00,1951.915,1956.548,1959.335,1937.0749999999998,13,timeout,-0.6243935309973037,0,Asia,3.4088475393367323,0.6041666666666666,MidVol,-0.33898002233421515,Strong,1950.805,1959.648608066613,1953.3077237070877
PEM,M15,long,2023-03-28 19:00:00+00:00,2023-03-28 19:30:00+00:00,1957.425,1962.0649999999998,1955.105,1962.0649999999998,3,tp,2.0,19,NY_Late,2.1033113866263085,0.3958333333333333,MidVol,0.04579349866662234,Flat,1957.134,1956.4268619340073,1955.9223248069902
PEM,M15,long,2023-03-29 01:00:00+00:00,2023-03-29 04:00:00+00:00,1971.898,1972.915,1965.605,1984.4839999999997,13,timeout,0.16160813602416496,1,Asia,2.653797880096598,0.7083333333333334,HighVol,0.666386040202209,Strong,1974.408,1962.561218678285,1971.5934953700198
PEM,M15,short,2023-03-29 11:00:00+00:00,2023-03-29 13:45:00+00:00,1966.115,1960.215,1969.065,1960.215,12,tp,2.0,11,London,1.700002364939518,0.19791666666666666,LowVol,-0.1276927361066629,Moderate,1966.878,1968.35202693925,1971.19815753178
PEM,M15,short,2023-03-30 07:45:00+00:00,2023-03-30 10:45:00+00:00,1961.448,1960.235,1964.855,1954.6340000000002,13,timeout,0.356031699442389,7,London,1.5338737465637782,0.020833333333333332,LowVol,-0.28888276089463194,Strong,1961.565,1964.5671145190818,1964.9888495077514
PEM,M15,long,2023-03-30 18:00:00+00:00,2023-03-30 20:30:00+00:00,1969.998,1966.815,1966.815,1976.364,11,sl,-1.0,18,NY_Late,1.917985374988797,0.3229166666666667,LowVol,0.34995102793234145,Strong,1968.425,1965.1553844229888,1964.9059350761104
PEM,M15,long,2023-03-30 23:30:00+00:00,2023-03-31 02:30:00+00:00,1978.215,1982.148,1968.755,1997.1349999999995,13,timeout,0.41575052854123384,23,NY_Late,3.152190025853654,0.96875,HighVol,0.49462210999794165,Strong,1980.215,1968.5846600165944,1967.0568330985477
PEM,M15,short,2023-04-03 10:30:00+00:00,2023-04-03 13:30:00+00:00,1950.974,1953.715,1963.615,1925.6919999999998,13,timeout,-0.21683411122537527,10,London,3.0471489156627967,0.8020833333333334,HighVol,-0.7847956856134783,Strong,1951.215,1965.7740491760699,1959.5130190018133
PEM,M15,long,2023-04-03 15:30:00+00:00,2023-04-03 18:30:00+00:00,1964.805,1975.005,1954.265,1985.885,13,timeout,0.9677419354838787,15,NY_Overlap,2.6655724798110167,0.4479166666666667,MidVol,0.06122464746163139,Flat,1963.075,1960.7847235394108,1958.1115356985092
PEM,M15,short,2023-04-06 20:00:00+00:00,2023-04-06 21:00:00+00:00,2014.278,2001.2259999999999,2020.804,2001.2259999999999,5,tp,2.0,20,NY_Late,2.481121961202127,0.6979166666666666,HighVol,-0.09285321855265323,Flat,2012.085,2016.8350750569211,2016.6052932532743
PEM,M15,short,2023-04-10 07:45:00+00:00,2023-04-10 09:15:00+00:00,2002.355,1995.295,2005.885,1995.295,7,tp,2.0,7,London,2.72763997016671,0.71875,HighVol,-0.39251938569858585,Strong,1999.098,2008.3476953296642,2003.4911619478023
PEM,M15,short,2023-04-10 09:30:00+00:00,2023-04-10 12:30:00+00:00,1995.245,1992.515,1999.935,1985.8649999999998,13,timeout,0.5820895522387546,9,London,2.6475671414251316,0.6145833333333334,MidVol,-0.7090458599771846,Strong,1993.378,2005.8185377846228,2000.3455934956812
PEM,M15,long,2023-04-10 17:00:00+00:00,2023-04-10 20:00:00+00:00,2001.525,1995.605,1995.605,2013.3650000000002,13,sl,-1.0,17,NY_Late,1.7886729740793672,0.010416666666666666,LowVol,0.07413251873612174,Flat,2000.634,1999.0966492324594,1997.0990622623904
PEM,M15,long,2023-04-11 12:30:00+00:00,2023-04-11 15:30:00+00:00,2000.048,2006.514,1996.815,2006.514,13,tp,2.0,12,London,1.5243544403727163,0.13541666666666666,LowVol,0.6403236818943808,Strong,2000.975,1994.5948923319932,1992.950891754757
PEM,M15,long,2023-04-12 12:15:00+00:00,2023-04-12 13:30:00+00:00,2020.564,2016.895,2016.895,2027.9020000000003,6,sl,-1.0,12,London,1.9850960193871507,0.4895833333333333,MidVol,0.9790991323778827,Strong,2017.658,2009.0695256303595,2011.1186944466638
PEM,M15,short,2023-04-12 15:45:00+00:00,2023-04-12 18:45:00+00:00,2010.385,2007.815,2016.454,1998.247,13,timeout,0.42346350304827046,15,NY_Overlap,2.030737607386379,0.4791666666666667,MidVol,0.03682246473268474,Flat,2010.725,2011.0585120725448,2012.5009301390073
PEM,M15,long,2023-04-12 20:00:00+00:00,2023-04-12 20:45:00+00:00,2021.895,2007.245,2007.245,2051.195,4,sl,-1.0,20,NY_Late,3.457953465973996,1.0,HighVol,0.2587479608144332,Strong,2021.895,2011.3509997950491,2013.7816051771918
PEM,M15,short,2023-04-17 08:30:00+00:00,2023-04-17 09:00:00+00:00,1998.035,2004.774,2004.774,1984.5570000000005,3,sl,-1.0,8,London,2.8130194214325734,0.6041666666666666,MidVol,-0.5733122549545675,Strong,2001.085,2009.3269519723565,2001.4374322522358
PEM,M15,short,2023-04-17 17:45:00+00:00,2023-04-17 20:45:00+00:00,2007.505,1996.1850000000004,2013.165,1996.1850000000004,13,tp,2.0,17,NY_Late,2.2117753443342383,0.125,LowVol,-0.005969390892063019,Flat,2008.045,2008.8534097457803,2007.611496727126
PEM,M15,short,2023-04-19 13:15:00+00:00,2023-04-19 13:15:00+00:00,2000.555,1993.4290000000003,2004.118,1993.4290000000003,1,tp,2.0,13,NY_Overlap,2.0769085681380606,0.65625,MidVol,-0.2976679000866564,Strong,1993.255,2003.5046816458566,2004.053971767036
PEM,M15,short,2023-04-19 17:00:00+00:00,2023-04-19 20:00:00+00:00,1974.865,1980.015,1995.258,1934.079,13,timeout,-0.2525376354631532,17,NY_Late,3.4420073070541974,0.96875,HighVol,-1.0696747387925938,Strong,1974.965,1995.3715512671754,1995.5013276100196
PEM,M15,short,2023-04-21 12:00:00+00:00,2023-04-21 12:45:00+00:00,2000.725,1996.859,2002.658,1996.859,4,tp,2.0,12,London,1.5400417422811938,0.010416666666666666,LowVol,-0.19128414874432725,Moderate,2000.405,2002.529701483127,2004.1221449871002
PEM,M15,long,2023-04-24 23:30:00+00:00,2023-04-25 02:30:00+00:00,1986.078,1988.145,1981.355,1995.524,13,timeout,0.43764556426000983,23,NY_Late,2.827071475075681,0.7604166666666666,HighVol,0.14289777609510193,Moderate,1986.795,1982.7200496170144,1982.155163124067
PEM,M15,long,2023-04-25 12:45:00+00:00,2023-04-25 14:30:00+00:00,1992.845,1996.825,1990.855,1996.825,8,tp,2.0,12,London,1.9499177158663488,0.20833333333333334,LowVol,0.088715092572129,Flat,1993.385,1991.5741702524697,1992.1914838937805
PEM,M15,short,2023-04-25 17:30:00+00:00,2023-04-25 18:45:00+00:00,1986.685,1978.667,1990.694,1978.667,6,tp,2.0,17,NY_Late,2.446026958401144,0.71875,HighVol,-0.2873168288971074,Strong,1984.025,1990.9317624341832,1991.4488636149047
PEM,M15,long,2023-04-26 00:45:00+00:00,2023-04-26 03:45:00+00:00,1994.998,1996.408,1985.105,2014.784,13,timeout,0.14252501768926013,0,Asia,2.9335086915175825,0.8125,HighVol,0.21867988541115913,Moderate,1995.245,1989.1640674379348,1993.2027078472506
PEM,M15,long,2023-04-27 14:00:00+00:00,2023-04-27 15:30:00+00:00,2001.165,1997.805,1997.805,2007.8849999999998,7,sl,-1.0,14,NY_Overlap,2.1699842329994277,0.5208333333333334,MidVol,0.4164309269076123,Strong,2002.045,1995.8097292532048,1993.5906607098218
PEM,M15,short,2023-04-28 13:15:00+00:00,2023-04-28 16:15:00+00:00,1983.885,1982.908,1990.725,1970.2050000000002,13,timeout,0.14283625730995625,13,NY_Overlap,2.0889960795316327,0.4895833333333333,MidVol,-0.1879454499418144,Moderate,1984.955,1987.9653300937641,1987.9964588749267
PEM,M15,short,2023-05-01 09:15:00+00:00,2023-05-01 11:15:00+00:00,1981.505,1984.915,1984.915,1974.6850000000004,9,sl,-1.0,9,London,1.62405363129566,0.03125,LowVol,-0.5061226947910665,Strong,1981.745,1986.8850910658825,1985.8999664862708
PEM,M15,long,2023-05-03 10:00:00+00:00,2023-05-03 12:15:00+00:00,2017.785,2015.605,2015.605,2022.1450000000002,10,sl,-1.0,10,London,1.359548582724631,0.09375,LowVol,1.0111143931536912,Strong,2017.264,2010.431840006832,2015.5365608156328
PEM,M15,long,2023-05-04 05:15:00+00:00,2023-05-04 08:15:00+00:00,2061.898,2049.525,2028.935,2127.8240000000005,13,timeout,-0.37536025240421,5,Asia,9.0890234566037,1.0,HighVol,0.4080939579332407,Strong,2048.675,2024.1925607191865,2029.2891952442462
PEM,M15,long,2023-05-08 11:00:00+00:00,2023-05-08 14:00:00+00:00,2022.415,2021.675,2016.214,2034.817,13,timeout,-0.1193355910337053,11,London,1.8588082120690912,0.16666666666666666,LowVol,0.18143137261887388,Moderate,2023.194,2020.0147904476885,2017.9449520232617
PEM,M15,long,2023-05-08 16:15:00+00:00,2023-05-08 19:15:00+00:00,2022.395,2022.984,2020.814,2025.5569999999998,13,timeout,0.37254901960782905,16,NY_Overlap,1.5918966805426307,0.010416666666666666,LowVol,0.13752384830656883,Moderate,2023.004,2021.1979023987726,2020.0963620467724
PEM,M15,long,2023-05-08 23:00:00+00:00,2023-05-09 01:00:00+00:00,2028.454,2023.445,2023.445,2038.472,9,sl,-1.0,23,NY_Late,2.4960279310904787,0.7708333333333334,HighVol,0.24481353759341903,Moderate,2027.194,2023.17421487696,2022.4095613627444
PEM,M15,short,2023-05-09 07:45:00+00:00,2023-05-09 08:15:00+00:00,2019.935,2021.904,2021.904,2015.9969999999998,3,sl,-1.0,7,London,1.3434022748984584,0.010416666666666666,LowVol,-0.2597407440253662,Strong,2019.744,2022.1632995377424,2022.7165704985846
PEM,M15,long,2023-05-09 11:15:00+00:00,2023-05-09 14:15:00+00:00,2024.854,2022.135,2021.855,2030.852,13,timeout,-0.9066355451817371,11,London,1.3377179732191498,0.020833333333333332,LowVol,0.20130819872078629,Moderate,2025.115,2022.592344996229,2022.708247938674
PEM,M15,long,2023-05-09 17:15:00+00:00,2023-05-09 20:15:00+00:00,2028.184,2024.898,2024.898,2034.756,13,sl,-1.0,17,NY_Late,1.7507747948665797,0.6041666666666666,MidVol,0.337604891027221,Strong,2028.324,2024.330677796811,2024.106555216483
PEM,M15,long,2023-05-09 23:45:00+00:00,2023-05-10 02:45:00+00:00,2031.894,2034.325,2025.074,2045.5339999999999,13,timeout,0.356451612903235,23,NY_Late,2.390939810342988,0.96875,HighVol,0.22507969352675886,Moderate,2029.694,2026.8331030294244,2026.3311714521303
PEM,M15,short,2023-05-10 10:15:00+00:00,2023-05-10 13:15:00+00:00,2031.145,2029.054,2035.574,2022.2869999999998,13,timeout,0.47211560171592987,10,London,1.2973795573134184,0.13541666666666666,LowVol,-0.15487964479500918,Moderate,2031.485,2032.6616456942359,2034.8735437441571
PEM,M15,long,2023-05-11 12:45:00+00:00,2023-05-11 13:45:00+00:00,2031.694,2030.004,2030.004,2035.074,5,sl,-1.0,12,London,1.370541099023853,0.10416666666666667,LowVol,-0.03701077267672698,Flat,2032.445,2031.6308219159457,2031.4429301541502
PEM,M15,long,2023-05-11 18:45:00+00:00,2023-05-11 20:30:00+00:00,2037.654,2026.274,2026.274,2060.414,8,sl,-1.0,18,NY_Late,2.6993854865740023,0.71875,HighVol,0.2914778288316385,Strong,2038.064,2029.659893334168,2029.5616759957438
PEM,M15,short,2023-05-12 13:15:00+00:00,2023-05-12 14:30:00+00:00,2008.885,2012.205,2012.205,2002.2450000000001,6,sl,-1.0,13,NY_Overlap,1.8333453782152476,0.3958333333333333,MidVol,-0.5123570324724653,Strong,2007.244,2014.6383642628673,2013.2983323965543
PEM,M15,short,2023-05-12 17:15:00+00:00,2023-05-12 19:45:00+00:00,2002.794,2011.894,2011.894,1984.5940000000003,11,sl,-1.0,17,NY_Late,2.31714515645796,0.5520833333333334,MidVol,-0.5886456214298236,Strong,2004.635,2011.3916918467125,2011.327281536403
PEM,M15,short,2023-05-15 07:15:00+00:00,2023-05-15 08:00:00+00:00,2009.525,2011.545,2011.545,2005.4850000000001,4,sl,-1.0,7,London,1.442955799818551,0.052083333333333336,LowVol,-0.2019036332268699,Moderate,2009.544,2011.3614560069213,2010.2091776635425
PEM,M15,long,2023-05-15 23:00:00+00:00,2023-05-16 02:00:00+00:00,2018.354,2014.475,2014.115,2026.832,13,timeout,-0.9150743099787928,23,NY_Late,2.5226109097582334,0.7916666666666666,HighVol,0.06441470195671711,Flat,2017.624,2015.6789477773655,2016.3265036854407
PEM,M15,short,2023-05-16 07:30:00+00:00,2023-05-16 08:00:00+00:00,2014.365,2015.735,2015.735,2011.6250000000002,3,sl,-1.0,7,London,1.1455000106361728,0.010416666666666666,LowVol,-0.20436807628931877,Moderate,2014.355,2015.8394625792077,2017.3715311596195
PEM,M15,long,2023-05-18 08:45:00+00:00,2023-05-18 10:30:00+00:00,1983.975,1981.895,1981.895,1988.1349999999998,8,sl,-1.0,8,London,1.2801741985678674,0.10416666666666667,LowVol,0.003663394087890477,Flat,1984.895,1983.7458894113056,1982.6715899426604
PEM,M15,short,2023-05-18 10:45:00+00:00,2023-05-18 13:45:00+00:00,1981.885,1979.344,1985.224,1975.207,13,timeout,0.7610062893081714,10,London,1.2815164746020027,0.125,LowVol,-0.11647134411040622,Moderate,1982.245,1983.7121203508393,1982.8992064983156
PEM,M15,long,2023-05-19 13:45:00+00:00,2023-05-19 16:45:00+00:00,1967.408,1966.878,1955.855,1990.5139999999997,13,timeout,-0.04587553016532312,13,NY_Overlap,1.9594199997890234,0.6041666666666666,MidVol,0.29362530758485633,Strong,1965.805,1961.8428309068981,1959.8254738399226
PEM,M15,long,2023-05-20 00:00:00+00:00,2023-05-20 03:00:00+00:00,1977.725,1976.165,1963.355,2006.4649999999997,13,timeout,-0.10855949895615569,0,Asia,3.404381724750648,0.9479166666666666,HighVol,0.6144828983082924,Strong,1978.365,1965.8649147056758,1978.3416666666667
PEM,M15,long,2023-05-22 05:30:00+00:00,2023-05-22 08:30:00+00:00,1979.994,1980.005,1974.098,1991.7859999999998,13,timeout,0.0018656716418240689,5,Asia,2.221427335194439,0.7083333333333334,HighVol,0.6055391566891377,Strong,1980.534,1972.043227047342,1979.441913476485
PEM,M15,short,2023-05-22 12:30:00+00:00,2023-05-22 15:30:00+00:00,1975.645,1975.665,1978.705,1969.525,13,timeout,-0.006535947712412473,12,London,1.6861475766287224,0.09375,LowVol,0.027397808192183543,Flat,1973.935,1975.9119630768519,1978.8408467281972
PEM,M15,short,2023-05-22 22:45:00+00:00,2023-05-22 23:30:00+00:00,1972.155,1974.308,1974.308,1967.849,4,sl,-1.0,22,NY_Late,2.978096794146446,0.8125,HighVol,-0.16415002067114462,Moderate,1971.715,1975.0885517859424,1975.8107862297452
PEM,M15,short,2023-05-23 02:00:00+00:00,2023-05-23 05:45:00+00:00,1972.695,1971.445,1975.695,1966.695,13,timeout,0.4166666666666667,2,Asia,2.2321374271098855,0.59375,MidVol,-0.08093723659453962,Flat,1972.715,1974.7870153922297,1975.2490674086866
PEM,M15,short,2023-05-23 17:30:00+00:00,2023-05-23 19:15:00+00:00,1954.975,1960.265,1960.265,1944.3949999999995,8,sl,-1.0,17,NY_Late,2.1154237508002987,0.5625,MidVol,-0.5796834757635739,Strong,1956.185,1963.174795217757,1965.2751009031606
PEM,M15,long,2023-05-24 00:00:00+00:00,2023-05-24 03:00:00+00:00,1974.075,1974.945,1966.405,1989.4150000000002,13,timeout,0.11342894393740321,0,Asia,2.9507298272601803,0.8854166666666666,HighVol,0.38202606518118915,Strong,1972.818,1964.9665966267353,1973.359
PEM,M15,long,2023-05-24 11:30:00+00:00,2023-05-24 13:45:00+00:00,1978.115,1974.115,1974.115,1986.115,10,sl,-1.0,11,London,1.6132155450918282,0.22916666666666666,LowVol,0.4478894385532564,Strong,1978.428,1973.030988988973,1974.862069749187
PEM,M15,long,2023-05-24 19:00:00+00:00,2023-05-24 20:45:00+00:00,1980.895,1973.525,1973.525,1995.6349999999998,8,sl,-1.0,19,NY_Late,2.2878095076583236,0.7083333333333334,HighVol,0.3597412010964221,Strong,1981.735,1975.2482321012824,1975.3589972131474
PEM,M15,short,2023-05-25 13:15:00+00:00,2023-05-25 13:45:00+00:00,1956.085,1958.365,1958.365,1951.525,3,sl,-1.0,13,NY_Overlap,1.5492630440925024,0.052083333333333336,LowVol,-0.4499503022916943,Strong,1956.705,1960.2569416387814,1959.6121704003976
PEM,M15,long,2023-05-26 13:00:00+00:00,2023-05-26 16:00:00+00:00,1951.075,1952.254,1942.835,1967.555,13,timeout,0.1430825242718275,13,NY_Overlap,1.819796929886748,0.375,MidVol,0.26029933185547643,Strong,1948.045,1946.5424068820341,1943.8902352147427
PEM,M15,short,2023-05-26 20:00:00+00:00,2023-05-26 23:00:00+00:00,1946.335,1943.775,1954.095,1930.815,13,timeout,0.3298969072164882,20,NY_Late,2.4257803403497906,0.7291666666666666,HighVol,-0.06496132540944448,Flat,1947.105,1949.847032894721,1948.3309155775003
PEM,M15,long,2023-05-29 13:30:00+00:00,2023-05-29 15:00:00+00:00,1948.045,1943.745,1943.745,1956.6450000000004,7,sl,-1.0,13,NY_Overlap,1.3600333617968916,0.052083333333333336,LowVol,0.20625828400574167,Moderate,1947.935,1945.4362331362267,1944.6251770796812
PEM,M15,short,2023-05-29 23:30:00+00:00,2023-05-30 05:45:00+00:00,1944.795,1943.178,1948.185,1938.0150000000003,13,timeout,0.4769911504424845,23,NY_Late,1.3057410473463218,0.052083333333333336,LowVol,-0.04963259997499011,Flat,1944.705,1945.872019148509,1945.347830005871
PEM,M15,short,2023-05-30 12:45:00+00:00,2023-05-30 15:00:00+00:00,1935.785,1942.238,1942.238,1922.8790000000001,10,sl,-1.0,12,London,1.875096537125554,0.9791666666666666,HighVol,-0.5981196676592817,Strong,1933.755,1942.458064330831,1941.8420482617414
PEM,M15,long,2023-05-30 19:15:00+00:00,2023-05-30 22:15:00+00:00,1959.218,1958.398,1944.305,1989.044,13,timeout,-0.05498558304835802,19,NY_Late,2.7943687597675826,0.9166666666666666,HighVol,0.8367662393528309,Strong,1960.798,1946.2865018936207,1944.1834899099085
PEM,M15,short,2023-06-01 13:15:00+00:00,2023-06-01 14:30:00+00:00,1962.515,1956.8350000000003,1965.355,1956.8350000000003,6,tp,2.0,13,NY_Overlap,1.5540541894892483,0.08333333333333333,LowVol,-0.1255439033353995,Moderate,1961.775,1964.0639792657723,1964.6899780638773
PEM,M15,long,2023-06-01 18:00:00+00:00,2023-06-01 21:00:00+00:00,1965.428,1975.904,1955.028,1986.2280000000003,13,timeout,1.0073076923076725,18,NY_Late,1.8873524379985362,0.5,MidVol,0.17763384728855786,Moderate,1966.905,1961.6671981229013,1962.5232251979924
PEM,M15,long,2023-06-01 23:15:00+00:00,2023-06-02 02:15:00+00:00,1982.095,1976.925,1966.475,2013.3350000000003,13,timeout,-0.3309859154929599,23,NY_Late,3.0758544425878958,0.8229166666666666,HighVol,0.8421880172034956,Strong,1981.895,1967.8613824100637,1967.0149359024003
PEM,M15,long,2023-06-02 16:15:00+00:00,2023-06-02 19:15:00+00:00,1978.928,1979.655,1974.905,1986.9740000000004,13,timeout,0.18071091225449584,16,NY_Overlap,1.6240587382260365,0.3645833333333333,MidVol,0.06183150210771216,Flat,1978.835,1977.2591935332237,1977.9111934275
PEM,M15,short,2023-06-02 23:45:00+00:00,2023-06-03 02:45:00+00:00,1956.125,1948.375,1965.145,1938.085,13,timeout,0.8592017738359219,23,NY_Late,3.207429439020088,0.8958333333333334,HighVol,-0.8207528998492081,Strong,1953.825,1971.3876913483573,1973.0614209995974
PEM,M15,short,2023-06-05 08:00:00+00:00,2023-06-05 11:00:00+00:00,1946.165,1947.085,1949.995,1938.505,13,timeout,-0.24020887728461887,8,London,1.49006967677488,0.22916666666666666,LowVol,-1.2114224657154646,Strong,1946.365,1956.4978492246096,1948.2345008066634
PEM,M15,short,2023-06-09 11:45:00+00:00,2023-06-09 13:00:00+00:00,1962.564,1964.705,1964.705,1958.2820000000004,6,sl,-1.0,11,London,1.1120653747016145,0.010416666666666666,LowVol,0.1238172701761682,Moderate,1962.744,1962.6230307187009,1964.194687130222
PEM,M15,short,2023-06-13 19:30:00+00:00,2023-06-13 19:30:00+00:00,1959.385,1965.598,1965.598,1946.959,1,sl,-1.0,19,NY_Late,3.040553175266786,1.0,HighVol,0.14708166051511906,Moderate,1967.358,1961.748995824162,1960.8458242162155
PEM,M15,short,2023-06-13 22:45:00+00:00,2023-06-14 01:45:00+00:00,1944.335,1940.825,1954.075,1924.855,13,timeout,0.36036960985626154,22,NY_Late,4.031460748673168,0.9375,HighVol,-0.4987677181298806,Strong,1943.995,1958.641221360653,1959.6781320755751
PEM,M15,long,2023-06-14 16:45:00+00:00,2023-06-14 17:45:00+00:00,1951.778,1947.905,1947.905,1959.5240000000001,5,sl,-1.0,16,NY_Overlap,1.61097647244605,0.4270833333333333,MidVol,0.3380958509979993,Strong,1951.598,1948.3905498940305,1946.9054859157004
PEM,M15,short,2023-06-15 04:00:00+00:00,2023-06-15 07:45:00+00:00,1941.185,1940.845,1946.965,1929.625,13,timeout,0.05882352941175082,4,Asia,3.1123152352938406,0.90625,HighVol,-0.4269883481707771,Strong,1941.238,1949.8678686295614,1947.2043563043746
PEM,M15,long,2023-06-16 13:45:00+00:00,2023-06-16 16:45:00+00:00,1961.775,1963.988,1954.545,1976.2350000000001,13,timeout,0.3060857538035906,13,NY_Overlap,1.6885231001604124,0.3854166666666667,MidVol,0.4858464541746969,Strong,1961.598,1955.6702908585164,1958.3083782139995
PEM,M15,short,2023-06-19 11:00:00+00:00,2023-06-19 12:00:00+00:00,1954.065,1956.608,1956.608,1948.9790000000003,5,sl,-1.0,11,London,1.2967650458347428,0.03125,LowVol,-0.3355435150115539,Strong,1955.275,1957.1388189124145,1956.167528865918
PEM,M15,short,2023-06-19 23:30:00+00:00,2023-06-20 05:15:00+00:00,1950.025,1953.045,1953.045,1943.9850000000001,11,sl,-1.0,23,NY_Late,1.3973173189250445,0.3541666666666667,MidVol,-0.24292485991281804,Moderate,1951.165,1952.9645342354524,1954.1352885546669
PEM,M15,short,2023-06-21 19:45:00+00:00,2023-06-21 20:45:00+00:00,1931.815,1924.9750000000004,1935.235,1924.9750000000004,5,tp,2.0,19,NY_Late,2.349583423431104,0.8020833333333334,HighVol,-0.2303839900271514,Moderate,1929.025,1935.3542529932727,1935.0695668981923
PEM,M15,long,2023-06-22 00:00:00+00:00,2023-06-22 03:00:00+00:00,1933.725,1933.945,1930.145,1940.8849999999998,13,timeout,0.06145251396648932,0,Asia,3.035621931886686,0.8645833333333334,HighVol,-0.01119186035675349,Flat,1933.345,1933.238123862464,1933.3783333333333
PEM,M15,short,2023-06-22 19:00:00+00:00,2023-06-22 19:30:00+00:00,1925.835,1928.825,1928.825,1919.855,3,sl,-1.0,19,NY_Late,1.9229002183097377,0.6145833333333334,MidVol,-0.30765305808306465,Strong,1926.668,1929.919639841842,1931.0879793235094
PEM,M15,short,2023-06-23 05:00:00+00:00,2023-06-23 08:00:00+00:00,1913.504,1915.445,1917.075,1906.3619999999996,13,timeout,-0.5435452254270385,5,Asia,1.855942411950434,0.53125,MidVol,-0.6655919583103923,Strong,1913.735,1919.385377006023,1914.655555331187
PEM,M15,long,2023-06-23 12:00:00+00:00,2023-06-23 15:00:00+00:00,1916.435,1917.225,1911.045,1927.2149999999997,13,timeout,0.14656771799628615,12,London,1.4642345718661764,0.3541666666666667,MidVol,-0.15262008772396363,Moderate,1916.555,1915.582786009281,1914.1326746420161
PEM,M15,long,2023-06-26 07:30:00+00:00,2023-06-26 10:30:00+00:00,1926.215,1925.985,1923.204,1932.2369999999999,13,timeout,-0.07638658253072757,7,London,1.6203200756397218,0.3333333333333333,MidVol,0.43292503789847686,Strong,1925.415,1921.8390303917467,1924.3689881758614
PEM,M15,short,2023-06-28 14:00:00+00:00,2023-06-28 17:00:00+00:00,1910.095,1907.965,1916.128,1898.0290000000002,13,timeout,0.35305818000996914,14,NY_Overlap,1.4894025385620986,0.4583333333333333,MidVol,-0.3560496406145811,Strong,1911.255,1915.664493840541,1914.2792320534732
PEM,M15,short,2023-06-29 12:45:00+00:00,2023-06-29 14:45:00+00:00,1903.435,1906.335,1906.335,1897.6349999999998,9,sl,-1.0,12,London,1.4972097434245597,0.2916666666666667,LowVol,-0.48780702838825607,Strong,1903.965,1907.8323624389764,1908.9212591344938
PEM,M15,long,2023-06-30 19:45:00+00:00,2023-06-30 22:45:00+00:00,1909.155,1918.535,1901.255,1924.9549999999997,13,timeout,1.187341772151933,19,NY_Late,2.034691851067927,0.6979166666666666,HighVol,0.11827389640130018,Moderate,1911.488,1906.4180716190197,1907.183310280934
PEM,M15,short,2023-07-03 10:15:00+00:00,2023-07-03 11:00:00+00:00,1914.875,1918.295,1918.295,1908.0349999999999,4,sl,-1.0,10,London,1.2370925236421815,0.11458333333333333,LowVol,-0.055741230319019966,Flat,1915.245,1916.0871964271726,1917.540252613994
PEM,M15,short,2023-07-03 13:15:00+00:00,2023-07-03 16:15:00+00:00,1916.605,1913.965,1920.058,1909.699,13,timeout,0.7645525629887401,13,NY_Overlap,1.4437807525607365,0.4270833333333333,MidVol,0.1442435228303073,Moderate,1915.585,1916.806862909868,1918.0951806065723
PEM,M15,long,2023-07-04 10:45:00+00:00,2023-07-04 13:30:00+00:00,1922.735,1926.1689999999996,1921.018,1926.1689999999996,12,tp,2.0,10,London,0.9441398073600682,0.08333333333333333,LowVol,0.2412459192726008,Moderate,1923.015,1921.0038968102276,1921.5127588402372
PEM,M15,short,2023-07-06 01:45:00+00:00,2023-07-06 05:30:00+00:00,1916.385,1917.628,1920.254,1908.6470000000002,13,timeout,-0.32127164642025474,1,Asia,2.124934623176491,0.7916666666666666,HighVol,-0.5296551533213636,Strong,1916.195,1923.6443890216326,1919.143902984937
PEM,M15,long,2023-07-07 22:15:00+00:00,2023-07-08 01:15:00+00:00,1933.405,1925.985,1915.845,1968.5249999999999,13,timeout,-0.42255125284738587,22,NY_Late,3.7566930188564207,0.9375,HighVol,0.6570568629187025,Strong,1929.655,1918.1573120860876,1920.2488171099376
PEM,M15,short,2023-07-10 12:00:00+00:00,2023-07-10 15:00:00+00:00,1921.485,1925.235,1925.235,1913.985,13,sl,-1.0,12,London,1.343483675879172,0.21875,LowVol,-0.1640968536306607,Moderate,1921.085,1923.5829444027747,1924.761920587348
PEM,M15,long,2023-07-10 16:15:00+00:00,2023-07-10 19:15:00+00:00,1924.488,1923.095,1920.925,1931.6140000000003,13,timeout,-0.39096267190569445,16,NY_Overlap,1.4847543517712956,0.3229166666666667,LowVol,0.09426405992717694,Flat,1923.865,1923.3672579520912,1923.9946571907763
PEM,M15,long,2023-07-11 01:00:00+00:00,2023-07-11 04:00:00+00:00,1926.298,1925.008,1922.008,1934.878,13,timeout,-0.3006993006992948,1,Asia,1.832469784784581,0.65625,MidVol,0.2805330547876892,Strong,1925.624,1923.1881595590414,1925.7325709414915
PEM,M15,long,2023-07-11 10:00:00+00:00,2023-07-11 13:00:00+00:00,1927.135,1929.105,1924.405,1932.595,13,timeout,0.7216117216117268,10,London,1.1880138766588986,0.19791666666666666,LowVol,0.2296601709996547,Moderate,1927.615,1925.0051387417582,1925.7443614780782
PEM,M15,short,2023-07-11 23:30:00+00:00,2023-07-12 02:30:00+00:00,1929.888,1932.105,1933.095,1923.4739999999997,13,timeout,-0.691300280636116,23,NY_Late,2.207351792498991,0.8541666666666666,HighVol,-0.06383466180103622,Flat,1930.675,1931.7542117679175,1931.3037712386867
PEM,M15,long,2023-07-13 00:00:00+00:00,2023-07-13 03:00:00+00:00,1958.775,1958.225,1953.178,1969.969,13,timeout,-0.09826692871184275,0,Asia,2.7090185172295502,0.84375,HighVol,0.9594628778650356,Strong,1959.245,1944.6619725096264,1958.9783333333332
PEM,M15,short,2023-07-17 05:45:00+00:00,2023-07-17 08:30:00+00:00,1953.434,1955.365,1955.365,1949.572,12,sl,-1.0,5,Asia,1.5379901023983436,0.5208333333333334,MidVol,-0.42529550972841573,Strong,1953.215,1957.218453821941,1953.8430393738568
PEM,M15,long,2023-07-17 12:30:00+00:00,2023-07-17 14:30:00+00:00,1954.755,1951.415,1951.415,1961.4350000000004,9,sl,-1.0,12,London,1.2751059911132134,0.07291666666666667,LowVol,-0.11630408267121542,Moderate,1955.645,1954.5653074883596,1953.1262084907628
PEM,M15,short,2023-07-17 20:00:00+00:00,2023-07-17 23:00:00+00:00,1951.195,1954.618,1959.585,1934.4149999999997,13,timeout,-0.4079856972586366,20,NY_Late,2.2132535646123768,0.8229166666666666,HighVol,-0.1301840346029793,Moderate,1948.535,1955.0909552802225,1954.4362444727685
PEM,M15,long,2023-07-18 18:45:00+00:00,2023-07-18 18:45:00+00:00,1965.608,1960.935,1960.935,1974.954,1,sl,-1.0,18,NY_Late,2.118838348399319,0.8229166666666666,HighVol,0.338369895725739,Strong,1962.625,1960.1190197719302,1959.9828770084955
PEM,M15,short,2023-07-19 11:30:00+00:00,2023-07-19 12:45:00+00:00,1975.018,1976.878,1976.878,1971.2980000000002,6,sl,-1.0,11,London,1.1936950673613227,0.020833333333333332,LowVol,0.09781205249535647,Flat,1974.735,1975.0371541482968,1976.8489214895549
PEM,M15,long,2023-07-19 19:45:00+00:00,2023-07-19 21:30:00+00:00,1978.705,1972.915,1972.915,1990.2849999999999,8,sl,-1.0,19,NY_Late,2.0353654797956393,0.65625,MidVol,-0.0016808115549884041,Flat,1978.835,1976.005472593285,1976.8738485044207
PEM,M15,long,2023-07-20 07:30:00+00:00,2023-07-20 08:30:00+00:00,1978.685,1982.4249999999997,1976.815,1982.4249999999997,5,tp,2.0,7,London,1.2095924425849751,0.125,LowVol,0.21229767891307522,Moderate,1978.795,1976.803794584236,1977.510133491822
PEM,M15,short,2023-07-20 18:30:00+00:00,2023-07-20 21:15:00+00:00,1979.415,1971.475,1983.385,1971.475,12,tp,2.0,18,NY_Late,1.7985273969820126,0.6354166666666666,MidVol,0.0013680973837046097,Flat,1981.205,1980.903544898711,1980.998290720275
PEM,M15,short,2023-07-21 03:30:00+00:00,2023-07-21 06:15:00+00:00,1968.765,1971.358,1971.358,1963.5790000000004,9,sl,-1.0,3,Asia,1.9229369348173115,0.6666666666666666,HighVol,-0.3975069178023776,Strong,1969.035,1973.3643497014345,1969.5405264119663
PEM,M15,short,2023-07-24 11:00:00+00:00,2023-07-24 12:30:00+00:00,1959.995,1961.925,1961.925,1956.1349999999998,7,sl,-1.0,11,London,1.2620120731586066,0.28125,LowVol,-0.28691691567640615,Strong,1959.765,1962.1396201324808,1961.186543022643
PEM,M15,short,2023-07-25 01:45:00+00:00,2023-07-25 05:30:00+00:00,1955.238,1954.835,1960.615,1944.4840000000002,13,timeout,0.07494885623954316,1,Asia,2.156980443444189,0.8020833333333334,HighVol,-0.3952843212355573,Strong,1955.595,1961.1303351384104,1958.134485751219
PEM,M15,long,2023-07-26 13:30:00+00:00,2023-07-26 16:30:00+00:00,1967.444,1971.298,1962.335,1977.6619999999998,13,timeout,0.7543550596985906,13,NY_Overlap,1.367882709177188,0.3333333333333333,MidVol,0.3100639053292185,Strong,1969.425,1963.7076605570692,1964.338944328056
PEM,M15,long,2023-07-27 09:15:00+00:00,2023-07-27 12:15:00+00:00,1978.225,1976.335,1970.998,1992.6789999999996,13,timeout,-0.2615193026151804,9,London,1.8701654781510157,0.59375,MidVol,0.5077598489043478,Strong,1979.865,1972.1313555538552,1973.2376971429705
PEM,M15,long,2023-07-28 17:15:00+00:00,2023-07-28 19:30:00+00:00,1951.905,1960.285,1947.715,1960.285,10,tp,2.0,17,NY_Late,1.951757409378171,0.2916666666666667,LowVol,-0.030242486264627787,Flat,1952.165,1951.1073301364029,1949.9842481367352
PEM,M15,short,2023-07-31 11:15:00+00:00,2023-07-31 14:15:00+00:00,1954.305,1955.255,1958.995,1944.9250000000004,13,timeout,-0.20255863539447344,11,London,1.4112460180739919,0.13541666666666666,LowVol,-0.26040508015361546,Strong,1954.005,1957.1894358130257,1957.3022109458086
PEM,M15,long,2023-07-31 17:00:00+00:00,2023-07-31 19:45:00+00:00,1956.815,1963.5350000000003,1953.455,1963.5350000000003,12,tp,2.0,17,NY_Late,1.6484615393906779,0.5208333333333334,MidVol,-0.06989252557964214,Flat,1956.605,1955.8561387159539,1955.9807794595408
PEM,M15,long,2023-08-04 08:15:00+00:00,2023-08-04 09:30:00+00:00,1937.275,1934.595,1934.595,1942.6350000000002,6,sl,-1.0,8,London,1.1676220515120532,0.11458333333333333,LowVol,0.16799894137411278,Moderate,1936.065,1935.0973523116236,1934.793863281741
PEM,M15,short,2023-08-04 11:30:00+00:00,2023-08-04 12:30:00+00:00,1934.705,1936.445,1936.445,1931.225,5,sl,-1.0,11,London,1.3656500840981725,0.22916666666666666,LowVol,-0.02550803683906152,Flat,1933.845,1935.2990946533534,1935.236938865641
PEM,M15,short,2023-08-04 19:15:00+00:00,2023-08-04 19:30:00+00:00,1931.235,1933.845,1933.845,1926.0149999999996,2,sl_first_ambiguous,-1.0,19,NY_Late,1.3214862726535546,0.19791666666666666,LowVol,-0.2739720944445244,Strong,1931.075,1933.7655036962585,1934.2628256629744
PEM,M15,long,2023-08-07 07:30:00+00:00,2023-08-07 08:15:00+00:00,1944.915,1942.565,1942.565,1949.6149999999998,4,sl,-1.0,7,London,1.5190345183087168,0.5625,MidVol,0.38402886372764783,Strong,1943.885,1940.7784046822658,1943.7559135124145
PEM,M15,short,2023-08-07 11:15:00+00:00,2023-08-07 14:15:00+00:00,1938.875,1937.245,1944.305,1928.0149999999999,13,timeout,0.30018416206263165,11,London,1.380288490312439,0.25,LowVol,-0.1516363261622579,Moderate,1938.378,1940.9101556269925,1942.1937630782209
PEM,M15,short,2023-08-07 15:45:00+00:00,2023-08-07 16:30:00+00:00,1934.545,1937.535,1937.535,1928.565,4,sl,-1.0,15,NY_Overlap,1.5101701861443781,0.5625,MidVol,-0.4070954448269572,Strong,1936.445,1938.9180598721184,1939.8946111724586
PEM,M15,short,2023-08-08 07:45:00+00:00,2023-08-08 08:45:00+00:00,1935.665,1932.685,1937.155,1932.685,5,tp,2.0,7,London,1.0970300749510384,0.03125,LowVol,-0.012209312598736847,Flat,1935.445,1936.296119364575,1936.3882574462227
PEM,M15,short,2023-08-08 11:30:00+00:00,2023-08-08 14:30:00+00:00,1932.795,1932.575,1934.865,1928.6550000000002,13,timeout,0.10628019323673142,11,London,1.2048108019337656,0.16666666666666666,LowVol,-0.27444186167504714,Strong,1933.345,1935.1766966490466,1934.9414502738855
PEM,M15,short,2023-08-09 18:30:00+00:00,2023-08-09 18:45:00+00:00,1923.795,1926.025,1926.025,1919.335,2,sl,-1.0,18,NY_Late,1.245479618753405,0.2708333333333333,LowVol,-0.46520601848263765,Strong,1924.375,1927.830960461956,1927.6608159985674
PEM,M15,short,2023-08-11 00:45:00+00:00,2023-08-11 03:45:00+00:00,1916.345,1912.568,1921.245,1906.5450000000003,13,timeout,0.7708163265306426,0,Asia,2.620846043214708,0.8541666666666666,HighVol,-0.0711870744119049,Flat,1916.275,1919.3554814570612,1917.2001472433712
PEM,M15,short,2023-08-11 11:45:00+00:00,2023-08-11 12:45:00+00:00,1913.195,1915.105,1915.105,1909.3749999999998,5,sl,-1.0,11,London,1.0917775192852224,0.052083333333333336,LowVol,-0.23903175732516685,Moderate,1912.705,1915.0143603133517,1914.2773864357227
PEM,M15,long,2023-08-11 15:30:00+00:00,2023-08-11 18:30:00+00:00,1918.408,1917.435,1915.225,1924.774,13,timeout,-0.3056864593150985,15,NY_Overlap,1.1475324496539634,0.21875,LowVol,0.35049576650569186,Strong,1917.988,1915.5864228291,1914.8509340007924
PEM,M15,long,2023-08-11 19:15:00+00:00,2023-08-11 19:30:00+00:00,1918.905,1917.095,1917.095,1922.5249999999999,2,sl,-1.0,19,NY_Late,1.1008093764135827,0.11458333333333333,LowVol,0.33915489566855045,Strong,1919.938,1916.7019395507493,1915.4472286293294
PEM,M15,short,2023-08-14 07:45:00+00:00,2023-08-14 10:45:00+00:00,1911.415,1912.515,1914.285,1905.6749999999997,13,timeout,-0.3832752613240736,7,London,1.1797895372321405,0.4583333333333333,MidVol,-0.35876553636530595,Strong,1910.754,1914.2783236955297,1912.9592909936387
PEM,M15,short,2023-08-15 07:45:00+00:00,2023-08-15 09:00:00+00:00,1905.895,1907.665,1907.665,1902.355,6,sl,-1.0,7,London,1.0642707792847186,0.09375,LowVol,-0.49148432253084756,Strong,1905.485,1909.0073344068448,1908.3476958204208
PEM,M15,short,2023-08-15 17:45:00+00:00,2023-08-15 19:30:00+00:00,1902.825,1898.345,1905.065,1898.345,8,tp,2.0,17,NY_Late,1.2977829041267153,0.3645833333333333,MidVol,-0.2903541408917336,Strong,1903.275,1905.8057577689028,1905.9839240624624
PEM,M15,long,2023-08-16 10:45:00+00:00,2023-08-16 11:30:00+00:00,1904.555,1903.635,1903.635,1906.3950000000002,4,sl,-1.0,10,London,1.1244484749384325,0.020833333333333332,LowVol,0.14399726450521264,Moderate,1904.085,1903.3936533790666,1902.9433311198968
PEM,M15,short,2023-08-16 19:15:00+00:00,2023-08-16 22:15:00+00:00,1903.098,1903.735,1907.045,1895.2039999999997,13,timeout,-0.16138839625029766,19,NY_Late,1.1317574946555446,0.28125,LowVol,-0.06908122258838957,Flat,1903.635,1904.5626810630745,1903.737719087348
PEM,M15,long,2023-08-17 14:00:00+00:00,2023-08-17 17:00:00+00:00,1895.945,1895.485,1892.095,1903.6449999999998,13,timeout,-0.11948051948053175,14,NY_Overlap,1.2870646914645576,0.3645833333333333,MidVol,-0.022887477423208867,Flat,1896.945,1894.9394414486683,1894.095625420235
PEM,M15,short,2023-08-17 23:30:00+00:00,2023-08-18 02:30:00+00:00,1889.485,1888.665,1896.295,1875.8649999999996,13,timeout,0.12041116005872475,23,NY_Late,2.2736975960105426,0.8958333333333334,HighVol,-0.3828477520821366,Strong,1890.695,1895.6039418481491,1895.5286753351359
PEM,M15,long,2023-08-21 23:45:00+00:00,2023-08-22 00:45:00+00:00,1890.728,1894.9560000000001,1888.614,1894.9560000000001,5,tp,2.0,23,NY_Late,2.0286121910066788,0.8645833333333334,HighVol,0.013197096187697686,Flat,1891.315,1890.1613346080976,1890.3231491345691
PEM,M15,short,2023-08-22 21:00:00+00:00,2023-08-23 00:00:00+00:00,1892.885,1897.265,1903.445,1871.765,13,timeout,-0.4147727272727397,21,NY_Late,2.137524705630852,0.8854166666666666,HighVol,-0.3593025765870466,Strong,1891.355,1897.795460056136,1896.9483816329018
PEM,M15,long,2023-08-23 12:15:00+00:00,2023-08-23 15:15:00+00:00,1903.365,1904.685,1900.735,1908.6250000000002,13,timeout,0.5019011406843656,12,London,0.9779630624493182,0.20833333333333334,LowVol,0.5703847749713371,Strong,1903.095,1899.4407718030511,1899.6900733557989
PEM,M15,short,2023-08-24 19:00:00+00:00,2023-08-24 22:00:00+00:00,1917.635,1921.625,1921.625,1909.655,13,sl,-1.0,19,NY_Late,1.24351462008839,0.3125,LowVol,-0.12568491006608434,Moderate,1916.455,1918.7644553700775,1919.1164855815289
PEM,M15,short,2023-08-25 20:45:00+00:00,2023-08-25 21:15:00+00:00,1913.585,1917.305,1917.305,1906.145,3,sl,-1.0,20,NY_Late,1.5905875244229428,0.7604166666666666,HighVol,-0.06681378914926148,Flat,1914.365,1915.9624924099826,1915.8390890828118
PEM,M15,long,2023-08-28 12:45:00+00:00,2023-08-28 14:15:00+00:00,1917.175,1914.795,1914.795,1921.9349999999997,7,sl,-1.0,12,London,1.0529371525988842,0.13541666666666666,LowVol,0.18280393698581687,Moderate,1916.015,1915.0058579167687,1915.7360138945235
PEM,M15,long,2023-08-28 22:45:00+00:00,2023-08-29 00:15:00+00:00,1921.095,1918.328,1918.328,1926.6290000000001,7,sl,-1.0,22,NY_Late,1.953522275962807,0.7916666666666666,HighVol,0.45792587925148276,Strong,1925.345,1916.3763949235054,1915.9833699487401
PEM,M15,long,2023-08-30 02:45:00+00:00,2023-08-30 06:30:00+00:00,1937.655,1936.325,1920.948,1971.0689999999997,13,timeout,-0.079607350212482,2,Asia,1.636967028229651,0.7604166666666666,HighVol,0.954809944183692,Strong,1937.845,1929.4153428272557,1936.690489881438
PEM,M15,long,2023-08-31 07:45:00+00:00,2023-08-31 10:45:00+00:00,1945.235,1944.915,1943.665,1948.3749999999998,13,timeout,-0.20382165605092312,7,London,0.8959322511667989,0.14583333333333334,LowVol,0.4348199031104615,Strong,1945.065,1942.816573518893,1944.0548457259515
PEM,M15,short,2023-08-31 16:45:00+00:00,2023-08-31 19:00:00+00:00,1944.075,1945.315,1945.315,1941.595,10,sl,-1.0,16,NY_Overlap,0.9297462443656109,0.3020833333333333,LowVol,-0.006954330226093867,Flat,1944.605,1944.4394144873916,1944.773660776935
PEM,M15,short,2023-09-01 00:45:00+00:00,2023-09-01 03:45:00+00:00,1939.965,1939.508,1942.945,1934.0049999999999,13,timeout,0.15335570469794535,0,Asia,1.667627893144768,0.8020833333333334,HighVol,-0.290577074792312,Strong,1940.055,1943.198732363592,1940.6846177348857
PEM,M15,long,2023-09-01 15:00:00+00:00,2023-09-01 18:00:00+00:00,1943.065,1944.185,1938.105,1952.9850000000001,13,timeout,0.22580645161287957,15,NY_Overlap,1.0836623407224741,0.6354166666666666,MidVol,0.27711613282457576,Strong,1943.225,1940.8068227846425,1940.6514174715987
PEM,M15,long,2023-09-01 18:45:00+00:00,2023-09-01 19:30:00+00:00,1945.075,1949.195,1943.015,1949.195,4,tp,2.0,18,NY_Late,0.935368313452201,0.3125,LowVol,0.5065083221489324,Strong,1944.425,1942.0839173327258,1941.3362096236544
PEM,M15,long,2023-09-05 12:15:00+00:00,2023-09-05 12:45:00+00:00,1938.465,1936.695,1936.695,1942.0049999999999,3,sl,-1.0,12,London,0.8163781356018545,0.23958333333333334,LowVol,-0.05910616330438597,Flat,1938.375,1938.2605866754427,1937.282469082391
PEM,M15,short,2023-09-05 17:00:00+00:00,2023-09-05 20:00:00+00:00,1931.025,1933.105,1936.315,1920.4450000000002,13,timeout,-0.39319470699431786,17,NY_Late,1.213478635698147,0.9479166666666666,HighVol,-0.7360558949322038,Strong,1930.725,1936.3341303170096,1936.2382217705078
PEM,M15,short,2023-09-06 20:30:00+00:00,2023-09-06 21:00:00+00:00,1921.568,1927.425,1927.425,1909.854,3,sl,-1.0,20,NY_Late,1.33664574251445,0.71875,HighVol,-0.3544859086486696,Strong,1921.865,1925.568147708719,1925.1691820409221
PEM,M15,long,2023-09-07 18:45:00+00:00,2023-09-07 19:30:00+00:00,1920.995,1918.075,1918.075,1926.8349999999996,4,sl,-1.0,18,NY_Late,1.0806062046105636,0.4791666666666667,MidVol,0.2695817205428165,Strong,1921.365,1919.2628952952907,1918.3731094233967
PEM,M15,long,2023-09-07 23:15:00+00:00,2023-09-08 02:15:00+00:00,1920.875,1919.908,1917.108,1928.409,13,timeout,-0.25670294664191257,23,NY_Late,1.8808708487292491,0.8333333333333334,HighVol,0.01241135517240419,Flat,1920.538,1919.514897727978,1919.2190223851119
PEM,M15,long,2023-09-11 12:00:00+00:00,2023-09-11 15:00:00+00:00,1924.795,1926.105,1919.275,1935.835,13,timeout,0.23731884057970104,12,London,1.1128693808438412,0.4583333333333333,MidVol,0.5012277583510575,Strong,1926.625,1921.651553214029,1921.1846050840138
PEM,M15,short,2023-09-12 12:45:00+00:00,2023-09-12 15:45:00+00:00,1921.235,1920.665,1923.975,1915.7549999999999,13,timeout,0.20802919708026804,12,London,1.0093037154031212,0.1875,LowVol,-0.19705899063915788,Moderate,1920.895,1922.6578593646066,1922.1541217746958
PEM,M15,short,2023-09-14 14:45:00+00:00,2023-09-14 17:30:00+00:00,1906.445,1907.705,1907.705,1903.925,12,sl,-1.0,14,NY_Overlap,1.1210244144938823,0.3854166666666667,MidVol,-0.4750227298699784,Strong,1905.965,1909.2370253713752,1909.152921444975
PEM,M15,long,2023-09-18 08:30:00+00:00,2023-09-18 11:30:00+00:00,1926.105,1928.985,1922.268,1933.779,13,timeout,0.7505863956215507,8,London,1.053608777851449,0.1875,LowVol,0.35913325296010856,Strong,1924.705,1922.7894098367283,1923.9672614429978
PEM,M15,long,2023-09-18 23:00:00+00:00,2023-09-19 01:00:00+00:00,1928.455,1933.0749999999998,1926.145,1933.0749999999998,9,tp,2.0,23,NY_Late,1.7438029831604973,0.7916666666666666,HighVol,0.15856042958177702,Moderate,1929.625,1926.5052781765405,1926.5226964748201
PEM,M15,long,2023-09-19 03:30:00+00:00,2023-09-19 07:15:00+00:00,1933.525,1933.975,1930.295,1939.9850000000001,13,timeout,0.13931888544885931,3,Asia,1.113574598272601,0.34375,MidVol,0.6944963962775058,Strong,1933.858,1929.0879509367962,1931.966376746429
PEM,M15,short,2023-09-19 22:45:00+00:00,2023-09-20 01:45:00+00:00,1932.728,1930.635,1935.705,1926.7740000000003,13,timeout,0.7030567685590097,22,NY_Late,1.7368235126837575,0.8854166666666666,HighVol,0.020459611987282876,Flat,1932.675,1933.427226900847,1933.1727612093637
PEM,M15,short,2023-09-20 12:00:00+00:00,2023-09-20 13:00:00+00:00,1929.715,1931.255,1931.255,1926.6349999999995,5,sl,-1.0,12,London,0.7483603062760357,0.0625,LowVol,-0.31874776964473495,Strong,1929.518,1931.1453543768284,1930.7112599948164
PEM,M15,long,2023-09-20 17:30:00+00:00,2023-09-20 20:30:00+00:00,1932.185,1933.555,1929.548,1937.4589999999998,13,timeout,0.5195297686765823,17,NY_Late,1.0208999908489067,0.6458333333333334,MidVol,0.09663629364232115,Flat,1932.005,1930.6865787899658,1930.5274807935857
PEM,M15,short,2023-09-21 08:00:00+00:00,2023-09-21 11:00:00+00:00,1924.995,1927.885,1932.475,1910.0349999999999,13,timeout,-0.3863636363636488,8,London,1.7504990066089208,0.5729166666666666,MidVol,-0.7860799840487763,Strong,1924.565,1933.8062052435403,1938.112774909056
PEM,M15,short,2023-09-25 13:00:00+00:00,2023-09-25 14:00:00+00:00,1922.345,1923.925,1923.925,1919.1850000000002,5,sl,-1.0,13,NY_Overlap,0.814350828323212,0.08333333333333333,LowVol,-0.4006183693356217,Strong,1921.735,1924.1422420247825,1924.1989810973153
PEM,M15,short,2023-09-26 13:45:00+00:00,2023-09-26 15:30:00+00:00,1912.165,1915.385,1915.385,1905.725,8,sl,-1.0,13,NY_Overlap,0.8324596924268807,0.3333333333333333,MidVol,-0.6605372668068057,Strong,1911.745,1915.5207719215264,1915.3887209699403
PEM,M15,short,2023-09-26 23:30:00+00:00,2023-09-27 02:30:00+00:00,1901.955,1899.905,1906.818,1892.2289999999998,13,timeout,0.42155048324078365,23,NY_Late,2.155850680902435,0.90625,HighVol,-0.6796006134547344,Strong,1902.265,1909.9802907574447,1911.7531195434815
PEM,M15,short,2023-09-27 11:30:00+00:00,2023-09-27 14:30:00+00:00,1898.085,1897.215,1900.835,1892.585,13,timeout,0.31636363636367937,11,London,1.044079040965415,0.34375,MidVol,-0.6343563888808295,Strong,1897.285,1902.39439500542,1900.8628941238474
PEM,M15,short,2023-09-27 16:45:00+00:00,2023-09-27 19:15:00+00:00,1895.435,1891.6149999999998,1897.345,1891.6149999999998,11,tp,2.0,16,NY_Overlap,1.2012874998958445,0.4166666666666667,MidVol,-0.6055077062149623,Strong,1894.538,1899.2708788588886,1899.3106421680634
PEM,M15,short,2023-09-28 00:30:00+00:00,2023-09-28 03:30:00+00:00,1875.675,1875.728,1882.278,1862.4689999999998,13,timeout,-0.008026654550978408,0,Asia,2.2337222503261276,0.9479166666666666,HighVol,-1.2169628018229,Strong,1873.395,1889.4599953580798,1875.3090225689118
PEM,M15,long,2023-09-29 13:15:00+00:00,2023-09-29 16:15:00+00:00,1866.815,1872.065,1862.965,1874.5150000000003,13,timeout,1.3636363636363154,13,NY_Overlap,1.250397271982207,0.1875,LowVol,-0.0194692437646429,Flat,1868.025,1866.311937779693,1864.979211646532
PEM,M15,short,2023-10-02 08:15:00+00:00,2023-10-02 11:15:00+00:00,1845.445,1843.885,1848.835,1838.6649999999997,13,timeout,0.4601769911504128,8,London,1.5451129215145456,0.5208333333333334,MidVol,-0.9028698838776574,Strong,1846.195,1853.5861198599255,1847.0660913566132
PEM,M15,short,2023-10-02 13:15:00+00:00,2023-10-02 13:45:00+00:00,1839.815,1845.865,1845.865,1827.7150000000001,3,sl,-1.0,13,NY_Overlap,1.3561314482263984,0.3125,LowVol,-0.9876151759091607,Strong,1841.005,1848.1086819158036,1845.0663189634924
PEM,M15,short,2023-10-03 09:45:00+00:00,2023-10-03 12:45:00+00:00,1816.808,1819.345,1824.985,1800.4540000000002,13,timeout,-0.3102604867310827,9,London,2.104906357086165,0.5833333333333334,MidVol,-0.8040150262913364,Strong,1817.705,1828.473764688438,1826.8289351518185
PEM,M15,short,2023-10-04 23:45:00+00:00,2023-10-05 02:45:00+00:00,1821.745,1822.878,1827.225,1810.7849999999999,13,timeout,-0.20675182481752452,23,NY_Late,2.767257196655285,0.7604166666666666,HighVol,-0.012703707573957107,Flat,1821.415,1822.754252913914,1822.8178043307112
PEM,M15,long,2023-10-05 11:00:00+00:00,2023-10-05 13:15:00+00:00,1828.405,1825.725,1825.725,1833.765,10,sl,-1.0,11,London,1.2367725420710378,0.010416666666666666,LowVol,0.5839712861984171,Strong,1828.285,1823.765952626964,1822.6795311099538
PEM,M15,short,2023-10-06 13:45:00+00:00,2023-10-06 16:45:00+00:00,1818.885,1821.178,1822.835,1810.985,13,timeout,-0.5805063291139477,13,NY_Overlap,1.0085039319723519,0.10416666666666667,LowVol,-0.24537141477932986,Moderate,1819.235,1821.4487634311843,1820.7440459788302
PEM,M15,long,2023-10-09 08:15:00+00:00,2023-10-09 11:15:00+00:00,1851.075,1852.365,1846.445,1860.3350000000003,13,timeout,0.27861771058313894,8,London,3.1221958330658692,0.7083333333333334,HighVol,0.819351256317181,Strong,1848.295,1835.6853737992194,1849.096267009156
PEM,M15,short,2023-10-11 01:15:00+00:00,2023-10-11 05:00:00+00:00,1858.065,1859.878,1862.358,1849.4790000000003,13,timeout,-0.42231539715814576,1,Asia,2.2096991897852827,0.84375,HighVol,0.11263198772853938,Moderate,1858.775,1858.3233844708402,1860.8500559592771
PEM,M15,long,2023-10-11 18:00:00+00:00,2023-10-11 19:30:00+00:00,1873.898,1868.735,1868.735,1884.224,7,sl,-1.0,18,NY_Late,1.6258297563779809,0.5520833333333334,MidVol,1.0048510883238657,Strong,1874.125,1864.2836575251818,1864.073555623215
PEM,M15,long,2023-10-17 16:45:00+00:00,2023-10-17 19:45:00+00:00,1922.855,1923.708,1918.585,1931.395,13,timeout,0.19976580796254545,16,NY_Overlap,1.6777323440992082,0.5520833333333334,MidVol,0.35577440789594417,Strong,1922.495,1918.099515904923,1918.029838497055
PEM,M15,short,2023-10-18 01:00:00+00:00,2023-10-18 04:00:00+00:00,1920.815,1922.798,1926.285,1909.875,13,timeout,-0.3625228519195498,1,Asia,2.600595884969178,0.7916666666666666,HighVol,-0.003990566210822186,Flat,1919.695,1922.3105823565181,1922.5232211745217
PEM,M15,long,2023-10-19 07:30:00+00:00,2023-10-19 07:45:00+00:00,1952.355,1949.415,1949.415,1958.2350000000001,2,sl,-1.0,7,London,1.8306962235126756,0.09375,LowVol,0.37872183597962,Strong,1952.125,1947.8513182769782,1951.5329348949049
PEM,M15,long,2023-10-20 02:45:00+00:00,2023-10-20 06:30:00+00:00,1976.765,1974.655,1949.725,2030.8450000000005,13,timeout,-0.07803254437870238,2,Asia,3.5227755491764636,0.8854166666666666,HighVol,0.9381187250961329,Strong,1977.445,1958.9371114675514,1969.2452435677624
PEM,M15,short,2023-10-23 07:30:00+00:00,2023-10-23 10:30:00+00:00,1971.575,1971.985,1978.535,1957.655,13,timeout,-0.05890804597699028,7,London,3.2797976544477683,0.6458333333333334,MidVol,-0.3724173324198798,Strong,1972.295,1979.2252461717453,1973.7701793585284
PEM,M15,short,2023-10-24 03:00:00+00:00,2023-10-24 06:45:00+00:00,1971.435,1972.198,1978.015,1958.2749999999996,13,timeout,-0.1159574468085303,3,Asia,2.5258844878800835,0.3541666666666667,MidVol,-0.17115468980870172,Moderate,1973.245,1976.214590923438,1975.333329067635
PEM,M15,long,2023-10-24 09:45:00+00:00,2023-10-24 12:45:00+00:00,1980.075,1976.055,1973.335,1993.555,13,timeout,-0.5964391691394624,9,London,1.9309857012841936,0.1875,LowVol,0.25773556869499487,Strong,1978.245,1975.5694379790452,1975.5995218644293
PEM,M15,short,2023-10-25 11:00:00+00:00,2023-10-25 14:00:00+00:00,1971.315,1971.205,1976.455,1961.0350000000003,13,timeout,0.021400778210142034,11,London,1.7586123911064284,0.375,MidVol,0.01823040995606725,Flat,1973.585,1972.1283288922411,1973.759248904988
PEM,M15,long,2023-10-26 11:15:00+00:00,2023-10-26 13:15:00+00:00,1987.255,1984.488,1984.488,1992.7890000000002,9,sl,-1.0,11,London,1.7091227849814865,0.11458333333333333,LowVol,0.5101768748983563,Strong,1987.858,1982.0236508376881,1983.0957527437947
PEM,M15,short,2023-10-27 18:30:00+00:00,2023-10-27 21:30:00+00:00,1981.225,1983.585,1987.525,1968.6249999999995,13,timeout,-0.374603174603184,18,NY_Late,1.7513170105506366,0.5104166666666666,MidVol,-0.39723302659866766,Strong,1980.215,1985.6248988385391,1986.1166872321064
PEM,M15,long,2023-10-28 01:00:00+00:00,2023-10-28 04:00:00+00:00,1994.305,2005.648,1979.545,2023.825,13,timeout,0.7684959349593398,1,Asia,3.2512951895391375,0.9791666666666666,HighVol,0.3164727160158382,Strong,1996.255,1984.549110642312,1989.1945357608638
PEM,M15,short,2023-10-30 13:30:00+00:00,2023-10-30 16:30:00+00:00,1999.225,1994.845,2004.865,1987.9449999999997,13,timeout,0.7765957446808164,13,NY_Overlap,1.7679104277968527,0.3125,LowVol,0.08532408902162597,Flat,1998.125,1999.3207200208158,2002.1905972101235
PEM,M15,short,2023-11-01 00:45:00+00:00,2023-11-01 03:45:00+00:00,1985.095,1983.678,1995.005,1965.2749999999999,13,timeout,0.1429868819374273,0,Asia,3.4811528553709072,0.9166666666666666,HighVol,-0.431816319746565,Strong,1984.605,1995.1975310566415,1987.9782912560777
PEM,M15,short,2023-11-01 08:00:00+00:00,2023-11-01 11:00:00+00:00,1979.945,1976.965,1986.545,1966.7449999999997,13,timeout,0.45151515151514493,8,London,1.8339178869156076,0.5520833333333334,MidVol,-0.7178640483623936,Strong,1979.375,1988.0468641401333,1984.7812512841488
PEM,M15,short,2023-11-01 11:30:00+00:00,2023-11-01 13:15:00+00:00,1975.158,1980.685,1980.685,1964.1039999999998,8,sl,-1.0,11,London,1.7430857344119628,0.40625,MidVol,-0.8113473054349277,Strong,1976.455,1984.1957537727928,1983.371894743914
PEM,M15,long,2023-11-01 16:30:00+00:00,2023-11-01 19:30:00+00:00,1982.965,1987.465,1976.255,1996.3849999999995,13,timeout,0.6706408345752799,16,NY_Overlap,1.8351182967340252,0.5208333333333334,MidVol,-0.08812781925476966,Flat,1981.195,1981.682787824217,1982.077439017459
PEM,M15,long,2023-11-02 12:00:00+00:00,2023-11-02 15:00:00+00:00,1985.885,1984.955,1983.315,1991.0249999999999,13,timeout,-0.3618677042801894,12,London,1.6018422943124613,0.03125,LowVol,0.244399304273315,Moderate,1986.075,1983.574994445437,1980.1379747305132
PEM,M15,long,2023-11-03 10:00:00+00:00,2023-11-03 13:00:00+00:00,1986.795,1986.665,1983.225,1993.9350000000004,13,timeout,-0.036414565826359435,10,London,1.2148223979441173,0.14583333333333334,LowVol,0.13763756555833023,Moderate,1987.125,1985.0132165491825,1984.812799427561
PEM,M15,long,2023-11-03 13:30:00+00:00,2023-11-03 15:00:00+00:00,1986.815,1985.378,1985.378,1989.6890000000003,7,sl,-1.0,13,NY_Overlap,0.9432488784701809,0.03125,LowVol,0.22323519384283141,Moderate,1986.835,1985.5053387397763,1985.103321823796
PEM,M15,short,2023-11-06 14:45:00+00:00,2023-11-06 15:15:00+00:00,1982.765,1985.295,1985.295,1977.7050000000002,3,sl,-1.0,14,NY_Overlap,1.642772528765303,0.2916666666666667,LowVol,-0.4478133577328207,Strong,1984.095,1987.3791619496703,1987.1055580188824
PEM,M15,short,2023-11-07 02:45:00+00:00,2023-11-07 06:30:00+00:00,1979.255,1977.695,1984.345,1969.0750000000003,13,timeout,0.30648330058942985,2,Asia,1.5970444946581412,0.11458333333333333,LowVol,-0.5085003346368998,Strong,1979.895,1984.3184369567625,1982.3337182301193
PEM,M15,short,2023-11-07 10:15:00+00:00,2023-11-07 13:15:00+00:00,1972.754,1972.495,1976.985,1964.292,13,timeout,0.061214842826758424,10,London,1.3367767804883894,0.20833333333333334,LowVol,-0.8347209233572326,Strong,1973.225,1979.129253076724,1977.9238900020514
PEM,M15,short,2023-11-08 12:45:00+00:00,2023-11-08 15:45:00+00:00,1965.595,1967.945,1969.255,1958.2749999999999,13,timeout,-0.6420765027322012,12,London,1.0054917285674327,0.052083333333333336,LowVol,-0.23699164962064653,Moderate,1965.165,1967.696135994465,1967.5618311542512
PEM,M15,short,2023-11-08 16:45:00+00:00,2023-11-08 17:15:00+00:00,1966.805,1963.6450000000002,1968.385,1963.6450000000002,3,tp,2.0,16,NY_Overlap,1.344314699180767,0.40625,MidVol,-0.05798751897209099,Flat,1966.285,1967.556022128388,1967.4947537933617
PEM,M15,short,2023-11-09 01:45:00+00:00,2023-11-09 04:45:00+00:00,1951.615,1949.768,1955.565,1943.715,13,timeout,0.46759493670885033,1,Asia,2.618577413756747,0.8854166666666666,HighVol,-0.5986770049096856,Strong,1951.855,1960.5098666958213,1953.4929112933419
PEM,M15,short,2023-11-09 10:30:00+00:00,2023-11-09 13:30:00+00:00,1949.595,1949.528,1954.395,1939.9950000000001,13,timeout,0.013958333333334981,10,London,1.5837414880114729,0.40625,MidVol,-0.4542516085283983,Strong,1949.285,1953.730431668105,1951.6587661737146
PEM,M15,short,2023-11-11 01:15:00+00:00,2023-11-11 04:15:00+00:00,1936.755,1936.865,1939.995,1930.2750000000005,13,timeout,-0.03395061728392203,1,Asia,2.419798454467209,0.6979166666666666,HighVol,-0.7925618211116433,Strong,1935.885,1947.1643801706869,1937.996180994675
PEM,M15,long,2023-11-15 13:45:00+00:00,2023-11-15 16:45:00+00:00,1969.785,1970.445,1965.325,1978.7050000000002,13,timeout,0.14798206278023524,13,NY_Overlap,1.26112040371985,0.5625,MidVol,0.7731579540417053,Strong,1969.135,1963.2318489780625,1964.126025584891
PEM,M15,long,2023-11-16 10:30:00+00:00,2023-11-16 13:30:00+00:00,1961.875,1964.205,1957.735,1970.1550000000002,13,timeout,0.5628019323671186,10,London,1.3902302415910577,0.3645833333333333,MidVol,-0.18482214924310025,Moderate,1960.745,1961.3847167897327,1960.2074437193496
PEM,M15,long,2023-11-16 16:30:00+00:00,2023-11-16 19:30:00+00:00,1968.095,1962.915,1962.915,1978.4550000000002,13,sl,-1.0,16,NY_Overlap,1.384709633939235,0.3333333333333333,MidVol,0.526305657048884,Strong,1967.885,1963.6421137493535,1962.4191318794763
PEM,M15,long,2023-11-17 10:30:00+00:00,2023-11-17 13:30:00+00:00,1985.705,1984.065,1982.825,1991.4649999999997,13,timeout,-0.5694444444444237,10,London,1.360664458725974,0.2916666666666667,LowVol,0.6924011666495237,Strong,1985.698,1980.2412312790066,1983.5159136339187
PEM,M15,short,2023-11-18 00:00:00+00:00,2023-11-18 03:00:00+00:00,1980.375,1979.755,1985.115,1970.895,13,timeout,0.1308016877636898,0,Asia,2.5669469956220023,0.8229166666666666,HighVol,-0.23933461689161337,Moderate,1980.565,1984.8908597250615,1980.515
PEM,M15,long,2023-11-20 10:00:00+00:00,2023-11-20 13:00:00+00:00,1983.505,1981.005,1973.585,2003.3450000000003,13,timeout,-0.25201612903225623,10,London,1.9337303303261557,0.6666666666666666,HighVol,0.10014779491435637,Moderate,1982.085,1981.1636741708303,1979.8613501602597
PEM,M15,short,2023-11-20 18:45:00+00:00,2023-11-20 21:45:00+00:00,1974.375,1970.355,1979.445,1964.2350000000001,13,timeout,0.79289940828403,18,NY_Late,1.7936138159318895,0.19791666666666666,LowVol,-0.502517124068311,Strong,1972.625,1979.0562481623183,1979.3150499541814
PEM,M15,long,2023-11-21 01:45:00+00:00,2023-11-21 04:45:00+00:00,1978.178,1977.088,1972.445,1989.6440000000005,13,timeout,-0.19012733298449544,1,Asia,2.392292970637497,0.875,HighVol,0.0859627125037559,Flat,1977.604,1975.1341372098811,1975.7027920773412
PEM,M15,long,2023-11-22 18:45:00+00:00,2023-11-22 20:30:00+00:00,2003.025,1998.448,1998.448,2012.179,8,sl,-1.0,18,NY_Late,1.8419871638790266,0.4791666666666667,MidVol,0.22186967376576955,Moderate,2002.165,1999.63059780256,1999.1956832775884
PEM,M15,long,2023-11-23 11:15:00+00:00,2023-11-23 14:15:00+00:00,1997.575,1995.305,1990.985,2010.7550000000003,13,timeout,-0.3444613050075769,11,London,1.372191602457473,0.16666666666666666,LowVol,0.2626616221370312,Strong,1996.375,1993.5840592272564,1991.8533547065567
PEM,M15,long,2023-11-23 15:00:00+00:00,2023-11-23 15:15:00+00:00,1996.938,1994.845,1994.845,2001.1240000000003,2,sl,-1.0,15,NY_Overlap,1.564578362046088,0.40625,MidVol,0.209894186637991,Moderate,1995.695,1994.5138196339217,1992.9357229653367
PEM,M15,long,2023-11-27 16:30:00+00:00,2023-11-27 19:30:00+00:00,2014.985,2012.345,2009.045,2026.8649999999996,13,timeout,-0.4444444444444359,16,NY_Overlap,1.827264931838919,0.46875,MidVol,0.664526604233036,Strong,2014.875,2007.7625004811189,2009.823467357497
PEM,M15,long,2023-11-28 04:30:00+00:00,2023-11-28 08:15:00+00:00,2014.258,2016.908,2007.615,2027.544,13,timeout,0.3989161523407876,4,Asia,1.5080102435009757,0.010416666666666666,LowVol,0.28336225582922436,Strong,2013.828,2011.319426560417,2011.6147382273532
PEM,M15,short,2023-11-28 15:00:00+00:00,2023-11-28 16:30:00+00:00,2013.238,2016.615,2016.615,2006.4840000000002,7,sl,-1.0,15,NY_Overlap,1.4834976464097929,0.23958333333333334,LowVol,0.06135119477289168,Flat,2013.735,2014.2728128069623,2014.2456293402204
PEM,M15,long,2023-11-29 12:30:00+00:00,2023-11-29 13:15:00+00:00,2047.315,2043.148,2043.148,2055.6490000000003,4,sl,-1.0,12,London,1.872311603173764,0.5,MidVol,0.5714000269809185,Strong,2046.595,2040.241918193447,2044.4056825188948
PEM,M15,short,2023-11-29 17:00:00+00:00,2023-11-29 20:00:00+00:00,2037.515,2040.985,2043.855,2024.8350000000003,13,timeout,-0.5473186119873572,17,NY_Late,2.0804049202207846,0.59375,MidVol,-0.1250504659262237,Moderate,2038.065,2041.2420727211656,2043.9910005374418
PEM,M15,long,2023-11-30 00:45:00+00:00,2023-11-30 03:45:00+00:00,2044.825,2044.535,2039.455,2055.5650000000005,13,timeout,-0.05400372439477789,0,Asia,2.5495709708313825,0.8125,HighVol,0.16046131295716856,Moderate,2045.095,2041.2880151839202,2043.2185995242933
PEM,M15,long,2023-11-30 08:00:00+00:00,2023-11-30 09:00:00+00:00,2045.665,2043.225,2043.225,2050.545,5,sl,-1.0,8,London,1.245408872263526,0.010416666666666666,LowVol,0.2582624370303548,Strong,2045.928,2043.6916267795075,2045.5810070314733
PEM,M15,short,2023-11-30 17:30:00+00:00,2023-11-30 20:30:00+00:00,2037.965,2039.795,2045.325,2023.2449999999997,13,timeout,-0.2486413043478428,17,NY_Late,1.8604476235356693,0.5833333333333334,MidVol,-0.3646375541317298,Strong,2037.725,2043.0377004107768,2044.428949135817
PEM,M15,long,2023-12-01 00:30:00+00:00,2023-12-01 01:45:00+00:00,2040.255,2036.565,2036.565,2047.6350000000002,6,sl,-1.0,0,Asia,2.8278288109826795,0.8854166666666666,HighVol,-0.015894110898990323,Flat,2041.035,2039.647453438654,2039.6120060879487
PEM,M15,short,2023-12-05 17:45:00+00:00,2023-12-05 20:45:00+00:00,2023.245,2028.545,2034.895,1999.9449999999997,13,timeout,-0.45493562231760865,17,NY_Late,2.857062284287335,0.375,MidVol,-0.527513452633033,Strong,2025.375,2034.3559574358696,2030.7663470644168
PEM,M15,long,2023-12-06 11:30:00+00:00,2023-12-06 14:30:00+00:00,2023.315,2028.025,2019.785,2030.375,13,timeout,1.3342776203966211,11,London,1.677282880365279,0.010416666666666666,LowVol,0.12626914830951994,Moderate,2022.525,2021.560043261574,2018.9771531571557
PEM,M15,short,2023-12-06 18:45:00+00:00,2023-12-06 19:30:00+00:00,2020.835,2023.225,2023.225,2016.0550000000003,4,sl,-1.0,18,NY_Late,2.2126556029282325,0.4270833333333333,MidVol,-0.16745731260506574,Moderate,2021.165,2023.5211038602115,2021.8286578443724
PEM,M15,short,2023-12-07 11:15:00+00:00,2023-12-07 14:00:00+00:00,2026.535,2029.625,2029.625,2020.3550000000002,12,sl,-1.0,11,London,1.688792066512979,0.21875,LowVol,0.05655736198585971,Flat,2026.865,2027.3277402990182,2028.2198371090499
PEM,M15,long,2023-12-07 17:15:00+00:00,2023-12-07 20:15:00+00:00,2034.035,2032.155,2028.255,2045.595,13,timeout,-0.32525951557095467,17,NY_Late,1.9327975442344765,0.4479166666666667,MidVol,0.46673214041336825,Strong,2034.575,2029.0535758706637,2029.1587804107667
PEM,M15,short,2023-12-09 00:30:00+00:00,2023-12-09 03:30:00+00:00,1995.055,2002.518,2009.945,1965.2750000000003,13,timeout,-0.5012088650100759,0,Asia,4.297157338207541,0.9166666666666666,HighVol,-0.8773128507508079,Strong,1996.455,2019.2623418859644,1998.630979665917
PEM,M15,short,2023-12-12 00:45:00+00:00,2023-12-12 03:45:00+00:00,1979.095,1980.565,1995.545,1946.195,13,timeout,-0.08936170212766098,0,Asia,2.5611860144518976,0.75,HighVol,-0.8657740155838641,Strong,1979.995,1991.5350585691417,1979.9531560192459
PEM,M15,long,2023-12-12 11:00:00+00:00,2023-12-12 14:00:00+00:00,1985.435,1987.485,1981.895,1992.5149999999999,13,timeout,0.5790960451977332,11,London,1.5320788618244503,0.10416666666666667,LowVol,-0.11221989507726209,Moderate,1985.085,1985.0191922024242,1981.7258115820896
PEM,M15,long,2023-12-12 20:45:00+00:00,2023-12-12 20:45:00+00:00,1994.855,1986.035,1986.035,2012.495,1,sl,-1.0,20,NY_Late,3.1939443726274144,1.0,HighVol,0.17627134749429507,Moderate,1983.885,1986.5537515696155,1984.9617713543676
PEM,M15,short,2023-12-13 00:45:00+00:00,2023-12-13 03:45:00+00:00,1978.885,1979.958,1983.385,1969.885,13,timeout,-0.23844444444446505,0,Asia,2.976596909118672,0.8333333333333334,HighVol,-0.32714901566709476,Strong,1978.215,1984.352233931476,1979.380112500841
PEM,M15,short,2023-12-13 09:15:00+00:00,2023-12-13 12:15:00+00:00,1979.825,1978.695,1981.255,1976.965,13,timeout,0.7902097902098314,9,London,1.3827077924421098,0.08333333333333333,LowVol,-0.22824068278267653,Moderate,1978.215,1981.495404551582,1979.760349769154
PEM,M15,long,2023-12-14 07:00:00+00:00,2023-12-14 10:00:00+00:00,2028.995,2032.105,2023.635,2039.7149999999997,13,timeout,0.5802238805970495,7,London,4.120057149183218,0.875,HighVol,1.3428620141701595,Strong,2032.595,2000.32989628126,2009.5944519097059
PEM,M15,long,2023-12-14 13:30:00+00:00,2023-12-14 14:45:00+00:00,2036.625,2030.015,2030.015,2049.845,6,sl,-1.0,13,NY_Overlap,2.7314241880783254,0.6041666666666666,MidVol,1.0228708447983619,Strong,2034.125,2020.1336276497518,2018.6679990184948
PEM,M15,long,2023-12-15 09:45:00+00:00,2023-12-15 12:45:00+00:00,2037.285,2035.535,2031.465,2048.925,13,timeout,-0.30068728522335925,9,London,1.9702263179093418,0.07291666666666667,LowVol,0.05322938720690454,Flat,2037.145,2034.3922392964703,2034.4243589740852
PEM,M15,long,2023-12-15 19:45:00+00:00,2023-12-15 20:45:00+00:00,2043.525,2034.705,2034.705,2061.1650000000004,5,sl,-1.0,19,NY_Late,1.8995728708804804,0.2708333333333333,LowVol,0.43320089038821263,Strong,2043.125,2038.60663845989,2037.0343870095098
PEM,M15,short,2023-12-16 01:45:00+00:00,2023-12-16 04:45:00+00:00,2020.705,2018.608,2036.058,1989.9989999999998,13,timeout,0.1365856835797545,1,Asia,3.3602327936736733,0.8541666666666666,HighVol,-0.45444016933898834,Strong,2021.965,2035.2058386012302,2028.660076349417
PEM,M15,long,2023-12-18 20:30:00+00:00,2023-12-18 23:30:00+00:00,2024.135,2023.198,2018.658,2035.0890000000002,13,timeout,-0.1710790578783792,20,NY_Late,1.8146203123403972,0.22916666666666666,LowVol,0.023845659010237025,Flat,2024.785,2023.3206379304715,2022.3184555891567
PEM,M15,long,2023-12-20 13:30:00+00:00,2023-12-20 16:30:00+00:00,2041.945,2041.395,2039.185,2047.465,13,timeout,-0.19927536231882476,13,NY_Overlap,1.1296898031258709,0.0625,LowVol,0.4122382862009784,Strong,2040.785,2038.5430335109827,2039.980505124796
PEM,M15,long,2023-12-22 17:45:00+00:00,2023-12-22 18:30:00+00:00,2055.675,2062.175,2052.425,2062.175,4,tp,2.0,17,NY_Late,1.437406678737574,0.16666666666666666,LowVol,0.7915525487254128,Strong,2055.245,2048.972262148308,2047.3048740364238
PEM,M15,long,2023-12-22 18:45:00+00:00,2023-12-22 21:45:00+00:00,2062.105,2069.625,2054.785,2076.7450000000003,13,timeout,1.0273224043715592,18,NY_Late,1.8955691157701096,0.4166666666666667,MidVol,0.8728501115992425,Strong,2061.825,2050.394486238415,2048.2653731588216
PEM,M15,long,2023-12-27 03:15:00+00:00,2023-12-27 04:00:00+00:00,2061.498,2068.444,2058.025,2068.444,4,tp,2.0,3,Asia,1.5910442013403536,0.4791666666666667,MidVol,0.12169343910151927,Moderate,2062.725,2060.0221487985777,2060.27882977499
PEM,M15,short,2023-12-28 19:15:00+00:00,2023-12-28 20:45:00+00:00,2075.235,2078.765,2078.765,2068.1750000000006,7,sl,-1.0,19,NY_Late,2.2915621909254895,0.71875,HighVol,-0.3310513615015872,Strong,2073.745,2079.6477630196796,2080.9913629936905
PEM,M15,short,2023-12-29 17:15:00+00:00,2023-12-29 20:15:00+00:00,2065.148,2063.435,2072.988,2049.4680000000008,13,timeout,0.2184948979592169,17,NY_Late,1.6440506926615468,0.40625,MidVol,-0.4200721771468744,Strong,2064.975,2070.319831580617,2070.0861432115757
PEM,M15,long,2024-01-04 13:45:00+00:00,2024-01-04 16:45:00+00:00,2047.655,2050.245,2042.435,2058.0950000000003,13,timeout,0.49616858237546063,13,NY_Overlap,1.7610396220318256,0.22916666666666666,LowVol,0.19558254292332505,Moderate,2045.855,2043.587092285491,2040.1464971466194
PEM,M15,short,2024-01-05 00:45:00+00:00,2024-01-05 03:45:00+00:00,2040.855,2044.275,2046.168,2030.2290000000003,13,timeout,-0.6437041219650205,0,Asia,2.5801561090395886,0.6979166666666666,HighVol,-0.077871572169361,Flat,2042.795,2044.3068527231808,2043.3799099297532
PEM,M15,short,2024-01-05 17:15:00+00:00,2024-01-05 20:15:00+00:00,2038.525,2040.585,2044.365,2026.8450000000003,13,timeout,-0.35273972602739284,17,NY_Late,1.746693796674806,0.5208333333333334,MidVol,-0.3390413863403766,Strong,2038.265,2043.4475899051963,2043.756864321085
PEM,M15,short,2024-01-08 10:30:00+00:00,2024-01-08 12:15:00+00:00,2040.585,2034.8850000000002,2043.435,2034.8850000000002,8,tp,2.0,10,London,1.8215604303637138,0.4479166666666667,MidVol,-0.31984409109285944,Strong,2039.985,2044.1460685498082,2043.8935921943748
PEM,M15,short,2024-01-08 12:45:00+00:00,2024-01-08 12:45:00+00:00,2034.615,2029.4950000000001,2037.175,2029.4950000000001,1,tp,2.0,12,London,2.224212835837647,0.5729166666666666,MidVol,-0.6832972248506504,Strong,2029.465,2041.609613631124,2040.7730370387542
PEM,M15,short,2024-01-08 16:15:00+00:00,2024-01-08 18:30:00+00:00,2027.985,2017.5449999999998,2033.205,2017.5449999999998,10,tp,2.0,16,NY_Overlap,2.3495581804557193,0.5729166666666666,MidVol,-0.7344044191995404,Strong,2028.135,2037.16126440182,2035.9177158399336
PEM,M15,short,2024-01-08 18:45:00+00:00,2024-01-08 21:45:00+00:00,2022.678,2022.905,2029.435,2009.1640000000004,13,timeout,-0.03359479058751921,18,NY_Late,2.7041837010069765,0.6666666666666666,HighVol,-0.6962970248553972,Strong,2020.365,2033.8795687382246,2033.633228968852
PEM,M15,long,2024-01-09 21:30:00+00:00,2024-01-09 22:15:00+00:00,2039.735,2033.558,2033.558,2052.089,4,sl,-1.0,21,NY_Late,2.6712329946637814,0.8020833333333334,HighVol,0.22415180159280249,Moderate,2036.565,2034.2735091952864,2033.6689127953287
PEM,M15,short,2024-01-10 13:15:00+00:00,2024-01-10 14:45:00+00:00,2026.755,2030.158,2030.158,2019.9490000000005,7,sl,-1.0,13,NY_Overlap,1.7107650004346837,0.3958333333333333,MidVol,-0.29246456784047953,Strong,2024.945,2030.0095459176623,2029.359795017172
PEM,M15,long,2024-01-12 09:00:00+00:00,2024-01-12 12:00:00+00:00,2033.325,2034.265,2030.265,2039.445,13,timeout,0.30718954248368346,9,London,2.450498806599465,0.5104166666666666,MidVol,0.31764714910513697,Strong,2033.795,2028.4181328057398,2023.8490647823346
PEM,M15,long,2024-01-12 18:15:00+00:00,2024-01-12 21:15:00+00:00,2046.375,2053.795,2035.745,2067.635,13,timeout,0.6980244590780805,18,NY_Late,2.1300987759803474,0.4479166666666667,MidVol,0.6932632298644562,Strong,2045.055,2035.426821729471,2029.9688323927971
PEM,M15,long,2024-01-13 01:45:00+00:00,2024-01-13 04:45:00+00:00,2047.105,2048.318,2041.635,2058.045,13,timeout,0.2217550274223376,1,Asia,3.504971243091729,0.7291666666666666,HighVol,-0.0034024779264184195,Flat,2045.795,2044.9738362563444,2045.3473590166534
PEM,M15,long,2024-01-15 09:00:00+00:00,2024-01-15 12:00:00+00:00,2050.735,2054.095,2046.815,2058.5750000000003,13,timeout,0.8571428571427577,9,London,1.713683813576226,0.10416666666666667,LowVol,0.2978503214015955,Strong,2050.725,2046.7829619963943,2048.337365463867
PEM,M15,short,2024-01-16 19:00:00+00:00,2024-01-16 20:15:00+00:00,2039.075,2035.115,2041.055,2035.115,6,tp,2.0,19,NY_Late,1.986802884446511,0.8958333333333334,HighVol,-0.6842966334273545,Strong,2039.565,2046.5521144001248,2046.5095242872274
PEM,M15,long,2024-01-17 20:00:00+00:00,2024-01-17 20:30:00+00:00,2027.685,2022.715,2022.715,2037.625,3,sl,-1.0,20,NY_Late,2.302185101051367,0.5625,MidVol,0.08803292028790255,Flat,2027.375,2025.7056769773344,2025.7066725175093
PEM,M15,short,2024-01-18 00:30:00+00:00,2024-01-18 03:30:00+00:00,2005.185,2005.475,2010.465,1994.625,13,timeout,-0.05492424242423582,0,Asia,3.4998793812020654,0.8020833333333334,HighVol,-0.7358826709649077,Strong,2003.865,2019.1990229248822,2005.2717123004236
PEM,M15,long,2024-01-19 01:15:00+00:00,2024-01-19 03:30:00+00:00,2015.735,2021.215,2012.995,2021.215,10,tp,2.0,1,Asia,2.2195623222153404,0.65625,MidVol,0.2327040270727798,Moderate,2015.765,2012.7121767967092,2014.9090999174093
PEM,M15,long,2024-01-19 04:00:00+00:00,2024-01-19 07:45:00+00:00,2021.665,2022.895,2018.825,2027.3449999999998,13,timeout,0.4330985915493147,4,Asia,1.8758387007656148,0.46875,MidVol,0.6360334732339763,Strong,2022.015,2015.2570268966379,2018.1038811738651
PEM,M15,long,2024-01-19 19:15:00+00:00,2024-01-19 20:45:00+00:00,2031.895,2038.0549999999998,2028.815,2038.0549999999998,7,tp,2.0,19,NY_Late,1.5850575950165953,0.3541666666666667,MidVol,0.7511863478381466,Strong,2032.915,2025.417853569002,2023.8710141542824
PEM,M15,short,2024-01-22 10:45:00+00:00,2024-01-22 13:30:00+00:00,2026.595,2019.9950000000001,2029.895,2019.9950000000001,12,tp,2.0,10,London,1.5402314740051364,0.3333333333333333,MidVol,-0.027482003435043232,Flat,2026.685,2028.0664198636118,2028.9020278403218
PEM,M15,long,2024-01-22 19:15:00+00:00,2024-01-22 21:15:00+00:00,2026.018,2021.045,2021.045,2035.964,9,sl,-1.0,19,NY_Late,2.1075441091212497,0.5520833333333334,MidVol,0.016055649373309448,Flat,2026.605,2024.7092645911027,2024.7748543259027
PEM,M15,long,2024-01-24 02:45:00+00:00,2024-01-24 06:30:00+00:00,2028.845,2027.615,2022.495,2041.5450000000003,13,timeout,-0.1937007874015735,2,Asia,2.0693378357595886,0.4895833333333333,MidVol,0.165386231579648,Moderate,2029.705,2025.5718916059743,2026.4914535281625
PEM,M15,short,2024-01-25 03:00:00+00:00,2024-01-25 06:15:00+00:00,2012.295,2015.445,2015.445,2005.9950000000003,11,sl,-1.0,3,Asia,2.6510844424491347,0.78125,HighVol,-0.67375235121751,Strong,2011.975,2022.3156987522827,2015.23336908256
PEM,M15,short,2024-01-26 00:00:00+00:00,2024-01-26 03:00:00+00:00,2014.015,2018.275,2020.895,2000.2550000000003,13,timeout,-0.6191860465116372,0,Asia,3.063977384719983,0.8229166666666666,HighVol,-0.052502012148034294,Flat,2014.035,2017.485107217631,2014.2783333333334
PEM,M15,long,2024-01-26 04:30:00+00:00,2024-01-26 08:15:00+00:00,2019.375,2022.765,2016.845,2024.435,13,timeout,1.3399209486166548,4,Asia,1.998406095201478,0.59375,MidVol,0.15969505826046188,Moderate,2019.885,2017.1983979892582,2015.8443497939193
PEM,M15,long,2024-01-26 08:30:00+00:00,2024-01-26 11:30:00+00:00,2022.794,2021.995,2019.245,2029.8920000000005,13,timeout,-0.22513384051850077,8,London,1.7118196673092332,0.5416666666666666,MidVol,0.34333923728974375,Strong,2022.058,2018.5420307986897,2017.3108924906473
PEM,M15,short,2024-01-27 01:15:00+00:00,2024-01-27 04:15:00+00:00,2016.515,2018.935,2023.765,2002.015,13,timeout,-0.3337931034482545,1,Asia,2.0276747994450006,0.6666666666666666,HighVol,-0.2727726040215637,Strong,2016.585,2019.8613736075963,2017.380399956249
PEM,M15,long,2024-01-29 08:30:00+00:00,2024-01-29 11:30:00+00:00,2024.975,2026.925,2019.195,2036.5349999999999,13,timeout,0.3373702422145423,8,London,2.254102971931275,0.8333333333333334,HighVol,0.17851366106702676,Moderate,2023.805,2020.2309780036196,2023.4953777665519
PEM,M15,long,2024-01-30 03:30:00+00:00,2024-01-30 07:15:00+00:00,2031.265,2031.715,2025.745,2042.3050000000005,13,timeout,0.08152173913039874,3,Asia,2.2690181305827783,0.8125,HighVol,0.1481338185222768,Moderate,2032.858,2027.537029495989,2029.6862472128246
PEM,M15,long,2024-01-30 08:00:00+00:00,2024-01-30 09:15:00+00:00,2033.555,2030.225,2030.225,2040.2150000000004,6,sl,-1.0,8,London,1.6782726385132214,0.17708333333333334,LowVol,0.37134282329860085,Strong,2033.855,2029.4633583283487,2030.5239639850195
PEM,M15,long,2024-01-30 21:30:00+00:00,2024-01-30 22:30:00+00:00,2043.298,2032.525,2032.525,2064.844,5,sl,-1.0,21,NY_Late,2.376595735371079,0.8541666666666666,HighVol,0.4223864688008828,Strong,2046.745,2034.9761202972868,2035.014180860459
PEM,M15,long,2024-01-31 00:15:00+00:00,2024-01-31 03:15:00+00:00,2035.905,2035.815,2031.275,2045.1649999999997,13,timeout,-0.019438444924388863,0,Asia,2.8960277531862837,0.9166666666666666,HighVol,-0.04642181611650277,Flat,2034.995,2035.0823173534895,2035.3420266877195
PEM,M15,long,2024-01-31 21:15:00+00:00,2024-01-31 21:45:00+00:00,2041.135,2049.675,2036.865,2049.675,3,tp,2.0000000000000533,21,NY_Late,2.007008932681556,0.7395833333333334,HighVol,0.34092817046897045,Strong,2043.408,2037.2732077337573,2037.003958864203
PEM,M15,short,2024-02-01 02:15:00+00:00,2024-02-01 06:00:00+00:00,2041.305,2039.765,2053.914,2016.0869999999998,13,timeout,0.1221349829486831,2,Asia,3.3415935155803953,1.0,HighVol,0.14636244855434366,Moderate,2044.295,2043.3384681721186,2046.4104701691988
PEM,M15,short,2024-02-02 16:30:00+00:00,2024-02-02 18:45:00+00:00,2053.565,2055.955,2055.955,2048.7850000000003,10,sl,-1.0,16,NY_Overlap,1.5092935513459969,0.21875,LowVol,0.08646774271037092,Flat,2054.605,2053.831318939634,2055.675184948932
PEM,M15,long,2024-02-02 19:00:00+00:00,2024-02-02 20:30:00+00:00,2055.625,2052.905,2052.905,2061.0649999999996,7,sl,-1.0,19,NY_Late,1.4125632529744603,0.07291666666666667,LowVol,0.1403150465689755,Moderate,2055.645,2054.0198626413608,2055.5901532595917
PEM,M15,short,2024-02-05 10:30:00+00:00,2024-02-05 13:30:00+00:00,2032.575,2029.965,2037.075,2023.575,13,timeout,0.5800000000000283,10,London,2.1149615100482224,0.65625,MidVol,-0.46779642284236067,Strong,2031.085,2038.6695448255361,2036.387349112687
PEM,M15,short,2024-02-05 20:15:00+00:00,2024-02-05 23:15:00+00:00,2021.935,2019.375,2028.258,2009.2889999999998,13,timeout,0.40487110548788674,20,NY_Late,1.8038783640009726,0.09375,LowVol,-0.6163483887131591,Strong,2021.625,2028.914872016336,2029.4251618184423
PEM,M15,long,2024-02-06 01:00:00+00:00,2024-02-06 04:00:00+00:00,2025.105,2024.825,2020.445,2034.4250000000002,13,timeout,-0.06008583690986433,1,Asia,2.5997808959597872,0.7708333333333334,HighVol,-0.039441490956685,Flat,2026.175,2024.6564550638736,2023.9258966144791
PEM,M15,long,2024-02-06 13:00:00+00:00,2024-02-06 16:00:00+00:00,2029.095,2023.395,2023.395,2040.4950000000001,13,sl,-1.0,13,NY_Overlap,1.2688913147394518,0.11458333333333333,LowVol,0.31223994261738913,Strong,2029.005,2025.6493590864372,2025.6621935695166
PEM,M15,short,2024-02-07 13:15:00+00:00,2024-02-07 14:30:00+00:00,2033.595,2035.285,2035.285,2030.215,6,sl,-1.0,13,NY_Overlap,0.9277170056309061,0.08333333333333333,LowVol,0.00039203118306658846,Flat,2033.098,2033.9693988566296,2035.2265384750417
PEM,M15,short,2024-02-08 16:00:00+00:00,2024-02-08 17:00:00+00:00,2029.385,2033.975,2033.975,2020.2050000000002,5,sl,-1.0,16,NY_Overlap,1.4044733073510056,0.6145833333333334,MidVol,-0.4332947276502646,Strong,2030.935,2033.895475827006,2035.0960107384171
PEM,M15,short,2024-02-08 20:15:00+00:00,2024-02-08 21:45:00+00:00,2024.475,2031.585,2031.585,2010.2549999999997,7,sl,-1.0,20,NY_Late,1.9961999952234715,0.7604166666666666,HighVol,-0.6521809693728148,Strong,2025.295,2032.1867858227708,2034.0091401273924
PEM,M15,short,2024-02-09 11:30:00+00:00,2024-02-09 14:30:00+00:00,2032.415,2033.515,2034.978,2027.2889999999998,13,timeout,-0.4291845493562593,11,London,0.9182388261897526,0.052083333333333336,LowVol,0.09302542217314837,Flat,2033.115,2032.9558938615776,2033.104840730826
PEM,M15,long,2024-02-13 12:45:00+00:00,2024-02-13 13:45:00+00:00,2019.895,2022.835,2018.425,2022.835,5,tp,2.0,12,London,0.911895508409435,0.10416666666666667,LowVol,0.0497463924133092,Flat,2020.745,2019.4532006771954,2019.1517957639403
PEM,M15,short,2024-02-14 15:15:00+00:00,2024-02-14 18:00:00+00:00,1989.915,1993.215,1993.215,1983.315,12,sl,-1.0,15,NY_Overlap,1.4414986841350776,0.5,MidVol,-0.589947334886341,Strong,1987.655,1994.4087958191365,1992.1650889420691
PEM,M15,short,2024-02-15 03:00:00+00:00,2024-02-15 06:45:00+00:00,1989.835,1993.335,1995.185,1979.1350000000002,13,timeout,-0.6542056074766467,3,Asia,2.1837657932427192,0.75,HighVol,-0.0447821833117138,Flat,1991.525,1991.4631132024106,1992.3443332927304
PEM,M15,long,2024-02-15 12:45:00+00:00,2024-02-15 15:45:00+00:00,1992.405,1994.895,1990.175,1996.865,13,timeout,1.116591928251116,12,London,0.9639716621786774,0.020833333333333332,LowVol,0.009455515686059315,Flat,1992.305,1992.0079333689682,1992.1288966885588
PEM,M15,long,2024-02-15 18:00:00+00:00,2024-02-15 20:30:00+00:00,1997.745,2004.0649999999996,1994.585,2004.0649999999996,11,tp,2.0,18,NY_Late,1.2402789153173612,0.3541666666666667,MidVol,0.5017393598375975,Strong,1995.965,1993.502968999866,1992.8379366674046
PEM,M15,long,2024-02-16 01:30:00+00:00,2024-02-16 04:30:00+00:00,2004.245,2003.948,1995.815,2021.1049999999996,13,timeout,-0.03523131672595538,1,Asia,2.3224765591604113,0.7708333333333334,HighVol,0.37122771385341896,Strong,2003.225,1998.8736085571409,2002.6339665805956
PEM,M15,short,2024-02-16 21:00:00+00:00,2024-02-16 22:45:00+00:00,2000.328,2007.705,2007.705,1985.574,8,sl,-1.0,21,NY_Late,1.992392394719471,0.7291666666666666,HighVol,-0.14344606574450147,Moderate,2002.785,2004.5286359235763,2003.6596274875606
PEM,M15,long,2024-02-17 01:15:00+00:00,2024-02-17 04:15:00+00:00,2012.905,2013.205,2008.435,2021.845,13,timeout,0.06711409395972096,1,Asia,2.625142572595613,0.875,HighVol,0.45131442624923745,Strong,2013.955,2005.9564427428218,2011.9449848235079
PEM,M15,long,2024-02-19 07:45:00+00:00,2024-02-19 10:45:00+00:00,2017.315,2020.425,2011.185,2029.5750000000003,13,timeout,0.5073409461663694,7,London,2.0023805123137075,0.6770833333333334,HighVol,0.5338714657457301,Strong,2016.955,2010.3407020187142,2014.717840148711
PEM,M15,short,2024-02-19 23:15:00+00:00,2024-02-20 00:45:00+00:00,2014.565,2017.365,2017.365,2008.9650000000001,7,sl,-1.0,23,NY_Late,1.272810723482233,0.1875,LowVol,-0.2889370125866783,Strong,2014.595,2017.4162626777884,2018.4125195786935
PEM,M15,long,2024-02-20 19:30:00+00:00,2024-02-20 22:30:00+00:00,2027.255,2029.565,2022.975,2035.8150000000005,13,timeout,0.5397196261681864,19,NY_Late,1.4150004320827376,0.9375,HighVol,0.7159660891131394,Strong,2027.215,2021.6295243285444,2021.7302519240347
PEM,M15,short,2024-02-21 16:00:00+00:00,2024-02-21 19:00:00+00:00,2026.245,2028.415,2031.195,2016.3449999999998,13,timeout,-0.43838383838384903,16,NY_Overlap,1.172094439258624,0.4166666666666667,MidVol,-0.024634538577066344,Flat,2026.165,2027.5967483244465,2027.2849873899531
PEM,M15,short,2024-02-22 00:30:00+00:00,2024-02-22 03:30:00+00:00,2022.915,2025.298,2029.615,2009.5149999999999,13,timeout,-0.35567164179104804,0,Asia,1.9390008011552744,0.9166666666666666,HighVol,-0.35905950820858695,Strong,2022.845,2027.2639399681516,2023.5323047907634
PEM,M15,long,2024-02-22 08:30:00+00:00,2024-02-22 11:30:00+00:00,2026.875,2027.358,2022.265,2036.0949999999998,13,timeout,0.1047722342733097,8,London,1.3359223657624026,0.5520833333333334,MidVol,0.09918796124884252,Flat,2027.325,2025.99992813259,2024.32850932677
PEM,M15,long,2024-02-22 12:15:00+00:00,2024-02-22 15:15:00+00:00,2028.855,2034.495,2026.035,2034.495,13,tp,2.0,12,London,1.170223759704151,0.21875,LowVol,0.2787176360269478,Strong,2029.655,2026.596098225035,2024.838774050722
PEM,M15,short,2024-02-23 16:00:00+00:00,2024-02-23 18:00:00+00:00,2018.735,2022.795,2022.795,2010.6149999999996,9,sl,-1.0,16,NY_Overlap,1.501323676373601,0.5625,MidVol,-0.4256960670434583,Strong,2019.245,2023.4312793801607,2023.0225073505362
PEM,M15,long,2024-02-23 19:15:00+00:00,2024-02-23 22:15:00+00:00,2023.995,2025.715,2015.955,2040.0749999999998,13,timeout,0.21393034825871082,19,NY_Late,1.5290520062549653,0.5833333333333334,MidVol,0.09018059783086083,Flat,2023.505,2022.4777064505602,2022.2683140502477
PEM,M15,long,2024-02-23 23:30:00+00:00,2024-02-24 02:30:00+00:00,2033.935,2038.378,2026.065,2049.6749999999997,13,timeout,0.5645489199491798,23,NY_Late,2.206200716781807,0.9375,HighVol,0.5291465403078942,Strong,2033.865,2024.9712719139213,2024.8884253737274
PEM,M15,short,2024-02-26 08:00:00+00:00,2024-02-26 11:00:00+00:00,2030.555,2032.435,2034.525,2022.615,13,timeout,-0.47355163727956395,8,London,1.4015395379152393,0.3229166666666667,LowVol,-0.0242275152725098,Flat,2029.855,2031.9242234157036,2031.6774960906935
PEM,M15,long,2024-02-27 04:00:00+00:00,2024-02-27 07:45:00+00:00,2033.295,2031.108,2026.475,2046.9350000000004,13,timeout,-0.3206744868035298,4,Asia,1.5391426713616987,0.59375,MidVol,0.19820529954208238,Moderate,2032.005,2030.5034664185187,2029.1697430971797
PEM,M15,long,2024-02-27 11:30:00+00:00,2024-02-27 14:30:00+00:00,2033.758,2035.308,2032.258,2036.758,13,timeout,1.033333333333303,11,London,0.9151775846070288,0.010416666666666666,LowVol,0.33416073848677386,Strong,2033.858,2031.7257150144458,2030.2991230853713
PEM,M15,short,2024-02-28 03:00:00+00:00,2024-02-28 06:45:00+00:00,2030.035,2030.715,2036.805,2016.4950000000001,13,timeout,-0.10044313146230992,3,Asia,1.6663536431661936,0.78125,HighVol,-0.3169196824808713,Strong,2029.965,2033.5901505943755,2032.7497073681998
PEM,M15,short,2024-02-29 02:15:00+00:00,2024-02-29 03:30:00+00:00,2031.435,2033.715,2033.715,2026.875,6,sl,-1.0,2,Asia,1.5629516348987558,0.6875,HighVol,0.11058996335125267,Moderate,2031.195,2031.3841436674422,2033.1774287799421
PEM,M15,long,2024-02-29 14:00:00+00:00,2024-02-29 16:30:00+00:00,2036.665,2035.405,2035.405,2039.185,11,sl,-1.0,14,NY_Overlap,0.8436576521970539,0.010416666666666666,LowVol,0.38047940614858167,Strong,2036.485,2034.5461332969285,2034.495385255138
PEM,M15,long,2024-03-04 23:30:00+00:00,2024-03-05 02:30:00+00:00,2114.035,2116.235,2081.755,2178.5949999999993,13,timeout,0.0681536555142593,23,NY_Late,3.839060527645688,0.8958333333333334,HighVol,1.0483013523825835,Strong,2114.925,2088.5742955339756,2092.0134362700487
PEM,M15,long,2024-03-07 01:45:00+00:00,2024-03-07 02:15:00+00:00,2151.035,2141.835,2141.835,2169.4349999999995,3,sl,-1.0,1,Asia,4.147469115599588,0.8958333333333334,HighVol,0.504392692470016,Strong,2149.675,2136.731298494601,2147.4407681186567
PEM,M15,long,2024-03-07 11:30:00+00:00,2024-03-07 14:30:00+00:00,2155.665,2155.595,2149.595,2167.8050000000003,13,timeout,-0.011532125205957467,11,London,2.8242248780606642,0.6458333333333334,MidVol,0.5803282586797585,Strong,2159.595,2145.540182732522,2147.1562243105973
PEM,M15,long,2024-03-08 14:00:00+00:00,2024-03-08 17:00:00+00:00,2161.395,2169.7149999999997,2157.235,2169.7149999999997,13,tp,2.0,14,NY_Overlap,1.6120977771080076,0.052083333333333336,LowVol,0.20144243461538874,Moderate,2161.035,2157.8346757271856,2158.1374687350753
PEM,M15,short,2024-03-09 02:30:00+00:00,2024-03-11 05:00:00+00:00,2170.685,2179.975,2179.975,2152.105,12,sl,-1.0,2,Asia,5.259773534484979,0.9583333333333334,HighVol,0.1622156745852946,Moderate,2176.305,2171.3959002425213,2184.3480090970243
PEM,M15,short,2024-03-13 01:15:00+00:00,2024-03-13 05:00:00+00:00,2154.395,2158.674,2176.445,2110.2949999999996,13,timeout,-0.194058956916098,1,Asia,3.9746664631048816,0.78125,HighVol,-0.5359505164792148,Strong,2153.455,2168.178469705915,2161.7093836969652
PEM,M15,long,2024-03-14 00:30:00+00:00,2024-03-14 03:30:00+00:00,2179.345,2174.385,2171.235,2195.564999999999,13,timeout,-0.6115906288532407,0,Asia,3.0865844808348504,0.8541666666666666,HighVol,0.5866972862949607,Strong,2175.045,2165.730547365991,2176.0540494059223
PEM,M15,short,2024-03-14 18:45:00+00:00,2024-03-14 19:15:00+00:00,2169.465,2166.8250000000007,2170.785,2166.8250000000007,3,tp,2.0,18,NY_Late,1.5285595633620506,0.4166666666666667,MidVol,-0.09978550135954972,Flat,2168.035,2170.3270401183436,2171.898952684042
PEM,M15,short,2024-03-15 19:45:00+00:00,2024-03-15 22:45:00+00:00,2162.775,2160.765,2169.775,2148.775,13,timeout,0.28714285714288834,19,NY_Late,2.4914155905744306,0.7291666666666666,HighVol,-0.18210237443557198,Moderate,2158.255,2165.890005723838,2165.1558652802755
PEM,M15,short,2024-03-16 00:30:00+00:00,2024-03-16 03:30:00+00:00,2158.115,2157.915,2163.225,2147.8949999999995,13,timeout,0.03913894324849572,0,Asia,3.0114539744657867,0.7916666666666666,HighVol,-0.2550801664101909,Strong,2156.815,2163.218971696725,2158.4447627533514
PEM,M15,long,2024-03-18 16:30:00+00:00,2024-03-18 19:30:00+00:00,2155.478,2161.015,2146.195,2174.044,13,timeout,0.5964666594850658,16,NY_Overlap,1.8998402762742586,0.34375,MidVol,0.1486546132117261,Moderate,2154.765,2152.4782382155527,2151.7914640406957
PEM,M15,long,2024-03-20 01:00:00+00:00,2024-03-20 04:00:00+00:00,2156.385,2156.995,2153.038,2163.0790000000006,13,timeout,0.18225276366884816,1,Asia,2.314756357733172,0.75,HighVol,0.038064755353472576,Flat,2156.845,2155.4219522458675,2155.619532615228
PEM,M15,short,2024-03-20 17:30:00+00:00,2024-03-20 20:30:00+00:00,2153.915,2150.928,2157.155,2147.4349999999995,13,timeout,0.921913580246871,17,NY_Late,1.4984139523671232,0.5208333333333334,MidVol,-0.28598427093608253,Strong,2153.595,2156.70707361427,2156.876158257295
PEM,M15,long,2024-03-21 01:30:00+00:00,2024-03-21 02:30:00+00:00,2166.125,2187.925,2155.225,2187.925,5,tp,2.0,1,Asia,3.6874542141857547,1.0,HighVol,0.28068870924973754,Strong,2167.465,2157.302636893801,2164.4469560203643
PEM,M15,long,2024-03-21 05:45:00+00:00,2024-03-21 08:45:00+00:00,2206.875,2203.115,2180.745,2259.135,13,timeout,-0.14389590508994268,5,Asia,6.640701985227694,1.0,HighVol,0.7441792219626889,Strong,2194.775,2169.464415246478,2178.1428853482425
PEM,M15,long,2024-03-21 17:45:00+00:00,2024-03-21 19:45:00+00:00,2211.025,2203.965,2203.965,2225.145,9,sl,-1.0,17,NY_Late,3.2777650686600115,0.53125,MidVol,0.568279722750438,Strong,2207.685,2198.5604928326316,2193.221992305818
PEM,M15,short,2024-03-22 14:30:00+00:00,2024-03-22 17:30:00+00:00,2168.065,2166.195,2175.305,2153.5850000000005,13,timeout,0.25828729281767226,14,NY_Overlap,2.6167165988310868,0.4270833333333333,MidVol,-0.6449425124362068,Strong,2166.035,2178.253087346567,2176.9243381742735
PEM,M15,long,2024-03-25 09:00:00+00:00,2024-03-25 12:00:00+00:00,2175.415,2169.745,2164.325,2197.5950000000003,13,timeout,-0.5112714156898105,9,London,2.5790941274761012,0.5520833333333334,MidVol,0.24888587499949744,Moderate,2174.475,2167.992727493601,2169.3879881844086
PEM,M15,short,2024-03-25 12:45:00+00:00,2024-03-25 15:45:00+00:00,2168.065,2164.225,2174.415,2155.3650000000002,13,timeout,0.6047244094488505,12,London,2.0678689726931734,0.125,LowVol,-0.025353408992501887,Flat,2169.205,2169.3497571470484,2170.573468752204
PEM,M15,long,2024-03-27 15:30:00+00:00,2024-03-27 15:45:00+00:00,2181.695,2177.625,2177.625,2189.8350000000005,2,sl,-1.0,15,NY_Overlap,2.0210684348543233,0.3854166666666667,MidVol,0.1677868018245502,Moderate,2179.585,2178.5053020545265,2177.7038371909307
PEM,M15,short,2024-03-28 07:30:00+00:00,2024-03-28 09:30:00+00:00,2188.185,2192.285,2192.285,2179.985,9,sl,-1.0,7,London,1.8454513839653606,0.125,LowVol,0.04479826908155585,Flat,2189.785,2189.7437355069587,2191.6185551680665
PEM,M15,long,2024-03-28 18:00:00+00:00,2024-03-28 21:00:00+00:00,2210.775,2207.435,2196.304,2239.717,13,timeout,-0.23080644046715118,18,NY_Late,3.0105467798636996,0.7291666666666666,HighVol,0.6345911927349029,Strong,2210.955,2195.3695427909984,2195.5572258517022
PEM,M15,long,2024-04-01 05:00:00+00:00,2024-04-01 08:00:00+00:00,2238.435,2254.195,2213.108,2289.0889999999995,13,timeout,0.6222608283650002,5,Asia,4.330517035606579,0.8229166666666666,HighVol,0.6539653208341575,Strong,2240.395,2213.687974160352,2241.338333333333
PEM,M15,long,2024-04-01 11:15:00+00:00,2024-04-01 14:15:00+00:00,2264.195,2259.535,2254.915,2282.7550000000006,13,timeout,-0.5021551724138156,11,London,3.977852955531513,0.5520833333333334,MidVol,1.166604535289359,Strong,2260.725,2237.510754612735,2252.0176049762026
PEM,M15,long,2024-04-02 10:15:00+00:00,2024-04-02 13:15:00+00:00,2253.875,2255.035,2247.695,2266.2349999999997,13,timeout,0.1877022653721497,10,London,2.613867799985377,0.07291666666666667,LowVol,0.26300066922293197,Strong,2253.585,2247.6359534497656,2247.112975656682
PEM,M15,long,2024-04-02 15:15:00+00:00,2024-04-02 16:45:00+00:00,2256.595,2265.514999999999,2252.135,2265.514999999999,7,tp,2.0,15,NY_Overlap,2.687665692458164,0.3333333333333333,MidVol,0.4046769947149901,Strong,2262.435,2251.4096361702054,2250.3303369494365
PEM,M15,long,2024-04-03 01:15:00+00:00,2024-04-03 05:00:00+00:00,2265.945,2281.005,2258.185,2281.4650000000006,13,timeout,1.9407216494844746,1,Asia,4.612255701538397,0.8854166666666666,HighVol,0.24615880054616657,Moderate,2271.235,2258.99638509329,2265.122785399196
PEM,M15,short,2024-04-05 00:15:00+00:00,2024-04-05 01:15:00+00:00,2286.925,2294.865,2294.865,2271.045000000001,5,sl,-1.0,0,Asia,3.512322910167577,0.7916666666666666,HighVol,-0.1403039978846219,Moderate,2290.198,2292.4391307614164,2288.758579377059
PEM,M15,short,2024-04-05 07:45:00+00:00,2024-04-05 10:45:00+00:00,2283.925,2275.485,2293.265,2265.245000000001,13,timeout,0.9036402569593506,7,London,3.1938017339962492,0.6041666666666666,MidVol,-0.27680187386347727,Strong,2283.745,2291.375875687534,2292.343001066464
PEM,M15,long,2024-04-08 18:00:00+00:00,2024-04-08 19:15:00+00:00,2343.075,2333.215,2333.215,2362.794999999999,6,sl,-1.0,18,NY_Late,4.172290921505028,0.19791666666666666,LowVol,0.39427601857407285,Strong,2339.185,2330.9902918865014,2330.0872127135913
PEM,M15,short,2024-04-08 20:00:00+00:00,2024-04-08 23:00:00+00:00,2326.105,2327.355,2340.808,2296.699,13,timeout,-0.08501666326600028,20,NY_Late,4.891434308932215,0.4895833333333333,MidVol,-0.0371299733405962,Flat,2329.605,2331.670939948292,2330.622126784412
PEM,M15,long,2024-04-09 01:00:00+00:00,2024-04-09 04:00:00+00:00,2336.518,2338.845,2325.925,2357.7039999999997,13,timeout,0.219673369206061,1,Asia,4.580993123832024,0.2604166666666667,LowVol,0.1240602102546302,Moderate,2338.625,2330.4962018236292,2333.4278502828215
PEM,M15,long,2024-04-09 16:45:00+00:00,2024-04-09 18:45:00+00:00,2364.565,2351.265,2351.265,2391.1650000000004,9,sl,-1.0,16,NY_Overlap,3.393588920530508,0.5208333333333334,MidVol,0.8790035874111941,Strong,2363.998,2346.1847578637194,2344.9086700830035
PEM,M15,short,2024-04-11 02:00:00+00:00,2024-04-11 06:00:00+00:00,2334.385,2336.135,2340.825,2321.505000000001,13,timeout,-0.27173913043479947,2,Asia,6.631299016614647,0.8125,HighVol,-0.20243868401338003,Moderate,2328.965,2341.7594387275326,2335.492302296772
PEM,M15,long,2024-04-11 10:15:00+00:00,2024-04-11 13:00:00+00:00,2343.685,2339.395,2339.395,2352.265,12,sl,-1.0,10,London,3.012386188429115,0.4791666666666667,MidVol,0.2731676043509723,Strong,2345.695,2338.748625771817,2335.5442865923374
PEM,M15,long,2024-04-12 08:30:00+00:00,2024-04-12 11:30:00+00:00,2387.085,2384.488,2372.965,2415.325,13,timeout,-0.18392351274789145,8,London,3.8852781553288414,0.6041666666666666,MidVol,0.9944556524266266,Strong,2384.915,2362.4289269858764,2366.0808846743507
PEM,M15,long,2024-04-12 14:15:00+00:00,2024-04-12 17:15:00+00:00,2394.565,2397.238,2382.685,2418.3250000000003,13,timeout,0.22499999999997894,14,NY_Overlap,3.754127149987777,0.4375,MidVol,0.795137597634252,Strong,2397.585,2377.1427529396206,2376.6588382530176
PEM,M15,long,2024-04-15 18:30:00+00:00,2024-04-15 20:45:00+00:00,2358.785,2347.105,2347.105,2382.1449999999995,10,sl,-1.0,18,NY_Late,4.35622902984421,0.17708333333333334,LowVol,-0.0871219761955951,Flat,2356.145,2356.6037032028285,2355.7000167349165
PEM,M15,long,2024-04-16 02:30:00+00:00,2024-04-16 06:15:00+00:00,2379.818,2385.835,2363.255,2412.9440000000004,13,timeout,0.3632795991064293,2,Asia,6.639586321071471,0.5520833333333334,MidVol,0.5279346138990638,Strong,2383.375,2358.1428505612735,2368.0116848059797
PEM,M15,long,2024-04-16 10:15:00+00:00,2024-04-16 13:15:00+00:00,2385.975,2384.945,2380.085,2397.7549999999997,13,timeout,-0.1748726655347653,10,London,4.010857625461516,0.03125,LowVol,0.472349249496946,Strong,2386.218,2374.4738782440486,2376.2234958930794
PEM,M15,short,2024-04-16 14:00:00+00:00,2024-04-16 17:00:00+00:00,2370.405,2372.005,2388.235,2334.7450000000003,13,timeout,-0.08973639932697228,14,NY_Overlap,4.105405543788934,0.21875,LowVol,0.03227487225341604,Flat,2373.288,2378.2781974210434,2377.3819142522375
PEM,M15,short,2024-04-17 20:00:00+00:00,2024-04-17 20:45:00+00:00,2379.545,2394.165,2394.165,2350.3050000000003,4,sl,-1.0,20,NY_Late,3.5185358311987436,0.5208333333333334,MidVol,-0.04416154486795754,Flat,2384.155,2384.4879265268064,2386.455059388594
PEM,M15,long,2024-04-18 13:45:00+00:00,2024-04-18 16:45:00+00:00,2378.465,2379.548,2365.955,2403.4850000000006,13,timeout,0.08657074340524461,13,NY_Overlap,2.45857571459501,0.010416666666666666,LowVol,0.25373514042824047,Strong,2377.455,2374.265622802565,2371.9031800889343
PEM,M15,short,2024-04-19 07:45:00+00:00,2024-04-19 08:15:00+00:00,2375.355,2381.565,2381.565,2362.935,3,sl,-1.0,7,London,2.526956631948124,0.16666666666666666,LowVol,-0.1859314830031452,Moderate,2377.405,2379.949311824908,2382.573685078618
PEM,M15,long,2024-04-20 00:15:00+00:00,2024-04-20 03:15:00+00:00,2400.815,2387.515,2372.855,2456.735,13,timeout,-0.4756795422031532,0,Asia,4.8500729268740175,0.4791666666666667,MidVol,0.3694770483454052,Strong,2398.155,2386.8003745850706,2398.9013209946093
PEM,M15,short,2024-04-22 18:45:00+00:00,2024-04-22 21:45:00+00:00,2342.595,2340.415,2361.525,2304.734999999999,13,timeout,0.11516111991546765,18,NY_Late,4.08072762560155,0.6041666666666666,MidVol,-0.8255951144936527,Strong,2344.565,2366.460782911015,2363.9971884624388
PEM,M15,short,2024-04-23 16:45:00+00:00,2024-04-23 19:45:00+00:00,2297.405,2310.575,2330.985,2230.2450000000003,13,timeout,-0.3921977367480538,16,NY_Overlap,4.622786786491971,0.46875,MidVol,-0.6354443707952363,Strong,2297.585,2314.375087296257,2310.1527859856265
PEM,M15,long,2024-04-23 23:45:00+00:00,2024-04-24 02:45:00+00:00,2326.625,2322.665,2318.978,2341.919,13,timeout,-0.5178501373087577,23,NY_Late,5.381898844088547,0.7708333333333334,HighVol,0.3628408804949327,Strong,2328.945,2315.274088841646,2312.8297208725808
PEM,M15,long,2024-04-29 16:00:00+00:00,2024-04-29 19:00:00+00:00,2338.665,2336.085,2332.558,2350.879,13,timeout,-0.42246602259700994,16,NY_Overlap,2.984513778647291,0.22916666666666666,LowVol,0.26458474590882997,Strong,2337.515,2333.5475087467544,2331.8801863029234
PEM,M15,long,2024-04-29 23:45:00+00:00,2024-04-30 02:15:00+00:00,2344.358,2336.078,2336.078,2360.9180000000006,11,sl,-1.0,23,NY_Late,4.107142111985979,0.8541666666666666,HighVol,0.2548220855129195,Strong,2344.218,2336.3004999293507,2334.7772366868253
PEM,M15,short,2024-04-30 11:45:00+00:00,2024-04-30 14:45:00+00:00,2325.455,2315.455,2330.455,2315.455,13,tp,2.0,11,London,2.320350359170562,0.125,LowVol,-0.504139541721562,Strong,2326.205,2333.4231612617773,2337.234419039731
PEM,M15,short,2024-05-01 11:30:00+00:00,2024-05-01 14:30:00+00:00,2281.605,2286.135,2293.175,2258.4649999999997,13,timeout,-0.3915298184961224,11,London,2.360592197406362,0.14583333333333334,LowVol,-0.7617714362698955,Strong,2284.515,2293.299027100876,2290.978230446092
PEM,M15,long,2024-05-02 02:00:00+00:00,2024-05-02 05:45:00+00:00,2323.825,2320.325,2293.305,2384.865,13,timeout,-0.11467889908256887,2,Asia,6.0684952299276675,1.0,HighVol,0.4560836667613745,Strong,2325.435,2300.1261539630323,2312.069774471495
PEM,M15,long,2024-05-03 01:15:00+00:00,2024-05-03 05:00:00+00:00,2307.895,2303.885,2298.918,2325.8489999999997,13,timeout,-0.44669711484903923,1,Asia,4.4929643589139445,0.5833333333333334,MidVol,0.04373530198261005,Flat,2306.695,2303.648477067039,2303.85140622195
PEM,M15,long,2024-05-06 15:00:00+00:00,2024-05-06 18:00:00+00:00,2323.078,2319.495,2291.645,2385.944,13,timeout,-0.11398848344097237,15,NY_Overlap,3.1530741624458525,0.375,MidVol,0.644925860093805,Strong,2321.515,2307.6429683955685,2308.927890449954
PEM,M15,long,2024-05-08 05:45:00+00:00,2024-05-08 08:30:00+00:00,2315.825,2311.745,2311.745,2323.9849999999997,12,sl,-1.0,5,Asia,2.049227490871436,0.010416666666666666,LowVol,-0.09570021917334331,Flat,2314.415,2315.7657804517685,2314.2028599250243
PEM,M15,long,2024-05-08 11:45:00+00:00,2024-05-08 13:30:00+00:00,2318.495,2315.298,2315.298,2324.889,8,sl,-1.0,11,London,2.093771116335551,0.14583333333333334,LowVol,0.24840975476656008,Moderate,2318.305,2315.142220137795,2314.1025987526987
PEM,M15,long,2024-05-08 17:45:00+00:00,2024-05-08 20:30:00+00:00,2315.385,2308.045,2308.045,2330.0650000000005,12,sl,-1.0,17,NY_Late,2.5358461275004336,0.5,MidVol,-0.010623052715188833,Flat,2315.755,2313.460259479356,2313.454695761186
PEM,M15,long,2024-05-10 02:15:00+00:00,2024-05-10 06:00:00+00:00,2336.994,2346.605,2329.415,2352.1520000000005,13,timeout,1.2681092492412787,2,Asia,3.3705621499968252,0.75,HighVol,0.6683626577678344,Strong,2336.145,2324.4638865810484,2334.272424519866
PEM,M15,long,2024-05-10 11:00:00+00:00,2024-05-10 12:45:00+00:00,2351.678,2357.0859999999993,2348.974,2357.0859999999993,8,tp,2.0,11,London,2.4551271059604476,0.4479166666666667,MidVol,0.824242453393117,Strong,2352.805,2340.912186165217,2343.4231219725666
PEM,M15,long,2024-05-10 16:30:00+00:00,2024-05-10 19:30:00+00:00,2372.925,2367.245,2367.245,2384.2850000000008,13,sl,-1.0,16,NY_Overlap,3.007689167417615,0.6145833333333334,MidVol,1.1000291334526884,Strong,2371.005,2353.702231279081,2351.8178592423055
PEM,M15,short,2024-05-13 11:45:00+00:00,2024-05-13 14:45:00+00:00,2355.305,2346.9589999999994,2359.478,2346.9589999999994,13,tp,2.0,11,London,2.0651033644300725,0.020833333333333332,LowVol,-0.4400622876963785,Strong,2354.745,2360.4810098019957,2358.8331613951755
PEM,M15,long,2024-05-16 12:00:00+00:00,2024-05-16 13:30:00+00:00,2391.305,2387.115,2387.115,2399.685,7,sl,-1.0,12,London,2.6819017348818335,0.3958333333333333,MidVol,0.3543408211575297,Strong,2391.955,2385.5088038931044,2389.178358600493
PEM,M15,short,2024-05-23 01:45:00+00:00,2024-05-23 05:30:00+00:00,2379.625,2380.345,2394.235,2350.4049999999997,13,timeout,-0.0492813141683637,1,Asia,4.75799809267554,0.8854166666666666,HighVol,-0.76022791670687,Strong,2376.545,2401.4995985637124,2386.055144421495
PEM,M15,short,2024-05-23 13:15:00+00:00,2024-05-23 16:15:00+00:00,2357.815,2362.565,2373.808,2325.829,13,timeout,-0.29700493966110286,13,NY_Overlap,3.8971588286417744,0.7291666666666666,HighVol,-0.7065545465934421,Strong,2359.818,2378.988486454198,2376.8679431102673
PEM,M15,short,2024-05-24 01:00:00+00:00,2024-05-24 04:00:00+00:00,2333.465,2328.375,2345.708,2308.9790000000003,13,timeout,0.41574777423835424,1,Asia,5.3046567928569015,0.875,HighVol,-0.741762337531189,Strong,2332.368,2356.9775932297985,2337.2252918010267
PEM,M15,short,2024-05-28 13:30:00+00:00,2024-05-28 16:30:00+00:00,2347.295,2344.395,2354.065,2333.755,13,timeout,0.42836041358937943,13,NY_Overlap,2.3658008553056042,0.5625,MidVol,-0.1652225784628056,Moderate,2343.185,2350.580472587044,2351.5756494770353
PEM,M15,long,2024-05-29 05:15:00+00:00,2024-05-29 07:45:00+00:00,2361.625,2357.705,2357.705,2369.465,11,sl,-1.0,5,Asia,2.5782206403537677,0.6354166666666666,MidVol,0.44280051663570935,Strong,2360.915,2354.783687760199,2357.0372371173917
PEM,M15,long,2024-05-29 11:30:00+00:00,2024-05-29 13:00:00+00:00,2358.315,2355.615,2355.615,2363.7150000000006,7,sl,-1.0,11,London,2.1634779740936287,0.28125,LowVol,0.08278881882889304,Flat,2358.565,2356.7043721195396,2357.4004094427937
PEM,M15,short,2024-05-29 19:30:00+00:00,2024-05-29 22:30:00+00:00,2341.135,2339.645,2347.118,2329.169000000001,13,timeout,0.24903894367379345,19,NY_Late,2.9884029534144565,0.71875,HighVol,-0.5281066691904754,Strong,2342.055,2350.3073029343172,2352.8368158818275
PEM,M15,short,2024-05-30 02:15:00+00:00,2024-05-30 06:00:00+00:00,2338.055,2337.708,2344.198,2325.769,13,timeout,0.05648705844046085,2,Asia,2.8498976588800615,0.5833333333333334,MidVol,-0.3102024575820413,Strong,2338.835,2344.4523964211653,2340.9825908886464
PEM,M15,short,2024-05-30 13:00:00+00:00,2024-05-30 14:15:00+00:00,2326.905,2336.368,2336.368,2307.9790000000007,6,sl,-1.0,13,NY_Overlap,2.844510378812364,0.6458333333333334,MidVol,-0.45773474766127914,Strong,2324.418,2336.675307562654,2335.6386809026462
PEM,M15,long,2024-05-30 16:45:00+00:00,2024-05-30 19:45:00+00:00,2337.005,2342.534,2328.375,2354.2650000000003,13,timeout,0.6406720741598988,16,NY_Overlap,3.186841165950614,0.78125,HighVol,-0.019278231731627623,Flat,2332.475,2335.347885157074,2334.640715320184
PEM,M15,long,2024-05-31 00:15:00+00:00,2024-05-31 03:15:00+00:00,2348.595,2341.798,2331.535,2382.7149999999997,13,timeout,-0.3984173505275526,0,Asia,3.427349557718328,0.7604166666666666,HighVol,0.30231912737489613,Strong,2346.335,2340.4846349232057,2347.489518321137
PEM,M15,long,2024-05-31 08:15:00+00:00,2024-05-31 08:30:00+00:00,2347.158,2342.988,2342.988,2355.498,2,sl,-1.0,8,London,2.063620667159986,0.09375,LowVol,0.22315947190091376,Moderate,2343.708,2342.4706225463556,2343.7632060589526
PEM,M15,short,2024-05-31 17:15:00+00:00,2024-05-31 19:45:00+00:00,2342.005,2347.368,2347.368,2331.2790000000005,11,sl,-1.0,17,NY_Late,2.0909939665145605,0.10416666666666667,LowVol,0.002341524119084649,Flat,2343.215,2342.791222406212,2343.3511179512984
PEM,M15,long,2024-06-04 00:00:00+00:00,2024-06-04 03:00:00+00:00,2347.104,2347.448,2340.775,2359.7619999999993,13,timeout,0.05435297835362079,0,Asia,4.185911663169262,0.8333333333333334,HighVol,0.5529574676862825,Strong,2349.375,2333.721342388397,2348.516
PEM,M15,short,2024-06-04 23:45:00+00:00,2024-06-05 00:30:00+00:00,2323.578,2328.605,2328.605,2313.524,4,sl,-1.0,23,NY_Late,4.698694146885027,0.8958333333333334,HighVol,-0.31704559798584564,Strong,2325.085,2332.763998201179,2335.1493280938694
PEM,M15,long,2024-06-05 19:45:00+00:00,2024-06-05 20:30:00+00:00,2335.385,2344.745000000001,2330.705,2344.745000000001,4,tp,2.0,19,NY_Late,2.9913185530033406,0.6770833333333334,HighVol,0.171003062019633,Moderate,2339.415,2333.0234977802093,2331.379380522659
PEM,M15,short,2024-06-06 17:00:00+00:00,2024-06-06 19:30:00+00:00,2359.408,2363.778,2363.778,2350.668,11,sl,-1.0,17,NY_Late,2.4405228051609407,0.23958333333333334,LowVol,0.027474135909125365,Flat,2361.518,2361.189265022087,2362.109850573566
PEM,M15,long,2024-06-07 08:15:00+00:00,2024-06-07 08:15:00+00:00,2378.975,2375.414,2375.414,2386.0969999999993,1,sl,-1.0,8,London,2.251612061650444,0.16666666666666666,LowVol,0.4850306146544866,Strong,2374.675,2371.5582323327894,2374.058515909165
PEM,M15,long,2024-06-10 18:30:00+00:00,2024-06-10 21:30:00+00:00,2300.475,2303.045,2294.325,2312.775,13,timeout,0.41788617886180907,18,NY_Late,2.768991982254838,0.15625,LowVol,-0.03844201758719277,Flat,2298.835,2298.888635785748,2295.3735010907235
PEM,M15,short,2024-06-11 13:00:00+00:00,2024-06-11 13:45:00+00:00,2299.775,2304.218,2304.218,2290.8890000000006,4,sl,-1.0,13,NY_Overlap,2.2731207040236145,0.23958333333333334,LowVol,-0.3458066366319075,Strong,2299.555,2305.06719343317,2306.500897829548
PEM,M15,short,2024-06-12 00:00:00+00:00,2024-06-12 01:00:00+00:00,2306.845,2312.228,2312.228,2296.0789999999993,5,sl,-1.0,0,Asia,3.3726994183911154,0.8229166666666666,HighVol,-0.012219160533784612,Flat,2308.915,2308.812895490798,2308.172666666667
PEM,M15,short,2024-06-12 08:30:00+00:00,2024-06-12 10:30:00+00:00,2312.265,2315.588,2315.588,2305.6189999999992,9,sl,-1.0,8,London,1.7941430015325608,0.0625,LowVol,0.07673813475853786,Flat,2312.705,2312.6326954768087,2313.147822845834
PEM,M15,short,2024-06-12 12:30:00+00:00,2024-06-12 13:30:00+00:00,2312.695,2316.208,2316.208,2305.6690000000003,5,sl,-1.0,12,London,1.7470115365139929,0.041666666666666664,LowVol,0.023081424094138655,Flat,2313.424,2313.058259198447,2313.3123745012767
PEM,M15,short,2024-06-13 07:30:00+00:00,2024-06-13 10:30:00+00:00,2318.648,2314.665,2325.398,2305.148,13,timeout,0.5900740740741,7,London,2.98523987075163,0.5520833333333334,MidVol,-0.16251019679070863,Moderate,2321.735,2322.952778099549,2326.272522090578
PEM,M15,short,2024-06-13 18:45:00+00:00,2024-06-13 19:45:00+00:00,2311.025,2319.855,2319.855,2293.3650000000002,5,sl,-1.0,18,NY_Late,3.0908906763675157,0.4583333333333333,MidVol,-0.21572728647433342,Moderate,2304.945,2316.0098593296148,2320.183925298051
PEM,M15,long,2024-06-14 17:15:00+00:00,2024-06-14 20:15:00+00:00,2322.668,2330.755,2305.445,2357.114,13,timeout,0.4695465366080247,17,NY_Late,2.762459069209397,0.6145833333333334,MidVol,0.6796080662321202,Strong,2324.375,2310.963978877769,2308.1115791017264
PEM,M15,long,2024-06-15 00:45:00+00:00,2024-06-15 03:45:00+00:00,2333.725,2332.378,2325.735,2349.7049999999995,13,timeout,-0.16858573216518016,0,Asia,3.776725990173482,0.75,HighVol,0.40320660314246537,Strong,2333.295,2323.6297901251305,2331.608319090068
PEM,M15,short,2024-06-17 07:30:00+00:00,2024-06-17 10:30:00+00:00,2326.588,2322.305,2329.388,2320.9880000000007,13,timeout,1.5296428571431335,7,London,1.9932935296367902,0.1875,LowVol,-0.03818951399937386,Flat,2326.355,2327.4773179039435,2327.677338343227
PEM,M15,short,2024-06-17 12:45:00+00:00,2024-06-17 15:45:00+00:00,2320.385,2320.295,2325.698,2309.759000000001,13,timeout,0.016939582157001976,12,London,2.2414586240293346,0.3125,LowVol,-0.2807549810002547,Strong,2320.915,2325.389533029347,2325.199310630448
PEM,M15,short,2024-06-18 18:00:00+00:00,2024-06-18 19:30:00+00:00,2307.338,2319.175,2319.175,2283.664,7,sl,-1.0,18,NY_Late,2.2422602956217554,0.5625,MidVol,-0.674540101457884,Strong,2308.785,2317.281351652646,2318.3744128414837
PEM,M15,short,2024-06-20 08:00:00+00:00,2024-06-20 08:00:00+00:00,2328.025,2330.375,2330.375,2323.3250000000003,1,sl,-1.0,8,London,1.4782220509002937,0.16666666666666666,LowVol,0.005062612640526718,Flat,2330.435,2328.9445736030325,2329.2120564206984
PEM,M15,long,2024-06-20 11:45:00+00:00,2024-06-20 14:45:00+00:00,2338.818,2341.425,2332.985,2350.4840000000004,13,timeout,0.44693982513285335,11,London,1.9908887654780014,0.7291666666666666,HighVol,0.4779537439662152,Strong,2339.045,2331.5670471564977,2333.5447148458134
PEM,M15,long,2024-06-20 18:00:00+00:00,2024-06-20 21:00:00+00:00,2338.935,2349.508,2332.765,2351.275,13,timeout,1.713614262560736,18,NY_Late,2.3334310100878977,0.8020833333333334,HighVol,0.1504293137491643,Moderate,2339.885,2335.373727928712,2336.647603164153
PEM,M15,long,2024-06-21 11:30:00+00:00,2024-06-21 14:00:00+00:00,2361.638,2358.025,2358.025,2368.8639999999996,11,sl,-1.0,11,London,1.7828775316701213,0.010416666666666666,LowVol,0.5142941297600019,Strong,2361.448,2356.6091377123967,2359.428236681083
PEM,M15,short,2024-06-22 00:45:00+00:00,2024-06-22 03:45:00+00:00,2318.475,2321.005,2328.605,2298.2149999999997,13,timeout,-0.24975320829221845,0,Asia,4.603890936564207,0.84375,HighVol,-1.0374177487312393,Strong,2319.715,2345.635784718129,2321.6625713196513
PEM,M15,short,2024-06-26 13:15:00+00:00,2024-06-26 16:15:00+00:00,2312.315,2316.895,2320.558,2295.829,13,timeout,-0.5556229528084389,13,NY_Overlap,2.4835311280817023,0.5520833333333334,MidVol,-0.3939100240814845,Strong,2311.085,2318.929553629168,2317.685793203472
PEM,M15,short,2024-06-26 17:30:00+00:00,2024-06-26 18:30:00+00:00,2313.545,2305.165,2317.735,2305.165,5,tp,2.0,17,NY_Late,2.816447156928262,0.6875,HighVol,-0.20517964204413297,Moderate,2309.248,2317.0590770021026,2316.655260620497
PEM,M15,short,2024-06-27 02:45:00+00:00,2024-06-27 06:30:00+00:00,2297.408,2297.595,2302.928,2286.368,13,timeout,-0.033876811594184555,2,Asia,2.5301003010355014,0.3125,LowVol,-0.5695470990557848,Strong,2298.138,2305.383800857636,2300.194909452937
PEM,M15,long,2024-06-27 19:15:00+00:00,2024-06-27 22:15:00+00:00,2317.455,2329.678,2310.008,2332.349,13,timeout,1.6413320800321962,19,NY_Late,2.386813260970374,0.6354166666666666,MidVol,0.824581111152253,Strong,2318.635,2306.109362247743,2303.5260827752254
PEM,M15,long,2024-06-28 20:00:00+00:00,2024-06-28 20:45:00+00:00,2336.365,2329.208,2329.208,2350.678999999999,4,sl,-1.0,20,NY_Late,2.7207352976709127,0.7395833333333334,HighVol,0.5028291872743015,Strong,2335.345,2328.3078565293986,2327.7102384812656
PEM,M15,short,2024-07-01 07:45:00+00:00,2024-07-01 08:15:00+00:00,2322.605,2326.035,2326.035,2315.7450000000003,3,sl,-1.0,7,London,2.0917181671943483,0.3958333333333333,MidVol,-0.2526481605322651,Strong,2324.165,2326.39868617476,2323.998398651707
PEM,M15,short,2024-07-01 11:15:00+00:00,2024-07-01 13:45:00+00:00,2324.258,2327.585,2327.585,2317.6039999999994,11,sl,-1.0,11,London,1.813878857918012,0.07291666666666667,LowVol,-0.0595257722672066,Flat,2325.925,2326.244580889755,2325.2532772568384
PEM,M15,short,2024-07-02 19:00:00+00:00,2024-07-02 20:00:00+00:00,2321.075,2327.718,2327.718,2307.7889999999998,5,sl,-1.0,19,NY_Late,2.42418451897989,0.6145833333333334,MidVol,-0.40127383281488416,Strong,2321.085,2327.7455388108983,2328.5925072903424
PEM,M15,long,2024-07-03 02:30:00+00:00,2024-07-03 06:15:00+00:00,2328.738,2330.698,2319.895,2346.4239999999995,13,timeout,0.221644238380648,2,Asia,2.5710690248639745,0.65625,MidVol,0.09796669732771145,Flat,2329.078,2326.60989289353,2325.4796760433064
PEM,M15,long,2024-07-03 12:30:00+00:00,2024-07-03 15:00:00+00:00,2334.865,2346.7389999999996,2328.928,2346.7389999999996,11,tp,2.0,12,London,1.5598352149969918,0.16666666666666666,LowVol,0.5322546656216532,Strong,2333.598,2329.8660526976196,2328.6340823202295
PEM,M15,long,2024-07-03 19:45:00+00:00,2024-07-03 21:15:00+00:00,2350.155,2362.5890000000004,2343.938,2362.5890000000004,7,tp,2.0,19,NY_Late,3.1025212191307867,0.8229166666666666,HighVol,0.545623994286034,Strong,2352.005,2339.3683362258694,2337.4406481645883
PEM,M15,short,2024-07-08 14:00:00+00:00,2024-07-08 17:00:00+00:00,2379.995,2369.009,2385.488,2369.009,13,tp,2.0,14,NY_Overlap,2.3553469580584867,0.3958333333333333,MidVol,-0.17451521912013027,Moderate,2376.775,2382.948240352588,2384.5030178996262
PEM,M15,long,2024-07-10 12:45:00+00:00,2024-07-10 14:00:00+00:00,2368.575,2372.294999999999,2366.715,2372.294999999999,6,tp,2.0,12,London,1.6616815917007282,0.09375,LowVol,0.3211000282049269,Strong,2368.768,2365.425609860515,2364.686213072506
PEM,M15,long,2024-07-10 17:45:00+00:00,2024-07-10 18:00:00+00:00,2374.168,2371.685,2371.685,2379.1340000000005,2,sl,-1.0,17,NY_Late,1.735257660301395,0.17708333333333334,LowVol,0.4955831898199547,Strong,2373.578,2368.9907458859807,2367.563973538693
PEM,M15,short,2024-07-11 00:45:00+00:00,2024-07-11 03:45:00+00:00,2373.095,2371.238,2380.628,2358.028999999999,13,timeout,0.2465153325368224,0,Asia,3.129498964041096,0.875,HighVol,0.026666525806530502,Flat,2371.295,2374.414800995319,2374.851713528039
PEM,M15,short,2024-07-12 17:45:00+00:00,2024-07-12 20:45:00+00:00,2401.625,2400.638,2408.138,2388.599,13,timeout,0.15154306771074652,17,NY_Late,2.506880694353979,0.4375,MidVol,-0.2843619186557522,Strong,2400.735,2406.091375533737,2409.318007466376
PEM,M15,long,2024-07-15 11:15:00+00:00,2024-07-15 13:00:00+00:00,2412.188,2408.485,2408.485,2419.594,8,sl,-1.0,11,London,1.8958126180461026,0.010416666666666666,LowVol,0.18658556880926677,Moderate,2412.205,2409.397636922915,2408.613523563716
PEM,M15,long,2024-07-17 01:00:00+00:00,2024-07-17 04:00:00+00:00,2463.975,2468.355,2446.475,2498.975,13,timeout,0.2502857142857205,1,Asia,4.153795324191832,0.8229166666666666,HighVol,0.8169133713113228,Strong,2463.758,2444.940795427573,2461.668935596337
PEM,M15,long,2024-07-17 21:15:00+00:00,2024-07-17 21:15:00+00:00,2481.558,2470.415,2470.415,2503.844,1,sl,-1.0,21,NY_Late,5.292249841182964,1.0,HighVol,0.17687721314113922,Moderate,2467.515,2470.061841470295,2470.6105419867945
PEM,M15,long,2024-07-18 14:00:00+00:00,2024-07-18 17:00:00+00:00,2470.974,2464.865,2460.205,2492.5120000000006,13,timeout,-0.567276441638058,14,NY_Overlap,2.6497920525990053,0.3333333333333333,MidVol,0.3294740143049227,Strong,2471.085,2464.572228750103,2462.527233365342
PEM,M15,short,2024-07-18 17:30:00+00:00,2024-07-18 20:30:00+00:00,2463.425,2462.268,2472.958,2444.3590000000004,13,timeout,0.12136787999582133,17,NY_Late,2.521178765613974,0.2604166666666667,LowVol,-0.0927170241515931,Flat,2462.615,2465.7504054026595,2464.1847811159514
PEM,M15,short,2024-07-19 00:45:00+00:00,2024-07-19 03:45:00+00:00,2453.385,2444.678,2461.948,2436.259000000001,13,timeout,1.0168165362607373,0,Asia,3.716656305573638,0.8229166666666666,HighVol,-0.4106692432262243,Strong,2456.398,2462.9944733138964,2454.564564601223
PEM,M15,short,2024-07-22 11:45:00+00:00,2024-07-22 14:45:00+00:00,2404.185,2401.585,2409.205,2394.145,13,timeout,0.5179282868525734,11,London,2.440525102342145,0.010416666666666666,LowVol,-0.12901715263886726,Moderate,2405.395,2407.2114598757357,2408.1326273061286
PEM,M15,short,2024-07-23 12:15:00+00:00,2024-07-23 15:15:00+00:00,2396.655,2396.958,2402.175,2385.6150000000002,13,timeout,-0.054891304347805175,12,London,2.0702283184581223,0.15625,LowVol,-0.07317591452322747,Flat,2395.514,2397.650596196773,2397.4820252810036
PEM,M15,long,2024-07-24 02:45:00+00:00,2024-07-24 06:30:00+00:00,2407.588,2408.565,2403.758,2415.248000000001,13,timeout,0.2550913838119489,2,Asia,2.548889973944797,0.4166666666666667,MidVol,0.2267579644225793,Moderate,2407.728,2403.6680763967183,2405.389396281382
PEM,M15,short,2024-07-25 01:00:00+00:00,2024-07-25 04:00:00+00:00,2411.895,2397.015,2422.055,2391.5750000000003,13,timeout,1.46456692913389,1,Asia,4.195547557467132,0.875,HighVol,-0.12272682287520946,Moderate,2408.735,2416.821232751551,2414.899451494764
PEM,M15,short,2024-07-26 01:00:00+00:00,2024-07-26 04:00:00+00:00,2353.978,2364.175,2365.425,2331.084,13,timeout,-0.8908010832532552,1,Asia,5.159751335694955,0.8229166666666666,HighVol,-0.4701533104073336,Strong,2357.215,2370.585618798746,2357.9676135568757
PEM,M15,long,2024-07-26 20:00:00+00:00,2024-07-26 23:00:00+00:00,2376.245,2384.795,2366.825,2395.085,13,timeout,0.9076433121019232,20,NY_Late,3.140682947461122,0.4270833333333333,MidVol,0.24758453344284692,Moderate,2378.015,2371.5665521112323,2368.378308460681
PEM,M15,long,2024-07-27 00:00:00+00:00,2024-07-27 00:30:00+00:00,2388.735,2384.285,2384.285,2397.6350000000007,3,sl,-1.0,0,Asia,3.7543497238489145,0.6875,HighVol,0.5339547577730445,Strong,2388.975,2377.3770055587074,2389.1560000000004
PEM,M15,short,2024-07-29 19:00:00+00:00,2024-07-29 20:00:00+00:00,2390.365,2393.865,2393.865,2383.365,5,sl,-1.0,19,NY_Late,2.9599758888763414,0.375,MidVol,-0.038594969374253045,Flat,2387.705,2391.024469634911,2393.4442119729897
PEM,M15,long,2024-07-30 18:30:00+00:00,2024-07-30 19:00:00+00:00,2391.815,2388.145,2388.145,2399.155,3,sl,-1.0,18,NY_Late,2.1688087882488136,0.11458333333333333,LowVol,0.28865352988602394,Strong,2391.065,2387.156344100413,2385.3652898116693
PEM,M15,long,2024-07-31 21:15:00+00:00,2024-08-01 00:15:00+00:00,2427.475,2427.515,2415.845,2450.735,13,timeout,0.0034393809114327814,21,NY_Late,3.2807936519106446,0.6666666666666666,HighVol,0.44522058019894795,Strong,2428.715,2417.025420885049,2414.5114836534444
PEM,M15,long,2024-08-01 00:45:00+00:00,2024-08-01 01:00:00+00:00,2428.095,2422.115,2422.115,2440.055,2,sl,-1.0,0,Asia,2.9922117801061785,0.3645833333333333,MidVol,0.46362043313637347,Strong,2426.625,2420.2021673284694,2427.298989714066
PEM,M15,long,2024-08-05 10:30:00+00:00,2024-08-05 13:00:00+00:00,2444.985,2433.305,2433.305,2468.3450000000007,11,sl,-1.0,10,London,6.3439320705438575,0.6458333333333334,MidVol,0.05456432595076714,Flat,2443.605,2440.0475624288424,2435.70038379562
PEM,M15,short,2024-08-05 18:00:00+00:00,2024-08-05 18:30:00+00:00,2417.715,2396.6150000000007,2428.265,2396.6150000000007,3,tp,2.0,18,NY_Late,6.873744248435342,0.7083333333333334,HighVol,-0.4557182540097548,Strong,2405.425,2433.5698809045175,2433.5216556338723
PEM,M15,short,2024-08-06 13:15:00+00:00,2024-08-06 15:15:00+00:00,2399.735,2410.595,2410.595,2378.015000000001,9,sl,-1.0,13,NY_Overlap,4.051458524756153,0.3229166666666667,LowVol,-0.2635277497630873,Strong,2394.915,2408.891184883424,2407.8343587449663
PEM,M15,short,2024-08-06 20:00:00+00:00,2024-08-06 23:00:00+00:00,2395.285,2387.315,2415.595,2354.665,13,timeout,0.39241752831116794,20,NY_Late,4.55942260655101,0.5104166666666666,MidVol,-0.2702075804240732,Strong,2396.225,2408.846737240561,2407.814935976655
PEM,M15,long,2024-08-07 11:45:00+00:00,2024-08-07 14:45:00+00:00,2392.175,2389.035,2384.155,2408.215,13,timeout,-0.391521197007523,11,London,3.3458472702811117,0.19791666666666666,LowVol,-0.019202118295720935,Flat,2393.175,2389.8279518550453,2386.979470450064
PEM,M15,short,2024-08-07 15:15:00+00:00,2024-08-07 16:15:00+00:00,2388.845,2394.795,2394.795,2376.9449999999993,5,sl,-1.0,15,NY_Overlap,3.208525236334253,0.16666666666666666,LowVol,-0.006153369963322323,Flat,2391.035,2390.8699211626667,2388.950805823768
PEM,M15,short,2024-08-08 03:30:00+00:00,2024-08-08 07:15:00+00:00,2385.938,2384.205,2390.335,2377.1440000000002,13,timeout,0.3941323629748011,3,Asia,3.4049045650918437,0.53125,MidVol,-0.36440457355636624,Strong,2382.928,2392.8012447576525,2390.260175768414
PEM,M15,long,2024-08-08 11:15:00+00:00,2024-08-08 14:15:00+00:00,2394.545,2395.825,2388.628,2406.379,13,timeout,0.21632584079766157,11,London,2.6926015224781845,0.10416666666666667,LowVol,0.2027253112256565,Moderate,2395.395,2389.53172642773,2388.874040101077
PEM,M15,long,2024-08-08 18:15:00+00:00,2024-08-08 21:15:00+00:00,2405.395,2418.215,2393.748,2428.689,13,timeout,1.1007126298617873,18,NY_Late,3.464321769025103,0.6875,HighVol,0.5117966968541294,Strong,2410.885,2394.722334227005,2392.3972213116726
PEM,M15,short,2024-08-09 13:15:00+00:00,2024-08-09 15:00:00+00:00,2417.935,2426.255,2426.255,2401.2949999999996,8,sl,-1.0,13,NY_Overlap,2.5468531568477237,0.14583333333333334,LowVol,-0.035761931146785345,Flat,2419.025,2420.065216262949,2422.97180767607
PEM,M15,long,2024-08-09 18:00:00+00:00,2024-08-09 20:45:00+00:00,2429.328,2422.548,2422.548,2442.8880000000004,12,sl,-1.0,18,NY_Late,2.581105139389911,0.23958333333333334,LowVol,0.36315148746447695,Strong,2430.708,2422.1899444269698,2423.291558805798
PEM,M15,long,2024-08-12 11:30:00+00:00,2024-08-12 14:00:00+00:00,2429.598,2436.504,2426.145,2436.504,11,tp,2.0,11,London,2.0902701091607923,0.020833333333333332,LowVol,0.06650466391106012,Flat,2431.295,2428.0325970620243,2427.8029207445056
PEM,M15,long,2024-08-12 14:30:00+00:00,2024-08-12 17:30:00+00:00,2438.405,2442.255,2432.104,2451.007000000001,13,timeout,0.6110141247420526,14,NY_Overlap,2.3215943911002745,0.3020833333333333,LowVol,0.5693662329696524,Strong,2438.815,2430.459564744583,2430.495660761864
PEM,M15,long,2024-08-12 19:45:00+00:00,2024-08-12 20:45:00+00:00,2444.258,2451.044,2440.865,2451.044,5,tp,2.0,19,NY_Late,2.3828780270208925,0.4479166666666667,MidVol,0.5171160733658241,Strong,2444.555,2436.7169673482845,2435.3824840017332
PEM,M15,long,2024-08-14 14:30:00+00:00,2024-08-14 17:30:00+00:00,2469.655,2472.455,2458.625,2491.7150000000006,13,timeout,0.2538531278331529,14,NY_Overlap,2.5277681989640826,0.3958333333333333,MidVol,0.27157622282839244,Strong,2469.725,2464.40553750529,2464.4448161161336
PEM,M15,short,2024-08-14 20:30:00+00:00,2024-08-14 22:45:00+00:00,2465.035,2444.8549999999996,2475.125,2444.8549999999996,10,tp,2.0,20,NY_Late,5.131121914006334,1.0,HighVol,-0.12007979082916787,Moderate,2449.795,2468.093801323823,2467.380812550536
PEM,M15,long,2024-08-16 17:45:00+00:00,2024-08-16 19:45:00+00:00,2465.914,2475.9920000000006,2460.875,2475.9920000000006,9,tp,2.0,17,NY_Late,2.656102169673074,0.5416666666666666,MidVol,0.4986017199685597,Strong,2465.268,2457.8439803715423,2457.2238735661585
PEM,M15,long,2024-08-17 03:30:00+00:00,2024-08-19 07:15:00+00:00,2508.955,2506.605,2501.625,2523.615,13,timeout,-0.32060027285128684,3,Asia,3.8189288412198943,0.6875,HighVol,1.1042604289404758,Strong,2506.708,2485.8053215648506,2500.676688672089
PEM,M15,short,2024-08-22 09:15:00+00:00,2024-08-22 12:15:00+00:00,2507.025,2502.625,2514.235,2492.605,13,timeout,0.6102635228848916,9,London,2.321237510772585,0.11458333333333333,LowVol,-0.1698046185459719,Moderate,2506.535,2510.908872415208,2512.092481587007
PEM,M15,long,2024-08-23 12:45:00+00:00,2024-08-23 15:45:00+00:00,2495.405,2498.355,2488.155,2509.905,13,timeout,0.4068965517241128,12,London,2.0234297472039824,0.08333333333333333,LowVol,0.3585626527856768,Strong,2492.678,2490.1435193087264,2487.735716352846
PEM,M15,short,2024-08-26 22:45:00+00:00,2024-08-27 01:45:00+00:00,2512.335,2516.645,2526.648,2483.709,13,timeout,-0.30112485153356494,22,NY_Late,3.4551530967566775,0.71875,HighVol,-0.18163985149434214,Moderate,2514.725,2517.80701019657,2518.2440157018755
PEM,M15,long,2024-08-28 00:45:00+00:00,2024-08-28 03:45:00+00:00,2518.368,2524.828,2510.905,2533.2939999999994,13,timeout,0.86560364464696,0,Asia,3.391007999723195,0.8645833333333334,HighVol,0.21325671713778593,Moderate,2519.604,2512.8488691694633,2516.683127601948
PEM,M15,short,2024-08-28 12:45:00+00:00,2024-08-28 15:45:00+00:00,2508.495,2506.715,2516.825,2491.835,13,timeout,0.21368547418964717,12,London,2.368946403268982,0.40625,MidVol,-0.661998878314189,Strong,2506.755,2517.056810575767,2519.1998241613646
PEM,M15,short,2024-08-28 23:30:00+00:00,2024-08-29 02:30:00+00:00,2502.205,2508.925,2511.085,2484.4449999999997,13,timeout,-0.7567567567567761,23,NY_Late,4.072330479760483,0.9583333333333334,HighVol,-0.16166179001351852,Moderate,2498.435,2507.6341193815774,2510.12273776244
PEM,M15,long,2024-08-29 09:45:00+00:00,2024-08-29 12:45:00+00:00,2513.938,2518.1040000000003,2511.855,2518.1040000000003,13,tp,2.0,9,London,2.096294258822666,0.020833333333333332,LowVol,0.44970657903093475,Strong,2514.475,2508.7690047385695,2508.752113987806
PEM,M15,long,2024-08-30 00:30:00+00:00,2024-08-30 02:00:00+00:00,2526.095,2521.795,2521.795,2534.6949999999993,7,sl,-1.0,0,Asia,3.580486050774636,0.7604166666666666,HighVol,0.38744216281162325,Strong,2527.495,2518.192624578131,2526.2877605600543
PEM,M15,long,2024-08-30 13:45:00+00:00,2024-08-30 16:45:00+00:00,2521.855,2524.735,2512.515,2540.5350000000003,13,timeout,0.3083511777301996,13,NY_Overlap,2.5259041333463887,0.5,MidVol,-0.008679581369922707,Flat,2519.555,2517.260806530431,2519.2955587827437
PEM,M15,long,2024-09-02 20:00:00+00:00,2024-09-02 23:00:00+00:00,2502.455,2501.285,2496.995,2513.375,13,timeout,-0.21428571428572618,20,NY_Late,2.3970203473829557,0.08333333333333333,LowVol,0.06900392989686546,Flat,2501.775,2500.431275770247,2499.2436061454355
PEM,M15,long,2024-09-06 01:00:00+00:00,2024-09-06 04:00:00+00:00,2512.965,2516.475,2508.308,2522.2790000000005,13,timeout,0.7537041013527267,1,Asia,3.639517670115026,0.8125,HighVol,0.17078566265865322,Moderate,2515.035,2509.2770323130376,2512.1081631717466
PEM,M15,long,2024-09-06 11:30:00+00:00,2024-09-06 13:45:00+00:00,2518.545,2516.815,2516.815,2522.005,10,sl,-1.0,11,London,1.4809674133375208,0.09375,LowVol,0.45331325337119227,Strong,2518.765,2514.740573524997,2515.080459323806
PEM,M15,long,2024-09-09 19:00:00+00:00,2024-09-09 22:00:00+00:00,2498.065,2497.175,2488.765,2516.6650000000004,13,timeout,-0.09569892473116723,19,NY_Late,2.532669678992802,0.25,LowVol,0.01897621264797859,Flat,2497.435,2496.204003971446,2494.0479093097333
PEM,M15,long,2024-09-09 23:45:00+00:00,2024-09-10 02:45:00+00:00,2502.655,2504.875,2493.458,2521.0490000000004,13,timeout,0.24138305969335347,23,NY_Late,3.152321495713296,0.59375,MidVol,0.19790692017876738,Moderate,2502.255,2497.9925499541882,2496.3092511225263
PEM,M15,long,2024-09-10 03:15:00+00:00,2024-09-10 07:00:00+00:00,2505.938,2507.195,2499.365,2519.0840000000007,13,timeout,0.19123687813783669,3,Asia,2.4861274948236693,0.1875,LowVol,0.36669178075726516,Strong,2505.648,2500.0850810104207,2502.701275493221
PEM,M15,long,2024-09-10 13:00:00+00:00,2024-09-10 15:15:00+00:00,2503.435,2501.105,2501.105,2508.095,10,sl,-1.0,13,NY_Overlap,1.4659543013646197,0.03125,LowVol,0.018252731443508263,Flat,2503.935,2502.8180763764317,2503.3989766696604
PEM,M15,long,2024-09-10 19:45:00+00:00,2024-09-10 21:30:00+00:00,2507.885,2501.405,2501.405,2520.8450000000003,8,sl,-1.0,19,NY_Late,2.174347521121753,0.625,MidVol,0.24718441897736765,Moderate,2510.435,2504.205845713339,2503.900733881102
PEM,M15,long,2024-09-11 12:45:00+00:00,2024-09-11 15:45:00+00:00,2521.795,2526.688,2517.685,2530.0150000000003,13,timeout,1.1905109489050796,12,London,1.7680389704124804,0.2604166666666667,LowVol,0.4653162616940388,Strong,2520.078,2516.3005620821896,2517.2695674794345
PEM,M15,long,2024-09-12 12:45:00+00:00,2024-09-12 15:45:00+00:00,2518.255,2516.678,2512.165,2530.4350000000004,13,timeout,-0.2589490968801622,12,London,1.4377051670608474,0.020833333333333332,LowVol,0.46640620446900233,Strong,2518.415,2514.465244666292,2513.534641111343
PEM,M15,long,2024-09-13 10:30:00+00:00,2024-09-13 13:30:00+00:00,2565.885,2567.545,2562.298,2573.059000000001,13,timeout,0.46278226930572874,10,London,2.6082625556767494,0.5,MidVol,0.9139618105103661,Strong,2567.558,2553.0356165949984,2558.04016065162
PEM,M15,long,2024-09-16 07:45:00+00:00,2024-09-16 10:45:00+00:00,2581.715,2585.515,2577.545,2590.0550000000003,13,timeout,0.9112709832133479,7,London,2.12167913889017,0.010416666666666666,LowVol,0.3435170511885368,Strong,2581.545,2577.0828374924263,2579.5332174225387
PEM,M15,long,2024-09-16 13:00:00+00:00,2024-09-16 14:00:00+00:00,2588.815,2584.825,2584.825,2596.7950000000005,5,sl,-1.0,13,NY_Overlap,1.8106362855349876,0.020833333333333332,LowVol,0.6562134573477992,Strong,2588.435,2581.4095443541587,2583.260317108906
PEM,M15,long,2024-09-17 00:00:00+00:00,2024-09-17 03:00:00+00:00,2582.595,2582.035,2578.515,2590.7549999999997,13,timeout,-0.1372549019607734,0,Asia,3.018493497553794,0.71875,HighVol,-0.02460541792641884,Flat,2583.435,2582.0349980054266,2583.271666666667
PEM,M15,long,2024-09-19 16:30:00+00:00,2024-09-19 19:30:00+00:00,2585.925,2586.805,2581.268,2595.2390000000005,13,timeout,0.18896285162113496,16,NY_Overlap,3.4710222565967204,0.5833333333333334,MidVol,0.8104407917049004,Strong,2591.075,2571.364534155513,2569.7554638490687
PEM,M15,long,2024-09-19 23:30:00+00:00,2024-09-20 02:30:00+00:00,2589.264,2586.295,2580.015,2607.7620000000006,13,timeout,-0.32100767650556494,23,NY_Late,4.2365531260491425,0.6354166666666666,MidVol,0.3831020636877346,Strong,2589.645,2579.3095190716012,2574.7482744882445
PEM,M15,long,2024-09-20 18:15:00+00:00,2024-09-20 21:15:00+00:00,2614.318,2610.385,2591.185,2660.5840000000007,13,timeout,-0.17001685903254862,18,NY_Late,2.925204343027772,0.625,MidVol,0.8255511910766412,Strong,2611.478,2598.7194262072558,2596.819916069816
PEM,M15,long,2024-09-23 20:45:00+00:00,2024-09-23 23:45:00+00:00,2629.128,2627.715,2615.278,2656.828000000001,13,timeout,-0.1020216606498176,20,NY_Late,3.211377298495552,0.71875,HighVol,0.29376021569204724,Strong,2626.695,2622.276800526989,2621.4707866621447
PEM,M15,long,2024-09-25 02:00:00+00:00,2024-09-25 05:45:00+00:00,2656.518,2659.228,2642.695,2684.1639999999998,13,timeout,0.19605006149172124,2,Asia,3.596595162228173,0.75,HighVol,0.8545333376106639,Strong,2656.335,2640.0073167691794,2653.3262056058384
PEM,M15,long,2024-09-25 19:45:00+00:00,2024-09-25 22:00:00+00:00,2659.835,2654.868,2654.868,2669.7690000000002,10,sl,-1.0,19,NY_Late,2.8502126891146564,0.3020833333333333,LowVol,0.16752595717962135,Moderate,2657.755,2655.824696201637,2657.509956607363
PEM,M15,long,2024-09-26 23:00:00+00:00,2024-09-26 23:15:00+00:00,2672.178,2664.378,2664.378,2687.7779999999993,2,sl,-1.0,23,NY_Late,5.318675364580176,0.8958333333333334,HighVol,0.07325533754809804,Flat,2671.128,2667.2731681359483,2666.002333238713
PEM,M15,long,2024-09-27 00:45:00+00:00,2024-09-27 03:45:00+00:00,2671.138,2672.448,2665.575,2682.264,13,timeout,0.2354844508358658,0,Asia,4.749803814963213,0.8125,HighVol,0.09716319431850315,Flat,2671.114,2667.705886941541,2669.927915965318
PEM,M15,short,2024-09-27 12:45:00+00:00,2024-09-27 15:45:00+00:00,2664.878,2662.255,2673.855,2646.9240000000004,13,timeout,0.2921911551743442,12,London,2.4465316428148607,0.4583333333333333,MidVol,-0.20946972245336412,Moderate,2662.965,2669.9825527154712,2670.804350715207
PEM,M15,short,2024-09-27 16:45:00+00:00,2024-09-27 17:00:00+00:00,2660.285,2664.405,2664.405,2652.044999999999,2,sl,-1.0,16,NY_Overlap,2.9815844446973756,0.5416666666666666,MidVol,-0.37822376500230226,Strong,2663.324,2667.3208501552567,2667.9940293712757
PEM,M15,long,2024-09-30 07:00:00+00:00,2024-09-30 08:15:00+00:00,2664.005,2659.848,2659.848,2672.3190000000004,6,sl,-1.0,7,London,2.971144586151882,0.4895833333333333,MidVol,0.33683321180822234,Strong,2663.145,2658.1284024675283,2662.374245506454
PEM,M15,short,2024-09-30 18:00:00+00:00,2024-09-30 21:00:00+00:00,2640.355,2634.314,2650.615,2619.8350000000005,13,timeout,0.5887914230019792,18,NY_Late,3.409338783831566,0.625,MidVol,-0.5996825650468415,Strong,2635.985,2653.769183623681,2654.687099402279
PEM,M15,long,2024-10-01 12:15:00+00:00,2024-10-01 15:15:00+00:00,2639.515,2643.125,2635.185,2648.1749999999997,13,timeout,0.8337182448037386,12,London,1.9434043114923776,0.07291666666666667,LowVol,0.2118417681051754,Moderate,2642.305,2637.6322524514553,2633.933267724264
PEM,M15,long,2024-10-01 16:30:00+00:00,2024-10-01 19:30:00+00:00,2647.135,2654.865,2641.845,2657.715000000001,13,timeout,1.4612476370508416,16,NY_Overlap,2.2337955582667393,0.375,MidVol,0.4804070714537617,Strong,2648.055,2640.9123063394327,2637.2750221546394
PEM,M15,short,2024-10-02 13:00:00+00:00,2024-10-02 16:00:00+00:00,2646.928,2652.295,2656.355,2628.0739999999996,13,timeout,-0.5693221597539103,13,NY_Overlap,2.8407400466026984,0.625,MidVol,-0.4409508428201026,Strong,2647.645,2656.7217264516935,2659.8799893435453
PEM,M15,short,2024-10-02 18:15:00+00:00,2024-10-02 20:30:00+00:00,2648.565,2655.078,2655.078,2635.539,10,sl,-1.0,18,NY_Late,2.7602943231596,0.4791666666666667,MidVol,-0.2125148209943975,Moderate,2649.645,2654.0676603074526,2657.5288225024437
PEM,M15,long,2024-10-04 10:00:00+00:00,2024-10-04 13:00:00+00:00,2662.655,2666.715,2656.665,2674.6350000000007,13,timeout,0.6777963272119841,10,London,1.845665523745285,0.07291666666666667,LowVol,0.5112898838862757,Strong,2662.015,2655.806466298462,2657.9300848476532
PEM,M15,long,2024-10-07 17:15:00+00:00,2024-10-07 19:30:00+00:00,2656.905,2651.195,2651.195,2668.3250000000003,10,sl,-1.0,17,NY_Late,2.6700171639027386,0.4270833333333333,MidVol,0.38285568871872333,Strong,2656.985,2649.441300681798,2648.4750332149283
PEM,M15,long,2024-10-08 13:15:00+00:00,2024-10-08 13:30:00+00:00,2645.125,2641.205,2641.205,2652.965,2,sl,-1.0,13,NY_Overlap,3.0575264033277496,0.5208333333333334,MidVol,0.04011917691200441,Flat,2644.585,2643.494697064108,2641.6536977820556
PEM,M15,long,2024-10-08 17:30:00+00:00,2024-10-08 19:15:00+00:00,2641.705,2652.0649999999996,2636.525,2652.0649999999996,8,tp,2.0,17,NY_Late,3.3100147268816955,0.4791666666666667,MidVol,-0.033800899584574155,Flat,2641.265,2640.9266617824364,2640.2972867253834
PEM,M15,long,2024-10-09 12:45:00+00:00,2024-10-09 13:30:00+00:00,2622.255,2615.535,2615.535,2635.6950000000006,4,sl,-1.0,12,London,2.7300709185444605,0.20833333333333334,LowVol,-0.14130461735835012,Moderate,2621.335,2621.670573377371,2617.5388152119026
PEM,M15,long,2024-10-09 18:15:00+00:00,2024-10-09 19:45:00+00:00,2621.965,2615.385,2615.385,2635.125,7,sl,-1.0,18,NY_Late,3.022336015324707,0.3541666666666667,MidVol,0.033454564914941275,Flat,2621.098,2618.653784849643,2616.910646021245
PEM,M15,short,2024-10-10 00:00:00+00:00,2024-10-10 03:00:00+00:00,2609.565,2609.255,2622.258,2584.1790000000005,13,timeout,0.02442291026549684,0,Asia,3.8262018509861746,0.7083333333333334,HighVol,-0.2081296376613586,Moderate,2608.158,2615.4096099225617,2608.5236666666665
PEM,M15,short,2024-10-11 00:30:00+00:00,2024-10-11 02:00:00+00:00,2618.345,2629.015,2629.015,2597.0049999999997,7,sl,-1.0,0,Asia,4.711928869207472,0.8854166666666666,HighVol,0.1271968172504326,Moderate,2622.638,2618.842344941978,2619.768819362149
PEM,M15,long,2024-10-11 11:15:00+00:00,2024-10-11 14:15:00+00:00,2644.765,2640.465,2632.775,2668.7449999999994,13,timeout,-0.3586321934945626,11,London,2.606941818019201,0.53125,MidVol,0.9055487764476088,Strong,2644.795,2631.3372249768345,2630.60254340626
PEM,M15,long,2024-10-11 18:00:00+00:00,2024-10-11 19:30:00+00:00,2640.385,2647.3450000000003,2636.905,2647.3450000000003,7,tp,2.0,18,NY_Late,2.4100895125593906,0.20833333333333334,LowVol,0.1523298294678543,Moderate,2641.125,2637.419902689784,2634.217344794014
PEM,M15,long,2024-10-14 12:15:00+00:00,2024-10-14 15:15:00+00:00,2658.755,2659.135,2654.665,2666.9350000000004,13,timeout,0.09290953545234612,12,London,2.3778719049169443,0.14583333333333334,LowVol,0.5070531004664764,Strong,2659.195,2651.6103792230056,2649.0699521855304
PEM,M15,short,2024-10-15 05:00:00+00:00,2024-10-15 08:00:00+00:00,2646.905,2648.705,2653.198,2634.319000000001,13,timeout,-0.28603209915776623,5,Asia,2.4349233562385355,0.11458333333333333,LowVol,-0.10565359221849228,Moderate,2647.875,2651.194002605112,2649.669128079139
PEM,M15,long,2024-10-16 13:15:00+00:00,2024-10-16 13:15:00+00:00,2668.595,2673.2949999999996,2666.245,2673.2949999999996,1,tp,2.0,13,NY_Overlap,2.4922359994942176,0.2916666666666667,LowVol,0.4135901286088871,Strong,2672.314,2663.5606000941048,2664.5316475962068
PEM,M15,long,2024-10-17 12:45:00+00:00,2024-10-17 15:45:00+00:00,2681.978,2682.055,2676.245,2693.4440000000004,13,timeout,0.013431013430973044,12,London,2.4481855501495273,0.3958333333333333,MidVol,0.3066294453556672,Strong,2682.085,2676.8639702128735,2677.8252646918195
PEM,M15,short,2024-10-17 19:45:00+00:00,2024-10-17 21:00:00+00:00,2675.348,2688.668,2688.668,2648.7079999999996,6,sl,-1.0,19,NY_Late,3.386281775095301,0.8125,HighVol,-0.05320722927371378,Flat,2677.305,2680.1943058710094,2679.22800109539
PEM,M15,long,2024-10-18 13:00:00+00:00,2024-10-18 13:30:00+00:00,2713.205,2707.215,2707.215,2725.1849999999995,3,sl,-1.0,13,NY_Overlap,2.54380785697938,0.3020833333333333,LowVol,0.9261229268038662,Strong,2710.468,2699.621085414425,2700.541894908486
PEM,M15,long,2024-10-18 16:30:00+00:00,2024-10-18 19:30:00+00:00,2710.175,2714.495,2702.395,2725.7350000000006,13,timeout,0.5552699228791257,16,NY_Overlap,3.0295725168690746,0.6041666666666666,MidVol,0.3380505293920596,Strong,2711.655,2702.180007628121,2702.5538098209568
PEM,M15,long,2024-10-21 06:30:00+00:00,2024-10-21 09:30:00+00:00,2723.875,2728.175,2720.885,2729.8549999999996,13,timeout,1.4381270903011691,6,Asia,2.146993871129325,0.125,LowVol,0.6339281159071407,Strong,2723.535,2715.897076819981,2722.1886439644595
PEM,M15,long,2024-10-21 16:45:00+00:00,2024-10-21 19:45:00+00:00,2734.325,2739.085,2726.285,2750.4049999999997,13,timeout,0.5920398009950547,16,NY_Overlap,2.6959719728926754,0.375,MidVol,0.5481660035922384,Strong,2736.675,2726.402342953504,2727.8293441489454
PEM,M15,long,2024-10-22 10:45:00+00:00,2024-10-22 13:45:00+00:00,2732.495,2733.828,2723.265,2750.955,13,timeout,0.14442036836403913,10,London,2.1167742991394576,0.125,LowVol,0.5025666379722782,Strong,2730.828,2725.5391034189533,2722.919207239541
PEM,M15,short,2024-10-24 00:45:00+00:00,2024-10-24 03:45:00+00:00,2716.315,2714.978,2723.135,2702.6749999999997,13,timeout,0.19604105571846878,0,Asia,4.519274225864569,0.8541666666666666,HighVol,-0.7656465737845682,Strong,2713.845,2734.9194317624774,2717.602776055604
PEM,M15,long,2024-10-24 12:00:00+00:00,2024-10-24 13:45:00+00:00,2726.055,2736.2149999999997,2720.975,2736.2149999999997,8,tp,2.0,12,London,2.263950808175687,0.10416666666666667,LowVol,0.0840634920202545,Flat,2726.075,2724.0053549555523,2719.3941289691356
PEM,M15,long,2024-10-26 00:30:00+00:00,2024-10-26 03:30:00+00:00,2740.105,2744.545,2718.725,2782.8650000000002,13,timeout,0.20767072029934666,0,Asia,3.486578666135982,0.7916666666666666,HighVol,0.43177193786911966,Strong,2741.928,2731.395981840113,2739.4094602122454
PEM,M15,short,2024-10-28 07:30:00+00:00,2024-10-28 10:30:00+00:00,2733.915,2733.205,2740.095,2721.5550000000003,13,timeout,0.11488673139159469,7,London,3.421417754083417,0.7395833333333334,HighVol,0.0033748705557584565,Flat,2735.045,2735.8321479106207,2735.1899420180075
PEM,M15,long,2024-10-29 12:30:00+00:00,2024-10-29 13:00:00+00:00,2755.755,2751.005,2751.005,2765.255,3,sl,-1.0,12,London,2.459669091873689,0.3541666666666667,MidVol,0.6127729638962792,Strong,2752.435,2746.5710995810714,2747.281042110625
PEM,M15,long,2024-10-30 12:00:00+00:00,2024-10-30 12:45:00+00:00,2779.425,2783.245000000001,2777.515,2783.245000000001,4,tp,2.0,12,London,2.018813911110925,0.10416666666666667,LowVol,0.6060655480361778,Strong,2779.915,2772.815064546229,2775.532332100303
PEM,M15,short,2024-10-31 11:30:00+00:00,2024-10-31 14:30:00+00:00,2783.935,2782.535,2788.048,2775.7090000000003,13,timeout,0.34038414782400905,11,London,2.1216399295902355,0.19791666666666666,LowVol,-0.04679690849047292,Flat,2783.145,2785.094494524462,2786.650521711463
PEM,M15,long,2024-11-01 19:45:00+00:00,2024-11-01 21:30:00+00:00,2757.195,2750.095,2750.095,2771.395000000001,8,sl,-1.0,19,NY_Late,3.4229246231355877,0.6979166666666666,HighVol,0.14887641236050117,Moderate,2755.175,2751.8287228706818,2748.9860651576264
PEM,M15,short,2024-11-05 07:30:00+00:00,2024-11-05 10:30:00+00:00,2734.135,2730.405,2739.295,2723.8150000000005,13,timeout,0.7228682170542875,7,London,1.9184150492585408,0.041666666666666664,LowVol,-0.2390200512046777,Moderate,2736.205,2738.0692593900776,2736.63495550539
PEM,M15,long,2024-11-05 21:15:00+00:00,2024-11-05 22:15:00+00:00,2746.455,2737.035,2737.035,2765.295,5,sl,-1.0,21,NY_Late,3.006829937685948,0.75,HighVol,0.27215328608747924,Strong,2743.575,2738.772766994878,2736.437921232329
PEM,M15,long,2024-11-06 12:15:00+00:00,2024-11-06 13:15:00+00:00,2743.005,2732.965,2732.965,2763.085,5,sl,-1.0,12,London,4.795851948908773,0.9375,HighVol,-0.02861667203119753,Flat,2739.415,2740.249916254567,2739.729163402895
PEM,M15,short,2024-11-06 19:00:00+00:00,2024-11-06 20:45:00+00:00,2706.735,2667.015000000001,2726.595,2667.015000000001,8,tp,2.0,19,NY_Late,7.089678559138679,0.8645833333333334,HighVol,-0.4580938438756952,Strong,2703.255,2728.3762691524703,2732.3161073321726
PEM,M15,short,2024-11-07 08:30:00+00:00,2024-11-07 11:30:00+00:00,2656.315,2657.175,2664.155,2640.6349999999998,13,timeout,-0.10969387755103462,8,London,4.216103547047408,0.22916666666666666,LowVol,-0.7473615432673608,Strong,2649.265,2674.0783073368184,2662.3112185525706
PEM,M15,long,2024-11-07 14:45:00+00:00,2024-11-07 17:45:00+00:00,2665.185,2666.635,2654.905,2685.7449999999994,13,timeout,0.14105058365761758,14,NY_Overlap,3.770112397360181,0.23958333333333334,LowVol,-0.18641483583749008,Moderate,2663.865,2664.3341237289405,2659.474024536335
PEM,M15,short,2024-11-08 13:45:00+00:00,2024-11-08 16:45:00+00:00,2686.258,2688.735,2699.995,2658.7839999999997,13,timeout,-0.18031593506590246,13,NY_Overlap,3.107059913162367,0.07291666666666667,LowVol,-0.22919520616280822,Moderate,2687.968,2694.4420898245266,2697.6732887087383
PEM,M15,short,2024-11-11 19:30:00+00:00,2024-11-11 20:45:00+00:00,2661.365,2650.3449999999993,2666.875,2650.3449999999993,6,tp,2.0,19,NY_Late,3.621927436901066,0.6666666666666666,HighVol,-0.4685563534357561,Strong,2661.435,2671.7098402251204,2670.088804002385
PEM,M15,short,2024-11-14 06:15:00+00:00,2024-11-14 06:30:00+00:00,2571.848,2576.595,2576.595,2562.3540000000003,2,sl,-1.0,6,Asia,3.624862848242101,0.6458333333333334,MidVol,-0.8915458024985102,Strong,2575.464,2590.173142915259,2581.651505717543
PEM,M15,long,2024-11-15 19:00:00+00:00,2024-11-15 20:45:00+00:00,2571.638,2563.015,2563.015,2588.884,8,sl,-1.0,19,NY_Late,3.3884330258760675,0.5208333333333334,MidVol,0.1705320475021984,Moderate,2569.184,2566.1072754024726,2567.5166357478392
PEM,M15,long,2024-11-18 20:15:00+00:00,2024-11-18 23:15:00+00:00,2595.855,2613.804,2582.245,2623.0750000000003,13,timeout,1.3188096987509113,20,NY_Late,3.7151437847629802,0.5520833333333334,MidVol,0.4063421690449847,Strong,2597.558,2586.7153270837753,2587.5948655302836
PEM,M15,long,2024-11-21 08:00:00+00:00,2024-11-21 10:15:00+00:00,2657.765,2651.645,2651.645,2670.0049999999997,10,sl,-1.0,8,London,2.486535239957109,0.2708333333333333,LowVol,0.7696393925476944,Strong,2659.635,2645.7907089070927,2651.0502603531268
PEM,M15,long,2024-11-21 16:00:00+00:00,2024-11-21 19:00:00+00:00,2669.085,2671.338,2660.425,2686.4049999999997,13,timeout,0.2601616628175744,16,NY_Overlap,2.738328402501622,0.3125,LowVol,0.8218826500128652,Strong,2669.675,2655.5438680016277,2655.042271148719
PEM,M15,long,2024-11-22 08:30:00+00:00,2024-11-22 11:30:00+00:00,2678.025,2683.795,2668.575,2696.9250000000006,13,timeout,0.610582010581991,8,London,2.59614740117867,0.2708333333333333,LowVol,0.4967043323504108,Strong,2675.985,2668.7424419008535,2671.2462165725506
PEM,M15,long,2024-11-25 06:00:00+00:00,2024-11-25 06:00:00+00:00,2713.375,2700.945,2700.945,2738.2349999999997,1,sl,-1.0,6,Asia,4.8112902206045725,0.84375,HighVol,0.36382143428444624,Strong,2707.195,2701.974308402545,2704.414666666667
PEM,M15,short,2024-11-25 13:15:00+00:00,2024-11-25 16:15:00+00:00,2664.435,2674.215,2702.085,2589.1349999999998,13,timeout,-0.2597609561753035,13,NY_Overlap,6.585039366787114,0.9166666666666666,HighVol,-0.7283370126359381,Strong,2665.995,2691.422659518802,2690.6474218217645
PEM,M15,short,2024-11-26 00:45:00+00:00,2024-11-26 03:45:00+00:00,2624.865,2627.435,2682.785,2509.0249999999996,13,timeout,-0.04437154696132874,0,Asia,6.388944853823575,0.71875,HighVol,-1.021286050079405,Strong,2626.505,2661.433194469296,2628.2567880517886
PEM,M15,short,2024-11-26 15:00:00+00:00,2024-11-26 17:45:00+00:00,2611.555,2631.298,2631.298,2572.069,12,sl,-1.0,15,NY_Overlap,3.968976361941207,0.09375,LowVol,-0.5991112780803054,Strong,2613.305,2628.46200800332,2623.1361361986824
PEM,M15,long,2024-11-26 19:15:00+00:00,2024-11-26 21:45:00+00:00,2632.605,2620.558,2620.558,2656.699,11,sl,-1.0,19,NY_Late,3.786434740874181,0.052083333333333336,LowVol,0.21751470236210524,Moderate,2633.075,2627.6090586686582,2623.194111572706
PEM,M15,short,2024-11-27 01:30:00+00:00,2024-11-27 04:00:00+00:00,2621.008,2632.395,2632.395,2598.2339999999995,11,sl,-1.0,1,Asia,4.407839763216813,0.4375,MidVol,-0.18250801786142645,Moderate,2620.934,2627.4482373036853,2624.324399190235
PEM,M15,short,2024-12-02 06:45:00+00:00,2024-12-02 07:45:00+00:00,2645.835,2631.157,2653.174,2631.157,5,tp,2.0,6,Asia,3.5044987579131655,0.625,MidVol,-0.40240840443977366,Strong,2645.818,2655.044693603775,2647.4407347689535
PEM,M15,long,2024-12-02 21:00:00+00:00,2024-12-03 00:00:00+00:00,2645.945,2640.595,2632.495,2672.8450000000007,13,timeout,-0.3977695167286435,21,NY_Late,4.551116623897594,0.8541666666666666,HighVol,0.23210617762090038,Moderate,2646.948,2638.182794302345,2634.2038740428984
PEM,M15,short,2024-12-03 01:45:00+00:00,2024-12-03 03:45:00+00:00,2635.285,2643.495,2643.495,2618.865,9,sl,-1.0,1,Asia,3.7897655341628065,0.21875,LowVol,-0.1231721773513876,Moderate,2636.675,2639.2790032049384,2637.609808541834
PEM,M15,long,2024-12-03 13:30:00+00:00,2024-12-03 16:30:00+00:00,2645.305,2645.305,2636.505,2662.9049999999993,13,timeout,0.0,13,NY_Overlap,2.9105986572541545,0.22916666666666666,LowVol,0.21451612319618807,Moderate,2648.715,2639.984373234813,2639.3733734032653
PEM,M15,short,2024-12-03 19:45:00+00:00,2024-12-03 20:30:00+00:00,2638.325,2645.135,2645.135,2624.704999999999,4,sl,-1.0,19,NY_Late,2.6854353456635693,0.16666666666666666,LowVol,-0.04806284764337136,Flat,2640.058,2642.083031651511,2641.0823251215797
PEM,M15,short,2024-12-04 20:30:00+00:00,2024-12-04 21:30:00+00:00,2636.755,2650.305,2650.305,2609.6550000000007,5,sl,-1.0,20,NY_Late,3.721468089806754,0.8229166666666666,HighVol,-0.10700398935597014,Moderate,2647.054,2643.479804025882,2643.1977706851585
PEM,M15,short,2024-12-09 12:00:00+00:00,2024-12-09 13:45:00+00:00,2634.975,2643.104,2643.104,2618.717,8,sl,-1.0,12,London,4.188953145798127,0.6145833333333334,MidVol,-0.06553146521437864,Flat,2636.345,2638.3124542300584,2641.5499179751214
PEM,M15,long,2024-12-09 17:30:00+00:00,2024-12-09 20:30:00+00:00,2657.195,2657.235,2648.475,2674.6350000000007,13,timeout,0.004587155963298446,17,NY_Late,3.053850169081484,0.052083333333333336,LowVol,0.7522640196932057,Strong,2656.444,2643.895044670565,2643.255608852686
PEM,M15,long,2024-12-10 19:30:00+00:00,2024-12-10 22:30:00+00:00,2676.915,2687.498,2667.098,2696.549,13,timeout,1.0780279107670445,19,NY_Late,3.3650538161049437,0.8020833333333334,HighVol,0.4284082903785301,Strong,2677.675,2667.3324348675546,2666.1808919767373
PEM,M15,short,2024-12-11 12:00:00+00:00,2024-12-11 15:00:00+00:00,2684.915,2688.984,2700.905,2652.9349999999995,13,timeout,-0.25447154471544087,12,London,3.8393882207062426,0.8541666666666666,HighVol,-0.07212469605971006,Flat,2683.775,2691.4361268620532,2695.4699077601504
PEM,M15,long,2024-12-12 01:45:00+00:00,2024-12-12 02:00:00+00:00,2719.385,2714.164,2714.164,2729.827,2,sl,-1.0,1,Asia,3.986736846688152,0.4895833333333333,MidVol,0.7062474554014293,Strong,2716.045,2703.7577441350454,2717.387139111892
PEM,M15,short,2024-12-12 20:15:00+00:00,2024-12-12 21:30:00+00:00,2708.235,2684.6750000000006,2720.015,2684.6750000000006,6,tp,2.0,20,NY_Late,3.5760537697017716,0.5104166666666666,MidVol,-0.20529169497978775,Moderate,2702.724,2712.040519317716,2714.501198775618
PEM,M15,short,2024-12-13 18:30:00+00:00,2024-12-13 21:30:00+00:00,2665.655,2661.864,2684.465,2628.0350000000003,13,timeout,0.20154173312068996,18,NY_Late,3.4515085320472716,0.5520833333333334,MidVol,-0.8086167163367275,Strong,2665.115,2681.0206818164343,2682.606015740465
PEM,M15,short,2024-12-17 12:15:00+00:00,2024-12-17 14:30:00+00:00,2650.695,2655.185,2655.185,2641.7150000000006,10,sl,-1.0,12,London,2.0596030588787113,0.23958333333333334,LowVol,-0.17458557524588303,Moderate,2651.148,2654.2661730694276,2653.8388395342104
PEM,M15,long,2024-12-18 01:30:00+00:00,2024-12-18 04:30:00+00:00,2645.595,2644.684,2637.148,2662.488999999999,13,timeout,-0.10784894045218894,1,Asia,3.4435643130549995,0.7395833333333334,HighVol,0.04156932851413837,Flat,2646.225,2643.9445810751854,2642.8524751412706
PEM,M15,short,2024-12-19 05:00:00+00:00,2024-12-19 08:45:00+00:00,2587.165,2616.985,2637.618,2486.259,13,timeout,-0.5910451311121278,5,Asia,5.859114904920251,0.9375,HighVol,-1.2415958850106386,Strong,2584.574,2625.991071772913,2619.2496290850554
PEM,M15,short,2024-12-19 11:45:00+00:00,2024-12-19 13:45:00+00:00,2607.895,2611.755,2611.755,2600.1749999999997,9,sl,-1.0,11,London,4.574389068137983,0.65625,MidVol,-0.19633910788490502,Moderate,2607.648,2613.335218722871,2615.1463629172713
PEM,M15,short,2024-12-19 20:00:00+00:00,2024-12-19 23:00:00+00:00,2608.454,2588.175,2621.715,2581.9320000000002,13,timeout,1.5292210240555046,20,NY_Late,4.069952867644199,0.4895833333333333,MidVol,-0.17408344695313643,Moderate,2604.995,2614.8982542552108,2615.1840810267518
PEM,M15,short,2024-12-23 17:30:00+00:00,2024-12-23 19:00:00+00:00,2625.115,2614.1949999999997,2630.575,2614.1949999999997,7,tp,2.0,17,NY_Late,2.591502561467471,0.2604166666666667,LowVol,0.07811867167998018,Flat,2622.374,2625.222975604869,2626.125827939066
PEM,M15,long,2024-12-24 06:45:00+00:00,2024-12-24 09:45:00+00:00,2615.195,2617.765,2610.044,2625.4970000000008,13,timeout,0.498932246165708,6,Asia,2.080699187660117,0.03125,LowVol,-0.10722308731960918,Moderate,2614.495,2615.057263199508,2611.873251306307
PEM,M15,long,2024-12-26 08:30:00+00:00,2024-12-26 11:30:00+00:00,2624.165,2626.975,2617.668,2637.1589999999997,13,timeout,0.43250731106664814,8,London,2.2428527391757416,0.7604166666666666,HighVol,0.4777932385692223,Strong,2625.805,2617.136386201762,2622.0341079935874
PEM,M15,long,2024-12-30 06:00:00+00:00,2024-12-30 09:00:00+00:00,2620.154,2623.585,2615.175,2630.1119999999996,13,timeout,0.6890941956216445,6,Asia,2.6478094473887848,0.6770833333333334,HighVol,-0.1423323980125893,Moderate,2619.348,2620.4274572131985,2619.472
PEM,M15,short,2024-12-30 12:15:00+00:00,2024-12-30 15:15:00+00:00,2621.548,2615.034,2627.955,2608.7339999999995,13,timeout,1.0167004838457177,12,London,2.2501666901885407,0.16666666666666666,LowVol,0.027560856611194402,Flat,2623.675,2622.5974043471288,2624.250775420678
PEM,M15,short,2025-01-03 21:00:00+00:00,2025-01-04 00:00:00+00:00,2647.348,2640.455,2660.165,2621.714,13,timeout,0.5378013575719767,21,NY_Late,3.3877501866748108,0.75,HighVol,-0.24449588704156772,Moderate,2648.805,2655.2769973646027,2656.3924007690684
PEM,M15,short,2025-01-06 11:45:00+00:00,2025-01-06 14:45:00+00:00,2638.045,2625.465,2644.798,2624.5390000000007,13,timeout,1.8628757589220322,11,London,2.5801444309837245,0.5520833333333334,MidVol,-0.32857101899701624,Strong,2636.235,2642.8958657238877,2641.8543081604184
PEM,M15,short,2025-01-06 15:00:00+00:00,2025-01-06 18:00:00+00:00,2625.645,2633.138,2636.065,2604.805,13,timeout,-0.7190978886756129,15,NY_Overlap,2.68010459161079,0.7083333333333334,HighVol,-0.7219851007272536,Strong,2625.905,2638.626076068671,2637.4299674329686
PEM,M15,long,2025-01-06 18:45:00+00:00,2025-01-06 20:45:00+00:00,2643.744,2631.455,2631.455,2668.3220000000006,9,sl,-1.0,18,NY_Late,3.533702381894141,0.9166666666666666,HighVol,0.13695844136293248,Moderate,2647.685,2636.955886353319,2636.641554094531
PEM,M15,long,2025-01-07 13:00:00+00:00,2025-01-07 16:00:00+00:00,2644.625,2642.385,2636.725,2660.425,13,timeout,-0.28354430379743745,13,NY_Overlap,2.1469041579964254,0.16666666666666666,LowVol,0.41292267845546365,Strong,2643.964,2637.4713474245377,2636.4465027364995
PEM,M15,long,2025-01-07 19:00:00+00:00,2025-01-07 20:30:00+00:00,2646.975,2656.695,2642.115,2656.695,7,tp,2.0,19,NY_Late,2.483994288932896,0.5,MidVol,0.3830156096554963,Strong,2648.098,2640.863543707135,2638.8495326355396
PEM,M15,long,2025-01-09 04:30:00+00:00,2025-01-09 08:15:00+00:00,2662.855,2658.588,2656.548,2675.4690000000005,13,timeout,-0.6765498652290567,4,Asia,3.4170216531667674,0.71875,HighVol,0.24193818809301962,Moderate,2662.765,2657.647873463969,2658.35477521892
PEM,M15,long,2025-01-09 10:30:00+00:00,2025-01-09 11:45:00+00:00,2660.295,2656.155,2656.155,2668.575,6,sl,-1.0,10,London,2.3122041964503817,0.4166666666666667,MidVol,0.00046546749468921186,Flat,2659.798,2658.8235314642648,2658.5966969436854
PEM,M15,long,2025-01-09 14:00:00+00:00,2025-01-09 17:00:00+00:00,2664.025,2664.755,2655.305,2681.4650000000006,13,timeout,0.08371559633027487,14,NY_Overlap,2.2578757878746725,0.375,MidVol,0.23257760486764467,Moderate,2666.035,2659.239877200464,2658.9449255472587
PEM,M15,short,2025-01-13 12:45:00+00:00,2025-01-13 13:30:00+00:00,2684.195,2690.358,2690.358,2671.869,4,sl,-1.0,12,London,2.8235487339627503,0.3541666666666667,MidVol,-0.10853651359575342,Moderate,2683.705,2686.3090814830016,2686.1511113903775
PEM,M15,short,2025-01-13 19:00:00+00:00,2025-01-13 22:00:00+00:00,2676.898,2671.535,2688.475,2653.7440000000006,13,timeout,0.4632460913881308,19,NY_Late,3.436315273609413,0.53125,MidVol,-0.4272917016778112,Strong,2672.698,2684.49555566831,2685.0933523091467
PEM,M15,long,2025-01-14 12:15:00+00:00,2025-01-14 13:00:00+00:00,2673.515,2668.285,2668.285,2683.975,4,sl,-1.0,12,London,2.4124373920490942,0.125,LowVol,0.20603702364309623,Moderate,2672.615,2669.058075646829,2664.4495142775704
PEM,M15,long,2025-01-14 15:45:00+00:00,2025-01-14 16:30:00+00:00,2673.515,2668.195,2668.195,2684.1549999999993,4,sl,-1.0,15,NY_Overlap,2.5225709954048017,0.375,MidVol,0.15166338886347944,Moderate,2672.768,2669.3569653734116,2665.558164161917
PEM,M15,short,2025-01-15 09:15:00+00:00,2025-01-15 12:15:00+00:00,2669.885,2674.925,2677.985,2653.6850000000004,13,timeout,-0.6222222222222247,9,London,2.280366415926453,0.16666666666666666,LowVol,-0.012600797828824721,Flat,2673.205,2672.093309385479,2672.0439801479442
PEM,M15,long,2025-01-15 13:15:00+00:00,2025-01-15 16:15:00+00:00,2679.025,2685.265,2674.385,2688.305,13,timeout,1.3448275862068864,13,NY_Overlap,2.0560805767561887,0.08333333333333333,LowVol,0.39209059531704443,Strong,2681.065,2673.7052130347174,2672.8083554295285
PEM,M15,long,2025-01-16 00:15:00+00:00,2025-01-16 03:15:00+00:00,2690.275,2695.598,2677.279,2716.2670000000003,13,timeout,0.4095875654047266,0,Asia,4.597901092179597,0.8958333333333334,HighVol,0.1654406626559531,Moderate,2690.498,2682.701632858026,2689.913879011251
PEM,M15,long,2025-01-17 23:30:00+00:00,2025-01-18 01:30:00+00:00,2715.429,2710.295,2710.295,2725.697,9,sl,-1.0,23,NY_Late,3.375876180734897,0.7916666666666666,HighVol,0.2063675577674126,Moderate,2715.205,2710.409266835158,2712.2998021547314
PEM,M15,short,2025-01-18 02:00:00+00:00,2025-01-18 05:00:00+00:00,2707.815,2702.645,2713.375,2696.695,13,timeout,0.9298561151079359,2,Asia,2.962471758163545,0.7083333333333334,HighVol,-0.1047935798125751,Moderate,2705.405,2710.608859348908,2711.61004753607
PEM,M15,short,2025-01-20 07:00:00+00:00,2025-01-20 10:00:00+00:00,2695.348,2697.995,2703.545,2678.9539999999997,13,timeout,-0.32292302061728645,7,London,3.0406499457416283,0.78125,HighVol,-0.537037237138581,Strong,2695.455,2706.3598567867098,2696.729538772434
PEM,M15,long,2025-01-20 13:45:00+00:00,2025-01-20 15:00:00+00:00,2708.515,2704.735,2704.735,2716.0749999999994,6,sl,-1.0,13,NY_Overlap,2.4576510013872586,0.2916666666666667,LowVol,0.3721569139648529,Strong,2710.655,2703.571778612873,2698.6175866708113
PEM,M15,long,2025-01-21 19:30:00+00:00,2025-01-21 21:45:00+00:00,2722.945,2733.525,2717.655,2733.525,10,tp,2.0,19,NY_Late,3.1785727468879386,0.2916666666666667,LowVol,0.15742754376665047,Moderate,2725.678,2719.971822477534,2720.4427528647466
PEM,M15,long,2025-01-22 08:15:00+00:00,2025-01-22 11:15:00+00:00,2747.115,2751.055,2739.875,2761.5949999999993,13,timeout,0.5441988950276483,8,London,2.230755856954973,0.10416666666666667,LowVol,0.716993704799511,Strong,2748.648,2738.0765095785187,2743.8608996352013
PEM,M15,long,2025-01-22 13:00:00+00:00,2025-01-22 13:30:00+00:00,2755.365,2748.015,2748.015,2770.0649999999996,3,sl,-1.0,13,NY_Overlap,2.2508019656624882,0.16666666666666666,LowVol,0.8469803850717225,Strong,2756.915,2744.493497243231,2747.4951845931473
PEM,M15,long,2025-01-22 16:30:00+00:00,2025-01-22 19:30:00+00:00,2756.565,2753.195,2745.815,2778.065,13,timeout,-0.3134883720930131,16,NY_Overlap,3.262738044781852,0.6770833333333334,HighVol,0.4662011906579133,Strong,2761.135,2747.471252127688,2748.6342780556893
PEM,M15,short,2025-01-23 17:00:00+00:00,2025-01-23 18:15:00+00:00,2742.935,2753.355,2753.355,2722.095,6,sl,-1.0,17,NY_Late,2.592831545653178,0.5625,MidVol,-0.37972957176333005,Strong,2746.505,2752.3659936011336,2752.584241284383
PEM,M15,long,2025-01-24 07:45:00+00:00,2025-01-24 09:15:00+00:00,2756.725,2766.5389999999993,2751.818,2766.5389999999993,7,tp,2.0,7,London,2.24415190068625,0.4270833333333333,MidVol,0.32609082799665157,Strong,2760.745,2752.8887036584697,2755.097361970906
PEM,M15,long,2025-01-24 12:45:00+00:00,2025-01-24 15:15:00+00:00,2773.945,2771.365,2771.365,2779.105000000001,11,sl,-1.0,12,London,2.7725316609158352,0.4791666666666667,MidVol,0.8155699817168852,Strong,2774.815,2761.996835807638,2762.1489247709187
PEM,M15,long,2025-01-24 20:30:00+00:00,2025-01-24 21:30:00+00:00,2782.295,2776.028,2776.028,2794.8290000000006,5,sl,-1.0,20,NY_Late,2.671687627067898,0.1875,LowVol,0.6530879717404972,Strong,2781.888,2771.3775931998753,2767.283745476265
PEM,M15,short,2025-01-27 13:15:00+00:00,2025-01-27 16:15:00+00:00,2753.175,2761.695,2761.695,2736.135,13,sl,-1.0,13,NY_Overlap,2.749245178164898,0.3229166666666667,LowVol,-0.7329496108452456,Strong,2752.188,2764.478340874457,2761.9504117280126
PEM,M15,short,2025-01-28 14:00:00+00:00,2025-01-28 16:15:00+00:00,2739.155,2743.655,2743.655,2730.155,10,sl,-1.0,14,NY_Overlap,2.089561949686325,0.010416666666666666,LowVol,-0.23430730846877879,Moderate,2739.315,2742.7755751288064,2740.0135600800945
PEM,M15,long,2025-01-28 20:30:00+00:00,2025-01-28 21:30:00+00:00,2746.565,2754.6250000000005,2742.535,2754.6250000000005,5,tp,2.0,20,NY_Late,2.2718570393393303,0.11458333333333333,LowVol,0.2208777100793985,Moderate,2747.595,2742.8744914102917,2740.639793069646
PEM,M15,long,2025-01-29 01:45:00+00:00,2025-01-29 04:45:00+00:00,2760.635,2763.525,2756.285,2769.335000000001,13,timeout,0.6643678160918692,1,Asia,2.3468426727707934,0.20833333333333334,LowVol,0.8429245804847566,Strong,2762.625,2750.3687271407553,2758.951707719007
PEM,M15,long,2025-01-29 15:45:00+00:00,2025-01-29 17:45:00+00:00,2764.005,2757.305,2757.305,2777.4050000000007,9,sl,-1.0,15,NY_Overlap,1.9199477312515218,0.4479166666666667,MidVol,0.11687932574756862,Moderate,2762.695,2760.4426533857036,2762.5764558036717
PEM,M15,short,2025-01-29 19:45:00+00:00,2025-01-29 21:15:00+00:00,2756.175,2759.475,2759.475,2749.5750000000007,7,sl,-1.0,19,NY_Late,1.9930932338611396,0.5208333333333334,MidVol,-0.23802395886885327,Moderate,2757.215,2759.9517196068796,2761.732787071291
PEM,M15,long,2025-01-30 06:15:00+00:00,2025-01-30 09:15:00+00:00,2758.918,2760.575,2753.895,2768.9640000000004,13,timeout,0.3298825403144839,6,Asia,3.252864341839069,0.7604166666666666,HighVol,0.13150159372805242,Moderate,2759.825,2755.983105319478,2752.2635265721874
PEM,M15,long,2025-01-30 20:15:00+00:00,2025-01-30 20:30:00+00:00,2781.065,2777.055,2777.055,2789.0850000000005,2,sl,-1.0,20,NY_Late,2.1993490850094033,0.3333333333333333,MidVol,0.9539422614693266,Strong,2780.825,2769.387187105855,2763.078212485927
PEM,M15,long,2025-01-31 07:30:00+00:00,2025-01-31 10:30:00+00:00,2797.345,2796.965,2792.785,2806.4649999999997,13,timeout,-0.08333333333325854,7,London,3.1915512233525507,0.6770833333333334,HighVol,0.4945929310360239,Strong,2798.215,2787.885805622528,2794.0151292874775
PEM,M15,long,2025-02-03 20:00:00+00:00,2025-02-03 22:00:00+00:00,2808.835,2829.9750000000004,2798.265,2829.9750000000004,9,tp,2.0,20,NY_Late,3.749742969293948,0.28125,LowVol,0.5720336825364848,Strong,2810.138,2794.271625141333,2789.02428573098
PEM,M15,long,2025-02-04 17:15:00+00:00,2025-02-04 17:45:00+00:00,2819.945,2813.895,2813.895,2832.0450000000005,3,sl,-1.0,17,NY_Late,3.5714897799038225,0.4479166666666667,MidVol,0.14395658999066957,Moderate,2816.685,2815.069014013952,2816.641072989765
PEM,M15,long,2025-02-04 20:30:00+00:00,2025-02-04 22:15:00+00:00,2824.415,2842.795,2815.225,2842.795,8,tp,2.0,20,NY_Late,3.7752823736379755,0.6979166666666666,HighVol,0.41556390928585535,Strong,2836.295,2816.6385355801126,2817.2164170897463
PEM,M15,long,2025-02-05 15:30:00+00:00,2025-02-05 18:30:00+00:00,2865.565,2869.245,2857.415,2881.8650000000002,13,timeout,0.4515337423312632,15,NY_Overlap,3.05630502123098,0.3020833333333333,LowVol,0.846080344126124,Strong,2865.238,2849.89341678266,2849.6265533372575
PEM,M15,long,2025-02-06 19:15:00+00:00,2025-02-06 20:45:00+00:00,2866.215,2858.815,2858.815,2881.0150000000003,7,sl,-1.0,19,NY_Late,3.780410036404097,0.6979166666666666,HighVol,0.042522621812325974,Flat,2866.665,2863.1911313657415,2864.683647519836
PEM,M15,long,2025-02-07 03:30:00+00:00,2025-02-07 07:15:00+00:00,2856.028,2858.815,2848.575,2870.9339999999997,13,timeout,0.3739433785053363,3,Asia,3.3811607516826983,0.3958333333333333,MidVol,-0.14423660492463522,Moderate,2854.475,2855.8220300573594,2851.6980098521894
PEM,M15,long,2025-02-10 08:30:00+00:00,2025-02-10 08:45:00+00:00,2870.198,2865.888,2865.888,2878.8179999999998,2,sl,-1.0,8,London,4.116139455250902,0.6666666666666666,HighVol,0.18079106580861423,Moderate,2867.025,2864.5535586379474,2868.1790616750664
PEM,M15,long,2025-02-10 11:45:00+00:00,2025-02-10 14:00:00+00:00,2877.315,2889.475,2871.235,2889.475,10,tp,2.0,11,London,3.2432182424724574,0.40625,MidVol,0.5060968479852792,Strong,2878.218,2868.2136036279535,2871.235178003022
PEM,M15,long,2025-02-10 17:15:00+00:00,2025-02-10 20:15:00+00:00,2902.575,2904.825,2883.975,2939.7749999999996,13,timeout,0.12096774193548446,17,NY_Late,3.363234422662372,0.3333333333333333,MidVol,1.1966824198583677,Strong,2904.858,2881.709117539504,2882.343497536728
PEM,M15,long,2025-02-11 06:00:00+00:00,2025-02-11 06:45:00+00:00,2906.968,2915.553999999999,2902.675,2915.553999999999,4,tp,2.0,6,Asia,2.585326350872254,0.010416666666666666,LowVol,0.475927441286463,Strong,2907.348,2900.6908374691843,2904.1109388429386
PEM,M15,short,2025-02-11 15:00:00+00:00,2025-02-11 18:00:00+00:00,2908.665,2903.465,2925.565,2874.865,13,timeout,0.3076923076922953,15,NY_Overlap,5.6111920209157775,0.8541666666666666,HighVol,-0.04439408289737142,Flat,2914.255,2914.7138543597657,2915.8032558910386
PEM,M15,short,2025-02-11 18:15:00+00:00,2025-02-11 20:00:00+00:00,2903.445,2888.645000000001,2910.845,2888.645000000001,8,tp,2.0,18,NY_Late,4.884753536142509,0.6458333333333334,MidVol,-0.27910992628608183,Strong,2905.715,2911.698409409924,2914.483532619042
PEM,M15,short,2025-02-12 12:15:00+00:00,2025-02-12 14:30:00+00:00,2884.935,2895.575,2895.575,2863.655,10,sl,-1.0,12,London,3.5270642580709954,0.16666666666666666,LowVol,-0.5350586495084975,Strong,2884.615,2895.8072091652175,2896.0035467028206
PEM,M15,long,2025-02-13 00:15:00+00:00,2025-02-13 03:15:00+00:00,2904.355,2897.365,2879.625,2953.815,13,timeout,-0.28265264860494266,0,Asia,5.745567849110169,0.8958333333333334,HighVol,0.29756052171674274,Strong,2906.288,2890.71409824292,2904.287312328897
PEM,M15,long,2025-02-13 10:45:00+00:00,2025-02-13 13:45:00+00:00,2914.098,2913.855,2905.108,2932.0779999999995,13,timeout,-0.027030033370405344,10,London,3.341894994998999,0.19791666666666666,LowVol,0.5950074276771978,Strong,2917.345,2901.627545911424,2903.499125685666
PEM,M15,long,2025-02-14 02:30:00+00:00,2025-02-14 06:15:00+00:00,2926.755,2928.285,2912.885,2954.495,13,timeout,0.11031002162939851,2,Asia,3.865677887110268,0.71875,HighVol,0.376072005601628,Strong,2925.965,2915.5588425843794,2918.2156043108894
PEM,M15,short,2025-02-15 03:30:00+00:00,2025-02-17 07:15:00+00:00,2880.345,2886.085,2895.165,2850.7049999999995,13,timeout,-0.3873144399460306,3,Asia,4.2620627417524135,0.7395833333333334,HighVol,-1.1752080921831671,Strong,2881.715,2906.5652603904855,2886.376685350396
PEM,M15,long,2025-02-17 10:45:00+00:00,2025-02-17 13:15:00+00:00,2902.145,2894.265,2894.265,2917.905,11,sl,-1.0,10,London,4.35430880059078,0.5416666666666666,MidVol,0.17559401463624394,Moderate,2903.905,2896.7850277427137,2891.0477796642153
PEM,M15,long,2025-02-17 15:15:00+00:00,2025-02-17 18:15:00+00:00,2901.055,2899.195,2894.665,2913.8349999999996,13,timeout,-0.29107981220652734,15,NY_Overlap,3.987205951194604,0.34375,MidVol,0.12020880192675153,Moderate,2900.005,2897.883671810745,2895.0965932575464
PEM,M15,long,2025-02-18 12:15:00+00:00,2025-02-18 15:15:00+00:00,2910.275,2910.995,2907.045,2916.735,13,timeout,0.22291021671820305,12,London,2.812297895382729,0.3229166666666667,LowVol,0.5986863881220078,Strong,2913.605,2901.5783678748476,2900.681733167432
PEM,M15,long,2025-02-19 03:15:00+00:00,2025-02-19 07:00:00+00:00,2935.605,2933.545,2925.855,2955.105,13,timeout,-0.2112820512820457,3,Asia,2.5946552687954223,0.23958333333333334,LowVol,0.9310072940274747,Strong,2936.025,2922.4027941328654,2932.638309431944
PEM,M15,long,2025-02-19 13:15:00+00:00,2025-02-19 16:15:00+00:00,2932.845,2942.965,2927.285,2943.9649999999997,13,timeout,1.8201438848921663,13,NY_Overlap,2.732294963668824,0.28125,LowVol,0.1773737947087139,Moderate,2934.315,2929.218183783092,2932.5449971947237
PEM,M15,long,2025-02-20 03:30:00+00:00,2025-02-20 07:15:00+00:00,2932.875,2939.485,2923.568,2951.4889999999996,13,timeout,0.7102181153970428,3,Asia,4.0255862187162155,0.7291666666666666,HighVol,0.006384850195806073,Flat,2934.475,2931.4980972555622,2927.4457738281167
PEM,M15,long,2025-02-20 15:30:00+00:00,2025-02-20 18:30:00+00:00,2954.535,2952.125,2944.655,2974.294999999999,13,timeout,-0.24392712550606668,15,NY_Overlap,3.085188672135515,0.5,MidVol,0.6624793366792808,Strong,2954.115,2940.884321599204,2936.0904924265205
PEM,M15,short,2025-02-21 10:45:00+00:00,2025-02-21 13:45:00+00:00,2929.168,2929.655,2940.935,2905.6340000000005,13,timeout,-0.04138692954874541,10,London,4.772675783042325,0.8333333333333334,HighVol,-0.19200694034770194,Moderate,2931.035,2939.038177868374,2938.309112714648
PEM,M15,short,2025-02-24 08:30:00+00:00,2025-02-24 09:45:00+00:00,2924.625,2937.748,2937.748,2898.379,6,sl,-1.0,8,London,3.634284179086422,0.375,MidVol,-0.2794084191366671,Strong,2925.735,2934.1301452013568,2930.545423562002
PEM,M15,long,2025-02-25 08:30:00+00:00,2025-02-25 08:45:00+00:00,2950.725,2947.955,2947.955,2956.265,2,sl,-1.0,8,London,2.6097357797730476,0.07291666666666667,LowVol,0.2092343530027143,Moderate,2950.075,2946.8419846470642,2947.034635565008
PEM,M15,short,2025-02-27 10:30:00+00:00,2025-02-27 12:30:00+00:00,2907.205,2892.965,2914.325,2892.965,9,tp,2.0,10,London,3.1655605161664835,0.3020833333333333,LowVol,-0.2714141554305027,Strong,2908.415,2913.833331380659,2914.0543799547313
PEM,M15,short,2025-02-28 11:45:00+00:00,2025-02-28 14:45:00+00:00,2859.705,2858.995,2878.785,2821.545,13,timeout,0.03721174004193077,11,London,4.293511804330019,0.46875,MidVol,-0.6581402473221267,Strong,2862.795,2876.825473952697,2876.0401758657113
PEM,M15,short,2025-02-28 15:00:00+00:00,2025-02-28 18:00:00+00:00,2859.025,2862.805,2864.908,2847.2590000000005,13,timeout,-0.6425293217745822,15,NY_Overlap,3.548347379619838,0.14583333333333334,LowVol,-0.607599497225611,Strong,2857.985,2871.35127305192,2873.251471571823
PEM,M15,short,2025-03-01 01:45:00+00:00,2025-03-01 03:00:00+00:00,2839.495,2850.565,2850.565,2817.3549999999996,6,sl,-1.0,1,Asia,5.32658787001502,0.875,HighVol,-0.39583468178384873,Strong,2845.918,2854.4288950495857,2845.3353872384646
PEM,M15,long,2025-03-03 06:30:00+00:00,2025-03-03 09:30:00+00:00,2871.755,2870.095,2855.728,2903.809,13,timeout,-0.10357521682163254,6,Asia,5.031539988123884,0.8229166666666666,HighVol,0.3468794675380866,Strong,2870.905,2854.999064293542,2869.7512633433275
PEM,M15,long,2025-03-04 04:30:00+00:00,2025-03-04 08:15:00+00:00,2891.778,2883.898,2883.898,2907.537999999999,13,sl,-1.0,4,Asia,4.12771321032211,0.6666666666666666,HighVol,0.4306002653634619,Strong,2894.495,2880.7854871151017,2888.1353664612257
PEM,M15,long,2025-03-04 12:00:00+00:00,2025-03-04 13:45:00+00:00,2891.898,2884.765,2884.765,2906.1640000000007,8,sl,-1.0,12,London,3.2283973716061,0.1875,LowVol,0.21490559197035553,Moderate,2890.785,2886.045834178262,2888.332983121206
PEM,M15,long,2025-03-04 19:15:00+00:00,2025-03-04 21:45:00+00:00,2919.725,2913.515,2913.515,2932.145,11,sl,-1.0,19,NY_Late,3.9416934809591013,0.6145833333333334,MidVol,0.880946784341874,Strong,2920.425,2901.145052456344,2895.7729424141116
PEM,M15,long,2025-03-05 13:15:00+00:00,2025-03-05 16:15:00+00:00,2918.145,2919.168,2907.615,2939.2050000000004,13,timeout,0.09715099715100843,13,NY_Overlap,3.7448842268558695,0.28125,LowVol,0.17472705815343315,Moderate,2919.405,2911.5915907335216,2912.645917932209
PEM,M15,long,2025-03-07 13:00:00+00:00,2025-03-07 16:00:00+00:00,2911.465,2922.215,2903.765,2926.8650000000007,13,timeout,1.3961038961038466,13,NY_Overlap,3.2190277617239524,0.125,LowVol,0.0225551505930159,Flat,2908.569,2908.957086461918,2909.7757092036964
PEM,M15,short,2025-03-10 21:00:00+00:00,2025-03-11 00:00:00+00:00,2899.359,2894.125,2915.155,2867.7669999999994,13,timeout,0.3313497087870241,21,NY_Late,4.975450764355132,0.7708333333333334,HighVol,-0.16473352439196337,Moderate,2903.135,2907.2521761195867,2907.0063336267704
PEM,M15,short,2025-03-11 00:15:00+00:00,2025-03-11 03:15:00+00:00,2894.085,2887.595,2906.605,2869.045,13,timeout,0.5183706070287737,0,Asia,5.175483256510591,0.8229166666666666,HighVol,-0.25449400158399865,Strong,2895.245,2905.6978647928695,2894.5586488247027
PEM,M15,long,2025-03-11 14:15:00+00:00,2025-03-11 17:15:00+00:00,2900.435,2911.935,2889.125,2923.055,13,timeout,1.0167992926613665,14,NY_Overlap,3.3029072949111207,0.1875,LowVol,0.20235946567997598,Moderate,2898.558,2895.0649117973494,2891.1060917120467
PEM,M15,long,2025-03-11 18:00:00+00:00,2025-03-11 20:15:00+00:00,2913.845,2908.975,2908.975,2923.5849999999996,10,sl,-1.0,18,NY_Late,3.064469959653682,0.09375,LowVol,0.7450840258086645,Strong,2911.995,2900.9731230899774,2894.8675509502555
PEM,M15,short,2025-03-12 07:30:00+00:00,2025-03-12 10:30:00+00:00,2913.695,2918.835,2921.245,2898.5950000000007,13,timeout,-0.6807947019867627,7,London,2.3289784724617353,0.010416666666666666,LowVol,0.10846801308073471,Moderate,2914.305,2913.9108359589336,2918.166799545792
PEM,M15,long,2025-03-13 08:30:00+00:00,2025-03-13 08:45:00+00:00,2939.875,2937.085,2937.085,2945.455,2,sl,-1.0,8,London,2.4621684449292496,0.23958333333333334,LowVol,0.6444108601128903,Strong,2938.388,2930.7759312871076,2936.275191372364
PEM,M15,long,2025-03-14 04:00:00+00:00,2025-03-14 07:45:00+00:00,2986.965,2984.748,2981.705,2997.4850000000006,13,timeout,-0.4214828897338415,4,Asia,3.7618019215947345,0.6770833333333334,HighVol,1.011443382889571,Strong,2988.075,2965.9764820682426,2982.34004788637
PEM,M15,long,2025-03-14 16:30:00+00:00,2025-03-14 19:30:00+00:00,2995.495,2995.915,2983.195,3020.0949999999993,13,timeout,0.034146341463421305,16,NY_Overlap,3.234730870970383,0.22916666666666666,LowVol,0.5728666727913295,Strong,2994.608,2983.6232736989896,2985.7871426043152
PEM,M15,long,2025-03-17 06:45:00+00:00,2025-03-17 09:45:00+00:00,2993.285,2988.295,2983.048,3013.759,13,timeout,-0.4874474943830949,6,Asia,3.2245813081643195,0.10416666666666667,LowVol,0.22552538288263588,Moderate,2991.405,2987.26859583851,2989.4322321883205
PEM,M15,short,2025-03-17 11:45:00+00:00,2025-03-17 14:45:00+00:00,2983.315,2985.315,2991.995,2965.9550000000004,13,timeout,-0.23041474654378316,11,London,2.567796663205209,0.010416666666666666,LowVol,-0.18182390833083467,Moderate,2983.355,2987.53618264164,2988.638161145411
PEM,M15,long,2025-03-17 18:15:00+00:00,2025-03-17 19:30:00+00:00,2999.255,2985.185,2985.185,3027.3950000000004,6,sl,-1.0,18,NY_Late,2.4679317093579893,0.125,LowVol,0.6630405098048925,Strong,3000.015,2989.524952350679,2989.0481485031682
PEM,M15,long,2025-03-18 12:00:00+00:00,2025-03-18 12:30:00+00:00,3014.155,3010.625,3010.625,3021.2150000000006,3,sl,-1.0,12,London,2.680726538746817,0.6145833333333334,MidVol,0.7596368235560808,Strong,3014.125,3002.843676657253,3002.0247184653454
PEM,M15,long,2025-03-18 15:45:00+00:00,2025-03-18 18:45:00+00:00,3025.569,3027.309,3011.999,3052.7090000000003,13,timeout,0.1282240235814455,15,NY_Overlap,3.547866637258429,0.78125,HighVol,0.7087955799652228,Strong,3026.265,3008.6730413867335,3009.066140155393
PEM,M15,long,2025-03-18 23:45:00+00:00,2025-03-19 02:45:00+00:00,3035.765,3037.005,3029.515,3048.265,13,timeout,0.19840000000003782,23,NY_Late,4.301861239031517,0.875,HighVol,0.47804791647133643,Strong,3035.108,3022.995004415705,3020.004779315191
PEM,M15,short,2025-03-19 08:45:00+00:00,2025-03-19 09:45:00+00:00,3028.968,3033.375,3033.375,3020.1539999999995,5,sl,-1.0,8,London,2.16426717096623,0.125,LowVol,0.012210136305536046,Flat,3027.668,3029.8567187731683,3033.424216365017
PEM,M15,long,2025-03-19 12:30:00+00:00,2025-03-19 15:15:00+00:00,3038.185,3032.195,3032.195,3050.1649999999995,12,sl,-1.0,12,London,2.264745175894353,0.19791666666666666,LowVol,0.44453827203670604,Strong,3037.345,3031.9763526930165,3033.5689383244735
PEM,M15,long,2025-03-19 18:00:00+00:00,2025-03-19 20:45:00+00:00,3035.988,3028.215,3028.215,3051.533999999999,12,sl,-1.0,18,NY_Late,3.6866772227390543,0.6770833333333334,HighVol,-0.004576932500510853,Flat,3034.285,3033.116607631819,3034.2348706015896
PEM,M15,long,2025-03-19 23:45:00+00:00,2025-03-20 01:00:00+00:00,3036.955,3029.295,3029.295,3052.2749999999996,6,sl,-1.0,23,NY_Late,3.8608868822582556,0.78125,HighVol,0.0269632683072313,Flat,3034.658,3033.2907885086593,3033.8598306874055
PEM,M15,long,2025-03-20 12:00:00+00:00,2025-03-20 12:30:00+00:00,3056.325,3047.068,3047.068,3074.838999999999,3,sl,-1.0,12,London,3.431376758540218,0.375,MidVol,0.35839148601561005,Strong,3051.635,3046.0166981157313,3047.1673740223946
PEM,M15,short,2025-03-21 12:30:00+00:00,2025-03-21 15:30:00+00:00,3027.058,3029.275,3043.595,2993.9840000000004,13,timeout,-0.13406301021951528,12,London,2.4970715955570237,0.22916666666666666,LowVol,-0.6763732644759938,Strong,3027.445,3037.5211996572198,3037.86891974331
PEM,M15,long,2025-03-24 14:15:00+00:00,2025-03-24 17:15:00+00:00,3025.145,3027.545,3015.985,3043.4649999999997,13,timeout,0.26200873362446825,14,NY_Overlap,2.923630200629461,0.15625,LowVol,0.1058501705878387,Moderate,3025.565,3021.474953844952,3021.0173318868933
PEM,M15,long,2025-03-25 12:45:00+00:00,2025-03-25 14:30:00+00:00,3018.975,3014.195,3014.195,3028.5349999999994,8,sl,-1.0,12,London,2.490423728581061,0.10416666666666667,LowVol,0.2772788097392519,Strong,3018.748,3013.7993946238203,3010.4416462724703
PEM,M15,long,2025-03-25 17:30:00+00:00,2025-03-25 19:15:00+00:00,3024.035,3019.575,3019.575,3032.955,8,sl,-1.0,17,NY_Late,2.7872666908179893,0.4166666666666667,MidVol,0.43578841088208037,Strong,3021.875,3016.2440305625555,3013.0638052506206
PEM,M15,short,2025-03-26 08:15:00+00:00,2025-03-26 08:45:00+00:00,3016.848,3021.665,3021.665,3007.214,3,sl,-1.0,8,London,1.9418130155327515,0.09375,LowVol,-0.12284274065702382,Moderate,3019.105,3020.33804716339,3020.194284977624
PEM,M15,long,2025-03-26 13:15:00+00:00,2025-03-26 16:15:00+00:00,3022.268,3021.185,3014.015,3038.7740000000003,13,timeout,-0.13122500908761217,13,NY_Overlap,2.5570958239695147,0.4583333333333333,MidVol,-0.017398146559384632,Flat,3024.275,3019.9203602692305,3020.165365058103
PEM,M15,long,2025-03-27 07:00:00+00:00,2025-03-27 07:15:00+00:00,3020.625,3024.8450000000003,3018.515,3024.8450000000003,2,tp,2.0,7,London,2.2983045710623062,0.1875,LowVol,0.04117122634283167,Flat,3021.818,3019.7944370952678,3018.1044911305066
PEM,M15,long,2025-03-27 14:30:00+00:00,2025-03-27 17:30:00+00:00,3031.748,3050.954,3022.145,3050.954,13,tp,2.0,14,NY_Overlap,3.1347536340351074,0.7604166666666666,HighVol,0.1938522478898759,Moderate,3030.675,3026.5567963069057,3026.146600404775
PEM,M15,long,2025-03-28 11:15:00+00:00,2025-03-28 14:00:00+00:00,3074.565,3083.4590000000003,3070.118,3083.4590000000003,12,tp,2.0,11,London,3.2444245902739985,0.5,MidVol,0.8238883073020684,Strong,3072.755,3059.142263805197,3062.9927667903085
PEM,M15,long,2025-03-31 05:00:00+00:00,2025-03-31 08:00:00+00:00,3086.498,3079.435,3079.435,3100.6240000000003,13,sl,-1.0,5,Asia,3.6629560314906695,0.5416666666666666,MidVol,0.34547614675535926,Strong,3088.048,3077.7950069862045,3087.3503333333333
PEM,M15,long,2025-03-31 13:15:00+00:00,2025-03-31 16:15:00+00:00,3115.248,3122.648,3105.948,3133.8480000000004,13,timeout,0.795698924731177,13,NY_Overlap,5.659761356965609,0.8958333333333334,HighVol,0.6995404108168988,Strong,3122.805,3095.0407760744597,3099.6233060167715
PEM,M15,short,2025-04-02 18:15:00+00:00,2025-04-02 20:45:00+00:00,3114.845,3131.185,3131.185,3082.1649999999995,11,sl,-1.0,18,NY_Late,4.829705925523072,0.7916666666666666,HighVol,-0.07622587103937857,Flat,3119.048,3122.7661442450303,3120.534227554754
PEM,M15,long,2025-04-02 23:45:00+00:00,2025-04-03 01:30:00+00:00,3132.755,3119.515,3119.515,3159.2350000000006,8,sl,-1.0,23,NY_Late,4.8887575241336645,0.6770833333333334,HighVol,0.21665813513678467,Moderate,3132.815,3124.430413061498,3121.873700015261
PEM,M15,long,2025-04-03 06:45:00+00:00,2025-04-03 07:30:00+00:00,3158.825,3140.945,3140.945,3194.584999999999,4,sl,-1.0,6,Asia,9.129762823498446,0.9375,HighVol,0.4868201704609941,Strong,3160.715,3131.3541945950483,3135.1957327421705
PEM,M15,short,2025-04-03 12:30:00+00:00,2025-04-03 15:30:00+00:00,3133.995,3127.955,3155.105,3091.7749999999996,13,timeout,0.2861203221222135,12,London,6.577315076034244,0.6875,HighVol,-0.04627893862637499,Flat,3129.915,3140.117723353193,3142.301799468654
PEM,M15,short,2025-04-03 17:30:00+00:00,2025-04-03 18:00:00+00:00,3118.898,3092.8240000000005,3131.935,3092.8240000000005,3,tp,2.0,17,NY_Late,7.042625803337241,0.6145833333333334,MidVol,-0.34478692829045215,Strong,3106.018,3131.7789351123324,3136.7205116681566
PEM,M15,short,2025-04-04 14:45:00+00:00,2025-04-04 17:45:00+00:00,3098.885,3109.598,3109.598,3077.4590000000007,13,sl,-1.0,14,NY_Overlap,5.904969570822402,0.28125,LowVol,-0.21577415444565992,Moderate,3095.505,3105.4324748099843,3104.5026313285125
PEM,M15,long,2025-04-11 08:00:00+00:00,2025-04-11 11:00:00+00:00,3213.255,3216.535,3183.475,3272.8150000000005,13,timeout,0.11014103425116599,8,London,7.9845002204156135,0.4583333333333333,MidVol,0.8973598251708291,Strong,3206.515,3163.154325457552,3183.860192516812
PEM,M15,long,2025-04-11 17:15:00+00:00,2025-04-11 18:00:00+00:00,3227.975,3213.105,3213.105,3257.7149999999997,4,sl,-1.0,17,NY_Late,9.745204561672855,0.84375,HighVol,0.4633385232736565,Strong,3233.665,3200.451616771672,3198.8707311123067
PEM,M15,long,2025-04-11 22:45:00+00:00,2025-04-12 00:00:00+00:00,3239.235,3223.815,3223.815,3270.0750000000003,6,sl,-1.0,22,NY_Late,9.127372677841564,0.4895833333333333,MidVol,0.4165493905267481,Strong,3237.245,3215.7067191422984,3206.553017672907
PEM,M15,short,2025-04-14 05:30:00+00:00,2025-04-14 08:30:00+00:00,3217.195,3227.525,3237.965,3175.655,13,timeout,-0.49735194992777737,5,Asia,7.651508792874212,0.3333333333333333,MidVol,0.023351218788120583,Flat,3220.415,3224.333033580281,3218.4167354848496
PEM,M15,short,2025-04-14 18:00:00+00:00,2025-04-14 21:00:00+00:00,3208.835,3203.865,3235.565,3155.375,13,timeout,0.18593340815563977,18,NY_Late,6.8634305578180275,0.4375,MidVol,-0.2954561784347262,Strong,3215.885,3225.1043378084814,3227.081917788067
PEM,M15,short,2025-04-14 23:15:00+00:00,2025-04-15 00:15:00+00:00,3197.805,3210.025,3210.025,3173.3649999999993,5,sl,-1.0,23,NY_Late,7.56692949852099,0.7395833333333334,HighVol,-0.3543973017980614,Strong,3202.595,3215.84113246589,3220.3906816170474
PEM,M15,long,2025-04-16 01:00:00+00:00,2025-04-16 04:00:00+00:00,3229.125,3229.855,3218.275,3250.825,13,timeout,0.06728110599078566,1,Asia,4.392807877930278,0.4583333333333333,MidVol,0.13650491736150358,Moderate,3228.345,3221.917125047516,3225.075201653733
PEM,M15,long,2025-04-16 05:45:00+00:00,2025-04-16 07:00:00+00:00,3234.655,3251.9550000000004,3226.005,3251.9550000000004,6,tp,2.0,5,Asia,3.858923103129171,0.13541666666666666,LowVol,0.39272230885424103,Strong,3238.435,3225.6520436703577,3228.832866622802
PEM,M15,long,2025-04-17 01:45:00+00:00,2025-04-17 05:30:00+00:00,3336.525,3352.645,3325.105,3359.3650000000002,13,timeout,1.4115586690017328,1,Asia,7.05156994444995,0.5833333333333334,MidVol,0.7407768713462604,Strong,3338.695,3306.5380305478575,3329.3809524283993
PEM,M15,long,2025-04-21 05:45:00+00:00,2025-04-21 08:45:00+00:00,3344.275,3376.635,3318.625,3395.5750000000003,13,timeout,1.2615984405458094,5,Asia,6.634813695471424,0.3645833333333333,MidVol,0.4838955070720358,Strong,3344.905,3322.0573631757284,3341.885866733847
PEM,M15,long,2025-04-21 12:45:00+00:00,2025-04-21 15:45:00+00:00,3382.735,3391.075,3373.265,3401.6750000000006,13,timeout,0.8806758183737557,12,London,6.06033139770228,0.10416666666666667,LowVol,0.8095663573290819,Strong,3383.485,3355.12431504644,3366.338279075373
PEM,M15,long,2025-04-22 05:45:00+00:00,2025-04-22 07:15:00+00:00,3432.005,3419.505,3419.505,3457.005,7,sl,-1.0,5,Asia,5.649600028090766,0.25,LowVol,0.6094625403559072,Strong,3430.855,3411.150347332226,3421.8325156291285
PEM,M15,short,2025-04-22 16:15:00+00:00,2025-04-22 19:15:00+00:00,3448.135,3459.515,3473.705,3396.995000000001,13,timeout,-0.44505279624559185,16,NY_Overlap,10.233352740236043,0.9583333333333334,HighVol,0.0478110902907968,Flat,3456.795,3454.8204376281,3455.001492306579
PEM,M15,short,2025-04-23 02:00:00+00:00,2025-04-23 05:45:00+00:00,3379.335,3333.605,3430.345,3277.3150000000005,13,timeout,0.8964908841403691,2,Asia,13.214552980350872,0.8541666666666666,HighVol,-0.5578211534737609,Strong,3383.735,3426.239229384119,3393.6406737982898
PEM,M15,short,2025-04-23 10:15:00+00:00,2025-04-23 13:15:00+00:00,3355.295,3315.145,3379.705,3306.4750000000004,13,timeout,1.644817697664905,10,London,15.037363973441018,0.9270833333333334,HighVol,-0.2977038856465327,Strong,3333.355,3381.076012207907,3365.3713220429077
PEM,M15,short,2025-04-23 19:30:00+00:00,2025-04-23 21:00:00+00:00,3317.105,3277.3250000000003,3336.995,3277.3250000000003,7,tp,2.0,19,NY_Late,10.934019339868879,0.15625,LowVol,-0.2535815636403546,Strong,3326.755,3340.039398107761,3347.927547074989
PEM,M15,long,2025-04-24 05:45:00+00:00,2025-04-24 08:45:00+00:00,3310.195,3363.605,3277.545,3375.4950000000003,13,timeout,1.635834609494631,5,Asia,8.581420253840967,0.03125,LowVol,-0.012075158403986664,Flat,3313.875,3303.6047791508618,3292.1115090036888
PEM,M15,short,2025-04-25 11:15:00+00:00,2025-04-25 14:15:00+00:00,3326.555,3310.665,3351.065,3277.5349999999994,13,timeout,0.6483068135454807,11,London,8.153514204187577,0.6666666666666666,HighVol,-0.1288555183909702,Moderate,3323.575,3342.447565774694,3346.905026211468
PEM,M15,long,2025-04-26 03:00:00+00:00,2025-04-28 06:45:00+00:00,3307.405,3305.465,3287.665,3346.8850000000007,13,timeout,-0.09827760891590838,3,Asia,6.833113478346785,0.16666666666666666,LowVol,0.036914611315578265,Flat,3305.075,3296.6918707704117,3293.543631160165
PEM,M15,short,2025-04-30 11:15:00+00:00,2025-04-30 12:15:00+00:00,3304.365,3312.855,3312.855,3287.3849999999993,5,sl,-1.0,11,London,5.44468784792604,0.25,LowVol,-0.28639543259086847,Strong,3304.625,3314.375754637468,3315.9329288494077
PEM,M15,short,2025-05-01 17:30:00+00:00,2025-05-01 20:30:00+00:00,3215.765,3222.375,3245.145,3157.0049999999997,13,timeout,-0.22498298162015326,17,NY_Late,6.344437893017127,0.07291666666666667,LowVol,-0.7876182801602537,Strong,3219.245,3245.2878312362786,3249.3418541466303
PEM,M15,long,2025-05-02 03:15:00+00:00,2025-05-02 03:45:00+00:00,3227.775,3236.475,3223.425,3236.475,3,tp,2.0,3,Asia,6.545751627055786,0.1875,LowVol,0.06444505256010352,Flat,3235.895,3226.4007488701614,3220.4761523579728
PEM,M15,long,2025-05-02 17:15:00+00:00,2025-05-02 17:45:00+00:00,3265.375,3257.435,3257.435,3281.255,3,sl,-1.0,17,NY_Late,5.309186673706169,0.125,LowVol,0.5213158341837998,Strong,3260.415,3249.040491719865,3242.251699772456
PEM,M15,long,2025-05-07 00:00:00+00:00,2025-05-07 03:00:00+00:00,3408.605,3421.475,3392.775,3440.265,13,timeout,0.8130132659507233,0,Asia,6.833826276482877,0.4895833333333333,MidVol,0.7255330487286394,Strong,3409.715,3378.3048242512473,3409.0716666666667
PEM,M15,short,2025-05-07 08:00:00+00:00,2025-05-07 11:00:00+00:00,3365.315,3376.065,3424.115,3247.7150000000006,13,timeout,-0.18282312925170152,8,London,12.217739079454171,1.0,HighVol,-0.18177883099694805,Moderate,3377.895,3394.08394167494,3399.612209647544
PEM,M15,long,2025-05-08 07:45:00+00:00,2025-05-08 10:45:00+00:00,3384.225,3398.005,3363.035,3426.605,13,timeout,0.6503067484662655,7,London,5.811048385097296,0.041666666666666664,LowVol,0.002139179306873464,Flat,3383.255,3379.216093444397,3377.058677295079
PEM,M15,long,2025-05-09 18:45:00+00:00,2025-05-09 21:45:00+00:00,3330.235,3335.965,3319.925,3350.855,13,timeout,0.5557710960232831,18,NY_Late,6.360103243442296,0.10416666666666667,LowVol,0.19545951887228036,Moderate,3330.725,3321.816015094681,3312.3707368267196
PEM,M15,long,2025-05-09 23:30:00+00:00,2025-05-10 02:30:00+00:00,3346.645,3328.925,3328.925,3382.0849999999996,13,sl,-1.0,23,NY_Late,7.000958928185575,0.3854166666666667,MidVol,0.37895686634724773,Strong,3337.945,3329.2248734032587,3317.0692724450932
PEM,M15,short,2025-05-10 02:45:00+00:00,2025-05-12 05:00:00+00:00,3328.955,3302.215,3342.325,3302.215,7,tp,2.0,2,Asia,5.307601001874514,0.03125,LowVol,0.04136254500938272,Flat,3327.075,3331.931190221779,3337.161263093262
PEM,M15,short,2025-05-12 14:30:00+00:00,2025-05-12 17:30:00+00:00,3247.795,3215.315,3284.505,3174.375,13,timeout,0.8847725415418138,14,NY_Overlap,10.164361843294847,0.9583333333333334,HighVol,-0.5823805117583594,Strong,3230.725,3286.665781553177,3272.400230418494
PEM,M15,short,2025-05-12 23:45:00+00:00,2025-05-13 02:45:00+00:00,3227.525,3235.345,3240.915,3200.7450000000003,13,timeout,-0.5840179238237329,23,NY_Late,8.291570507654827,0.3541666666666667,MidVol,-0.29019526213236246,Strong,3227.775,3244.951006926409,3251.3551043381267
PEM,M15,long,2025-05-13 12:00:00+00:00,2025-05-13 15:00:00+00:00,3247.295,3258.655,3224.845,3292.1950000000006,13,timeout,0.5060133630289527,12,London,6.374287299308864,0.3020833333333333,LowVol,0.17040690521905358,Moderate,3251.065,3236.554892788358,3232.610267193347
PEM,M15,short,2025-05-14 09:30:00+00:00,2025-05-14 12:30:00+00:00,3237.135,3223.045,3257.635,3196.135,13,timeout,0.6873170731707388,9,London,5.813357472045974,0.4479166666666667,MidVol,-0.2070851563678081,Moderate,3234.345,3247.078553146821,3245.3297089468647
PEM,M15,short,2025-05-14 19:15:00+00:00,2025-05-14 20:15:00+00:00,3219.205,3179.885,3238.865,3179.885,5,tp,2.0,19,NY_Late,6.209341634974859,0.78125,HighVol,-0.2425677550483091,Moderate,3213.375,3234.4076734035593,3236.5786733316877
PEM,M15,short,2025-05-15 11:45:00+00:00,2025-05-15 12:45:00+00:00,3148.425,3133.1050000000005,3156.085,3133.1050000000005,5,tp,2.0,11,London,6.238725678400477,0.5833333333333334,MidVol,-0.9248600913736195,Strong,3142.495,3177.786592291654,3170.6838936434037
PEM,M15,long,2025-05-15 16:15:00+00:00,2025-05-15 19:15:00+00:00,3162.815,3179.915,3138.555,3211.3350000000005,13,timeout,0.704863973619116,16,NY_Overlap,8.797577554231916,0.9583333333333334,HighVol,-0.10019887026760174,Moderate,3166.955,3162.1796843263182,3157.901131312473
PEM,M15,long,2025-05-15 19:45:00+00:00,2025-05-15 22:15:00+00:00,3184.205,3207.045,3172.785,3207.045,11,tp,2.0,19,NY_Late,6.7483918897809385,0.4895833333333333,MidVol,0.3748241485904602,Strong,3183.205,3167.9430681589943,3160.075998842744
PEM,M15,short,2025-05-16 10:15:00+00:00,2025-05-16 13:15:00+00:00,3216.515,3225.165,3239.355,3170.8349999999996,13,timeout,-0.3787215411558685,10,London,7.215785381203723,0.65625,MidVol,-0.03503880601893596,Flat,3207.125,3219.080569127102,3229.0872122617116
PEM,M15,short,2025-05-16 18:00:00+00:00,2025-05-16 21:00:00+00:00,3193.335,3184.525,3216.705,3146.5950000000003,13,timeout,0.37697903294822366,18,NY_Late,8.472551344709832,1.0,HighVol,-0.3388177807232843,Strong,3176.835,3211.4651613389838,3220.6095862282036
PEM,M15,long,2025-05-17 02:45:00+00:00,2025-05-19 06:00:00+00:00,3194.555,3238.8349999999996,3172.415,3238.8349999999996,11,tp,2.0,2,Asia,5.555730854534823,0.14583333333333334,LowVol,0.011359295078642381,Flat,3195.265,3191.421257155706,3188.596348348986
PEM,M15,short,2025-05-19 11:15:00+00:00,2025-05-19 13:30:00+00:00,3212.695,3230.095,3230.095,3177.895000000001,10,sl,-1.0,11,London,8.107398929934892,0.6041666666666666,MidVol,0.10817883410949959,Moderate,3211.545,3214.270914517984,3231.035250508472
PEM,M15,short,2025-05-20 01:15:00+00:00,2025-05-20 05:00:00+00:00,3225.885,3228.925,3236.105,3205.4450000000006,13,timeout,-0.29745596868884766,1,Asia,5.809023376165808,0.13541666666666666,LowVol,-0.05645209007206997,Flat,3228.795,3230.2356475439383,3229.4672864613285
PEM,M15,short,2025-05-20 06:45:00+00:00,2025-05-20 08:15:00+00:00,3221.245,3227.295,3227.295,3209.1449999999995,7,sl,-1.0,6,Asia,3.9095127951242308,0.03125,LowVol,-0.3057321771138933,Strong,3222.055,3229.3190113331357,3229.7699064638496
PEM,M15,long,2025-05-20 16:15:00+00:00,2025-05-20 19:15:00+00:00,3236.165,3236.085,3208.265,3291.965,13,timeout,-0.0028673835125421856,16,NY_Overlap,5.7926373086671665,0.6354166666666666,MidVol,0.26103788825976465,Strong,3233.335,3221.1587974943927,3219.7092001064484
PEM,M15,long,2025-05-21 03:30:00+00:00,2025-05-21 07:15:00+00:00,3294.645,3294.095,3275.915,3332.105,13,timeout,-0.029364655632684537,3,Asia,4.563063908063433,0.20833333333333334,LowVol,1.226850160038723,Strong,3291.365,3264.1003483327577,3287.8051956418917
PEM,M15,long,2025-05-21 13:15:00+00:00,2025-05-21 16:15:00+00:00,3313.955,3308.048,3298.145,3345.575,13,timeout,-0.3736242884250584,13,NY_Overlap,6.441757753030681,0.7083333333333334,HighVol,0.5589973508592191,Strong,3315.035,3291.4506242201155,3298.2120769671665
PEM,M15,long,2025-05-22 02:45:00+00:00,2025-05-22 06:30:00+00:00,3323.498,3322.245,3301.635,3367.2239999999997,13,timeout,-0.05731143941820273,2,Asia,5.6271312053684115,0.2708333333333333,LowVol,0.4082202621062078,Strong,3322.345,3308.3246776107776,3314.9940859771577
PEM,M15,long,2025-05-23 11:15:00+00:00,2025-05-23 12:00:00+00:00,3302.748,3314.788,3296.728,3314.788,4,tp,2.0,11,London,5.726970795261328,0.4583333333333333,MidVol,0.03616447959922153,Flat,3306.598,3300.632247079059,3297.762015221065
PEM,M15,long,2025-05-23 12:45:00+00:00,2025-05-23 14:00:00+00:00,3319.005,3332.545,3312.235,3332.545,6,tp,2.0,12,London,5.353277579296279,0.2916666666666667,LowVol,0.4952876303831611,Strong,3319.685,3303.7235075646972,3300.4830274062347
PEM,M15,short,2025-05-26 07:15:00+00:00,2025-05-26 09:45:00+00:00,3343.615,3350.398,3350.398,3330.048999999999,11,sl,-1.0,7,London,5.8112226272967655,0.6041666666666666,MidVol,-0.1461118877133731,Moderate,3334.335,3347.777499992418,3345.1596401274896
PEM,M15,long,2025-05-27 00:00:00+00:00,2025-05-27 06:15:00+00:00,3342.048,3346.298,3335.285,3355.5739999999996,13,timeout,0.6284193405293583,0,Asia,3.4313744996341127,0.010416666666666666,LowVol,0.11883260402120367,Moderate,3341.448,3338.1289344534043,3341.891333333333
PEM,M15,short,2025-05-27 12:15:00+00:00,2025-05-27 14:00:00+00:00,3331.395,3311.8889999999997,3341.148,3311.8889999999997,8,tp,2.0,12,London,3.956583361654164,0.3958333333333333,MidVol,-0.26537090983537637,Strong,3329.718,3340.322442722435,3341.0107374174063
PEM,M15,short,2025-05-27 18:30:00+00:00,2025-05-27 21:30:00+00:00,3292.965,3295.755,3308.195,3262.505,13,timeout,-0.18319107025607093,18,NY_Late,6.49977406387661,0.8541666666666666,HighVol,-0.7423109470964472,Strong,3291.848,3317.9854673959935,3320.577735665458
PEM,M15,long,2025-05-28 06:45:00+00:00,2025-05-28 09:00:00+00:00,3308.615,3299.985,3299.985,3325.874999999999,10,sl,-1.0,6,Asia,3.692294322350887,0.20833333333333334,LowVol,0.12528354957502016,Moderate,3310.548,3304.7042516296897,3303.1665716448983
PEM,M15,long,2025-05-28 12:45:00+00:00,2025-05-28 15:45:00+00:00,3306.688,3317.225,3294.135,3331.794,13,timeout,0.8394009400143316,12,London,5.105896239666383,0.4583333333333333,MidVol,-0.041393676362568,Flat,3306.908,3303.786334754883,3303.6571780521026
PEM,M15,short,2025-05-28 22:45:00+00:00,2025-05-29 01:45:00+00:00,3293.215,3299.595,3313.098,3253.4490000000005,13,timeout,-0.32087713121760875,22,NY_Late,6.052542484632336,0.90625,HighVol,-0.32282168881409956,Strong,3295.025,3307.668743988632,3306.7926157435145
PEM,M15,short,2025-05-29 06:00:00+00:00,2025-05-29 06:30:00+00:00,3285.198,3261.5839999999994,3297.005,3261.5839999999994,3,tp,2.0,6,Asia,5.540931138578054,0.8125,HighVol,-0.4477324882036865,Strong,3285.448,3298.757312128162,3294.9491610026
PEM,M15,long,2025-05-29 17:45:00+00:00,2025-05-29 20:45:00+00:00,3298.655,3312.395,3275.985,3343.9950000000003,13,timeout,0.606087340097033,17,NY_Late,5.5054330753182805,0.3854166666666667,MidVol,0.33100111816015354,Strong,3296.588,3280.8913524109034,3276.4800817490054
PEM,M15,long,2025-05-29 22:45:00+00:00,2025-05-30 01:45:00+00:00,3316.155,3320.635,3296.258,3355.949000000001,13,timeout,0.22515957179473944,22,NY_Late,6.5017897904849224,0.65625,MidVol,0.5364241801974264,Strong,3317.745,3296.3823223986346,3287.5182723031726
PEM,M15,long,2025-06-02 18:45:00+00:00,2025-06-02 21:00:00+00:00,3354.145,3374.105,3344.165,3374.105,10,tp,2.0,18,NY_Late,5.175953964781984,0.4895833333333333,MidVol,0.785457029394058,Strong,3356.265,3330.472673537618,3326.525324564853
PEM,M15,long,2025-06-03 02:15:00+00:00,2025-06-03 06:00:00+00:00,3378.755,3389.075,3360.085,3416.0950000000003,13,timeout,0.5527584359935548,2,Asia,4.719674646834744,0.19791666666666666,LowVol,0.7714204068843223,Strong,3379.505,3357.770867173109,3374.129760698931
PEM,M15,short,2025-06-04 18:30:00+00:00,2025-06-04 20:00:00+00:00,3349.495,3360.248,3360.248,3327.9889999999996,7,sl,-1.0,18,NY_Late,4.977038898548537,0.7395833333333334,HighVol,-0.23922047991066228,Moderate,3344.935,3356.9815694211297,3358.90144928668
PEM,M15,long,2025-06-05 16:15:00+00:00,2025-06-05 18:15:00+00:00,3376.948,3401.394,3364.725,3401.394,9,tp,2.0,16,NY_Overlap,4.035492282797774,0.21875,LowVol,0.20832018443326164,Moderate,3378.668,3370.8892102088994,3372.4541610095494
PEM,M15,long,2025-06-06 07:30:00+00:00,2025-06-06 08:00:00+00:00,3363.398,3357.248,3357.248,3375.6980000000003,3,sl,-1.0,7,London,3.8831498478668385,0.041666666666666664,LowVol,-0.059751002747127725,Flat,3362.965,3362.7595030098437,3355.670352725357
PEM,M15,long,2025-06-06 11:00:00+00:00,2025-06-06 13:00:00+00:00,3369.985,3362.148,3362.148,3385.659,9,sl,-1.0,11,London,4.069080304832238,0.09375,LowVol,0.1501927273837868,Moderate,3369.305,3363.243946501033,3358.829187750971
PEM,M15,long,2025-06-06 18:30:00+00:00,2025-06-06 19:15:00+00:00,3362.255,3355.588,3355.588,3375.589,4,sl,-1.0,18,NY_Late,4.173274832747773,0.1875,LowVol,-0.1120961926807782,Moderate,3360.605,3362.1356167241847,3360.3578654832113
PEM,M15,long,2025-06-09 23:00:00+00:00,2025-06-10 02:00:00+00:00,3330.339,3332.995,3318.675,3353.6669999999995,13,timeout,0.22770919067215395,23,NY_Late,4.806215571445901,0.4270833333333333,MidVol,0.2902679564084247,Strong,3328.205,3319.807703478344,3315.238745416488
PEM,M15,short,2025-06-10 07:45:00+00:00,2025-06-10 08:30:00+00:00,3321.148,3309.8740000000007,3326.785,3309.8740000000007,4,tp,2.0,7,London,3.787762289971245,0.21875,LowVol,-0.1405876320433372,Moderate,3317.225,3324.9119938038466,3329.2987550373095
PEM,M15,long,2025-06-10 18:00:00+00:00,2025-06-10 20:45:00+00:00,3333.935,3348.2149999999997,3326.795,3348.2149999999997,12,tp,2.0,18,NY_Late,4.104305048074285,0.3020833333333333,LowVol,0.42796959456246947,Strong,3335.235,3323.104997267814,3322.133026518159
PEM,M15,long,2025-06-11 02:45:00+00:00,2025-06-11 06:30:00+00:00,3331.748,3319.755,3319.755,3355.734,13,sl,-1.0,2,Asia,4.284321486985133,0.3333333333333333,MidVol,0.03128800189520979,Flat,3332.098,3327.0109054659356,3324.50184388546
PEM,M15,long,2025-06-11 08:00:00+00:00,2025-06-11 11:00:00+00:00,3332.448,3337.805,3320.798,3355.748,13,timeout,0.45982832618025143,8,London,4.510757615645875,0.46875,MidVol,0.17419128292148459,Moderate,3332.998,3326.6897254888822,3325.9177538634317
PEM,M15,short,2025-06-12 00:45:00+00:00,2025-06-12 01:15:00+00:00,3324.048,3333.898,3333.898,3304.347999999999,3,sl,-1.0,0,Asia,6.1077213009356175,0.8125,HighVol,-0.25313851145588134,Strong,3321.875,3333.8492697156566,3325.668720835943
PEM,M15,long,2025-06-12 05:45:00+00:00,2025-06-12 08:45:00+00:00,3363.848,3369.948,3351.145,3389.254,13,timeout,0.4802015271982934,5,Asia,5.390919064114497,0.6041666666666666,MidVol,0.7024804950762524,Strong,3365.295,3341.7472561000495,3344.367494631082
PEM,M15,long,2025-06-12 09:45:00+00:00,2025-06-12 12:45:00+00:00,3375.498,3374.255,3363.148,3400.198,13,timeout,-0.10064777327934796,9,London,5.899188379343873,0.6041666666666666,MidVol,0.6456219035220321,Strong,3376.775,3353.915927491794,3358.903532975235
PEM,M15,long,2025-06-12 17:30:00+00:00,2025-06-12 19:45:00+00:00,3367.245,3388.7249999999995,3356.505,3388.7249999999995,10,tp,2.0,17,NY_Late,6.7610870458193455,0.8229166666666666,HighVol,0.15368986631016662,Moderate,3381.348,3362.139580525415,3361.639830096228
PEM,M15,long,2025-06-13 07:15:00+00:00,2025-06-13 07:30:00+00:00,3392.405,3413.0850000000005,3382.065,3413.0850000000005,2,tp,2.0,7,London,5.023619560793868,0.3229166666666667,LowVol,0.32452383311359906,Strong,3404.365,3382.3581836116273,3390.449990629195
PEM,M15,long,2025-06-13 15:45:00+00:00,2025-06-13 18:00:00+00:00,3424.525,3412.995,3412.995,3447.5850000000005,10,sl,-1.0,15,NY_Overlap,6.7050704365859355,0.4583333333333333,MidVol,0.2750506448137897,Strong,3424.765,3411.460412716355,3414.9246409801367
PEM,M15,long,2025-06-13 19:45:00+00:00,2025-06-13 22:45:00+00:00,3427.968,3423.555,3418.348,3447.2079999999996,13,timeout,-0.45873180873181507,19,NY_Late,6.258380363182732,0.3125,LowVol,0.29870697363676235,Strong,3430.508,3416.3036982012295,3416.263116191362
PEM,M15,short,2025-06-17 16:15:00+00:00,2025-06-17 17:15:00+00:00,3379.525,3387.965,3387.965,3362.645,5,sl,-1.0,16,NY_Overlap,5.0949650251951955,0.40625,MidVol,-0.33612621188152,Strong,3379.705,3391.5063962155773,3390.6299217281507
PEM,M15,short,2025-06-17 21:15:00+00:00,2025-06-17 21:45:00+00:00,3389.365,3368.1989999999996,3399.948,3368.1989999999996,3,tp,2.0,21,NY_Late,5.827138187764202,0.7916666666666666,HighVol,-0.00980698527782273,Flat,3384.915,3390.8202379749473,3390.406133778855
PEM,M15,long,2025-06-18 00:45:00+00:00,2025-06-18 03:45:00+00:00,3389.535,3387.105,3379.965,3408.6749999999993,13,timeout,-0.25391849529779625,0,Asia,6.034796452377439,0.84375,HighVol,-0.026354584538529492,Flat,3389.548,3387.624136560601,3386.8473353270656
PEM,M15,short,2025-06-18 14:00:00+00:00,2025-06-18 17:00:00+00:00,3379.625,3377.945,3395.095,3348.6850000000004,13,timeout,0.10859728506786412,14,NY_Overlap,4.460175853223842,0.28125,LowVol,-0.16704445307548554,Moderate,3381.648,3386.4214678141175,3385.8270975436126
PEM,M15,long,2025-06-19 17:45:00+00:00,2025-06-19 20:30:00+00:00,3376.555,3362.058,3362.058,3405.5489999999995,12,sl,-1.0,17,NY_Late,5.136977479560963,0.46875,MidVol,0.08627288929993736,Flat,3377.635,3371.3167958813683,3369.2153732270526
PEM,M15,short,2025-06-20 12:30:00+00:00,2025-06-20 13:00:00+00:00,3352.925,3342.379000000001,3358.198,3342.379000000001,3,tp,2.0,12,London,4.361289547844681,0.28125,LowVol,-0.3830673959704875,Strong,3347.215,3361.72093956477,3359.2887762351916
PEM,M15,short,2025-06-20 18:45:00+00:00,2025-06-20 20:30:00+00:00,3351.448,3357.775,3357.775,3338.7939999999994,8,sl,-1.0,18,NY_Late,4.095672580479234,0.11458333333333333,LowVol,-0.10328973113324878,Moderate,3352.398,3355.830461381872,3355.5967021637384
PEM,M15,long,2025-06-23 18:30:00+00:00,2025-06-23 19:30:00+00:00,3375.045,3364.835,3364.835,3395.465,5,sl,-1.0,18,NY_Late,4.660652708732712,0.3958333333333333,MidVol,0.33381121369094463,Strong,3379.125,3363.5947432358307,3364.6635309116427
PEM,M15,short,2025-06-24 12:45:00+00:00,2025-06-24 15:45:00+00:00,3337.175,3327.455,3354.555,3302.415000000001,13,timeout,0.5592635212888635,12,London,5.169180260666405,0.3854166666666667,MidVol,-0.5856407806848832,Strong,3333.965,3357.043881838725,3357.4905183697733
PEM,M15,short,2025-06-24 16:45:00+00:00,2025-06-24 18:30:00+00:00,3319.005,3328.635,3328.635,3299.745,8,sl,-1.0,16,NY_Overlap,5.735107167463985,0.4479166666666667,MidVol,-0.6523215580283821,Strong,3322.885,3342.7419533069587,3348.00467391561
PEM,M15,long,2025-06-25 23:15:00+00:00,2025-06-26 02:15:00+00:00,3326.035,3331.225,3320.335,3337.4349999999995,13,timeout,0.9105263157895123,23,NY_Late,4.376333852669868,0.7291666666666666,HighVol,0.04193879958368046,Flat,3327.925,3324.4572252319012,3324.2918301649106
PEM,M15,long,2025-06-26 06:45:00+00:00,2025-06-26 08:30:00+00:00,3336.755,3331.065,3331.065,3348.135,8,sl,-1.0,6,Asia,2.7649731858315856,0.020833333333333332,LowVol,0.4256553864285465,Strong,3337.795,3329.837486779673,3331.987134313215
PEM,M15,short,2025-06-27 19:15:00+00:00,2025-06-27 20:15:00+00:00,3281.145,3261.605,3290.915,3261.605,5,tp,2.0,19,NY_Late,5.651243530929202,0.8958333333333334,HighVol,-0.5618014103241071,Strong,3274.648,3297.1995979181856,3303.887501409904
PEM,M15,long,2025-06-30 12:30:00+00:00,2025-06-30 15:30:00+00:00,3286.285,3292.828,3270.808,3317.2389999999996,13,timeout,0.422756348129494,12,London,4.428233831107356,0.041666666666666664,LowVol,0.3120282450603881,Strong,3289.448,3277.3313442024605,3272.0045337688716
PEM,M15,short,2025-06-30 18:45:00+00:00,2025-06-30 19:45:00+00:00,3275.285,3287.195,3287.195,3251.4649999999992,5,sl,-1.0,18,NY_Late,4.486628692133779,0.2604166666666667,LowVol,-0.14943607880819437,Moderate,3276.865,3282.823526831474,3278.9059627925503
PEM,M15,long,2025-06-30 23:30:00+00:00,2025-07-01 02:30:00+00:00,3293.895,3306.125,3279.315,3323.055,13,timeout,0.8388203017832702,23,NY_Late,4.890421970373732,0.46875,MidVol,0.2351611929278852,Moderate,3292.608,3284.4650620063544,3280.854147559655
PEM,M15,long,2025-07-01 02:45:00+00:00,2025-07-01 06:30:00+00:00,3306.165,3309.455,3296.948,3324.599,13,timeout,0.35694911576434074,2,Asia,3.828107424742574,0.010416666666666666,LowVol,0.664762067513046,Strong,3306.195,3289.910199687961,3296.3443918130256
PEM,M15,long,2025-07-01 11:00:00+00:00,2025-07-01 13:45:00+00:00,3321.035,3332.415,3315.345,3332.415,12,tp,2.0,11,London,3.461204401832073,0.17708333333333334,LowVol,0.7664758134822294,Strong,3320.548,3305.930399174325,3302.0978521964944
PEM,M15,long,2025-07-01 18:30:00+00:00,2025-07-01 21:30:00+00:00,3350.855,3351.475,3338.078,3376.409,13,timeout,0.04852469280737957,18,NY_Late,3.666338671080813,0.4375,MidVol,1.1489639023312122,Strong,3352.595,3328.146444161903,3318.5831550265984
PEM,M15,long,2025-07-03 01:45:00+00:00,2025-07-03 05:30:00+00:00,3352.145,3364.085,3339.975,3376.485,13,timeout,0.9811010682004916,1,Asia,3.3307958902660433,0.16666666666666666,LowVol,0.44856787985518026,Strong,3351.685,3342.946972446348,3350.299945734907
PEM,M15,short,2025-07-03 20:00:00+00:00,2025-07-03 23:00:00+00:00,3313.785,3328.048,3353.598,3234.1589999999997,13,timeout,-0.3582498178986734,20,NY_Late,7.024157791609126,1.0,HighVol,-0.43128006829540577,Strong,3322.808,3347.7001725625046,3348.0558847984885
PEM,M15,long,2025-07-04 13:45:00+00:00,2025-07-04 14:15:00+00:00,3343.295,3336.675,3336.675,3356.535,3,sl,-1.0,13,NY_Overlap,2.81627113272775,0.20833333333333334,LowVol,0.4550515402777592,Strong,3342.095,3334.951006975673,3333.162184236123
PEM,M15,long,2025-07-07 05:00:00+00:00,2025-07-07 05:15:00+00:00,3334.015,3338.747,3331.649,3338.747,2,tp,2.0,5,Asia,2.7447453883816277,0.20833333333333334,LowVol,0.01042322916527174,Flat,3337.105,3334.9755804844526,3336.099333333333
PEM,M15,short,2025-07-07 12:00:00+00:00,2025-07-07 13:15:00+00:00,3305.975,3315.025,3315.025,3287.8749999999995,6,sl,-1.0,12,London,4.4061117798359,0.8645833333333334,HighVol,-0.6666364611372878,Strong,3306.998,3323.1065330288206,3316.3466720646998
PEM,M15,long,2025-07-08 00:00:00+00:00,2025-07-08 03:00:00+00:00,3326.268,3336.975,3316.019,3346.7660000000005,13,timeout,1.0446872865645056,0,Asia,4.21688700183293,0.375,MidVol,0.43286474076423725,Strong,3327.835,3315.064937716276,3327.065
PEM,M15,long,2025-07-08 12:45:00+00:00,2025-07-08 15:15:00+00:00,3334.975,3328.975,3328.975,3346.975,11,sl,-1.0,12,London,3.1859060034675046,0.052083333333333336,LowVol,0.12016443901720117,Moderate,3333.985,3330.7355760190358,3333.4189918323154
PEM,M15,short,2025-07-09 13:00:00+00:00,2025-07-09 16:00:00+00:00,3291.495,3284.625,3306.325,3261.835,13,timeout,0.46325016857720325,13,NY_Overlap,4.1876863522572805,0.6145833333333334,MidVol,-0.4207834259305907,Strong,3288.798,3301.2715080903495,3300.7812961737663
PEM,M15,long,2025-07-09 23:45:00+00:00,2025-07-10 02:45:00+00:00,3312.075,3315.448,3293.575,3349.075,13,timeout,0.18232432432432688,23,NY_Late,4.301511184948741,0.5416666666666666,MidVol,0.5143090730148213,Strong,3311.935,3299.7353911738987,3300.7526768517114
PEM,M15,long,2025-07-10 12:15:00+00:00,2025-07-10 15:15:00+00:00,3322.705,3321.115,3314.655,3338.8049999999994,13,timeout,-0.19751552795033533,12,London,2.950460681093894,0.125,LowVol,0.3343085941716855,Strong,3323.815,3314.6938483456615,3316.5800743751374
PEM,M15,long,2025-07-10 20:15:00+00:00,2025-07-10 21:00:00+00:00,3326.315,3317.765,3317.765,3343.4150000000004,4,sl,-1.0,20,NY_Late,4.149071728063882,0.8125,HighVol,0.08475391055735369,Flat,3327.735,3321.641614439153,3319.522100154168
PEM,M15,long,2025-07-11 08:00:00+00:00,2025-07-11 11:00:00+00:00,3335.525,3333.598,3322.848,3360.8790000000004,13,timeout,-0.1520075727695917,8,London,3.374506400971977,0.6145833333333334,MidVol,0.3873987357964642,Strong,3329.885,3322.7673330023695,3321.283237397489
PEM,M15,long,2025-07-11 17:15:00+00:00,2025-07-11 20:00:00+00:00,3340.205,3355.385,3332.615,3355.385,12,tp,2.0,17,NY_Late,3.9540406726667263,0.6875,HighVol,0.2655208384536911,Strong,3342.665,3332.4420223729435,3328.911619240167
PEM,M15,long,2025-07-15 11:45:00+00:00,2025-07-15 14:45:00+00:00,3360.285,3364.555,3346.655,3387.544999999999,13,timeout,0.3132795304475488,11,London,2.683284655269159,0.15625,LowVol,0.576726464837422,Strong,3360.405,3351.364158594044,3348.955416740937
PEM,M15,long,2025-07-16 12:00:00+00:00,2025-07-16 15:00:00+00:00,3336.045,3338.065,3328.098,3351.9390000000003,13,timeout,0.2541839687932493,12,London,2.78658566870514,0.11458333333333333,LowVol,0.11959802600352651,Moderate,3338.475,3333.919728962475,3329.870908506906
PEM,M15,short,2025-07-18 12:00:00+00:00,2025-07-18 12:15:00+00:00,3333.825,3338.148,3338.148,3325.178999999999,2,sl,-1.0,12,London,2.7326504257036115,0.22916666666666666,LowVol,-0.12666008424904895,Moderate,3337.255,3336.904815221636,3338.802088506183
PEM,M15,long,2025-07-21 07:45:00+00:00,2025-07-21 10:45:00+00:00,3352.165,3352.098,3345.245,3366.005,13,timeout,-0.00968208092485644,7,London,2.486357365839531,0.14583333333333334,LowVol,0.06583556449632066,Flat,3353.115,3349.5350523367833,3349.037411043814
PEM,M15,long,2025-07-21 12:00:00+00:00,2025-07-21 12:45:00+00:00,3356.525,3368.779,3350.398,3368.779,4,tp,2.0,12,London,2.73427840279169,0.3333333333333333,MidVol,0.18171960519128427,Moderate,3358.125,3351.8577505180783,3352.5218167269763
PEM,M15,long,2025-07-21 18:45:00+00:00,2025-07-21 20:45:00+00:00,3372.435,3390.8349999999996,3363.235,3390.8349999999996,9,tp,2.0,18,NY_Late,2.920229935493261,0.5208333333333334,MidVol,0.5516026218987872,Strong,3373.615,3361.2118091911248,3363.754613483014
PEM,M15,short,2025-07-22 12:45:00+00:00,2025-07-22 15:45:00+00:00,3387.425,3387.885,3393.425,3375.425,13,timeout,-0.07666666666667273,12,London,3.074587756126906,0.4791666666666667,MidVol,-0.0970904325753848,Flat,3385.935,3389.8445058104344,3393.151533615461
PEM,M15,long,2025-07-22 19:15:00+00:00,2025-07-22 20:00:00+00:00,3392.375,3406.2690000000002,3385.428,3406.2690000000002,4,tp,2.0,19,NY_Late,2.623762475737891,0.1875,LowVol,0.1423394833297887,Moderate,3394.215,3388.4167149485756,3391.3574471014435
PEM,M15,long,2025-07-23 16:30:00+00:00,2025-07-23 19:30:00+00:00,3430.648,3426.245,3419.708,3452.5280000000002,13,timeout,-0.4024680073126349,16,NY_Overlap,3.8023683110091153,0.5416666666666666,MidVol,0.26580253430037704,Strong,3431.348,3423.5391319199775,3426.7212492627873
PEM,M15,short,2025-07-23 20:30:00+00:00,2025-07-23 23:15:00+00:00,3416.648,3390.434,3429.755,3390.434,12,tp,2.0,20,NY_Late,4.675058695830284,0.8333333333333334,HighVol,-0.18911041859144972,Moderate,3410.055,3423.4415435769756,3425.445030009707
PEM,M15,short,2025-07-24 16:30:00+00:00,2025-07-24 19:30:00+00:00,3366.055,3360.705,3376.785,3344.595,13,timeout,0.49860205032617894,16,NY_Overlap,4.469865580236331,0.5833333333333334,MidVol,-0.636676267533384,Strong,3362.545,3382.7953466448917,3382.8925806575667
PEM,M15,short,2025-07-25 18:00:00+00:00,2025-07-25 21:00:00+00:00,3343.598,3343.698,3348.648,3333.4979999999996,13,timeout,-0.019801980198001078,18,NY_Late,3.3622356717646262,0.53125,MidVol,-0.7757325990534264,Strong,3343.395,3357.488433202726,3363.8222808433698
PEM,M15,short,2025-07-28 19:45:00+00:00,2025-07-28 21:00:00+00:00,3328.898,3309.764,3338.465,3309.764,6,tp,2.0,19,NY_Late,3.719665722236118,0.3541666666666667,MidVol,-0.24479952029970442,Moderate,3327.015,3336.7499384225966,3335.635008424447
PEM,M15,long,2025-07-30 16:30:00+00:00,2025-07-30 19:30:00+00:00,3332.355,3326.265,3323.025,3351.015,13,timeout,-0.6527331189710818,16,NY_Overlap,3.283743739283133,0.3541666666666667,MidVol,0.2264588516313267,Moderate,3331.415,3327.306766465635,3327.0838291236987
PEM,M15,long,2025-07-31 12:15:00+00:00,2025-07-31 14:45:00+00:00,3298.395,3308.2149999999997,3293.485,3308.2149999999997,11,tp,2.0,12,London,3.841422608575838,0.34375,MidVol,0.1173374682020262,Moderate,3296.315,3293.8185362558474,3282.9751068183996
PEM,M15,long,2025-08-01 13:15:00+00:00,2025-08-01 13:45:00+00:00,3296.265,3291.275,3291.275,3306.2449999999994,3,sl,-1.0,13,NY_Overlap,3.5659756216053133,0.2708333333333333,LowVol,0.06314677131528341,Flat,3295.515,3293.307447052672,3292.8164878421976
PEM,M15,long,2025-08-01 18:30:00+00:00,2025-08-01 19:45:00+00:00,3300.475,3315.4549999999995,3292.985,3315.4549999999995,6,tp,2.0,18,NY_Late,3.5801787588378815,0.4270833333333333,MidVol,0.22744394221806125,Moderate,3299.045,3293.446262662886,3292.7593031058013
PEM,M15,long,2025-08-02 03:00:00+00:00,2025-08-04 06:45:00+00:00,3359.738,3358.498,3345.415,3388.3839999999996,13,timeout,-0.08657404175101538,3,Asia,4.899884450306914,0.7291666666666666,HighVol,0.9443777173571446,Strong,3357.475,3330.697288114424,3350.264413351402
PEM,M15,long,2025-08-04 11:00:00+00:00,2025-08-04 14:00:00+00:00,3357.845,3360.148,3350.015,3373.5049999999997,13,timeout,0.29412515964244695,11,London,3.457281015618803,0.0625,LowVol,0.5835586278948414,Strong,3360.425,3347.167997706768,3354.843355982587
PEM,M15,long,2025-08-04 18:45:00+00:00,2025-08-04 21:45:00+00:00,3367.725,3374.705,3356.455,3390.265,13,timeout,0.6193433895297276,18,NY_Late,3.464938369426362,0.16666666666666666,LowVol,0.4605680430446795,Strong,3367.835,3355.3334432457723,3357.4737094999177
PEM,M15,short,2025-08-05 17:15:00+00:00,2025-08-05 20:00:00+00:00,3359.365,3366.105,3366.105,3345.8849999999993,12,sl,-1.0,17,NY_Late,3.6486891322760613,0.7604166666666666,HighVol,-0.4841248253396127,Strong,3355.748,3370.073434527085,3371.690021997114
PEM,M15,long,2025-08-05 23:15:00+00:00,2025-08-06 02:15:00+00:00,3389.348,3379.948,3368.769,3430.5060000000003,13,timeout,-0.45677632538024243,23,NY_Late,4.731844401731994,0.9166666666666666,HighVol,0.645512475289631,Strong,3386.455,3371.679718727664,3371.825861878711
PEM,M15,short,2025-08-06 12:30:00+00:00,2025-08-06 13:30:00+00:00,3371.645,3377.098,3377.098,3360.739,5,sl,-1.0,12,London,2.4902689727099516,0.125,LowVol,-0.29661126711609004,Strong,3371.355,3376.485586767831,3378.9718270981443
PEM,M15,long,2025-08-07 20:00:00+00:00,2025-08-07 21:15:00+00:00,3384.625,3374.505,3374.505,3404.865,6,sl,-1.0,20,NY_Late,5.370898553120008,0.9895833333333334,HighVol,0.1097064910327948,Moderate,3382.625,3378.435515074942,3378.0384003665754
PEM,M15,long,2025-08-07 23:30:00+00:00,2025-08-08 00:15:00+00:00,3390.795,3384.998,3384.998,3402.389,4,sl,-1.0,23,NY_Late,5.568220571616192,0.8958333333333334,HighVol,0.23804202956976672,Moderate,3389.068,3382.042099956896,3380.356149810344
PEM,M15,short,2025-08-08 12:45:00+00:00,2025-08-08 14:15:00+00:00,3390.465,3398.829,3398.829,3373.737,7,sl,-1.0,12,London,4.930430931723938,0.3125,LowVol,0.11663532825955748,Moderate,3392.619,3390.86507184376,3391.818629572368
PEM,M15,long,2025-08-08 23:30:00+00:00,2025-08-09 01:00:00+00:00,3394.995,3388.488,3388.488,3408.009,7,sl,-1.0,23,NY_Late,6.185074337617096,0.7083333333333334,HighVol,0.06795436425956454,Flat,3398.989,3392.600228224226,3392.4953988273214
PEM,M15,short,2025-08-11 07:30:00+00:00,2025-08-11 10:30:00+00:00,3386.505,3379.365,3396.448,3366.6190000000006,13,timeout,0.7180931308458717,7,London,5.580045589374948,0.375,MidVol,-0.12801166500577205,Moderate,3387.235,3393.6607229685683,3391.842950494535
PEM,M15,short,2025-08-11 13:45:00+00:00,2025-08-11 16:45:00+00:00,3367.435,3358.155,3380.029,3342.247,13,timeout,0.7368588216610853,13,NY_Overlap,4.883440126999607,0.1875,LowVol,-0.4624987203091393,Strong,3364.725,3382.702041082273,3377.903449796884
PEM,M15,short,2025-08-11 18:15:00+00:00,2025-08-11 21:15:00+00:00,3357.865,3357.448,3365.405,3342.784999999999,13,timeout,0.05530503978778424,18,NY_Late,5.072031939269636,0.2604166666666667,LowVol,-0.5047620797194871,Strong,3355.119,3371.802693082779,3370.74413914977
PEM,M15,short,2025-08-12 13:45:00+00:00,2025-08-12 14:45:00+00:00,3344.825,3354.755,3354.755,3324.9649999999992,5,sl,-1.0,13,NY_Overlap,3.99451566697169,0.3333333333333333,MidVol,-0.15447311284608292,Moderate,3347.725,3351.9346911596094,3350.6591757421384
PEM,M15,long,2025-08-15 11:00:00+00:00,2025-08-15 14:00:00+00:00,3343.395,3341.345,3338.065,3354.055,13,timeout,-0.384615384615424,11,London,2.4349348278595997,0.010416666666666666,LowVol,0.1468412869022318,Moderate,3343.565,3340.2558417981936,3337.229859947854
PEM,M15,short,2025-08-15 19:45:00+00:00,2025-08-15 20:00:00+00:00,3336.898,3344.048,3344.048,3322.598000000001,2,sl,-1.0,19,NY_Late,4.003436657436529,0.7083333333333334,HighVol,-0.004512531538719389,Flat,3343.435,3341.029374578144,3339.2684285412174
PEM,M15,short,2025-08-15 23:45:00+00:00,2025-08-16 02:45:00+00:00,3338.698,3336.648,3344.465,3327.1639999999993,13,timeout,0.3554707820356559,23,NY_Late,3.6420463193247135,0.65625,MidVol,-0.043054008034442204,Flat,3337.698,3340.673339619311,3339.362688611781
PEM,M15,short,2025-08-18 06:45:00+00:00,2025-08-18 07:15:00+00:00,3329.165,3334.998,3334.998,3317.499,3,sl,-1.0,6,Asia,2.817751083581261,0.4375,MidVol,-0.44010387461716877,Strong,3327.645,3337.143724115361,3331.4171859783055
PEM,M15,long,2025-08-18 11:00:00+00:00,2025-08-18 14:00:00+00:00,3348.655,3348.635,3342.125,3361.7150000000006,13,timeout,-0.003062787136291148,11,London,3.220400394551138,0.4791666666666667,MidVol,0.41433447214427593,Strong,3348.165,3339.939173897462,3340.2498400628524
PEM,M15,long,2025-08-21 02:45:00+00:00,2025-08-21 06:30:00+00:00,3348.348,3347.405,3325.345,3394.3540000000003,13,timeout,-0.04099465287135373,2,Asia,2.522566176955217,0.28125,LowVol,0.7385875093475327,Strong,3348.248,3337.6416571621467,3345.736713394284
PEM,M15,short,2025-08-21 11:30:00+00:00,2025-08-21 14:30:00+00:00,3339.048,3337.155,3343.755,3329.633999999999,13,timeout,0.4021669853408625,11,London,2.3010545852469937,0.17708333333333334,LowVol,-0.12946565799449103,Moderate,3340.605,3342.105243485263,3344.8500114165954
PEM,M15,short,2025-08-22 12:00:00+00:00,2025-08-22 15:00:00+00:00,3329.055,3328.365,3335.765,3315.6349999999998,13,timeout,0.1028315946348809,12,London,2.0556208033054797,0.052083333333333336,LowVol,-0.6121794540690934,Strong,3328.448,3336.3976032731257,3336.380940495501
PEM,M15,long,2025-08-25 13:45:00+00:00,2025-08-25 16:15:00+00:00,3368.595,3362.945,3362.945,3379.894999999999,11,sl,-1.0,13,NY_Overlap,2.227522236413958,0.07291666666666667,LowVol,0.30776402207837394,Strong,3368.045,3363.2934024273036,3365.2105941182226
PEM,M15,long,2025-08-25 17:15:00+00:00,2025-08-25 20:15:00+00:00,3367.605,3363.965,3361.825,3379.1650000000004,13,timeout,-0.6297577854670842,17,NY_Late,2.262345784303017,0.15625,LowVol,0.10393434957110025,Moderate,3367.555,3364.2524552578307,3365.423502481479
PEM,M15,short,2025-08-26 02:30:00+00:00,2025-08-26 06:15:00+00:00,3368.885,3360.5250000000005,3373.065,3360.5250000000005,13,tp,2.0,2,Asia,2.16138557844841,0.041666666666666664,LowVol,0.09966855175670243,Flat,3368.895,3369.1712280252355,3371.351034464216
PEM,M15,short,2025-08-26 06:45:00+00:00,2025-08-26 07:15:00+00:00,3353.648,3365.105,3365.105,3330.7340000000004,3,sl,-1.0,6,Asia,2.3218562057621543,0.4791666666666667,MidVol,-0.6912751997409762,Strong,3354.065,3366.4613036838796,3366.1032611291585
PEM,M15,long,2025-08-26 12:00:00+00:00,2025-08-26 14:15:00+00:00,3377.525,3371.665,3371.665,3389.2450000000003,10,sl,-1.0,12,London,3.505109762144364,0.8020833333333334,HighVol,0.26837924702997107,Strong,3377.215,3370.844808437032,3372.2109881872107
PEM,M15,short,2025-08-26 14:45:00+00:00,2025-08-26 14:45:00+00:00,3370.685,3377.565,3377.565,3356.9249999999997,1,sl,-1.0,14,NY_Overlap,3.885215099038361,0.84375,HighVol,0.11194545100662738,Moderate,3377.515,3372.097294871324,3372.62700827516
PEM,M15,long,2025-08-27 05:15:00+00:00,2025-08-27 08:15:00+00:00,3393.945,3387.535,3387.535,3406.765000000001,13,sl,-1.0,5,Asia,2.637829955118415,0.15625,LowVol,0.7228280277601804,Strong,3388.755,3381.896892133261,3386.2367514547914
PEM,M15,short,2025-08-27 11:30:00+00:00,2025-08-27 14:30:00+00:00,3379.115,3374.195,3384.365,3368.615,13,timeout,0.9371428571427843,11,London,2.4221855535732337,0.11458333333333333,LowVol,-0.3211194934214888,Strong,3377.548,3384.0455981213663,3385.122322049952
PEM,M15,long,2025-08-28 00:00:00+00:00,2025-08-28 03:00:00+00:00,3394.655,3396.205,3376.448,3431.069000000001,13,timeout,0.08513209205249073,0,Asia,3.693682888331758,0.9583333333333334,HighVol,0.4594845387810547,Strong,3395.295,3382.985058221853,3395.909666666667
PEM,M15,long,2025-08-28 14:15:00+00:00,2025-08-28 17:15:00+00:00,3395.205,3395.365,3385.245,3415.125,13,timeout,0.01606425702809778,14,NY_Overlap,2.7090674551404965,0.3958333333333333,MidVol,0.20520323542986474,Moderate,3397.315,3390.8431847390225,3391.95342050413
PEM,M15,long,2025-08-28 23:45:00+00:00,2025-08-29 02:45:00+00:00,3416.465,3419.198,3395.975,3457.4450000000006,13,timeout,0.13338213762809606,23,NY_Late,4.042140836422282,0.8645833333333334,HighVol,0.5368929710584797,Strong,3414.445,3401.8340080915996,3397.696893828866
PEM,M15,long,2025-09-02 23:30:00+00:00,2025-09-03 02:30:00+00:00,3524.169,3536.895,3509.909,3552.6889999999994,13,timeout,0.8924263674614533,23,NY_Late,7.239828945336579,0.8958333333333334,HighVol,0.7405333688713904,Strong,3524.775,3493.0359437428115,3491.270625602349
PEM,M15,long,2025-09-03 02:45:00+00:00,2025-09-03 06:30:00+00:00,3536.995,3527.495,3524.345,3562.295,13,timeout,-0.7509881422924847,2,Asia,5.183799220765712,0.5520833333333334,MidVol,1.041053399507968,Strong,3539.598,3507.198082862662,3531.4394422451114
PEM,M15,long,2025-09-04 00:00:00+00:00,2025-09-04 03:00:00+00:00,3569.005,3561.345,3561.345,3584.3250000000007,13,sl,-1.0,0,Asia,5.313427324506178,0.6354166666666666,MidVol,0.753049594059209,Strong,3572.645,3547.600479125671,3571.204333333333
PEM,M15,short,2025-09-05 01:00:00+00:00,2025-09-05 04:00:00+00:00,3545.645,3544.645,3554.475,3527.985,13,timeout,0.11325028312570874,1,Asia,5.367255470431755,0.4375,MidVol,0.08766435405744313,Flat,3543.745,3545.630970406876,3548.69598276914
PEM,M15,long,2025-09-05 07:15:00+00:00,2025-09-05 10:15:00+00:00,3554.595,3553.435,3539.715,3584.354999999999,13,timeout,-0.07795698924730386,7,London,4.011117212303119,0.14583333333333334,LowVol,0.12244312284988286,Moderate,3549.795,3545.8868950720334,3547.673206290093
PEM,M15,short,2025-09-05 14:45:00+00:00,2025-09-05 17:45:00+00:00,3547.665,3550.965,3553.635,3535.7249999999995,13,timeout,-0.5527638190954843,14,NY_Overlap,3.6404764386305497,0.11458333333333333,LowVol,-0.04793444520071019,Flat,3549.505,3550.8725195853626,3551.278451581357
PEM,M15,long,2025-09-05 20:00:00+00:00,2025-09-05 23:00:00+00:00,3579.505,3591.365,3547.365,3643.7850000000008,13,timeout,0.36901057871809434,20,NY_Late,6.392578465313816,0.8958333333333334,HighVol,0.45743405915525615,Strong,3581.598,3553.405590299014,3554.3417168223236
PEM,M15,long,2025-09-05 23:45:00+00:00,2025-09-06 02:45:00+00:00,3599.645,3592.835,3589.005,3620.9249999999997,13,timeout,-0.640037593984965,23,NY_Late,7.700100393292472,0.90625,HighVol,0.6918872566899666,Strong,3595.525,3568.684630692244,3567.5933085253373
PEM,M15,long,2025-09-09 07:30:00+00:00,2025-09-09 09:30:00+00:00,3637.285,3654.365,3628.745,3654.365,9,tp,2.0,7,London,3.6550641421340218,0.11458333333333333,LowVol,0.34604036390558035,Strong,3636.898,3628.0015605151543,3634.862797817225
PEM,M15,long,2025-09-09 12:00:00+00:00,2025-09-09 13:30:00+00:00,3656.295,3636.725,3636.725,3695.4350000000004,7,sl,-1.0,12,London,4.365350271802727,0.3020833333333333,LowVol,0.6444877308530563,Strong,3655.175,3637.6360860800296,3641.5688154120435
PEM,M15,long,2025-09-10 17:15:00+00:00,2025-09-10 19:45:00+00:00,3655.335,3644.558,3644.558,3676.889,11,sl,-1.0,17,NY_Late,4.0240645249279785,0.020833333333333332,LowVol,0.4424750934911994,Strong,3654.255,3641.935143545048,3636.9849846778257
PEM,M15,long,2025-09-11 07:15:00+00:00,2025-09-11 09:30:00+00:00,3645.125,3637.885,3637.885,3659.6049999999996,10,sl,-1.0,7,London,3.3866200015146743,0.010416666666666666,LowVol,0.01125253878916588,Flat,3645.945,3643.560809359472,3642.3942534203097
PEM,M15,short,2025-09-11 12:15:00+00:00,2025-09-11 13:30:00+00:00,3629.805,3634.048,3634.048,3621.319,6,sl,-1.0,12,London,3.368836887599214,0.041666666666666664,LowVol,-0.48623061145598323,Strong,3630.075,3639.783865091957,3640.579308181859
PEM,M15,short,2025-09-15 14:15:00+00:00,2025-09-15 17:15:00+00:00,3636.035,3645.155,3646.715,3614.6749999999993,13,timeout,-0.853932584269672,14,NY_Overlap,3.408029368785332,0.4479166666666667,MidVol,-0.18574793528757047,Moderate,3636.065,3641.934267938311,3638.5377027934305
PEM,M15,long,2025-09-15 23:30:00+00:00,2025-09-16 02:30:00+00:00,3679.805,3679.395,3644.375,3750.6649999999995,13,timeout,-0.011572114027656122,23,NY_Late,5.206266107446425,0.9479166666666666,HighVol,0.9085448506867557,Strong,3683.495,3651.758433506072,3647.122156594682
PEM,M15,long,2025-09-16 07:45:00+00:00,2025-09-16 09:45:00+00:00,3684.105,3676.405,3676.405,3699.5049999999997,9,sl,-1.0,7,London,3.1875612979069454,0.13541666666666666,LowVol,0.6487159796719265,Strong,3683.195,3670.231790763508,3679.697782055013
PEM,M15,long,2025-09-17 03:45:00+00:00,2025-09-17 07:30:00+00:00,3693.285,3693.495,3678.625,3722.6049999999996,13,timeout,0.014324693042294575,3,Asia,3.1414787687055035,0.08333333333333333,LowVol,0.18109513241164052,Moderate,3691.695,3688.640885220122,3689.103931312599
PEM,M15,short,2025-09-17 18:00:00+00:00,2025-09-17 19:15:00+00:00,3666.295,3670.845,3670.845,3657.1950000000006,6,sl,-1.0,18,NY_Late,4.193529287015353,0.78125,HighVol,-0.5139409401159019,Strong,3659.945,3676.3498676848776,3679.3234080212496
PEM,M15,short,2025-09-18 09:00:00+00:00,2025-09-18 12:00:00+00:00,3653.958,3653.748,3685.098,3591.6780000000003,13,timeout,0.006743737957611986,9,London,6.797275358274898,0.7604166666666666,HighVol,-0.3041748564285677,Strong,3655.905,3667.923386827648,3664.8087691599158
PEM,M15,long,2025-09-18 16:15:00+00:00,2025-09-18 19:15:00+00:00,3665.225,3666.525,3636.405,3722.8649999999993,13,timeout,0.045107564191540425,16,NY_Overlap,5.597827715725695,0.53125,MidVol,0.06617452927649024,Flat,3666.805,3659.2971750120646,3660.6907012142337
PEM,M15,long,2025-09-19 11:00:00+00:00,2025-09-19 13:45:00+00:00,3655.065,3643.365,3643.365,3678.4650000000006,12,sl,-1.0,11,London,4.325371272711549,0.3229166666666667,LowVol,0.23624642607553004,Moderate,3654.465,3646.8246551672246,3644.1532530485674
PEM,M15,short,2025-09-19 19:00:00+00:00,2025-09-19 20:45:00+00:00,3647.315,3658.635,3658.635,3624.6749999999997,8,sl,-1.0,19,NY_Late,3.5492793577326704,0.2604166666666667,LowVol,-0.06963344396541594,Flat,3647.655,3651.6407685641434,3648.730784716147
PEM,M15,long,2025-09-20 02:30:00+00:00,2025-09-22 06:15:00+00:00,3683.145,3687.265,3677.768,3693.899,13,timeout,0.766226520364502,2,Asia,3.621388652760768,0.3020833333333333,LowVol,1.0033801778485212,Strong,3682.089,3664.194624642081,3677.8881411805783
PEM,M15,long,2025-09-23 00:45:00+00:00,2025-09-23 03:45:00+00:00,3742.845,3747.685,3730.435,3767.6649999999995,13,timeout,0.39000805801774396,0,Asia,4.629385261273263,0.75,HighVol,0.931195694571865,Strong,3745.498,3719.3746809815857,3740.7590833038166
PEM,M15,long,2025-09-23 13:00:00+00:00,2025-09-23 16:00:00+00:00,3756.345,3775.425,3738.895,3791.2449999999994,13,timeout,1.0934097421203772,13,NY_Overlap,5.022258083672594,0.7708333333333334,HighVol,0.3388491857002097,Strong,3752.605,3741.623655663751,3746.943480305537
PEM,M15,long,2025-09-23 22:45:00+00:00,2025-09-23 23:45:00+00:00,3780.785,3770.885,3770.885,3800.584999999999,5,sl,-1.0,22,NY_Late,6.035839283875798,0.8854166666666666,HighVol,0.2833071829678923,Strong,3778.938,3768.477230009325,3761.8390763815582
PEM,M15,short,2025-09-24 02:30:00+00:00,2025-09-24 06:15:00+00:00,3754.015,3767.785,3781.575,3698.895,13,timeout,-0.499637155297533,2,Asia,7.257982976764091,1.0,HighVol,-0.11683529078146365,Moderate,3759.235,3770.5137249585628,3771.657208315078
PEM,M15,long,2025-09-24 11:15:00+00:00,2025-09-24 14:15:00+00:00,3765.755,3772.625,3751.875,3793.5150000000003,13,timeout,0.4949567723342822,11,London,4.638060514961613,0.010416666666666666,LowVol,-0.03617822943555888,Flat,3767.115,3764.4692922858053,3764.2337107829358
PEM,M15,short,2025-09-25 01:45:00+00:00,2025-09-25 03:45:00+00:00,3727.775,3735.155,3735.155,3713.015,9,sl,-1.0,1,Asia,5.237927286387808,0.6458333333333334,MidVol,-0.8846853433432014,Strong,3727.505,3753.468428556184,3733.1501137907217
PEM,M15,long,2025-09-25 07:45:00+00:00,2025-09-25 08:45:00+00:00,3750.765,3739.405,3739.405,3773.484999999999,5,sl,-1.0,7,London,4.26342691899028,0.3020833333333333,LowVol,0.0512843937477321,Flat,3747.398,3745.56653111686,3735.1255378000164
PEM,M15,short,2025-09-26 18:15:00+00:00,2025-09-26 19:45:00+00:00,3744.235,3753.935,3753.935,3724.8350000000005,7,sl,-1.0,18,NY_Late,4.014645599501088,0.010416666666666666,LowVol,0.04253799863011849,Flat,3746.275,3746.36631586792,3745.55692654365
PEM,M15,long,2025-09-27 01:15:00+00:00,2025-09-29 05:00:00+00:00,3782.365,3760.405,3750.205,3846.6849999999995,13,timeout,-0.6828358208955124,1,Asia,5.552070843055103,0.6145833333333334,MidVol,0.6394933404178065,Strong,3778.075,3762.5713051634566,3778.954189727631
PEM,M15,long,2025-09-29 12:00:00+00:00,2025-09-29 15:00:00+00:00,3804.125,3807.935,3791.948,3828.4790000000003,13,timeout,0.31288494703128056,12,London,6.325658297274273,0.8020833333333334,HighVol,0.6539525903041657,Strong,3803.705,3778.30795726116,3783.6352217092885
PEM,M15,long,2025-09-29 18:45:00+00:00,2025-09-29 19:30:00+00:00,3823.545,3814.535,3814.535,3841.5650000000005,4,sl,-1.0,18,NY_Late,5.56902463436445,0.3854166666666667,MidVol,0.7172547846045113,Strong,3826.455,3801.3411336736553,3798.6930679854445
PEM,M15,long,2025-10-01 03:00:00+00:00,2025-10-01 06:45:00+00:00,3854.875,3862.065,3835.185,3894.255,13,timeout,0.3651599796851211,3,Asia,5.622983134985232,0.46875,MidVol,0.5069736970572263,Strong,3855.485,3838.3678328651154,3848.079913537265
PEM,M15,long,2025-10-01 09:00:00+00:00,2025-10-01 12:00:00+00:00,3865.965,3865.415,3852.265,3893.3650000000007,13,timeout,-0.04014598540147233,9,London,3.9838891228830153,0.010416666666666666,LowVol,0.6979751183108786,Strong,3868.735,3850.6829261620014,3853.7051784385267
PEM,M15,short,2025-10-02 07:45:00+00:00,2025-10-02 08:30:00+00:00,3858.165,3864.135,3864.135,3846.2249999999995,4,sl,-1.0,7,London,4.815775383747514,0.17708333333333334,LowVol,-0.26520993176218105,Strong,3857.295,3865.7542158885703,3863.8637065723674
PEM,M15,long,2025-10-03 07:15:00+00:00,2025-10-03 08:30:00+00:00,3862.115,3851.795,3851.795,3882.754999999999,6,sl,-1.0,7,London,4.365544973682552,0.13541666666666666,LowVol,0.09007436521551251,Flat,3860.525,3858.1118352246135,3851.5991032655256
PEM,M15,long,2025-10-03 12:45:00+00:00,2025-10-03 15:45:00+00:00,3854.825,3862.625,3842.895,3878.6849999999995,13,timeout,0.6538139145012816,12,London,4.744572865179267,0.2916666666666667,LowVol,-0.14823933731322111,Moderate,3854.948,3853.672089516509,3851.514105315641
PEM,M15,long,2025-10-06 05:45:00+00:00,2025-10-06 06:15:00+00:00,3892.678,3917.3379999999997,3880.348,3917.3379999999997,3,tp,2.0,5,Asia,4.700388361932806,0.3645833333333333,MidVol,0.5041378878730136,Strong,3893.115,3878.3065942191233,3890.21295125031
PEM,M15,long,2025-10-06 11:15:00+00:00,2025-10-06 14:15:00+00:00,3929.855,3933.665,3907.525,3974.515,13,timeout,0.17062248096730667,11,London,5.8900657809448465,0.59375,MidVol,0.9291788164038433,Strong,3929.195,3899.002563759984,3910.204422548017
PEM,M15,long,2025-10-06 15:30:00+00:00,2025-10-06 18:30:00+00:00,3947.545,3937.685,3924.795,3993.045,13,timeout,-0.433406593406599,15,NY_Overlap,6.802769824814435,0.8854166666666666,HighVol,0.7044998679327533,Strong,3941.648,3915.763332455452,3921.788849913041
PEM,M15,long,2025-10-07 02:45:00+00:00,2025-10-07 06:30:00+00:00,3963.695,3969.415,3950.588,3989.909,13,timeout,0.43640802624550334,2,Asia,6.081067202224555,0.21875,LowVol,0.5449431149549888,Strong,3962.125,3944.204748383149,3958.0025533219036
PEM,M15,long,2025-10-07 11:15:00+00:00,2025-10-07 13:45:00+00:00,3972.945,3957.175,3957.175,4004.485,11,sl,-1.0,11,London,5.730601362474009,0.10416666666666667,LowVol,0.4112743407527337,Strong,3973.895,3958.562091813454,3962.8102288319837
PEM,M15,long,2025-10-08 05:45:00+00:00,2025-10-08 08:45:00+00:00,3989.865,3994.385,3978.148,4013.298999999999,13,timeout,0.38576427413165265,5,Asia,4.899097755125185,0.010416666666666666,LowVol,0.4810078665089767,Strong,3989.665,3975.8522624291113,3981.160161275542
PEM,M15,long,2025-10-08 10:30:00+00:00,2025-10-08 12:30:00+00:00,4011.748,4031.4739999999997,4001.885,4031.4739999999997,9,tp,2.0,10,London,5.5774509976124484,0.22916666666666666,LowVol,0.7785981176976697,Strong,4011.955,3987.27470205884,3987.763696121522
PEM,M15,long,2025-10-08 17:15:00+00:00,2025-10-08 20:15:00+00:00,4047.625,4045.635,4029.975,4082.925,13,timeout,-0.1127478753540947,17,NY_Late,5.940484081493118,0.6041666666666666,MidVol,0.840817977924075,Strong,4045.475,4016.0585222383265,4004.942027275879
PEM,M15,long,2025-10-08 23:45:00+00:00,2025-10-09 01:15:00+00:00,4056.635,4042.395,4042.395,4085.1150000000007,7,sl,-1.0,23,NY_Late,7.617902951212525,0.7708333333333334,HighVol,0.5173207424418715,Strong,4057.925,4032.5014715818797,4018.735490418842
PEM,M15,short,2025-10-09 05:45:00+00:00,2025-10-09 08:45:00+00:00,4025.898,4029.725,4044.898,3987.898,13,timeout,-0.20142105263156687,5,Asia,8.760110814898583,0.9791666666666666,HighVol,-0.1404422858393745,Moderate,4023.025,4037.043531966443,4043.108402185784
PEM,M15,long,2025-10-09 11:45:00+00:00,2025-10-09 14:45:00+00:00,4038.175,4029.845,4015.505,4083.5150000000003,13,timeout,-0.36744596382886435,11,London,7.935326452920362,0.59375,MidVol,0.10926055033633443,Moderate,4038.955,4029.2223247367783,4031.0721793103808
PEM,M15,long,2025-10-10 16:15:00+00:00,2025-10-10 19:15:00+00:00,3991.825,3987.265,3962.145,4051.1849999999995,13,timeout,-0.15363881401617152,16,NY_Overlap,8.3837377591459,0.4166666666666667,MidVol,0.25575227898466873,Strong,3999.715,3980.6269147201897,3971.3940486399742
PEM,M15,long,2025-10-11 01:45:00+00:00,2025-10-13 05:30:00+00:00,4002.648,4034.995,3974.845,4058.254000000001,13,timeout,1.163435600474746,1,Asia,11.555676402011718,0.8125,HighVol,0.09918564407174758,Flat,3996.315,3988.9056051932444,3988.4439594565292
PEM,M15,long,2025-10-13 12:45:00+00:00,2025-10-13 15:45:00+00:00,4070.505,4073.505,4037.455,4136.6050000000005,13,timeout,0.0907715582450827,12,London,8.762261261313018,0.3854166666666667,MidVol,0.7295385410734928,Strong,4075.085,4032.906313925312,4046.560194249102
PEM,M15,short,2025-10-14 20:15:00+00:00,2025-10-14 23:15:00+00:00,4098.389,4128.948,4179.355,3936.4570000000012,13,timeout,-0.377430032359267,20,NY_Late,11.824705817732736,0.7916666666666666,HighVol,-0.20211732968198304,Moderate,4115.895,4126.5880882544725,4126.809638994029
PEM,M15,long,2025-10-15 15:15:00+00:00,2025-10-15 16:30:00+00:00,4208.095,4187.185,4187.185,4249.915,6,sl,-1.0,15,NY_Overlap,7.59547585825595,0.041666666666666664,LowVol,0.8131068710931647,Strong,4213.955,4174.806598948265,4166.176901597501
PEM,M15,long,2025-10-16 10:15:00+00:00,2025-10-16 10:45:00+00:00,4239.135,4230.205,4230.205,4256.995000000001,3,sl,-1.0,10,London,7.653053076385387,0.19791666666666666,LowVol,0.6588461829050618,Strong,4240.055,4210.921323391554,4208.417308060631
PEM,M15,long,2025-10-16 17:30:00+00:00,2025-10-16 20:30:00+00:00,4241.685,4248.698,4221.975,4281.1050000000005,13,timeout,0.35580923389142094,17,NY_Late,7.805063379634446,0.3645833333333333,MidVol,0.28840740833778866,Strong,4236.035,4223.125116046298,4215.659314865389
PEM,M15,long,2025-10-16 23:30:00+00:00,2025-10-16 23:45:00+00:00,4279.935,4267.005,4267.005,4305.795000000001,2,sl,-1.0,23,NY_Late,9.364187227937588,0.8333333333333334,HighVol,0.7110966113892649,Strong,4288.515,4243.618733095835,4229.196575707533
PEM,M15,long,2025-10-17 03:30:00+00:00,2025-10-17 05:30:00+00:00,4316.405,4374.864999999999,4287.175,4374.864999999999,6,tp,2.0,3,Asia,10.572138533414643,0.8645833333333334,HighVol,0.756080257803046,Strong,4314.535,4266.276259902566,4291.671341394177
PEM,M15,short,2025-10-17 18:15:00+00:00,2025-10-17 20:45:00+00:00,4326.618,4280.864000000001,4349.495,4280.864000000001,11,tp,2.0,18,NY_Late,14.067601719576963,0.53125,MidVol,-0.05091158607142072,Flat,4325.435,4335.49753059551,4332.352936206948
PEM,M15,long,2025-10-20 19:00:00+00:00,2025-10-20 19:30:00+00:00,4263.975,4287.415000000001,4252.255,4287.415000000001,3,tp,2.0,19,NY_Late,9.510810171023497,0.052083333333333336,LowVol,0.14332305393153355,Moderate,4277.735,4257.005712812673,4250.687737219945
PEM,M15,long,2025-10-21 05:45:00+00:00,2025-10-21 08:30:00+00:00,4369.905,4352.498,4352.498,4404.719,12,sl,-1.0,5,Asia,10.38964248745135,0.2916666666666667,LowVol,0.6545353750630498,Strong,4361.155,4328.119528837807,4358.460857609998
PEM,M15,short,2025-10-21 12:45:00+00:00,2025-10-21 15:15:00+00:00,4329.165,4286.265,4350.615,4286.265,11,tp,2.0,12,London,8.933249664731607,0.07291666666666667,LowVol,-0.13830208648945916,Moderate,4323.125,4339.70757150982,4353.726965660993
PEM,M15,short,2025-10-22 00:00:00+00:00,2025-10-22 03:00:00+00:00,4110.809,4108.715,4264.255,3803.9170000000004,13,timeout,0.013646494532278796,0,Asia,23.55828041466112,0.90625,HighVol,-0.8800873414375489,Strong,4117.015,4225.243017547309,4117.118333333333
PEM,M15,short,2025-10-22 07:30:00+00:00,2025-10-22 10:30:00+00:00,4033.745,4119.855,4128.905,3843.425,13,timeout,-0.9048970155527511,7,London,20.164743829203207,0.8229166666666666,HighVol,-0.7148036897369369,Strong,4041.755,4151.453343512748,4098.589617702021
PEM,M15,short,2025-10-22 15:30:00+00:00,2025-10-22 18:30:00+00:00,4068.698,4023.165,4144.585,3916.9239999999995,13,timeout,0.6000105419900615,15,NY_Overlap,21.349897010762653,0.7291666666666666,HighVol,-0.153051927737154,Moderate,4103.805,4132.92488059045,4107.592498537468
PEM,M15,long,2025-10-23 10:45:00+00:00,2025-10-23 13:45:00+00:00,4093.955,4122.355,4071.865,4138.135,13,timeout,1.2856496152104775,10,London,11.91965985268031,0.010416666666666666,LowVol,0.07663548006797218,Flat,4092.745,4082.8836344917504,4080.4213766153566
PEM,M15,long,2025-10-23 16:45:00+00:00,2025-10-23 17:30:00+00:00,4123.978,4108.148,4108.148,4155.638,4,sl,-1.0,16,NY_Overlap,11.511519699094798,0.125,LowVol,0.33360882328990704,Strong,4113.415,4098.481077239524,4092.378012002332
PEM,M15,short,2025-10-24 03:00:00+00:00,2025-10-24 06:45:00+00:00,4117.875,4115.875,4143.225,4067.1749999999993,13,timeout,0.07889546351084699,3,Asia,9.275641857474055,0.010416666666666666,LowVol,0.026629379368308066,Flat,4116.795,4124.708518803246,4131.396876092587
PEM,M15,long,2025-10-24 07:45:00+00:00,2025-10-24 09:30:00+00:00,4132.315,4109.918,4109.918,4177.1089999999995,8,sl,-1.0,7,London,8.723050960210841,0.03125,LowVol,0.06348615553799758,Flat,4128.485,4122.784576630905,4126.766471605677
PEM,M15,short,2025-10-24 15:00:00+00:00,2025-10-24 18:00:00+00:00,4085.605,4054.005,4108.645,4039.524999999999,13,timeout,1.371527777777749,15,NY_Overlap,10.087487946991043,0.5208333333333334,MidVol,-0.4922986372373735,Strong,4073.769,4110.592078463001,4113.076536898452
PEM,M15,short,2025-10-25 01:30:00+00:00,2025-10-27 05:15:00+00:00,4103.815,4101.848,4138.325,4034.794999999999,13,timeout,0.05699797160242338,1,Asia,11.668017685759619,0.7604166666666666,HighVol,0.09340767972084006,Flat,4105.129,4105.332462526774,4117.832190365168
PEM,M15,short,2025-10-27 18:45:00+00:00,2025-10-27 21:45:00+00:00,4029.595,3998.245,4062.225,3964.3349999999996,13,timeout,0.9607722954336441,18,NY_Late,11.768782752816852,0.5104166666666666,MidVol,-0.542601680957921,Strong,4022.975,4064.363118517981,4064.863749901023
PEM,M15,short,2025-10-28 05:15:00+00:00,2025-10-28 08:15:00+00:00,3980.735,4017.505,4037.685,3866.8350000000005,13,timeout,-0.6456540825285355,5,Asia,10.185567881049296,0.17708333333333334,LowVol,-0.5471964558842091,Strong,3985.195,4014.140967854437,3996.6512988942177
PEM,M15,long,2025-10-29 07:15:00+00:00,2025-10-29 10:15:00+00:00,3964.235,3960.495,3933.135,4026.435,13,timeout,-0.12025723472669606,7,London,11.134268205819245,0.625,MidVol,0.08963502021762129,Flat,3960.665,3951.716568933292,3955.097939442358
PEM,M15,short,2025-10-29 11:45:00+00:00,2025-10-29 13:45:00+00:00,3952.645,3976.855,3976.855,3904.225,9,sl,-1.0,11,London,10.071485547875282,0.15625,LowVol,0.015876447988056444,Flat,3956.395,3957.836558783021,3960.253666492193
PEM,M15,long,2025-10-29 15:30:00+00:00,2025-10-29 18:30:00+00:00,4005.705,4018.515,3953.815,4109.485,13,timeout,0.2468683754095197,15,NY_Overlap,9.952088751425077,0.23958333333333334,LowVol,0.6851998051029514,Strong,4013.575,3968.2345610657317,3965.7071007667914
PEM,M15,long,2025-10-30 16:30:00+00:00,2025-10-30 19:30:00+00:00,4009.485,3973.565,3958.255,4111.945,13,timeout,-0.7011516689439793,16,NY_Overlap,12.868553841234112,0.4583333333333333,MidVol,0.3602488738020071,Strong,4003.215,3965.176930246918,3960.3543173259955
PEM,M15,short,2025-10-31 16:45:00+00:00,2025-10-31 19:30:00+00:00,4001.075,4023.875,4023.875,3955.4749999999995,12,sl,-1.0,16,NY_Overlap,9.278831071752029,0.125,LowVol,-0.02954645072559096,Flat,4004.565,4009.5432229048106,4014.45929705165
PEM,M15,short,2025-11-03 07:45:00+00:00,2025-11-03 10:45:00+00:00,3964.358,4011.665,4019.285,3854.504000000001,13,timeout,-0.8612704134578635,7,London,11.385093221492408,0.9166666666666666,HighVol,-0.44627176990941814,Strong,3972.645,3998.428495678988,3979.590389218306
PEM,M15,long,2025-11-03 15:00:00+00:00,2025-11-03 15:30:00+00:00,4022.295,4010.998,4010.998,4044.889,3,sl,-1.0,15,NY_Overlap,7.80343798171188,0.020833333333333332,LowVol,0.3648994645020297,Strong,4025.865,4005.7157126899833,4000.2136519486135
PEM,M15,long,2025-11-03 22:30:00+00:00,2025-11-04 01:30:00+00:00,4026.085,4002.299,3994.435,4089.385,13,timeout,-0.7515323854660344,22,NY_Late,9.323672583434886,0.46875,MidVol,0.18701299679561392,Moderate,4010.245,4009.2082153395763,4006.848805070133
PEM,M15,long,2025-11-06 03:15:00+00:00,2025-11-06 06:00:00+00:00,3987.765,3976.978,3976.978,4009.3389999999995,9,sl,-1.0,3,Asia,5.882403994478715,0.010416666666666666,LowVol,0.35100632205062443,Strong,3987.905,3975.2169556345875,3984.6059635939314
PEM,M15,long,2025-11-06 10:30:00+00:00,2025-11-06 13:30:00+00:00,3983.795,3985.375,3968.298,4014.7890000000007,13,timeout,0.10195521713879441,10,London,5.662336386864203,0.16666666666666666,LowVol,0.20911391481704591,Moderate,3986.815,3976.6973138399876,3980.9451872414875
PEM,M15,short,2025-11-07 03:30:00+00:00,2025-11-07 07:15:00+00:00,3983.315,3987.795,3994.248,3961.449,13,timeout,-0.40976859050581005,3,Asia,6.658350557513512,0.7604166666666666,HighVol,-0.1381034020044162,Moderate,3983.215,3991.088201967937,3983.6938482752926
PEM,M15,long,2025-11-07 14:30:00+00:00,2025-11-07 17:30:00+00:00,4008.525,4005.895,3986.375,4052.8250000000003,13,timeout,-0.11873589164785997,14,NY_Overlap,5.341771003170496,0.2916666666666667,LowVol,0.37338903880817803,Strong,4004.595,3993.9377911223924,3987.7080675664356
PEM,M15,long,2025-11-10 11:00:00+00:00,2025-11-10 14:00:00+00:00,4050.105,4075.695,4014.085,4122.145,13,timeout,0.7104386451971171,11,London,7.048659425193031,0.6145833333333334,MidVol,0.8548501466035052,Strong,4050.705,4018.661552887367,4035.1298607473327
PEM,M15,long,2025-11-10 19:30:00+00:00,2025-11-10 22:30:00+00:00,4088.175,4087.905,4066.635,4131.255,13,timeout,-0.012534818941503356,19,NY_Late,6.0757609127924725,0.10416666666666667,LowVol,0.8538618907447015,Strong,4094.455,4060.1032153580177,4058.700914482391
PEM,M15,long,2025-11-11 01:30:00+00:00,2025-11-11 04:30:00+00:00,4105.325,4112.115,4093.705,4128.565,13,timeout,0.5843373493975927,1,Asia,6.7468039821199035,0.5833333333333334,MidVol,0.6774477135953972,Strong,4114.495,4080.1867465772157,4100.5307994034765
PEM,M15,long,2025-11-11 06:45:00+00:00,2025-11-11 09:45:00+00:00,4120.165,4139.195,4105.555,4149.384999999999,13,timeout,1.302532511978109,6,Asia,4.87110705496178,0.010416666666666666,LowVol,0.8940912960367048,Strong,4119.675,4096.335031080536,4108.105334445583
PEM,M15,short,2025-11-12 11:30:00+00:00,2025-11-12 14:30:00+00:00,4109.555,4122.695,4135.255,4058.1550000000007,13,timeout,-0.511284046692588,11,London,6.696211120729267,0.8125,HighVol,-0.3608062895193433,Strong,4111.565,4125.94917324607,4122.922636473742
PEM,M15,long,2025-11-12 19:45:00+00:00,2025-11-12 20:15:00+00:00,4136.895,4124.105,4124.105,4162.475000000002,3,sl,-1.0,19,NY_Late,6.471902219566147,0.4895833333333333,MidVol,0.22063805303899547,Moderate,4135.265,4124.459282482852,4122.03396833199
PEM,M15,long,2025-11-13 02:00:00+00:00,2025-11-13 02:15:00+00:00,4209.155,4195.659,4195.659,4236.147,2,sl,-1.0,2,Asia,8.710784721152157,0.84375,HighVol,1.1149949724104093,Strong,4207.365,4156.435120219984,4200.973284785615
PEM,M15,long,2025-11-13 08:00:00+00:00,2025-11-13 08:30:00+00:00,4200.865,4185.709,4185.709,4231.177,3,sl,-1.0,8,London,7.940931712743937,0.7395833333333334,HighVol,0.4586790259526431,Strong,4202.635,4177.572992844918,4198.927569953024
PEM,M15,short,2025-11-14 17:45:00+00:00,2025-11-14 18:30:00+00:00,4162.675,4144.995,4171.515,4144.995,4,tp,2.0,17,NY_Late,8.687863912860596,0.3645833333333333,MidVol,-0.3761638293561809,Strong,4166.255,4182.707223242994,4179.256200558231
PEM,M15,short,2025-11-17 12:30:00+00:00,2025-11-17 15:00:00+00:00,4071.865,4087.715,4087.715,4040.164999999999,11,sl,-1.0,12,London,8.843779893115205,0.20833333333333334,LowVol,-0.42640572240774843,Strong,4059.955,4093.23275817562,4086.2888041686247
PEM,M15,short,2025-11-18 02:30:00+00:00,2025-11-18 02:45:00+00:00,4062.875,4034.035,4077.295,4034.035,2,tp,2.0,2,Asia,8.71177182244151,0.23958333333333334,LowVol,-0.23368314072478782,Moderate,4056.195,4074.2785443109806,4068.8939429612724
PEM,M15,long,2025-11-18 17:30:00+00:00,2025-11-18 20:30:00+00:00,4041.275,4050.085,4020.885,4082.055,13,timeout,0.4320745463462482,17,NY_Late,9.343917419556426,0.2708333333333333,LowVol,0.14937843750777188,Moderate,4040.065,4031.760873213757,4034.089509901701
PEM,M15,long,2025-11-19 01:15:00+00:00,2025-11-19 04:15:00+00:00,4072.345,4069.195,4059.125,4098.785,13,timeout,-0.23827534039331952,1,Asia,10.300177640156365,0.71875,HighVol,0.33628804216662544,Strong,4067.895,4050.4603344798284,4067.9994534941147
PEM,M15,long,2025-11-19 12:45:00+00:00,2025-11-19 15:45:00+00:00,4090.035,4083.215,4070.165,4129.775,13,timeout,-0.343231001509801,12,London,7.308148512521764,0.23958333333333334,LowVol,0.38439929948323087,Strong,4091.838,4068.3404064038773,4072.0306256933964
PEM,M15,long,2025-11-19 20:00:00+00:00,2025-11-19 20:15:00+00:00,4117.825,4106.245,4106.245,4140.985,2,sl,-1.0,20,NY_Late,7.143996431332963,0.25,LowVol,0.6633622427311848,Strong,4111.205,4091.1644403488776,4081.420619883759
PEM,M15,short,2025-11-20 12:45:00+00:00,2025-11-20 15:15:00+00:00,4068.595,4045.234999999999,4080.275,4045.234999999999,11,tp,2.0,12,London,9.405910357034069,0.5104166666666666,MidVol,-0.22286477511110456,Moderate,4067.945,4081.548203131853,4078.2246191082218
PEM,M15,long,2025-11-20 20:30:00+00:00,2025-11-20 23:30:00+00:00,4090.975,4065.585,4056.225,4160.475,13,timeout,-0.7306474820143848,20,NY_Late,10.931777287546744,0.65625,MidVol,0.18398020779909663,Moderate,4081.365,4071.5309373716773,4074.1021864013337
PEM,M15,long,2025-11-21 02:45:00+00:00,2025-11-21 06:30:00+00:00,4082.325,4081.475,4055.935,4135.105,13,timeout,-0.03220917014020133,2,Asia,12.34925497329482,0.8125,HighVol,-0.010115637795536418,Flat,4080.985,4071.0724706604,4063.2283279786725
PEM,M15,short,2025-11-21 08:30:00+00:00,2025-11-21 11:30:00+00:00,4065.515,4059.655,4086.965,4022.6149999999993,13,timeout,0.27319347319345444,8,London,8.997940888109888,0.125,LowVol,-0.08650523635399036,Flat,4062.995,4073.654598194403,4070.528232883522
PEM,M15,short,2025-11-21 17:45:00+00:00,2025-11-21 19:30:00+00:00,4035.295,4054.725,4054.725,3996.4350000000004,8,sl,-1.0,17,NY_Late,10.571664333312818,0.5833333333333334,MidVol,-0.23621652686159705,Moderate,4033.815,4053.6470086833465,4061.447920823264
PEM,M15,long,2025-11-24 23:45:00+00:00,2025-11-25 01:15:00+00:00,4094.055,4088.205,4088.205,4105.754999999999,7,sl,-1.0,23,NY_Late,7.108927043394079,0.21875,LowVol,0.5744046303159267,Strong,4097.855,4073.3764550186147,4069.716338060081
PEM,M15,long,2025-11-25 03:45:00+00:00,2025-11-25 07:30:00+00:00,4126.498,4135.225,4092.335,4194.823999999999,13,timeout,0.25545180458393246,3,Asia,7.27899138493635,0.3854166666666667,MidVol,0.9074305814598095,Strong,4130.035,4089.993728548155,4109.192783783455
PEM,M15,long,2025-11-25 10:00:00+00:00,2025-11-25 13:00:00+00:00,4152.445,4148.625,4131.378,4194.579,13,timeout,-0.18132624483788426,10,London,7.953546278276644,0.875,HighVol,0.6964150856721135,Strong,4147.658,4115.464224847849,4119.803869364691
PEM,M15,long,2025-11-26 19:15:00+00:00,2025-11-26 20:00:00+00:00,4172.448,4149.555,4149.555,4218.234,4,sl,-1.0,19,NY_Late,5.91410848938601,0.0625,LowVol,0.4197372308584055,Strong,4169.869,4156.0019684511935,4150.289528703597
PEM,M15,long,2025-11-28 07:45:00+00:00,2025-11-28 10:45:00+00:00,4171.995,4183.505,4160.835,4194.315,13,timeout,1.0313620071684917,7,London,3.9236407192486378,0.16666666666666666,LowVol,0.5140269346009998,Strong,4179.655,4159.305638202386,4163.79043006516
PEM,M15,long,2025-11-28 14:00:00+00:00,2025-11-28 14:30:00+00:00,4187.415,4181.335,4181.335,4199.575,3,sl,-1.0,14,NY_Overlap,5.287408814273747,0.8958333333333334,HighVol,0.37233538808630307,Strong,4186.585,4175.1738054575535,4179.839987377109
PEM,M15,long,2025-11-28 21:30:00+00:00,2025-11-29 00:30:00+00:00,4191.205,4207.465,4161.225,4251.164999999999,13,timeout,0.5423615743829371,21,NY_Late,8.124210459800283,0.84375,HighVol,0.23866597795749242,Moderate,4195.615,4173.760882086716,4173.842663375647
PEM,M15,long,2025-11-29 01:15:00+00:00,2025-11-29 02:45:00+00:00,4216.248,4218.959,4193.465,4261.8139999999985,7,timeout,0.11899223104948013,1,Asia,7.5853701260018545,0.6354166666666666,MidVol,0.6523089393600194,Strong,4215.245,4187.044329275501,4210.1095150746505
