strategy,timeframe,direction,entry_time,exit_time,entry_price,exit_price,sl_price,tp_price,bars_held,reason,pnl_r,session,hour,atr_pct_rank
PEM_M15_V2,M15,short,2020-11-30 20:00:00+00:00,2020-11-30 20:30:00+00:00,1768.805,1772.648,1772.648,1761.1190000000004,3,sl,-1.0,NY_Late,19,0.5384615384615384
PEM_M15_V2,M15,long,2020-12-04 01:15:00+00:00,2020-12-04 04:15:00+00:00,1837.718,1840.688,1829.468,1854.218,13,timeout,0.3600000000000033,Asia,1,0.8645833333333334
PEM_M15_V2,M15,long,2020-12-07 21:15:00+00:00,2020-12-07 22:00:00+00:00,1838.948,1858.5140000000004,1829.165,1858.5140000000004,4,tp,2.0,NY_Late,21,0.71875
PEM_M15_V2,M15,short,2020-12-08 18:30:00+00:00,2020-12-08 20:00:00+00:00,1861.738,1865.038,1865.038,1855.1380000000001,7,sl,-1.0,NY_Late,18,0.46875
PEM_M15_V2,M15,short,2020-12-10 00:30:00+00:00,2020-12-10 03:30:00+00:00,1841.285,1833.315,1858.125,1807.6050000000002,13,timeout,0.47327790973872125,Asia,0,0.90625
PEM_M15_V2,M15,short,2020-12-11 01:15:00+00:00,2020-12-11 04:15:00+00:00,1830.357,1834.758,1843.378,1804.315,13,timeout,-0.33799247369634294,Asia,1,0.7291666666666666
PEM_M15_V2,M15,long,2020-12-14 21:30:00+00:00,2020-12-14 23:45:00+00:00,1832.535,1823.345,1823.345,1850.9150000000002,10,sl,-1.0,NY_Late,21,0.8958333333333334
PEM_M15_V2,M15,long,2020-12-16 01:45:00+00:00,2020-12-16 04:45:00+00:00,1852.458,1853.718,1847.518,1862.3380000000002,13,timeout,0.25506072874493463,Asia,1,0.7291666666666666
PEM_M15_V2,M15,short,2020-12-17 00:00:00+00:00,2020-12-17 02:30:00+00:00,1854.235,1845.3089999999995,1858.698,1845.3089999999995,11,tp,2.0,NY_Late,23,0.9166666666666666
PEM_M15_V2,M15,long,2020-12-17 20:15:00+00:00,2020-12-17 23:15:00+00:00,1883.308,1888.508,1873.798,1902.328,13,timeout,0.5467928496319716,NY_Late,20,0.6354166666666666
PEM_M15_V2,M15,short,2020-12-19 03:15:00+00:00,2020-12-21 06:30:00+00:00,1879.305,1884.758,1884.758,1868.3990000000001,11,sl,-1.0,Asia,3,0.5625
PEM_M15_V2,M15,short,2020-12-23 02:15:00+00:00,2020-12-23 06:00:00+00:00,1861.855,1860.038,1867.9,1849.7649999999999,13,timeout,0.30057899090156914,Asia,2,0.7083333333333334
PEM_M15_V2,M15,short,2020-12-23 19:30:00+00:00,2020-12-23 20:45:00+00:00,1859.045,1868.865,1868.865,1839.4050000000002,6,sl,-1.0,NY_Late,19,0.7083333333333334
PEM_M15_V2,M15,short,2020-12-24 21:45:00+00:00,2020-12-24 22:00:00+00:00,1871.925,1877.005,1877.005,1861.7649999999996,2,sl,-1.0,NY_Late,21,0.75
PEM_M15_V2,M15,long,2020-12-28 06:30:00+00:00,2020-12-28 09:30:00+00:00,1886.135,1897.508,1876.418,1905.5690000000002,13,timeout,1.1704229700524784,Asia,6,0.875
PEM_M15_V2,M15,long,2020-12-28 21:15:00+00:00,2020-12-29 00:15:00+00:00,1887.848,1877.108,1875.295,1912.9539999999997,13,timeout,-0.855572373137904,NY_Late,21,1.0
PEM_M15_V2,M15,short,2020-12-29 03:45:00+00:00,2020-12-29 07:15:00+00:00,1873.505,1877.708,1877.708,1865.0990000000002,12,sl,-1.0,Asia,3,0.53125
PEM_M15_V2,M15,short,2020-12-29 18:00:00+00:00,2020-12-29 21:00:00+00:00,1876.558,1879.205,1882.925,1863.824,13,timeout,-0.41573739594784836,NY_Late,17,0.5416666666666666
PEM_M15_V2,M15,long,2020-12-31 01:15:00+00:00,2020-12-31 04:15:00+00:00,1889.188,1891.958,1884.375,1898.8140000000003,13,timeout,0.5755246208186003,Asia,1,0.71875
PEM_M15_V2,M15,long,2020-12-31 20:45:00+00:00,2020-12-31 23:45:00+00:00,1896.684,1894.798,1888.595,1912.8619999999999,13,timeout,-0.23315613796513548,NY_Late,20,0.3020833333333333
PEM_M15_V2,M15,short,2021-01-01 01:45:00+00:00,2021-01-01 02:45:00+00:00,1891.845,1896.014,1896.014,1883.5070000000003,5,sl,-1.0,Asia,1,0.9166666666666666
PEM_M15_V2,M15,long,2021-01-06 00:15:00+00:00,2021-01-06 03:15:00+00:00,1951.098,1950.795,1945.665,1961.964,13,timeout,-0.05577029265596981,Asia,0,0.8020833333333334
PEM_M15_V2,M15,long,2021-01-06 06:45:00+00:00,2021-01-06 08:30:00+00:00,1951.385,1947.615,1947.615,1958.925,8,sl,-1.0,Asia,6,0.09375
PEM_M15_V2,M15,short,2021-01-06 20:15:00+00:00,2021-01-06 23:15:00+00:00,1932.529,1904.308,1956.515,1884.5569999999998,13,timeout,1.1765613274410023,NY_Late,20,1.0
PEM_M15_V2,M15,short,2021-01-09 01:45:00+00:00,2021-01-09 04:45:00+00:00,1834.538,1847.145,1862.228,1779.158,13,timeout,-0.4552907186709984,Asia,1,1.0
PEM_M15_V2,M15,short,2021-01-12 21:00:00+00:00,2021-01-13 00:00:00+00:00,1845.218,1842.678,1862.648,1810.3580000000004,13,timeout,0.1457257601835908,NY_Late,20,0.7604166666666666
PEM_M15_V2,M15,short,2021-01-13 00:45:00+00:00,2021-01-13 01:45:00+00:00,1840.258,1846.058,1846.058,1828.6580000000001,5,sl,-1.0,Asia,0,0.84375
PEM_M15_V2,M15,long,2021-01-13 03:45:00+00:00,2021-01-13 07:30:00+00:00,1855.768,1858.358,1846.568,1874.1680000000001,13,timeout,0.2815217391304245,Asia,3,0.7291666666666666
PEM_M15_V2,M15,long,2021-01-19 18:30:00+00:00,2021-01-19 19:00:00+00:00,1844.828,1842.305,1842.305,1849.8739999999998,3,sl,-1.0,NY_Late,18,0.25
PEM_M15_V2,M15,long,2021-01-21 18:45:00+00:00,2021-01-21 20:00:00+00:00,1871.765,1869.786,1869.786,1875.7230000000002,6,sl,-1.0,NY_Late,18,0.5416666666666666
PEM_M15_V2,M15,long,2021-01-23 00:30:00+00:00,2021-01-23 03:30:00+00:00,1856.335,1855.271,1851.475,1866.0550000000003,13,timeout,-0.21893004115227374,Asia,0,0.8958333333333334
PEM_M15_V2,M15,long,2021-01-25 18:15:00+00:00,2021-01-25 21:15:00+00:00,1862.755,1864.185,1852.412,1883.4410000000003,13,timeout,0.138257758870717,NY_Late,18,0.4895833333333333
PEM_M15_V2,M15,short,2021-01-26 17:15:00+00:00,2021-01-26 20:15:00+00:00,1852.425,1852.535,1857.345,1842.5849999999998,13,timeout,-0.02235772357726132,NY_Late,17,0.4791666666666667
PEM_M15_V2,M15,short,2021-01-27 18:45:00+00:00,2021-01-27 21:45:00+00:00,1843.175,1833.475,1849.575,1830.3749999999998,13,timeout,1.5156249999999856,NY_Late,18,0.5104166666666666
PEM_M15_V2,M15,short,2021-01-29 01:30:00+00:00,2021-01-29 02:15:00+00:00,1838.488,1843.165,1843.165,1829.1340000000002,4,sl,-1.0,Asia,1,0.96875
PEM_M15_V2,M15,short,2021-02-03 01:45:00+00:00,2021-02-03 04:45:00+00:00,1833.405,1838.005,1844.085,1812.0449999999998,13,timeout,-0.4307116104869016,Asia,1,0.75
PEM_M15_V2,M15,long,2021-02-06 00:30:00+00:00,2021-02-06 03:30:00+00:00,1814.703,1812.115,1806.175,1831.759,13,timeout,-0.3034709193245731,Asia,0,0.8020833333333334
PEM_M15_V2,M15,long,2021-02-08 18:30:00+00:00,2021-02-08 20:00:00+00:00,1816.405,1824.499,1812.358,1824.499,7,tp,2.0,NY_Late,18,0.3645833333333333
PEM_M15_V2,M15,short,2021-02-11 18:30:00+00:00,2021-02-11 19:15:00+00:00,1840.341,1843.105,1843.105,1834.8129999999996,4,sl,-1.0,NY_Late,18,0.16666666666666666
PEM_M15_V2,M15,short,2021-02-12 00:30:00+00:00,2021-02-12 03:30:00+00:00,1827.565,1823.947,1837.995,1806.7050000000004,13,timeout,0.34688398849474805,Asia,0,0.8958333333333334
PEM_M15_V2,M15,short,2021-02-15 21:30:00+00:00,2021-02-16 00:30:00+00:00,1817.155,1818.028,1823.655,1804.155,13,timeout,-0.1343076923076996,NY_Late,21,0.4791666666666667
PEM_M15_V2,M15,short,2021-02-16 01:00:00+00:00,2021-02-16 07:30:00+00:00,1817.715,1820.735,1820.735,1811.675,8,sl,-1.0,Asia,0,0.08333333333333333
PEM_M15_V2,M15,short,2021-02-17 23:30:00+00:00,2021-02-18 00:00:00+00:00,1770.435,1779.565,1779.565,1752.1749999999997,3,sl,-1.0,NY_Late,23,0.8541666666666666
PEM_M15_V2,M15,short,2021-02-18 02:00:00+00:00,2021-02-18 05:00:00+00:00,1771.735,1775.785,1780.068,1755.0689999999997,13,timeout,-0.486019440777648,Asia,1,0.71875
PEM_M15_V2,M15,short,2021-02-19 17:30:00+00:00,2021-02-19 20:15:00+00:00,1769.925,1774.875,1774.875,1760.0249999999999,12,sl,-1.0,NY_Late,17,0.3958333333333333
PEM_M15_V2,M15,long,2021-02-23 19:30:00+00:00,2021-02-23 21:45:00+00:00,1812.188,1805.465,1805.465,1825.6340000000005,10,sl,-1.0,NY_Late,19,0.625
PEM_M15_V2,M15,short,2021-02-24 20:45:00+00:00,2021-02-24 21:45:00+00:00,1801.559,1785.157,1809.76,1785.157,5,tp,2.0,NY_Late,20,0.71875
PEM_M15_V2,M15,short,2021-02-25 19:00:00+00:00,2021-02-25 22:00:00+00:00,1785.455,1780.191,1794.965,1766.435,13,timeout,0.5535226077812725,NY_Late,18,0.7708333333333334
PEM_M15_V2,M15,short,2021-03-01 18:45:00+00:00,2021-03-01 20:30:00+00:00,1743.095,1734.2549999999999,1747.515,1734.2549999999999,8,tp,2.0,NY_Late,18,0.08333333333333333
PEM_M15_V2,M15,short,2021-03-02 00:30:00+00:00,2021-03-02 03:30:00+00:00,1729.615,1721.615,1740.825,1707.195,13,timeout,0.7136485280999085,Asia,0,0.8125
PEM_M15_V2,M15,long,2021-03-02 20:30:00+00:00,2021-03-02 20:45:00+00:00,1734.966,1727.666,1727.666,1749.5659999999998,2,sl,-1.0,NY_Late,20,0.4270833333333333
PEM_M15_V2,M15,long,2021-03-04 19:45:00+00:00,2021-03-04 21:00:00+00:00,1718.995,1713.354,1713.354,1730.2769999999996,6,sl,-1.0,NY_Late,19,0.5625
PEM_M15_V2,M15,long,2021-03-06 00:45:00+00:00,2021-03-06 03:45:00+00:00,1701.389,1698.348,1694.085,1715.9969999999996,13,timeout,-0.4163472070098574,Asia,0,0.6875
PEM_M15_V2,M15,long,2021-03-08 06:30:00+00:00,2021-03-08 09:30:00+00:00,1708.435,1711.421,1696.865,1731.5749999999998,13,timeout,0.25808124459810894,Asia,6,0.4583333333333333
PEM_M15_V2,M15,short,2021-03-10 18:00:00+00:00,2021-03-10 20:30:00+00:00,1712.368,1715.668,1715.668,1705.768,11,sl,-1.0,NY_Late,17,0.28125
PEM_M15_V2,M15,long,2021-03-11 00:30:00+00:00,2021-03-11 03:30:00+00:00,1718.859,1725.424,1710.494,1735.589,13,timeout,0.7848176927674893,Asia,0,0.8958333333333334
PEM_M15_V2,M15,long,2021-03-15 18:45:00+00:00,2021-03-15 19:15:00+00:00,1730.258,1728.358,1728.358,1734.0580000000002,3,sl,-1.0,NY_Late,18,0.23958333333333334
PEM_M15_V2,M15,long,2021-03-16 18:15:00+00:00,2021-03-16 19:00:00+00:00,1733.994,1730.898,1730.898,1740.186,4,sl,-1.0,NY_Late,18,0.3958333333333333
PEM_M15_V2,M15,long,2021-03-18 01:30:00+00:00,2021-03-18 05:15:00+00:00,1741.774,1748.734,1727.135,1771.0519999999997,13,timeout,0.47544231163331413,Asia,1,1.0
PEM_M15_V2,M15,long,2021-03-18 05:45:00+00:00,2021-03-18 08:45:00+00:00,1749.025,1751.518,1743.634,1759.8070000000002,13,timeout,0.4624373956594144,Asia,5,0.8541666666666666
PEM_M15_V2,M15,short,2021-03-18 17:30:00+00:00,2021-03-18 20:30:00+00:00,1734.338,1721.968,1750.748,1701.5179999999998,13,timeout,0.7538086532601967,NY_Late,17,0.78125
PEM_M15_V2,M15,long,2021-03-19 23:15:00+00:00,2021-03-20 02:15:00+00:00,1740.178,1741.868,1734.328,1751.8780000000004,13,timeout,0.2888888888888526,NY_Late,23,0.78125
PEM_M15_V2,M15,long,2021-03-24 20:00:00+00:00,2021-03-24 20:45:00+00:00,1732.448,1730.018,1730.018,1737.3080000000002,4,sl,-1.0,NY_Late,19,0.625
PEM_M15_V2,M15,long,2021-03-24 23:15:00+00:00,2021-03-25 02:15:00+00:00,1734.085,1734.308,1729.865,1742.525,13,timeout,0.05284360189572391,NY_Late,23,0.7604166666666666
PEM_M15_V2,M15,short,2021-03-25 18:00:00+00:00,2021-03-25 20:30:00+00:00,1730.578,1733.768,1733.768,1724.1979999999999,11,sl,-1.0,NY_Late,17,0.3020833333333333
PEM_M15_V2,M15,short,2021-03-26 00:15:00+00:00,2021-03-26 03:15:00+00:00,1727.965,1727.695,1737.108,1709.6789999999999,13,timeout,0.029530788581426333,Asia,0,0.8645833333333334
PEM_M15_V2,M15,short,2021-03-31 02:00:00+00:00,2021-03-31 05:45:00+00:00,1681.608,1684.84,1687.558,1669.7079999999999,13,timeout,-0.5431932773109154,Asia,1,0.5104166666666666
PEM_M15_V2,M15,long,2021-03-31 18:00:00+00:00,2021-03-31 18:45:00+00:00,1688.368,1684.625,1684.625,1695.8539999999998,4,sl,-1.0,NY_Late,17,0.25
PEM_M15_V2,M15,long,2021-03-31 23:30:00+00:00,2021-04-01 02:30:00+00:00,1709.188,1707.538,1702.675,1722.2140000000004,13,timeout,-0.2533394748963694,NY_Late,23,0.9479166666666666
PEM_M15_V2,M15,long,2021-04-06 18:30:00+00:00,2021-04-06 20:45:00+00:00,1733.718,1739.2240000000004,1730.965,1739.2240000000004,10,tp,2.0,NY_Late,18,0.53125
PEM_M15_V2,M15,long,2021-04-08 18:45:00+00:00,2021-04-08 21:45:00+00:00,1749.018,1758.448,1742.878,1761.2980000000002,13,timeout,1.5358306188924935,NY_Late,18,0.4791666666666667
PEM_M15_V2,M15,short,2021-04-09 19:30:00+00:00,2021-04-09 20:00:00+00:00,1744.188,1735.688,1748.438,1735.688,3,tp,2.0,NY_Late,19,0.75
PEM_M15_V2,M15,short,2021-04-13 02:00:00+00:00,2021-04-13 05:45:00+00:00,1727.758,1732.165,1735.488,1712.298,13,timeout,-0.5701164294954612,Asia,1,0.75
PEM_M15_V2,M15,long,2021-04-14 00:45:00+00:00,2021-04-14 03:45:00+00:00,1746.698,1745.348,1727.665,1784.7640000000004,13,timeout,-0.07092943834393566,Asia,0,0.8125
PEM_M15_V2,M15,short,2021-04-19 23:15:00+00:00,2021-04-20 02:15:00+00:00,1771.868,1770.625,1787.718,1740.1679999999997,13,timeout,0.07842271293374936,NY_Late,23,0.875
PEM_M15_V2,M15,long,2021-04-20 18:15:00+00:00,2021-04-20 19:45:00+00:00,1771.538,1767.235,1767.235,1780.1440000000002,7,sl,-1.0,NY_Late,18,0.7395833333333334
PEM_M15_V2,M15,long,2021-04-21 18:45:00+00:00,2021-04-21 21:00:00+00:00,1782.708,1792.0880000000002,1778.018,1792.0880000000002,10,tp,2.0,NY_Late,18,0.34375
PEM_M15_V2,M15,short,2021-04-22 19:30:00+00:00,2021-04-22 22:30:00+00:00,1783.758,1779.288,1788.298,1774.678,13,timeout,0.9845814977973707,NY_Late,19,0.7916666666666666
PEM_M15_V2,M15,long,2021-04-23 06:30:00+00:00,2021-04-23 09:30:00+00:00,1784.905,1787.757,1779.435,1795.845,13,timeout,0.5213893967093373,Asia,6,0.3229166666666667
PEM_M15_V2,M15,short,2021-04-29 01:15:00+00:00,2021-04-29 01:15:00+00:00,1771.248,1775.758,1775.758,1762.228,1,sl,-1.0,Asia,1,0.7916666666666666
PEM_M15_V2,M15,short,2021-04-30 17:30:00+00:00,2021-04-30 17:45:00+00:00,1767.255,1769.338,1769.338,1763.0890000000004,2,sl,-1.0,NY_Late,17,0.34375
PEM_M15_V2,M15,long,2021-05-01 01:00:00+00:00,2021-05-01 04:00:00+00:00,1770.108,1768.428,1765.575,1779.1739999999998,13,timeout,-0.37061548643279785,Asia,0,0.7604166666666666
PEM_M15_V2,M15,long,2021-05-03 17:45:00+00:00,2021-05-03 20:30:00+00:00,1779.425,1789.5049999999999,1774.385,1789.5049999999999,12,tp,2.0,NY_Late,17,0.4791666666666667
PEM_M15_V2,M15,long,2021-05-05 19:00:00+00:00,2021-05-05 19:30:00+00:00,1779.075,1775.615,1775.615,1785.9950000000001,3,sl,-1.0,NY_Late,18,0.2708333333333333
PEM_M15_V2,M15,long,2021-05-11 17:45:00+00:00,2021-05-11 19:30:00+00:00,1840.855,1835.018,1835.018,1852.529,8,sl,-1.0,NY_Late,17,0.5
PEM_M15_V2,M15,long,2021-05-11 23:30:00+00:00,2021-05-12 02:30:00+00:00,1834.398,1836.585,1827.848,1847.4979999999998,13,timeout,0.3338931297710138,NY_Late,23,0.8958333333333334
PEM_M15_V2,M15,long,2021-05-12 17:30:00+00:00,2021-05-12 19:30:00+00:00,1835.178,1830.255,1830.255,1845.0240000000001,9,sl,-1.0,NY_Late,17,0.3333333333333333
PEM_M15_V2,M15,short,2021-05-13 03:45:00+00:00,2021-05-13 07:30:00+00:00,1815.418,1814.945,1824.768,1796.7179999999996,13,timeout,0.05058823529411224,Asia,3,0.71875
PEM_M15_V2,M15,long,2021-05-13 23:15:00+00:00,2021-05-14 02:15:00+00:00,1824.998,1825.126,1820.555,1833.884,13,timeout,0.028809363042973112,NY_Late,23,0.71875
PEM_M15_V2,M15,short,2021-05-17 19:00:00+00:00,2021-05-17 19:30:00+00:00,1847.965,1850.098,1850.098,1843.6989999999998,3,sl,-1.0,NY_Late,18,0.020833333333333332
PEM_M15_V2,M15,short,2021-05-18 18:45:00+00:00,2021-05-18 19:00:00+00:00,1865.915,1869.495,1869.495,1858.755,2,sl,-1.0,NY_Late,18,0.3854166666666667
PEM_M15_V2,M15,long,2021-05-20 21:00:00+00:00,2021-05-21 00:00:00+00:00,1875.405,1882.364,1866.618,1892.979,13,timeout,0.7919654034368991,NY_Late,20,0.5416666666666666
PEM_M15_V2,M15,long,2021-05-22 01:00:00+00:00,2021-05-22 04:00:00+00:00,1876.885,1880.898,1872.458,1885.7389999999998,13,timeout,0.9064829455613291,Asia,0,0.84375
PEM_M15_V2,M15,short,2021-05-25 06:45:00+00:00,2021-05-25 09:45:00+00:00,1877.755,1876.388,1881.455,1870.3550000000005,13,timeout,0.36945945945952874,Asia,6,0.10416666666666667
PEM_M15_V2,M15,short,2021-05-27 01:15:00+00:00,2021-05-27 05:00:00+00:00,1893.108,1895.998,1904.808,1869.7079999999999,13,timeout,-0.2470085470085546,Asia,1,0.90625
PEM_M15_V2,M15,short,2021-05-27 18:45:00+00:00,2021-05-27 19:45:00+00:00,1893.0,1897.245,1897.245,1884.5100000000002,5,sl,-1.0,NY_Late,18,0.6145833333333334
PEM_M15_V2,M15,long,2021-05-28 00:45:00+00:00,2021-05-28 03:45:00+00:00,1895.598,1896.948,1890.128,1906.538,13,timeout,0.24680073126144966,Asia,0,0.71875
PEM_M15_V2,M15,long,2021-06-04 19:45:00+00:00,2021-06-04 22:45:00+00:00,1878.898,1892.208,1868.668,1899.358,13,timeout,1.301075268817219,NY_Late,19,0.7604166666666666
PEM_M15_V2,M15,long,2021-06-07 18:45:00+00:00,2021-06-07 21:45:00+00:00,1887.815,1891.898,1882.738,1897.969,13,timeout,0.8042150876501591,NY_Late,18,0.4895833333333333
PEM_M15_V2,M15,long,2021-06-08 19:15:00+00:00,2021-06-08 20:00:00+00:00,1899.268,1893.595,1893.595,1910.614,4,sl,-1.0,NY_Late,19,0.875
PEM_M15_V2,M15,short,2021-06-10 18:30:00+00:00,2021-06-10 19:15:00+00:00,1878.448,1872.9340000000004,1881.205,1872.9340000000004,4,tp,2.0,NY_Late,18,0.59375
PEM_M15_V2,M15,short,2021-06-11 18:15:00+00:00,2021-06-11 21:15:00+00:00,1890.968,1881.308,1900.398,1872.1080000000004,13,timeout,1.0243902439024655,NY_Late,18,0.6041666666666666
PEM_M15_V2,M15,short,2021-06-15 23:30:00+00:00,2021-06-16 02:30:00+00:00,1855.578,1858.345,1861.408,1843.9180000000001,13,timeout,-0.4746140651801179,NY_Late,23,0.8645833333333334
PEM_M15_V2,M15,long,2021-06-16 23:15:00+00:00,2021-06-17 01:00:00+00:00,1860.145,1855.395,1855.395,1869.645,8,sl,-1.0,NY_Late,23,0.7916666666666666
PEM_M15_V2,M15,short,2021-06-17 01:30:00+00:00,2021-06-17 05:15:00+00:00,1834.638,1811.628,1860.288,1783.3379999999997,13,timeout,0.8970760233918094,Asia,1,1.0
PEM_M15_V2,M15,short,2021-06-17 18:00:00+00:00,2021-06-17 21:00:00+00:00,1798.048,1780.398,1811.558,1771.028,13,timeout,1.3064396743153297,NY_Late,17,0.59375
PEM_M15_V2,M15,short,2021-06-19 03:30:00+00:00,2021-06-21 07:15:00+00:00,1762.805,1770.985,1773.758,1740.8990000000001,13,timeout,-0.746827353236543,Asia,3,0.8125
PEM_M15_V2,M15,short,2021-06-21 19:45:00+00:00,2021-06-21 22:15:00+00:00,1776.018,1784.108,1784.108,1759.8380000000002,11,sl,-1.0,NY_Late,19,0.375
PEM_M15_V2,M15,short,2021-06-22 23:00:00+00:00,2021-06-23 02:00:00+00:00,1775.935,1779.688,1785.548,1756.7089999999998,13,timeout,-0.39040882138771815,NY_Late,22,0.84375
PEM_M15_V2,M15,short,2021-06-23 03:15:00+00:00,2021-06-23 07:00:00+00:00,1775.088,1777.528,1780.748,1763.7679999999998,13,timeout,-0.4310954063604274,Asia,3,0.5520833333333334
PEM_M15_V2,M15,long,2021-06-23 18:00:00+00:00,2021-06-23 18:30:00+00:00,1783.378,1781.628,1781.628,1786.878,3,sl,-1.0,NY_Late,17,0.3645833333333333
PEM_M15_V2,M15,short,2021-06-24 02:30:00+00:00,2021-06-24 06:15:00+00:00,1776.878,1776.938,1783.768,1763.0979999999997,13,timeout,-0.008708272859241209,Asia,2,0.7395833333333334
PEM_M15_V2,M15,short,2021-06-24 23:30:00+00:00,2021-06-25 02:30:00+00:00,1777.838,1775.318,1780.108,1773.298,13,timeout,1.1101321585903092,NY_Late,23,0.8645833333333334
PEM_M15_V2,M15,short,2021-06-29 18:15:00+00:00,2021-06-29 19:30:00+00:00,1768.518,1774.888,1774.888,1755.7780000000002,6,sl,-1.0,NY_Late,18,0.5208333333333334
PEM_M15_V2,M15,short,2021-06-30 02:30:00+00:00,2021-06-30 06:15:00+00:00,1761.708,1761.658,1765.361,1754.402,13,timeout,0.01368738023547266,Asia,2,0.71875
PEM_M15_V2,M15,short,2021-07-01 22:45:00+00:00,2021-07-02 00:30:00+00:00,1769.758,1775.338,1775.338,1758.5980000000002,8,sl,-1.0,NY_Late,22,1.0
PEM_M15_V2,M15,long,2021-07-03 01:15:00+00:00,2021-07-05 05:00:00+00:00,1788.108,1787.448,1781.358,1801.608,13,timeout,-0.09777777777775622,Asia,1,0.78125
PEM_M15_V2,M15,long,2021-07-06 19:15:00+00:00,2021-07-06 20:15:00+00:00,1810.298,1806.768,1806.768,1817.358,5,sl,-1.0,NY_Late,19,0.75
PEM_M15_V2,M15,long,2021-07-07 17:15:00+00:00,2021-07-07 20:15:00+00:00,1806.118,1802.578,1797.678,1822.9979999999996,13,timeout,-0.41943127962085736,NY_Late,17,0.5208333333333334
PEM_M15_V2,M15,short,2021-07-08 03:30:00+00:00,2021-07-08 07:15:00+00:00,1802.418,1803.518,1806.358,1794.5379999999998,13,timeout,-0.279187817258914,Asia,3,0.6666666666666666
PEM_M15_V2,M15,short,2021-07-09 18:45:00+00:00,2021-07-09 21:15:00+00:00,1799.228,1805.798,1805.798,1786.0880000000002,11,sl,-1.0,NY_Late,18,0.5833333333333334
PEM_M15_V2,M15,short,2021-07-12 07:00:00+00:00,2021-07-12 07:30:00+00:00,1806.558,1808.838,1808.838,1801.998,3,sl,-1.0,Asia,6,0.020833333333333332
PEM_M15_V2,M15,short,2021-07-14 00:45:00+00:00,2021-07-14 03:45:00+00:00,1808.698,1807.218,1814.838,1796.4180000000003,13,timeout,0.24104234527688093,Asia,0,0.8020833333333334
PEM_M15_V2,M15,long,2021-07-15 01:00:00+00:00,2021-07-15 04:00:00+00:00,1825.158,1826.868,1821.248,1832.9779999999996,13,timeout,0.437340153452711,Asia,0,0.6979166666666666
PEM_M15_V2,M15,short,2021-07-15 17:45:00+00:00,2021-07-15 20:45:00+00:00,1823.798,1824.728,1832.778,1805.838,13,timeout,-0.10356347438753472,NY_Late,17,0.6979166666666666
PEM_M15_V2,M15,long,2021-07-16 06:30:00+00:00,2021-07-16 08:30:00+00:00,1831.198,1828.628,1828.628,1836.3380000000004,9,sl,-1.0,Asia,6,0.020833333333333332
PEM_M15_V2,M15,short,2021-07-16 18:30:00+00:00,2021-07-16 19:45:00+00:00,1815.938,1823.288,1823.288,1801.2380000000003,6,sl,-1.0,NY_Late,18,0.65625
PEM_M15_V2,M15,short,2021-07-20 22:15:00+00:00,2021-07-21 01:15:00+00:00,1809.138,1810.598,1823.898,1779.618,13,timeout,-0.09891598915989412,NY_Late,22,0.9479166666666666
PEM_M15_V2,M15,short,2021-07-21 18:15:00+00:00,2021-07-21 21:15:00+00:00,1801.208,1804.508,1805.918,1791.7880000000005,13,timeout,-0.700636942675178,NY_Late,18,0.65625
PEM_M15_V2,M15,short,2021-07-22 17:45:00+00:00,2021-07-22 18:45:00+00:00,1796.168,1797.708,1797.708,1793.0879999999995,5,sl,-1.0,NY_Late,17,0.5104166666666666
PEM_M15_V2,M15,long,2021-07-22 22:30:00+00:00,2021-07-23 01:30:00+00:00,1804.228,1807.778,1801.818,1809.0480000000002,13,timeout,1.4730290456430846,NY_Late,22,0.8541666666666666
PEM_M15_V2,M15,short,2021-07-23 17:30:00+00:00,2021-07-23 20:30:00+00:00,1798.298,1799.898,1804.888,1785.1180000000002,13,timeout,-0.24279210925643838,NY_Late,17,0.75
PEM_M15_V2,M15,short,2021-07-26 19:45:00+00:00,2021-07-26 22:45:00+00:00,1803.788,1799.258,1809.518,1792.328,13,timeout,0.7905759162303592,NY_Late,19,0.625
PEM_M15_V2,M15,short,2021-07-27 01:45:00+00:00,2021-07-27 05:30:00+00:00,1796.825,1797.548,1800.628,1789.2190000000003,13,timeout,-0.19011306863002325,Asia,1,0.59375
PEM_M15_V2,M15,long,2021-07-27 19:15:00+00:00,2021-07-27 19:30:00+00:00,1798.898,1804.1779999999997,1796.258,1804.1779999999997,2,tp,2.0,NY_Late,19,0.5104166666666666
PEM_M15_V2,M15,long,2021-07-29 18:45:00+00:00,2021-07-29 21:45:00+00:00,1827.698,1826.958,1820.538,1842.0180000000003,13,timeout,-0.10335195530726266,NY_Late,18,0.59375
PEM_M15_V2,M15,long,2021-07-29 22:45:00+00:00,2021-07-30 01:45:00+00:00,1829.298,1830.198,1825.168,1837.5580000000002,13,timeout,0.21791767554481045,NY_Late,22,0.6458333333333334
PEM_M15_V2,M15,short,2021-07-30 23:45:00+00:00,2021-07-31 02:45:00+00:00,1817.288,1814.128,1827.768,1796.328,13,timeout,0.3015267175572592,NY_Late,23,0.96875
PEM_M15_V2,M15,long,2021-08-04 19:00:00+00:00,2021-08-04 20:15:00+00:00,1818.308,1828.888,1813.018,1828.888,6,tp,2.0,NY_Late,18,0.71875
PEM_M15_V2,M15,short,2021-08-06 17:45:00+00:00,2021-08-06 19:15:00+00:00,1797.598,1800.238,1800.238,1792.3179999999998,7,sl,-1.0,NY_Late,17,0.4166666666666667
PEM_M15_V2,M15,long,2021-08-09 18:45:00+00:00,2021-08-09 20:00:00+00:00,1746.265,1738.968,1738.968,1760.8590000000002,6,sl,-1.0,NY_Late,18,0.3333333333333333
PEM_M15_V2,M15,long,2021-08-10 23:15:00+00:00,2021-08-11 02:15:00+00:00,1730.688,1729.738,1724.768,1742.5280000000002,13,timeout,-0.1604729729729787,NY_Late,23,0.8020833333333334
PEM_M15_V2,M15,long,2021-08-11 18:00:00+00:00,2021-08-11 19:30:00+00:00,1735.878,1742.298,1732.668,1742.298,7,tp,2.0,NY_Late,17,0.4270833333333333
PEM_M15_V2,M15,long,2021-08-12 00:45:00+00:00,2021-08-12 03:45:00+00:00,1751.168,1752.148,1747.948,1757.6079999999995,13,timeout,0.3043478260869811,Asia,0,0.8229166666666666
PEM_M15_V2,M15,long,2021-08-13 20:15:00+00:00,2021-08-13 22:45:00+00:00,1762.478,1775.688,1755.873,1775.688,11,tp,2.0,NY_Late,20,0.6979166666666666
PEM_M15_V2,M15,long,2021-08-16 05:15:00+00:00,2021-08-16 08:15:00+00:00,1779.698,1781.698,1773.278,1792.5380000000002,13,timeout,0.3115264797507753,Asia,5,0.5
PEM_M15_V2,M15,short,2021-08-16 18:45:00+00:00,2021-08-16 19:30:00+00:00,1772.938,1776.548,1776.548,1765.7180000000003,4,sl,-1.0,NY_Late,18,0.5520833333333334
PEM_M15_V2,M15,short,2021-08-17 22:30:00+00:00,2021-08-18 01:30:00+00:00,1782.618,1783.828,1793.888,1760.078,13,timeout,-0.10736468500443996,NY_Late,22,0.9791666666666666
PEM_M15_V2,M15,long,2021-08-18 06:15:00+00:00,2021-08-18 09:15:00+00:00,1786.558,1788.758,1784.667,1790.3400000000001,13,timeout,1.1634056054997126,Asia,6,0.20833333333333334
PEM_M15_V2,M15,short,2021-08-20 01:45:00+00:00,2021-08-20 05:30:00+00:00,1777.608,1780.418,1783.888,1765.048,13,timeout,-0.4474522292993563,Asia,1,0.3958333333333333
PEM_M15_V2,M15,long,2021-08-23 17:30:00+00:00,2021-08-23 19:45:00+00:00,1788.275,1794.3490000000002,1785.238,1794.3490000000002,10,tp,2.0,NY_Late,17,0.2708333333333333
PEM_M15_V2,M15,short,2021-08-27 18:00:00+00:00,2021-08-27 19:45:00+00:00,1794.735,1797.365,1797.365,1789.4749999999997,8,sl,-1.0,NY_Late,17,0.4166666666666667
PEM_M15_V2,M15,long,2021-08-27 23:15:00+00:00,2021-08-28 02:15:00+00:00,1813.718,1818.069,1805.855,1829.4440000000002,13,timeout,0.5533511382423826,NY_Late,23,0.9270833333333334
PEM_M15_V2,M15,short,2021-09-02 23:15:00+00:00,2021-09-03 02:15:00+00:00,1809.018,1809.218,1813.288,1800.478,13,timeout,-0.04683840749415605,NY_Late,23,0.875
PEM_M15_V2,M15,long,2021-09-03 17:15:00+00:00,2021-09-03 19:30:00+00:00,1813.698,1818.5780000000002,1811.258,1818.5780000000002,10,tp,2.0,NY_Late,17,0.4270833333333333
PEM_M15_V2,M15,long,2021-09-03 22:15:00+00:00,2021-09-04 01:15:00+00:00,1830.717,1830.804,1814.594,1862.9630000000002,13,timeout,0.005396018110772736,NY_Late,22,0.9791666666666666
PEM_M15_V2,M15,short,2021-09-07 23:45:00+00:00,2021-09-08 02:45:00+00:00,1794.558,1794.435,1821.738,1740.1979999999999,13,timeout,0.004525386313467513,NY_Late,23,0.9270833333333334
PEM_M15_V2,M15,long,2021-09-09 18:45:00+00:00,2021-09-09 19:45:00+00:00,1799.457,1794.257,1794.257,1809.8570000000002,5,sl,-1.0,NY_Late,18,0.6145833333333334
PEM_M15_V2,M15,short,2021-09-11 01:30:00+00:00,2021-09-13 05:15:00+00:00,1788.418,1788.168,1797.784,1769.6859999999995,13,timeout,0.02669229126628169,Asia,1,0.65625
PEM_M15_V2,M15,long,2021-09-13 19:30:00+00:00,2021-09-13 19:45:00+00:00,1791.094,1787.618,1787.618,1798.0460000000003,2,sl,-1.0,NY_Late,19,0.3020833333333333
PEM_M15_V2,M15,short,2021-09-16 19:00:00+00:00,2021-09-16 19:45:00+00:00,1774.558,1764.3980000000001,1779.638,1764.3980000000001,4,tp,2.0,NY_Late,18,0.8333333333333334
PEM_M15_V2,M15,long,2021-09-20 17:15:00+00:00,2021-09-20 20:15:00+00:00,1759.097,1757.988,1751.014,1775.2630000000001,13,timeout,-0.13720153408386887,NY_Late,17,0.2708333333333333
PEM_M15_V2,M15,short,2021-09-24 03:15:00+00:00,2021-09-24 07:00:00+00:00,1748.044,1746.238,1771.827,1700.4780000000003,13,timeout,0.07593659336501062,Asia,3,0.1875
PEM_M15_V2,M15,short,2021-09-30 00:15:00+00:00,2021-09-30 03:15:00+00:00,1724.848,1725.505,1731.298,1711.9479999999999,13,timeout,-0.10186046511630203,Asia,0,0.7916666666666666
PEM_M15_V2,M15,long,2021-10-04 23:45:00+00:00,2021-10-05 02:45:00+00:00,1768.168,1767.008,1762.565,1779.3739999999996,13,timeout,-0.20703194717113832,NY_Late,23,0.9270833333333334
PEM_M15_V2,M15,long,2021-10-07 18:30:00+00:00,2021-10-07 19:30:00+00:00,1763.905,1759.51,1759.51,1772.695,5,sl,-1.0,NY_Late,18,0.4479166666666667
PEM_M15_V2,M15,short,2021-10-08 02:00:00+00:00,2021-10-08 05:45:00+00:00,1755.528,1755.655,1758.918,1748.7480000000003,13,timeout,-0.03746312684364527,Asia,1,0.6770833333333334
PEM_M15_V2,M15,short,2021-10-08 06:30:00+00:00,2021-10-08 08:00:00+00:00,1754.628,1756.298,1756.298,1751.2879999999998,7,sl,-1.0,Asia,6,0.3229166666666667
PEM_M15_V2,M15,long,2021-10-08 19:45:00+00:00,2021-10-08 21:45:00+00:00,1767.648,1759.168,1759.168,1784.608,9,sl,-1.0,NY_Late,19,0.8333333333333334
PEM_M15_V2,M15,long,2021-10-12 18:15:00+00:00,2021-10-12 19:30:00+00:00,1762.308,1757.308,1757.308,1772.308,6,sl,-1.0,NY_Late,18,0.8125
PEM_M15_V2,M15,long,2021-10-13 19:15:00+00:00,2021-10-13 19:45:00+00:00,1773.958,1769.918,1769.918,1782.0380000000005,3,sl,-1.0,NY_Late,19,0.6145833333333334
PEM_M15_V2,M15,short,2021-10-15 23:15:00+00:00,2021-10-16 02:15:00+00:00,1767.574,1767.454,1778.778,1745.1660000000002,13,timeout,0.01071046054981424,NY_Late,23,0.9270833333333334
PEM_M15_V2,M15,short,2021-10-19 23:45:00+00:00,2021-10-20 02:45:00+00:00,1767.448,1769.734,1782.858,1736.6280000000004,13,timeout,-0.1483452303698801,NY_Late,23,0.8541666666666666
PEM_M15_V2,M15,long,2021-10-21 00:00:00+00:00,2021-10-21 03:00:00+00:00,1785.234,1785.698,1777.838,1800.0259999999998,13,timeout,0.0627366143861779,NY_Late,23,0.8333333333333334
PEM_M15_V2,M15,long,2021-10-22 17:30:00+00:00,2021-10-22 19:00:00+00:00,1793.414,1791.614,1791.614,1797.014,7,sl,-1.0,NY_Late,17,0.5104166666666666
PEM_M15_V2,M15,short,2021-10-23 01:15:00+00:00,2021-10-25 05:00:00+00:00,1792.094,1792.458,1798.478,1779.326,13,timeout,-0.05701754385965412,Asia,1,0.90625
PEM_M15_V2,M15,long,2021-10-25 18:45:00+00:00,2021-10-25 21:00:00+00:00,1801.508,1807.6960000000001,1798.414,1807.6960000000001,10,tp,2.0,NY_Late,18,0.0625
PEM_M15_V2,M15,long,2021-10-27 23:30:00+00:00,2021-10-28 02:30:00+00:00,1795.804,1795.068,1791.284,1804.844,13,timeout,-0.16283185840710324,NY_Late,23,0.8854166666666666
PEM_M15_V2,M15,long,2021-11-01 17:15:00+00:00,2021-11-01 18:15:00+00:00,1786.348,1783.488,1783.488,1792.0679999999998,5,sl,-1.0,NY_Late,17,0.3020833333333333
PEM_M15_V2,M15,short,2021-11-03 00:00:00+00:00,2021-11-03 03:00:00+00:00,1787.788,1787.944,1792.794,1777.7759999999998,13,timeout,-0.031162604874140312,NY_Late,23,0.8645833333333334
PEM_M15_V2,M15,long,2021-11-09 02:00:00+00:00,2021-11-09 05:00:00+00:00,1825.803,1823.508,1822.453,1832.5030000000004,13,timeout,-0.6850746268656654,Asia,1,0.4895833333333333
PEM_M15_V2,M15,long,2021-11-10 01:15:00+00:00,2021-11-10 04:15:00+00:00,1830.018,1832.358,1825.35,1839.3540000000003,13,timeout,0.5012853470436713,Asia,1,0.84375
PEM_M15_V2,M15,short,2021-11-10 17:15:00+00:00,2021-11-10 20:15:00+00:00,1825.353,1826.733,1826.733,1822.5930000000003,13,sl,-1.0,NY_Late,17,0.3645833333333333
PEM_M15_V2,M15,long,2021-11-13 01:30:00+00:00,2021-11-13 04:30:00+00:00,1864.314,1863.994,1860.968,1871.006,13,timeout,-0.09563658099227836,Asia,1,0.8125
PEM_M15_V2,M15,long,2021-11-15 06:30:00+00:00,2021-11-15 08:15:00+00:00,1866.848,1862.434,1862.434,1875.676,8,sl,-1.0,Asia,6,0.4791666666666667
PEM_M15_V2,M15,long,2021-11-15 17:30:00+00:00,2021-11-15 19:45:00+00:00,1862.768,1860.698,1860.698,1866.908,10,sl,-1.0,NY_Late,17,0.15625
PEM_M15_V2,M15,long,2021-11-17 19:30:00+00:00,2021-11-17 22:30:00+00:00,1863.758,1865.234,1859.718,1871.838,13,timeout,0.36534653465344025,NY_Late,19,0.5833333333333334
PEM_M15_V2,M15,short,2021-11-22 20:15:00+00:00,2021-11-22 21:30:00+00:00,1839.118,1824.9379999999996,1846.208,1824.9379999999996,6,tp,2.0,NY_Late,20,0.4166666666666667
PEM_M15_V2,M15,short,2021-11-23 18:45:00+00:00,2021-11-23 20:15:00+00:00,1795.468,1788.3080000000002,1799.048,1788.3080000000002,7,tp,2.0,NY_Late,18,0.53125
PEM_M15_V2,M15,short,2021-11-24 20:00:00+00:00,2021-11-24 23:00:00+00:00,1785.328,1784.185,1789.108,1777.768,13,timeout,0.30238095238096224,NY_Late,19,0.4375
PEM_M15_V2,M15,short,2021-11-25 01:00:00+00:00,2021-11-25 04:00:00+00:00,1785.558,1788.048,1789.935,1776.804,13,timeout,-0.5688827964359232,Asia,0,0.75
PEM_M15_V2,M15,short,2021-11-27 00:00:00+00:00,2021-11-29 07:00:00+00:00,1785.118,1795.378,1813.458,1728.4379999999996,13,timeout,-0.36203246294989194,NY_Late,23,1.0
PEM_M15_V2,M15,short,2021-11-30 01:00:00+00:00,2021-11-30 04:00:00+00:00,1782.928,1783.645,1793.938,1760.9080000000001,13,timeout,-0.06512261580380303,Asia,0,0.3125
PEM_M15_V2,M15,long,2021-12-04 00:30:00+00:00,2021-12-04 03:30:00+00:00,1780.778,1784.315,1769.618,1803.0980000000002,13,timeout,0.31693548387096854,Asia,0,0.9583333333333334
PEM_M15_V2,M15,long,2021-12-07 07:00:00+00:00,2021-12-07 10:00:00+00:00,1781.375,1779.858,1777.838,1788.449,13,timeout,-0.4288945433983709,Asia,6,0.03125
PEM_M15_V2,M15,short,2021-12-07 21:00:00+00:00,2021-12-07 23:30:00+00:00,1774.195,1784.158,1784.158,1754.269,11,sl,-1.0,NY_Late,20,0.84375
PEM_M15_V2,M15,long,2021-12-08 00:00:00+00:00,2021-12-08 03:00:00+00:00,1786.12,1784.618,1780.598,1797.1639999999998,13,timeout,-0.2720028975009001,NY_Late,23,0.90625
PEM_M15_V2,M15,long,2021-12-08 18:00:00+00:00,2021-12-08 18:30:00+00:00,1791.968,1787.938,1787.938,1800.028,3,sl,-1.0,NY_Late,17,0.5729166666666666
PEM_M15_V2,M15,short,2021-12-16 01:30:00+00:00,2021-12-16 02:00:00+00:00,1765.155,1758.9149999999997,1768.275,1758.9149999999997,3,tp,2.0,Asia,1,0.7604166666666666
PEM_M15_V2,M15,long,2021-12-17 06:15:00+00:00,2021-12-17 07:45:00+00:00,1798.755,1797.775,1797.775,1800.7150000000001,7,sl,-1.0,Asia,6,0.0625
PEM_M15_V2,M15,short,2021-12-18 00:45:00+00:00,2021-12-18 03:45:00+00:00,1803.945,1797.968,1809.539,1792.7569999999998,13,timeout,1.0684662138004661,Asia,0,0.84375
PEM_M15_V2,M15,short,2021-12-20 17:30:00+00:00,2021-12-20 20:30:00+00:00,1798.838,1795.878,1802.238,1792.0379999999998,13,timeout,0.870588235294105,NY_Late,17,0.22916666666666666
PEM_M15_V2,M15,long,2021-12-23 01:15:00+00:00,2021-12-23 04:15:00+00:00,1799.899,1804.178,1797.338,1805.0209999999997,13,timeout,1.6708317063648397,Asia,1,0.7916666666666666
PEM_M15_V2,M15,long,2021-12-24 01:30:00+00:00,2021-12-24 04:30:00+00:00,1808.595,1808.748,1806.108,1813.5690000000002,13,timeout,0.06151990349819666,Asia,1,0.8229166666666666
PEM_M15_V2,M15,long,2021-12-28 03:15:00+00:00,2021-12-28 07:00:00+00:00,1809.019,1812.428,1806.935,1813.1870000000001,13,timeout,1.6357965451055698,Asia,3,0.7083333333333334
PEM_M15_V2,M15,long,2021-12-28 18:15:00+00:00,2021-12-28 21:15:00+00:00,1817.339,1814.788,1814.788,1822.4409999999998,13,sl,-1.0,NY_Late,18,0.3958333333333333
PEM_M15_V2,M15,short,2021-12-29 04:30:00+00:00,2021-12-29 08:15:00+00:00,1805.248,1804.318,1807.338,1801.0680000000002,13,timeout,0.4449760765550718,Asia,4,0.7083333333333334
PEM_M15_V2,M15,long,2021-12-31 20:45:00+00:00,2021-12-31 23:45:00+00:00,1825.608,1825.564,1818.604,1839.6159999999998,13,timeout,-0.006282124500266937,NY_Late,20,0.75
PEM_M15_V2,M15,long,2022-01-01 02:00:00+00:00,2022-01-01 05:00:00+00:00,1827.564,1829.058,1821.818,1839.0560000000003,13,timeout,0.26000696136440826,Asia,1,0.8541666666666666
PEM_M15_V2,M15,long,2022-01-03 17:30:00+00:00,2022-01-03 19:00:00+00:00,1827.169,1822.478,1822.478,1836.5510000000002,7,sl,-1.0,NY_Late,17,0.4166666666666667
PEM_M15_V2,M15,short,2022-01-03 20:45:00+00:00,2022-01-03 23:45:00+00:00,1811.734,1798.708,1822.264,1790.674,13,timeout,1.237037037037025,NY_Late,20,0.8854166666666666
PEM_M15_V2,M15,long,2022-01-05 00:45:00+00:00,2022-01-05 03:45:00+00:00,1814.365,1813.925,1811.518,1820.059,13,timeout,-0.1545486476993529,Asia,0,0.8645833333333334
PEM_M15_V2,M15,long,2022-01-05 18:45:00+00:00,2022-01-05 21:45:00+00:00,1820.288,1828.118,1814.688,1831.4879999999998,13,timeout,1.3982142857142954,NY_Late,18,0.5208333333333334
PEM_M15_V2,M15,long,2022-01-08 00:15:00+00:00,2022-01-08 03:15:00+00:00,1794.265,1796.478,1789.348,1804.0990000000004,13,timeout,0.4500711816147856,Asia,0,0.9479166666666666
PEM_M15_V2,M15,long,2022-01-10 17:45:00+00:00,2022-01-10 19:45:00+00:00,1799.738,1796.458,1796.458,1806.298,9,sl,-1.0,NY_Late,17,0.53125
PEM_M15_V2,M15,short,2022-01-11 21:30:00+00:00,2022-01-11 23:00:00+00:00,1802.395,1809.695,1809.695,1787.795,7,sl,-1.0,NY_Late,21,0.75
PEM_M15_V2,M15,long,2022-01-12 02:00:00+00:00,2022-01-12 05:00:00+00:00,1818.878,1821.228,1814.778,1827.0779999999997,13,timeout,0.5731707317073631,Asia,1,0.84375
PEM_M15_V2,M15,short,2022-01-18 23:45:00+00:00,2022-01-19 02:45:00+00:00,1812.198,1815.414,1820.048,1796.4980000000003,13,timeout,-0.4096815286624117,NY_Late,23,1.0
PEM_M15_V2,M15,long,2022-01-19 23:15:00+00:00,2022-01-20 02:15:00+00:00,1838.877,1841.808,1815.568,1885.495,13,timeout,0.12574542022394972,NY_Late,23,0.8229166666666666
PEM_M15_V2,M15,short,2022-01-21 03:45:00+00:00,2022-01-21 07:30:00+00:00,1838.938,1838.378,1843.658,1829.4980000000005,13,timeout,0.1186440677966518,Asia,3,0.6875
PEM_M15_V2,M15,short,2022-01-22 03:30:00+00:00,2022-01-24 07:15:00+00:00,1828.915,1833.858,1842.728,1801.2889999999998,13,timeout,-0.35785129950046674,Asia,3,0.7395833333333334
PEM_M15_V2,M15,long,2022-01-25 01:45:00+00:00,2022-01-25 04:45:00+00:00,1841.878,1842.968,1832.438,1860.7579999999996,13,timeout,0.11546610169493278,Asia,1,0.84375
PEM_M15_V2,M15,short,2022-01-27 18:30:00+00:00,2022-01-27 21:30:00+00:00,1810.288,1799.648,1816.774,1797.3160000000003,13,timeout,1.6404563675609471,NY_Late,18,0.3020833333333333
PEM_M15_V2,M15,long,2022-02-01 00:30:00+00:00,2022-02-01 03:30:00+00:00,1797.875,1796.298,1790.978,1811.6689999999999,13,timeout,-0.22865013774104873,Asia,0,0.78125
PEM_M15_V2,M15,long,2022-02-01 18:00:00+00:00,2022-02-01 20:45:00+00:00,1806.835,1802.448,1802.448,1815.609,12,sl,-1.0,NY_Late,17,0.34375
PEM_M15_V2,M15,long,2022-02-02 20:30:00+00:00,2022-02-02 20:45:00+00:00,1806.012,1802.478,1802.478,1813.0799999999997,2,sl,-1.0,NY_Late,20,0.6041666666666666
PEM_M15_V2,M15,long,2022-02-08 02:00:00+00:00,2022-02-08 05:00:00+00:00,1820.538,1820.258,1814.588,1832.438,13,timeout,-0.04705882352940682,Asia,1,0.5104166666666666
PEM_M15_V2,M15,short,2022-02-08 18:45:00+00:00,2022-02-08 20:45:00+00:00,1817.628,1820.859,1820.859,1811.166,9,sl,-1.0,NY_Late,18,0.4895833333333333
PEM_M15_V2,M15,long,2022-02-09 23:45:00+00:00,2022-02-10 02:45:00+00:00,1830.769,1833.468,1827.488,1837.331,13,timeout,0.8226150563852822,NY_Late,23,0.9270833333333334
PEM_M15_V2,M15,short,2022-02-10 19:30:00+00:00,2022-02-10 20:30:00+00:00,1832.348,1830.3359999999998,1833.354,1830.3359999999998,5,tp,2.0,NY_Late,19,0.3333333333333333
PEM_M15_V2,M15,short,2022-02-11 02:45:00+00:00,2022-02-11 06:30:00+00:00,1831.764,1826.568,1836.774,1821.744,13,timeout,1.0371257485029786,Asia,2,0.8020833333333334
PEM_M15_V2,M15,long,2022-02-11 19:45:00+00:00,2022-02-11 22:45:00+00:00,1830.434,1834.608,1823.638,1844.026,13,timeout,0.614184814596814,NY_Late,19,0.4583333333333333
PEM_M15_V2,M15,long,2022-02-12 02:15:00+00:00,2022-02-14 06:00:00+00:00,1859.138,1860.248,1832.918,1911.578,13,timeout,0.04233409610984463,Asia,2,1.0
PEM_M15_V2,M15,long,2022-02-15 01:30:00+00:00,2022-02-15 04:30:00+00:00,1867.138,1871.824,1860.518,1880.3779999999997,13,timeout,0.707854984894294,Asia,1,0.625
PEM_M15_V2,M15,long,2022-02-17 00:00:00+00:00,2022-02-17 03:00:00+00:00,1864.508,1870.388,1854.818,1883.8880000000001,13,timeout,0.6068111455108203,NY_Late,23,0.6979166666666666
PEM_M15_V2,M15,long,2022-02-17 20:45:00+00:00,2022-02-17 23:45:00+00:00,1892.278,1897.043,1883.048,1910.738,13,timeout,0.5162513542795085,NY_Late,20,0.8541666666666666
PEM_M15_V2,M15,long,2022-02-18 00:45:00+00:00,2022-02-18 03:45:00+00:00,1898.178,1897.308,1892.888,1908.7580000000005,13,timeout,-0.16446124763706746,Asia,0,0.8125
PEM_M15_V2,M15,long,2022-02-21 06:45:00+00:00,2022-02-21 09:45:00+00:00,1904.891,1896.358,1890.588,1933.4970000000003,13,timeout,-0.5965881283646831,Asia,6,0.7083333333333334
PEM_M15_V2,M15,long,2022-02-21 17:30:00+00:00,2022-02-21 20:30:00+00:00,1896.823,1896.368,1887.796,1914.8770000000002,13,timeout,-0.050404342527988526,NY_Late,17,0.1875
PEM_M15_V2,M15,long,2022-02-21 23:15:00+00:00,2022-02-22 01:30:00+00:00,1895.568,1901.2679999999998,1892.718,1901.2679999999998,10,tp,2.0,NY_Late,23,0.17708333333333334
PEM_M15_V2,M15,short,2022-02-22 18:00:00+00:00,2022-02-22 20:30:00+00:00,1895.582,1901.028,1901.028,1884.6900000000003,11,sl,-1.0,NY_Late,17,0.9895833333333334
PEM_M15_V2,M15,short,2022-02-22 22:45:00+00:00,2022-02-23 01:15:00+00:00,1896.678,1904.443,1904.443,1881.1480000000004,11,sl,-1.0,NY_Late,22,0.9895833333333334
PEM_M15_V2,M15,long,2022-02-24 06:45:00+00:00,2022-02-24 09:45:00+00:00,1910.808,1915.098,1894.026,1944.3719999999998,13,timeout,0.2556310332499096,Asia,6,0.4270833333333333
PEM_M15_V2,M15,short,2022-02-25 02:30:00+00:00,2022-02-25 06:15:00+00:00,1905.798,1907.408,1926.198,1864.9979999999998,13,timeout,-0.07892156862744572,Asia,2,0.9166666666666666
PEM_M15_V2,M15,short,2022-02-28 23:45:00+00:00,2022-03-01 02:45:00+00:00,1900.578,1904.793,1916.823,1868.0879999999997,13,timeout,-0.25946445060017775,NY_Late,23,0.8020833333333334
PEM_M15_V2,M15,long,2022-03-02 04:15:00+00:00,2022-03-02 08:00:00+00:00,1946.298,1934.168,1932.648,1973.5980000000002,13,timeout,-0.8886446886446907,Asia,4,0.6979166666666666
PEM_M15_V2,M15,long,2022-03-03 03:30:00+00:00,2022-03-03 07:15:00+00:00,1931.361,1929.548,1915.0,1964.0830000000003,13,timeout,-0.1108122975368309,Asia,3,0.6041666666666666
PEM_M15_V2,M15,long,2022-03-04 03:45:00+00:00,2022-03-04 07:30:00+00:00,1939.198,1942.06,1929.7,1958.1940000000002,13,timeout,0.3013265950726299,Asia,3,0.4166666666666667
PEM_M15_V2,M15,long,2022-03-04 18:15:00+00:00,2022-03-04 21:15:00+00:00,1947.403,1947.878,1934.893,1972.423,13,timeout,0.03796962430055231,NY_Late,18,0.3854166666666667
PEM_M15_V2,M15,long,2022-03-07 06:30:00+00:00,2022-03-07 09:30:00+00:00,1986.628,1990.578,1966.888,2026.108,13,timeout,0.20010131712259593,Asia,6,0.96875
PEM_M15_V2,M15,short,2022-03-11 19:00:00+00:00,2022-03-11 22:00:00+00:00,1969.902,1978.282,1992.792,1924.1220000000003,13,timeout,-0.366098733071207,NY_Late,18,0.6041666666666666
PEM_M15_V2,M15,short,2022-03-16 23:45:00+00:00,2022-03-17 01:15:00+00:00,1908.978,1915.848,1915.848,1895.2380000000003,7,sl,-1.0,NY_Late,23,0.7916666666666666
PEM_M15_V2,M15,short,2022-03-18 03:00:00+00:00,2022-03-18 05:00:00+00:00,1937.108,1942.603,1942.603,1926.1179999999997,6,sl,-1.0,Asia,2,0.28125
PEM_M15_V2,M15,short,2022-03-19 02:30:00+00:00,2022-03-21 06:15:00+00:00,1920.738,1919.538,1929.948,1902.318,13,timeout,0.13029315960912494,Asia,2,0.7708333333333334
PEM_M15_V2,M15,long,2022-03-22 02:15:00+00:00,2022-03-22 06:00:00+00:00,1935.193,1935.978,1927.663,1950.253,13,timeout,0.10424966799469916,Asia,2,0.96875
PEM_M15_V2,M15,short,2022-03-22 21:00:00+00:00,2022-03-23 00:00:00+00:00,1920.0,1920.198,1927.768,1904.464,13,timeout,-0.0254891864057791,NY_Late,20,0.7395833333333334
PEM_M15_V2,M15,long,2022-03-24 00:15:00+00:00,2022-03-24 03:15:00+00:00,1935.103,1946.248,1925.758,1953.7930000000001,13,timeout,1.1926163723916479,Asia,0,0.7916666666666666
PEM_M15_V2,M15,long,2022-03-24 19:15:00+00:00,2022-03-24 19:30:00+00:00,1957.698,1944.843,1944.843,1983.4080000000001,2,sl,-1.0,NY_Late,19,0.84375
PEM_M15_V2,M15,short,2022-03-25 21:00:00+00:00,2022-03-25 22:30:00+00:00,1947.373,1959.135,1959.135,1923.8490000000002,7,sl,-1.0,NY_Late,20,0.7604166666666666
PEM_M15_V2,M15,short,2022-03-26 01:00:00+00:00,2022-03-26 04:00:00+00:00,1952.72,1957.043,1957.043,1944.0740000000003,13,sl,-1.0,Asia,0,0.75
PEM_M15_V2,M15,short,2022-03-29 01:30:00+00:00,2022-03-29 02:45:00+00:00,1933.268,1919.828,1939.988,1919.828,6,tp,2.0,Asia,1,0.6770833333333334
PEM_M15_V2,M15,long,2022-03-30 18:45:00+00:00,2022-03-30 21:45:00+00:00,1923.613,1935.7230000000002,1917.558,1935.7230000000002,13,tp,2.0,NY_Late,18,0.4895833333333333
PEM_M15_V2,M15,long,2022-04-01 00:45:00+00:00,2022-04-01 02:30:00+00:00,1947.948,1940.439,1940.439,1962.9660000000001,8,sl,-1.0,Asia,0,0.8333333333333334
PEM_M15_V2,M15,short,2022-04-01 03:15:00+00:00,2022-04-01 07:00:00+00:00,1936.818,1936.033,1948.818,1912.818,13,timeout,0.06541666666667349,Asia,3,0.59375
PEM_M15_V2,M15,short,2022-04-02 00:30:00+00:00,2022-04-02 03:30:00+00:00,1920.528,1923.853,1932.615,1896.354,13,timeout,-0.2750889385290021,Asia,0,0.8541666666666666
PEM_M15_V2,M15,long,2022-04-04 19:45:00+00:00,2022-04-04 21:00:00+00:00,1932.748,1925.488,1925.488,1947.268,6,sl,-1.0,NY_Late,19,0.5833333333333334
PEM_M15_V2,M15,long,2022-04-07 19:00:00+00:00,2022-04-07 22:00:00+00:00,1929.732,1937.322,1922.672,1943.8519999999999,13,timeout,1.0750708215297418,NY_Late,18,0.3645833333333333
PEM_M15_V2,M15,long,2022-04-11 19:30:00+00:00,2022-04-11 22:30:00+00:00,1963.362,1952.812,1942.098,2005.8900000000003,13,timeout,-0.49614371708051735,NY_Late,19,0.8229166666666666
PEM_M15_V2,M15,long,2022-04-13 23:15:00+00:00,2022-04-14 02:15:00+00:00,1980.408,1974.808,1974.808,1991.6079999999997,13,sl,-1.0,NY_Late,23,0.7083333333333334
PEM_M15_V2,M15,long,2022-04-14 19:15:00+00:00,2022-04-14 21:00:00+00:00,1978.018,1968.968,1968.968,1996.118,8,sl,-1.0,NY_Late,19,0.7083333333333334
PEM_M15_V2,M15,long,2022-04-18 19:00:00+00:00,2022-04-18 21:45:00+00:00,1991.532,1988.048,1988.048,1998.4999999999998,12,sl,-1.0,NY_Late,18,0.020833333333333332
PEM_M15_V2,M15,short,2022-04-19 00:45:00+00:00,2022-04-19 03:45:00+00:00,1982.258,1977.682,1993.532,1959.7100000000003,13,timeout,0.40588965761930706,Asia,0,0.8333333333333334
PEM_M15_V2,M15,long,2022-04-19 19:30:00+00:00,2022-04-19 19:45:00+00:00,1979.708,1975.948,1975.948,1987.228,2,sl,-1.0,NY_Late,19,0.59375
PEM_M15_V2,M15,short,2022-04-20 02:45:00+00:00,2022-04-20 06:30:00+00:00,1945.658,1948.828,1958.142,1920.6899999999996,13,timeout,-0.2539250240307621,Asia,2,0.75
PEM_M15_V2,M15,long,2022-04-21 03:00:00+00:00,2022-04-21 06:45:00+00:00,1956.348,1955.508,1949.813,1969.4179999999997,13,timeout,-0.1285386381025152,Asia,2,0.3541666666666667
PEM_M15_V2,M15,long,2022-04-22 02:15:00+00:00,2022-04-22 06:00:00+00:00,1951.468,1951.508,1938.172,1978.0600000000002,13,timeout,0.0030084235860381673,Asia,2,0.8125
PEM_M15_V2,M15,short,2022-04-30 02:45:00+00:00,2022-05-02 06:30:00+00:00,1900.073,1898.918,1915.903,1868.4130000000002,13,timeout,0.07296272899559099,Asia,2,0.8333333333333334
PEM_M15_V2,M15,short,2022-05-02 17:45:00+00:00,2022-05-02 19:45:00+00:00,1877.995,1866.3589999999995,1883.813,1866.3589999999995,9,tp,2.0,NY_Late,17,0.1875
PEM_M15_V2,M15,short,2022-05-03 00:30:00+00:00,2022-05-03 03:30:00+00:00,1864.867,1861.868,1869.668,1855.265,13,timeout,0.6246615288481705,Asia,0,0.8333333333333334
PEM_M15_V2,M15,short,2022-05-04 18:30:00+00:00,2022-05-04 21:30:00+00:00,1866.198,1863.328,1871.208,1856.178,13,timeout,0.5728542914171904,NY_Late,18,0.4583333333333333
PEM_M15_V2,M15,long,2022-05-05 01:30:00+00:00,2022-05-05 01:45:00+00:00,1872.208,1867.258,1867.258,1882.1080000000002,2,sl,-1.0,Asia,1,1.0
PEM_M15_V2,M15,long,2022-05-05 17:30:00+00:00,2022-05-05 20:00:00+00:00,1898.248,1906.5280000000002,1894.108,1906.5280000000002,11,tp,2.0,NY_Late,17,0.3229166666666667
PEM_M15_V2,M15,long,2022-05-10 19:00:00+00:00,2022-05-10 21:00:00+00:00,1862.885,1856.152,1856.152,1876.3509999999999,9,sl,-1.0,NY_Late,18,0.5208333333333334
PEM_M15_V2,M15,short,2022-05-13 01:15:00+00:00,2022-05-13 05:00:00+00:00,1823.708,1822.194,1835.927,1799.2700000000004,13,timeout,0.12390539324004791,Asia,1,0.84375
PEM_M15_V2,M15,short,2022-05-13 23:00:00+00:00,2022-05-14 02:00:00+00:00,1808.737,1808.798,1822.828,1780.5550000000003,13,timeout,-0.004329004328998811,NY_Late,22,0.9270833333333334
PEM_M15_V2,M15,long,2022-05-17 02:30:00+00:00,2022-05-17 06:15:00+00:00,1823.798,1824.848,1814.304,1842.7859999999998,13,timeout,0.11059616599957489,Asia,2,0.5729166666666666
PEM_M15_V2,M15,long,2022-05-17 19:00:00+00:00,2022-05-17 20:15:00+00:00,1835.818,1827.378,1827.378,1852.698,6,sl,-1.0,NY_Late,18,0.5833333333333334
PEM_M15_V2,M15,short,2022-05-18 18:45:00+00:00,2022-05-18 21:45:00+00:00,1812.933,1813.698,1819.638,1799.5230000000001,13,timeout,-0.11409395973155978,NY_Late,18,0.5625
PEM_M15_V2,M15,long,2022-05-19 20:00:00+00:00,2022-05-19 23:00:00+00:00,1837.758,1842.308,1827.718,1857.838,13,timeout,0.45318725099601304,NY_Late,19,0.9895833333333334
PEM_M15_V2,M15,long,2022-05-24 18:30:00+00:00,2022-05-24 19:45:00+00:00,1858.248,1854.778,1854.778,1865.188,6,sl,-1.0,NY_Late,18,0.4791666666666667
PEM_M15_V2,M15,short,2022-05-25 23:15:00+00:00,2022-05-26 02:15:00+00:00,1846.028,1855.108,1855.588,1826.9080000000001,13,timeout,-0.9497907949790773,NY_Late,23,0.9583333333333334
PEM_M15_V2,M15,long,2022-05-27 00:30:00+00:00,2022-05-27 03:30:00+00:00,1848.978,1850.748,1845.048,1856.8380000000002,13,timeout,0.45038167938930107,Asia,0,0.6770833333333334
PEM_M15_V2,M15,short,2022-05-30 06:30:00+00:00,2022-05-30 08:45:00+00:00,1848.918,1853.383,1853.383,1839.9879999999996,10,sl,-1.0,Asia,6,0.19791666666666666
PEM_M15_V2,M15,short,2022-05-30 18:00:00+00:00,2022-05-30 20:30:00+00:00,1854.758,1859.123,1859.123,1846.028,11,sl,-1.0,NY_Late,17,0.4895833333333333
PEM_M15_V2,M15,long,2022-05-30 20:45:00+00:00,2022-05-30 21:15:00+00:00,1860.106,1854.939,1854.939,1870.4399999999998,3,sl,-1.0,NY_Late,20,0.4270833333333333
PEM_M15_V2,M15,short,2022-05-30 23:15:00+00:00,2022-05-31 05:30:00+00:00,1855.318,1855.563,1861.053,1843.8479999999997,13,timeout,-0.04272013949435271,NY_Late,23,0.5833333333333334
PEM_M15_V2,M15,short,2022-05-31 06:30:00+00:00,2022-05-31 08:00:00+00:00,1853.308,1846.9679999999998,1856.478,1846.9679999999998,7,tp,2.0,Asia,6,0.03125
PEM_M15_V2,M15,long,2022-06-01 23:30:00+00:00,2022-06-02 02:30:00+00:00,1848.063,1848.278,1830.194,1883.8010000000004,13,timeout,0.012032010744860733,NY_Late,23,0.90625
PEM_M15_V2,M15,short,2022-06-03 23:30:00+00:00,2022-06-04 02:30:00+00:00,1849.738,1850.348,1856.868,1835.4780000000003,13,timeout,-0.0855539971949383,NY_Late,23,0.9270833333333334
PEM_M15_V2,M15,long,2022-06-08 22:45:00+00:00,2022-06-09 01:45:00+00:00,1857.974,1853.813,1848.273,1877.376,13,timeout,-0.4289248531079086,NY_Late,22,0.75
PEM_M15_V2,M15,short,2022-06-14 23:15:00+00:00,2022-06-15 02:15:00+00:00,1810.523,1806.123,1822.908,1785.753,13,timeout,0.35526846992328354,NY_Late,23,0.65625
PEM_M15_V2,M15,long,2022-06-16 22:30:00+00:00,2022-06-17 01:30:00+00:00,1838.988,1848.518,1826.178,1864.608,13,timeout,0.7439500390320073,NY_Late,22,0.8854166666666666
PEM_M15_V2,M15,short,2022-06-17 17:30:00+00:00,2022-06-17 19:45:00+00:00,1845.263,1850.933,1850.933,1833.9229999999998,10,sl,-1.0,NY_Late,17,0.4270833333333333
PEM_M15_V2,M15,short,2022-06-18 00:00:00+00:00,2022-06-18 03:00:00+00:00,1839.038,1837.108,1846.578,1823.958,13,timeout,0.2559681697612829,NY_Late,23,0.7291666666666666
PEM_M15_V2,M15,short,2022-06-22 01:15:00+00:00,2022-06-22 05:00:00+00:00,1833.038,1832.963,1838.973,1821.1680000000001,13,timeout,0.012636899747269783,Asia,1,0.8333333333333334
PEM_M15_V2,M15,long,2022-06-22 18:30:00+00:00,2022-06-22 21:30:00+00:00,1840.113,1843.003,1823.688,1872.963,13,timeout,0.17595129375950566,NY_Late,18,0.9583333333333334
PEM_M15_V2,M15,short,2022-06-23 18:30:00+00:00,2022-06-23 20:00:00+00:00,1826.608,1833.533,1833.533,1812.758,7,sl,-1.0,NY_Late,18,0.5625
PEM_M15_V2,M15,short,2022-06-28 01:00:00+00:00,2022-06-28 04:00:00+00:00,1822.413,1822.618,1826.488,1814.263,13,timeout,-0.050306748466239254,Asia,0,0.78125
PEM_M15_V2,M15,short,2022-07-01 17:45:00+00:00,2022-07-01 20:45:00+00:00,1791.133,1791.578,1802.318,1768.7630000000001,13,timeout,-0.03978542691103608,NY_Late,17,0.59375
PEM_M15_V2,M15,long,2022-07-04 22:00:00+00:00,2022-07-05 01:00:00+00:00,1810.588,1806.528,1805.008,1821.7479999999998,13,timeout,-0.7275985663082435,NY_Late,21,0.3125
PEM_M15_V2,M15,short,2022-07-09 00:00:00+00:00,2022-07-09 03:00:00+00:00,1740.978,1741.348,1746.088,1730.7580000000003,13,timeout,-0.07240704500976479,NY_Late,23,0.8333333333333334
PEM_M15_V2,M15,short,2022-07-13 00:45:00+00:00,2022-07-13 03:45:00+00:00,1726.094,1725.974,1733.688,1710.906,13,timeout,0.01580194890704733,Asia,0,0.375
PEM_M15_V2,M15,long,2022-07-13 18:30:00+00:00,2022-07-13 19:30:00+00:00,1730.548,1725.828,1725.828,1739.988,5,sl,-1.0,NY_Late,18,0.4375
PEM_M15_V2,M15,short,2022-07-14 17:45:00+00:00,2022-07-14 20:45:00+00:00,1713.224,1702.1359999999997,1718.768,1702.1359999999997,13,tp,2.0,NY_Late,17,0.4895833333333333
PEM_M15_V2,M15,short,2022-07-19 02:30:00+00:00,2022-07-19 06:15:00+00:00,1707.987,1707.964,1712.698,1698.565,13,timeout,0.004882190617732579,Asia,2,0.5208333333333334
PEM_M15_V2,M15,short,2022-07-21 01:30:00+00:00,2022-07-21 03:00:00+00:00,1700.844,1695.676,1703.428,1695.676,7,tp,2.0,Asia,1,0.7708333333333334
PEM_M15_V2,M15,short,2022-07-21 03:15:00+00:00,2022-07-21 07:00:00+00:00,1693.158,1694.618,1702.254,1674.966,13,timeout,-0.16051011433597578,Asia,3,0.75
PEM_M15_V2,M15,long,2022-07-21 20:00:00+00:00,2022-07-21 23:00:00+00:00,1699.146,1713.168,1681.688,1734.0619999999997,13,timeout,0.8031847863443722,NY_Late,19,1.0
PEM_M15_V2,M15,long,2022-07-22 03:00:00+00:00,2022-07-22 06:45:00+00:00,1717.858,1718.816,1703.618,1746.338,13,timeout,0.06727528089888224,Asia,2,0.6979166666666666
PEM_M15_V2,M15,short,2022-07-27 20:30:00+00:00,2022-07-27 23:30:00+00:00,1718.298,1719.324,1723.997,1706.8999999999999,13,timeout,-0.1800315844885164,NY_Late,20,0.78125
PEM_M15_V2,M15,short,2022-07-29 19:45:00+00:00,2022-07-29 22:15:00+00:00,1757.574,1764.034,1764.034,1744.654,11,sl,-1.0,NY_Late,19,0.7083333333333334
PEM_M15_V2,M15,long,2022-08-02 18:45:00+00:00,2022-08-02 21:45:00+00:00,1778.785,1779.667,1770.708,1794.939,13,timeout,0.1091989600098842,NY_Late,18,0.6041666666666666
PEM_M15_V2,M15,short,2022-08-03 01:00:00+00:00,2022-08-03 03:00:00+00:00,1771.844,1761.4560000000001,1777.038,1761.4560000000001,9,tp,2.0,Asia,0,0.84375
PEM_M15_V2,M15,long,2022-08-04 23:45:00+00:00,2022-08-05 02:45:00+00:00,1789.564,1792.224,1777.214,1814.2640000000004,13,timeout,0.2153846153846012,NY_Late,23,0.8645833333333334
PEM_M15_V2,M15,short,2022-08-05 23:30:00+00:00,2022-08-06 02:30:00+00:00,1772.768,1774.908,1787.927,1742.4500000000003,13,timeout,-0.14117026189061876,NY_Late,23,0.8854166666666666
PEM_M15_V2,M15,long,2022-08-09 23:15:00+00:00,2022-08-10 02:15:00+00:00,1795.768,1795.218,1790.248,1806.808,13,timeout,-0.09963768115941238,NY_Late,23,0.9375
PEM_M15_V2,M15,long,2022-08-11 19:00:00+00:00,2022-08-11 22:00:00+00:00,1794.208,1792.448,1789.668,1803.2880000000005,13,timeout,-0.38766519823786716,NY_Late,18,0.5208333333333334
PEM_M15_V2,M15,long,2022-08-16 00:30:00+00:00,2022-08-16 03:30:00+00:00,1783.564,1779.044,1775.568,1799.5560000000003,13,timeout,-0.5652826413206513,Asia,0,0.7708333333333334
PEM_M15_V2,M15,short,2022-08-17 18:45:00+00:00,2022-08-17 21:45:00+00:00,1768.248,1766.003,1778.085,1748.574,13,timeout,0.228219985768031,NY_Late,18,0.6666666666666666
PEM_M15_V2,M15,long,2022-08-18 17:15:00+00:00,2022-08-18 20:15:00+00:00,1769.378,1763.748,1763.748,1780.6379999999997,13,sl,-1.0,NY_Late,17,0.4166666666666667
PEM_M15_V2,M15,short,2022-08-22 07:00:00+00:00,2022-08-22 09:30:00+00:00,1746.278,1747.848,1747.848,1743.1380000000001,11,sl,-1.0,Asia,6,0.020833333333333332
PEM_M15_V2,M15,short,2022-08-23 17:45:00+00:00,2022-08-23 20:45:00+00:00,1735.838,1739.468,1739.468,1728.5779999999997,13,sl,-1.0,NY_Late,17,0.7083333333333334
PEM_M15_V2,M15,long,2022-08-26 00:30:00+00:00,2022-08-26 03:30:00+00:00,1758.554,1757.664,1754.248,1767.1660000000002,13,timeout,-0.20668834184860468,Asia,0,0.75
PEM_M15_V2,M15,short,2022-08-26 19:00:00+00:00,2022-08-26 19:30:00+00:00,1743.914,1747.954,1747.954,1735.834,3,sl,-1.0,NY_Late,18,0.5416666666666666
PEM_M15_V2,M15,short,2022-08-29 07:00:00+00:00,2022-08-29 08:30:00+00:00,1734.714,1728.6859999999997,1737.728,1728.6859999999997,7,tp,2.0,Asia,6,0.59375
PEM_M15_V2,M15,long,2022-08-29 22:45:00+00:00,2022-08-30 01:45:00+00:00,1740.474,1738.254,1721.988,1777.4459999999997,13,timeout,-0.12009087958455275,NY_Late,22,0.78125
PEM_M15_V2,M15,short,2022-08-30 19:15:00+00:00,2022-08-30 21:30:00+00:00,1731.878,1725.1899999999998,1735.222,1725.1899999999998,10,tp,2.0,NY_Late,19,0.6145833333333334
PEM_M15_V2,M15,short,2022-09-05 23:00:00+00:00,2022-09-06 05:15:00+00:00,1710.274,1711.708,1712.465,1705.8919999999998,13,timeout,-0.654495664080409,NY_Late,22,0.03125
PEM_M15_V2,M15,short,2022-09-06 20:30:00+00:00,2022-09-06 23:30:00+00:00,1706.808,1703.024,1716.028,1688.368,13,timeout,0.4104121475054332,NY_Late,20,1.0
PEM_M15_V2,M15,short,2022-09-07 00:30:00+00:00,2022-09-07 03:30:00+00:00,1700.734,1700.741,1704.218,1693.7659999999996,13,timeout,-0.0020091848450234048,Asia,0,0.8645833333333334
PEM_M15_V2,M15,long,2022-09-08 00:15:00+00:00,2022-09-08 03:15:00+00:00,1714.805,1716.668,1709.488,1725.439,13,timeout,0.35038555576449626,Asia,0,0.8645833333333334
PEM_M15_V2,M15,short,2022-09-13 23:15:00+00:00,2022-09-14 02:15:00+00:00,1700.568,1703.124,1728.364,1644.9759999999999,13,timeout,-0.09195567707583953,NY_Late,23,0.875
PEM_M15_V2,M15,short,2022-09-15 00:30:00+00:00,2022-09-15 03:30:00+00:00,1699.594,1697.208,1703.938,1690.906,13,timeout,0.5492633517495256,Asia,0,0.6875
PEM_M15_V2,M15,long,2022-09-19 22:15:00+00:00,2022-09-20 01:15:00+00:00,1672.868,1670.218,1660.678,1697.2479999999996,13,timeout,-0.21739130434781798,NY_Late,22,0.8333333333333334
PEM_M15_V2,M15,short,2022-09-22 00:15:00+00:00,2022-09-22 01:45:00+00:00,1665.108,1674.435,1674.435,1646.454,7,sl,-1.0,Asia,0,0.4270833333333333
PEM_M15_V2,M15,short,2022-09-22 05:45:00+00:00,2022-09-22 07:15:00+00:00,1671.158,1664.2379999999998,1674.618,1664.2379999999998,7,tp,2.0,Asia,5,0.875
PEM_M15_V2,M15,long,2022-09-28 23:00:00+00:00,2022-09-29 02:00:00+00:00,1654.915,1661.285,1636.122,1692.5009999999997,13,timeout,0.3389559942531876,NY_Late,22,0.9166666666666666
PEM_M15_V2,M15,long,2022-09-29 23:15:00+00:00,2022-09-30 02:15:00+00:00,1660.356,1659.415,1647.85,1685.3680000000002,13,timeout,-0.07524388293619258,NY_Late,23,0.875
PEM_M15_V2,M15,short,2022-10-01 01:00:00+00:00,2022-10-01 04:00:00+00:00,1661.265,1659.978,1673.638,1636.5190000000005,13,timeout,0.10401681079770898,Asia,0,0.7083333333333334
PEM_M15_V2,M15,long,2022-10-04 01:00:00+00:00,2022-10-04 04:00:00+00:00,1696.475,1699.608,1663.921,1761.5829999999996,13,timeout,0.09624009338330318,Asia,0,0.8645833333333334
PEM_M15_V2,M15,long,2022-10-11 19:15:00+00:00,2022-10-11 22:15:00+00:00,1670.478,1671.415,1662.595,1686.2440000000001,13,timeout,0.11886337688695847,NY_Late,19,0.6770833333333334
PEM_M15_V2,M15,short,2022-10-12 02:15:00+00:00,2022-10-12 06:00:00+00:00,1665.472,1665.315,1682.958,1630.4999999999998,13,timeout,0.008978611460592732,Asia,2,0.9479166666666666
PEM_M15_V2,M15,long,2022-10-13 00:30:00+00:00,2022-10-13 01:15:00+00:00,1670.695,1677.869,1667.108,1677.869,4,tp,2.0,Asia,0,0.6354166666666666
PEM_M15_V2,M15,long,2022-10-14 01:00:00+00:00,2022-10-14 04:00:00+00:00,1670.138,1666.208,1646.018,1718.3779999999997,13,timeout,-0.16293532338307853,Asia,0,0.8020833333333334
PEM_M15_V2,M15,short,2022-10-18 00:15:00+00:00,2022-10-18 03:15:00+00:00,1657.798,1648.928,1663.748,1645.898,13,timeout,1.4907563025209787,Asia,0,0.625
PEM_M15_V2,M15,long,2022-10-18 19:45:00+00:00,2022-10-18 21:30:00+00:00,1655.448,1650.908,1650.908,1664.5280000000005,8,sl,-1.0,NY_Late,19,0.6041666666666666
PEM_M15_V2,M15,short,2022-10-21 01:45:00+00:00,2022-10-21 05:30:00+00:00,1628.428,1626.657,1633.467,1618.3500000000001,13,timeout,0.3514586227426454,Asia,1,0.7604166666666666
PEM_M15_V2,M15,long,2022-10-21 17:30:00+00:00,2022-10-21 19:30:00+00:00,1625.598,1620.837,1620.837,1635.12,9,sl,-1.0,NY_Late,17,0.4791666666666667
PEM_M15_V2,M15,short,2022-10-27 18:00:00+00:00,2022-10-27 19:30:00+00:00,1660.597,1664.248,1664.248,1653.2949999999998,7,sl,-1.0,NY_Late,17,0.5
PEM_M15_V2,M15,short,2022-10-28 00:00:00+00:00,2022-10-28 03:00:00+00:00,1657.088,1662.168,1664.747,1641.7699999999998,13,timeout,-0.663271967619775,NY_Late,23,0.8854166666666666
PEM_M15_V2,M15,short,2022-10-31 22:45:00+00:00,2022-11-01 01:45:00+00:00,1637.508,1635.697,1641.438,1629.648,13,timeout,0.4608142493638982,NY_Late,22,0.78125
PEM_M15_V2,M15,short,2022-11-03 23:15:00+00:00,2022-11-04 02:15:00+00:00,1625.638,1631.728,1634.888,1607.138,13,timeout,-0.6583783783783941,NY_Late,23,0.78125
PEM_M15_V2,M15,long,2022-11-04 20:15:00+00:00,2022-11-04 23:15:00+00:00,1660.148,1671.118,1645.138,1690.168,13,timeout,0.7308461025982701,NY_Late,20,0.96875
PEM_M15_V2,M15,long,2022-11-09 00:15:00+00:00,2022-11-09 03:15:00+00:00,1715.967,1711.568,1671.828,1804.2450000000003,13,timeout,-0.09966243005052453,Asia,0,0.9375
PEM_M15_V2,M15,short,2022-11-10 01:45:00+00:00,2022-11-10 04:45:00+00:00,1709.287,1705.798,1714.257,1699.347,13,timeout,0.7020120724346104,Asia,1,0.7291666666666666
PEM_M15_V2,M15,long,2022-11-10 20:15:00+00:00,2022-11-10 20:30:00+00:00,1709.258,1714.318,1706.728,1714.318,2,tp,2.0,NY_Late,20,0.3333333333333333
PEM_M15_V2,M15,long,2022-11-11 03:15:00+00:00,2022-11-11 07:00:00+00:00,1753.647,1752.297,1746.118,1768.705,13,timeout,-0.17930668083409612,Asia,3,0.7291666666666666
PEM_M15_V2,M15,long,2022-11-14 21:00:00+00:00,2022-11-15 00:00:00+00:00,1762.458,1769.928,1754.098,1779.1780000000003,13,timeout,0.893540669856449,NY_Late,20,0.4791666666666667
PEM_M15_V2,M15,short,2022-11-17 02:00:00+00:00,2022-11-17 05:00:00+00:00,1772.447,1773.198,1783.398,1750.5449999999998,13,timeout,-0.06857821203544902,Asia,1,0.46875
PEM_M15_V2,M15,short,2022-11-17 18:15:00+00:00,2022-11-17 19:00:00+00:00,1762.337,1765.518,1765.518,1755.975,4,sl,-1.0,NY_Late,18,0.53125
PEM_M15_V2,M15,short,2022-11-18 19:15:00+00:00,2022-11-18 22:15:00+00:00,1759.488,1753.987,1765.467,1747.53,13,timeout,0.9200535206556176,NY_Late,19,0.5729166666666666
PEM_M15_V2,M15,short,2022-11-19 00:30:00+00:00,2022-11-19 03:30:00+00:00,1751.927,1748.348,1762.458,1730.8649999999996,13,timeout,0.33985376507453147,Asia,0,0.84375
PEM_M15_V2,M15,short,2022-11-22 23:15:00+00:00,2022-11-23 02:15:00+00:00,1741.308,1738.267,1745.068,1733.788,13,timeout,0.8087765957446669,NY_Late,23,0.8229166666666666
PEM_M15_V2,M15,long,2022-11-24 02:00:00+00:00,2022-11-24 05:00:00+00:00,1746.008,1749.225,1740.497,1757.03,13,timeout,0.5837416076936836,Asia,1,0.78125
PEM_M15_V2,M15,long,2022-11-24 19:15:00+00:00,2022-11-24 20:30:00+00:00,1758.347,1755.668,1755.668,1763.7050000000002,6,sl,-1.0,NY_Late,19,0.3333333333333333
PEM_M15_V2,M15,short,2022-11-25 01:00:00+00:00,2022-11-25 07:15:00+00:00,1754.907,1753.478,1757.217,1750.2869999999996,13,timeout,0.6186147186146117,Asia,0,0.010416666666666666
PEM_M15_V2,M15,short,2022-11-29 01:45:00+00:00,2022-11-29 04:45:00+00:00,1741.368,1740.828,1750.328,1723.4479999999999,13,timeout,0.060267857142852835,Asia,1,0.8125
PEM_M15_V2,M15,short,2022-11-30 21:15:00+00:00,2022-11-30 21:45:00+00:00,1755.328,1762.507,1762.507,1740.9699999999998,3,sl,-1.0,NY_Late,21,0.8854166666666666
PEM_M15_V2,M15,long,2022-12-01 02:15:00+00:00,2022-12-01 06:00:00+00:00,1761.548,1768.748,1750.707,1783.2299999999998,13,timeout,0.6641453740429957,Asia,2,1.0
PEM_M15_V2,M15,long,2022-12-01 19:45:00+00:00,2022-12-01 21:00:00+00:00,1783.638,1791.7779999999998,1779.568,1791.7779999999998,6,tp,2.0,NY_Late,19,0.3020833333333333
PEM_M15_V2,M15,long,2022-12-06 19:30:00+00:00,2022-12-06 22:15:00+00:00,1780.008,1772.368,1772.368,1795.2880000000002,12,sl,-1.0,NY_Late,19,0.5729166666666666
PEM_M15_V2,M15,short,2022-12-07 02:15:00+00:00,2022-12-07 06:00:00+00:00,1768.017,1770.877,1773.028,1757.9950000000001,13,timeout,-0.5707443624026978,Asia,2,0.5104166666666666
PEM_M15_V2,M15,short,2022-12-09 22:45:00+00:00,2022-12-09 23:30:00+00:00,1792.548,1800.318,1800.318,1777.008,4,sl,-1.0,NY_Late,22,0.9895833333333334
PEM_M15_V2,M15,long,2022-12-12 19:00:00+00:00,2022-12-12 19:45:00+00:00,1794.828,1791.378,1791.378,1801.728,4,sl,-1.0,NY_Late,18,0.4270833333333333
PEM_M15_V2,M15,long,2022-12-13 18:00:00+00:00,2022-12-13 20:30:00+00:00,1786.358,1794.4639999999997,1782.305,1794.4639999999997,11,tp,2.0,NY_Late,17,0.6354166666666666
PEM_M15_V2,M15,short,2022-12-15 01:45:00+00:00,2022-12-15 02:00:00+00:00,1807.335,1800.0350000000003,1810.985,1800.0350000000003,2,tp,2.0,Asia,1,0.4166666666666667
PEM_M15_V2,M15,long,2022-12-16 20:45:00+00:00,2022-12-16 22:00:00+00:00,1785.288,1792.2939999999999,1781.785,1792.2939999999999,6,tp,2.0,NY_Late,20,0.5104166666666666
PEM_M15_V2,M15,long,2022-12-17 03:30:00+00:00,2022-12-19 07:15:00+00:00,1793.028,1791.385,1786.515,1806.0539999999999,13,timeout,-0.25226470136650536,Asia,3,0.4791666666666667
PEM_M15_V2,M15,short,2022-12-19 20:45:00+00:00,2022-12-19 23:45:00+00:00,1792.435,1788.645,1797.025,1783.2549999999997,13,timeout,0.8257080610021446,NY_Late,20,0.5208333333333334
PEM_M15_V2,M15,long,2022-12-20 22:00:00+00:00,2022-12-20 22:15:00+00:00,1808.448,1817.7540000000001,1803.795,1817.7540000000001,2,tp,2.0,NY_Late,21,0.9895833333333334
PEM_M15_V2,M15,long,2022-12-21 00:45:00+00:00,2022-12-21 03:45:00+00:00,1819.088,1818.215,1813.985,1829.294,13,timeout,-0.17107583774251148,Asia,0,0.90625
PEM_M15_V2,M15,long,2022-12-21 20:15:00+00:00,2022-12-21 23:15:00+00:00,1815.825,1816.695,1811.705,1824.0650000000003,13,timeout,0.21116504854365678,NY_Late,20,0.23958333333333334
PEM_M15_V2,M15,short,2022-12-22 01:45:00+00:00,2022-12-22 04:45:00+00:00,1815.435,1814.087,1818.255,1809.7949999999996,13,timeout,0.4780141843971199,Asia,1,0.71875
PEM_M15_V2,M15,short,2022-12-23 01:15:00+00:00,2022-12-23 04:15:00+00:00,1788.985,1791.325,1816.315,1734.3249999999996,13,timeout,-0.08562019758507619,Asia,1,0.90625
PEM_M15_V2,M15,short,2022-12-23 21:30:00+00:00,2022-12-23 22:30:00+00:00,1793.955,1799.565,1799.565,1782.7349999999997,5,sl,-1.0,NY_Late,21,0.6770833333333334
PEM_M15_V2,M15,short,2022-12-24 01:15:00+00:00,2022-12-24 04:15:00+00:00,1796.947,1798.095,1802.915,1785.0109999999997,13,timeout,-0.19235924932977946,Asia,1,0.65625
PEM_M15_V2,M15,long,2022-12-27 06:45:00+00:00,2022-12-27 09:45:00+00:00,1801.755,1806.095,1795.335,1814.5950000000003,13,timeout,0.6760124610591696,Asia,6,0.19791666666666666
PEM_M15_V2,M15,long,2022-12-29 21:00:00+00:00,2022-12-30 00:00:00+00:00,1811.745,1816.215,1804.865,1825.5049999999997,13,timeout,0.6497093023255965,NY_Late,20,0.6666666666666666
PEM_M15_V2,M15,long,2022-12-30 01:30:00+00:00,2022-12-30 02:00:00+00:00,1818.575,1815.945,1815.945,1823.8350000000003,3,sl,-1.0,Asia,1,0.7604166666666666
PEM_M15_V2,M15,long,2022-12-31 00:45:00+00:00,2022-12-31 03:45:00+00:00,1820.048,1822.548,1814.155,1831.834,13,timeout,0.4242321398269112,Asia,0,0.9479166666666666
PEM_M15_V2,M15,long,2023-01-04 21:00:00+00:00,2023-01-04 22:00:00+00:00,1861.888,1852.695,1852.695,1880.274,5,sl,-1.0,NY_Late,20,0.7916666666666666
PEM_M15_V2,M15,long,2023-01-09 20:45:00+00:00,2023-01-09 21:30:00+00:00,1876.005,1873.985,1873.985,1880.0450000000005,4,sl,-1.0,NY_Late,20,0.22916666666666666
PEM_M15_V2,M15,long,2023-01-10 03:15:00+00:00,2023-01-10 03:45:00+00:00,1874.698,1869.275,1869.275,1885.544,3,sl,-1.0,Asia,3,0.7395833333333334
PEM_M15_V2,M15,short,2023-01-11 19:45:00+00:00,2023-01-11 22:45:00+00:00,1877.897,1870.955,1885.135,1863.4209999999998,13,timeout,0.9591047250621654,NY_Late,19,0.7291666666666666
PEM_M15_V2,M15,long,2023-01-13 21:45:00+00:00,2023-01-13 23:00:00+00:00,1902.065,1915.4650000000001,1895.365,1915.4650000000001,6,tp,2.0,NY_Late,21,0.6770833333333334
PEM_M15_V2,M15,long,2023-01-14 01:45:00+00:00,2023-01-14 04:45:00+00:00,1919.195,1919.948,1915.038,1927.5089999999998,13,timeout,0.18114024536929757,Asia,1,0.7083333333333334
PEM_M15_V2,M15,long,2023-01-17 19:30:00+00:00,2023-01-17 22:30:00+00:00,1913.485,1910.175,1904.175,1932.1049999999998,13,timeout,-0.35553168635875027,NY_Late,19,0.84375
PEM_M15_V2,M15,short,2023-01-18 01:00:00+00:00,2023-01-18 04:00:00+00:00,1905.845,1908.285,1912.265,1893.0049999999999,13,timeout,-0.38006230529595436,Asia,0,0.8854166666666666
PEM_M15_V2,M15,long,2023-01-18 19:30:00+00:00,2023-01-18 20:30:00+00:00,1916.705,1923.4449999999997,1913.335,1923.4449999999997,5,tp,2.0,NY_Late,19,0.3645833333333333
PEM_M15_V2,M15,long,2023-01-20 02:15:00+00:00,2023-01-20 03:15:00+00:00,1924.308,1933.214,1919.855,1933.214,5,tp,2.0,Asia,2,0.71875
PEM_M15_V2,M15,short,2023-01-23 21:45:00+00:00,2023-01-24 00:45:00+00:00,1917.428,1921.905,1929.565,1893.1540000000002,13,timeout,-0.3688720441624687,NY_Late,21,0.9375
PEM_M15_V2,M15,long,2023-01-24 01:30:00+00:00,2023-01-24 04:30:00+00:00,1926.525,1931.198,1920.595,1938.3850000000002,13,timeout,0.7880269814502447,Asia,1,0.8645833333333334
PEM_M15_V2,M15,short,2023-01-24 21:15:00+00:00,2023-01-24 22:15:00+00:00,1931.985,1917.9989999999996,1938.978,1917.9989999999996,5,tp,2.0,NY_Late,21,0.65625
PEM_M15_V2,M15,long,2023-01-25 02:45:00+00:00,2023-01-25 06:30:00+00:00,1936.035,1936.315,1931.975,1944.1550000000004,13,timeout,0.06896551724136965,Asia,2,0.78125
PEM_M15_V2,M15,short,2023-01-25 19:00:00+00:00,2023-01-25 19:00:00+00:00,1923.545,1926.475,1926.475,1917.6850000000004,1,sl,-1.0,NY_Late,18,0.71875
PEM_M15_V2,M15,long,2023-01-26 00:30:00+00:00,2023-01-26 03:30:00+00:00,1937.127,1944.195,1925.705,1959.971,13,timeout,0.6188058133426693,Asia,0,0.875
PEM_M15_V2,M15,short,2023-01-26 18:45:00+00:00,2023-01-26 19:00:00+00:00,1934.345,1937.495,1937.495,1928.0450000000003,2,sl,-1.0,NY_Late,18,0.4375
PEM_M15_V2,M15,long,2023-01-30 18:15:00+00:00,2023-01-30 19:00:00+00:00,1930.285,1922.015,1922.015,1946.825,4,sl,-1.0,NY_Late,18,0.5625
PEM_M15_V2,M15,long,2023-01-30 21:00:00+00:00,2023-01-30 22:00:00+00:00,1929.635,1925.115,1925.115,1938.675,5,sl,-1.0,NY_Late,20,0.7083333333333334
PEM_M15_V2,M15,short,2023-02-02 23:45:00+00:00,2023-02-03 02:45:00+00:00,1919.855,1913.175,1927.505,1904.5549999999998,13,timeout,0.8732026143790829,NY_Late,23,0.875
PEM_M15_V2,M15,short,2023-02-06 23:00:00+00:00,2023-02-07 02:00:00+00:00,1866.115,1868.895,1874.025,1850.2949999999998,13,timeout,-0.35145385587862754,NY_Late,22,0.6979166666666666
PEM_M15_V2,M15,long,2023-02-07 02:30:00+00:00,2023-02-07 06:15:00+00:00,1870.815,1867.758,1863.998,1884.449,13,timeout,-0.4484377292063977,Asia,2,0.4791666666666667
PEM_M15_V2,M15,short,2023-02-07 18:30:00+00:00,2023-02-07 21:30:00+00:00,1870.075,1867.598,1875.145,1859.9350000000002,13,timeout,0.48856015779095074,NY_Late,18,0.5208333333333334
PEM_M15_V2,M15,short,2023-02-08 03:45:00+00:00,2023-02-08 05:00:00+00:00,1868.625,1874.468,1874.468,1856.9389999999999,6,sl,-1.0,Asia,3,0.8958333333333334
PEM_M15_V2,M15,short,2023-02-09 03:00:00+00:00,2023-02-09 06:45:00+00:00,1876.237,1875.385,1879.365,1869.9810000000002,13,timeout,0.2723785166240756,Asia,2,0.5
PEM_M15_V2,M15,short,2023-02-09 22:15:00+00:00,2023-02-10 00:45:00+00:00,1879.345,1863.5450000000003,1887.245,1863.5450000000003,11,tp,2.0,NY_Late,22,0.8541666666666666
PEM_M15_V2,M15,short,2023-02-10 03:15:00+00:00,2023-02-10 07:00:00+00:00,1861.165,1861.105,1867.355,1848.7849999999999,13,timeout,0.009693053311784314,Asia,3,0.9270833333333334
PEM_M15_V2,M15,long,2023-02-13 18:45:00+00:00,2023-02-13 20:30:00+00:00,1861.258,1857.875,1857.875,1868.0240000000001,8,sl,-1.0,NY_Late,18,0.4895833333333333
PEM_M15_V2,M15,short,2023-02-20 22:45:00+00:00,2023-02-21 01:45:00+00:00,1842.985,1840.945,1846.575,1835.8049999999996,13,timeout,0.5682451253481563,NY_Late,22,0.3541666666666667
PEM_M15_V2,M15,long,2023-02-22 01:15:00+00:00,2023-02-22 01:45:00+00:00,1837.255,1832.065,1832.065,1847.6350000000002,3,sl,-1.0,Asia,1,0.875
PEM_M15_V2,M15,short,2023-02-24 19:00:00+00:00,2023-02-24 22:00:00+00:00,1817.985,1812.145,1823.175,1807.6049999999998,13,timeout,1.1252408477841729,NY_Late,18,0.6666666666666666
PEM_M15_V2,M15,short,2023-02-28 19:30:00+00:00,2023-02-28 21:00:00+00:00,1808.355,1810.705,1810.705,1803.6550000000002,7,sl,-1.0,NY_Late,19,0.5729166666666666
PEM_M15_V2,M15,long,2023-03-01 00:45:00+00:00,2023-03-01 03:45:00+00:00,1830.528,1827.365,1825.665,1840.2540000000001,13,timeout,-0.6504215504832355,Asia,0,0.9166666666666666
PEM_M15_V2,M15,long,2023-03-04 02:30:00+00:00,2023-03-06 06:15:00+00:00,1849.605,1853.605,1845.775,1857.2649999999999,13,timeout,1.0443864229765212,Asia,2,0.7291666666666666
PEM_M15_V2,M15,short,2023-03-06 18:15:00+00:00,2023-03-06 21:15:00+00:00,1849.854,1852.508,1853.895,1841.7720000000002,13,timeout,-0.6567681267013205,NY_Late,18,0.5
PEM_M15_V2,M15,short,2023-03-07 01:45:00+00:00,2023-03-07 02:15:00+00:00,1848.705,1845.0789999999997,1850.518,1845.0789999999997,3,tp,2.0,Asia,1,0.8333333333333334
PEM_M15_V2,M15,short,2023-03-07 17:15:00+00:00,2023-03-07 20:15:00+00:00,1843.724,1837.855,1848.135,1834.9019999999998,13,timeout,1.3305372931307724,NY_Late,17,0.5729166666666666
PEM_M15_V2,M15,short,2023-03-08 01:15:00+00:00,2023-03-08 04:15:00+00:00,1816.975,1814.155,1821.585,1807.7549999999997,13,timeout,0.6117136659435701,Asia,1,0.90625
PEM_M15_V2,M15,short,2023-03-09 01:45:00+00:00,2023-03-09 04:45:00+00:00,1814.715,1813.725,1819.655,1804.8349999999998,13,timeout,0.20040485829959476,Asia,1,0.7708333333333334
PEM_M15_V2,M15,long,2023-03-09 18:45:00+00:00,2023-03-09 20:30:00+00:00,1819.625,1816.115,1816.115,1826.645,8,sl,-1.0,NY_Late,18,0.3854166666666667
PEM_M15_V2,M15,long,2023-03-10 01:45:00+00:00,2023-03-10 04:45:00+00:00,1830.768,1830.835,1827.535,1837.234,13,timeout,0.020723785957317775,Asia,1,0.7916666666666666
PEM_M15_V2,M15,long,2023-03-14 00:30:00+00:00,2023-03-14 03:30:00+00:00,1911.815,1912.275,1902.924,1929.5970000000002,13,timeout,0.05173771229333398,Asia,0,0.7604166666666666
PEM_M15_V2,M15,long,2023-03-14 19:45:00+00:00,2023-03-14 20:45:00+00:00,1909.565,1900.695,1900.695,1927.3050000000003,5,sl,-1.0,NY_Late,19,0.5729166666666666
PEM_M15_V2,M15,long,2023-03-15 00:30:00+00:00,2023-03-15 03:30:00+00:00,1909.794,1903.835,1902.105,1925.1720000000003,13,timeout,-0.7750032513981011,Asia,0,0.65625
PEM_M15_V2,M15,short,2023-03-16 02:00:00+00:00,2023-03-16 05:45:00+00:00,1912.575,1919.685,1935.898,1865.9290000000003,13,timeout,-0.3048492904000318,Asia,1,1.0
PEM_M15_V2,M15,short,2023-03-16 23:00:00+00:00,2023-03-17 02:00:00+00:00,1915.285,1919.175,1924.635,1896.5850000000003,13,timeout,-0.41604278074865353,NY_Late,22,0.7708333333333334
PEM_M15_V2,M15,long,2023-03-18 01:00:00+00:00,2023-03-18 04:00:00+00:00,1972.125,1987.798,1959.935,1996.505,13,timeout,1.2857260049220616,Asia,0,0.90625
PEM_M15_V2,M15,short,2023-03-22 00:45:00+00:00,2023-03-22 03:45:00+00:00,1938.025,1939.914,1948.858,1916.3590000000004,13,timeout,-0.17437459614141249,Asia,0,0.8645833333333334
PEM_M15_V2,M15,short,2023-03-22 18:00:00+00:00,2023-03-22 21:00:00+00:00,1940.385,1942.825,1945.485,1930.1850000000002,13,timeout,-0.47843137254903884,NY_Late,17,0.4270833333333333
PEM_M15_V2,M15,long,2023-03-23 01:30:00+00:00,2023-03-23 01:45:00+00:00,1955.235,1973.6549999999995,1946.025,1973.6549999999995,2,tp,2.0,Asia,1,0.96875
PEM_M15_V2,M15,long,2023-03-24 01:15:00+00:00,2023-03-24 05:00:00+00:00,1998.474,1993.424,1984.248,2026.9259999999997,13,timeout,-0.35498383241951326,Asia,1,0.6666666666666666
PEM_M15_V2,M15,long,2023-03-24 17:30:00+00:00,2023-03-24 20:30:00+00:00,1997.755,1996.055,1985.635,2021.9950000000003,13,timeout,-0.14026402640264266,NY_Late,17,0.5833333333333334
PEM_M15_V2,M15,short,2023-03-24 23:15:00+00:00,2023-03-25 02:15:00+00:00,1987.955,1978.695,1995.645,1972.5749999999998,13,timeout,1.2041612483745026,NY_Late,23,0.9375
PEM_M15_V2,M15,short,2023-03-28 00:45:00+00:00,2023-03-28 03:45:00+00:00,1951.915,1956.548,1959.335,1937.0749999999998,13,timeout,-0.6243935309973037,Asia,0,0.6458333333333334
PEM_M15_V2,M15,long,2023-03-28 19:00:00+00:00,2023-03-28 19:30:00+00:00,1957.425,1962.0649999999998,1955.105,1962.0649999999998,3,tp,2.0,NY_Late,18,0.4166666666666667
PEM_M15_V2,M15,long,2023-03-29 01:00:00+00:00,2023-03-29 04:00:00+00:00,1971.898,1972.915,1965.605,1984.4839999999997,13,timeout,0.16160813602416496,Asia,0,0.6770833333333334
PEM_M15_V2,M15,long,2023-03-30 18:00:00+00:00,2023-03-30 20:30:00+00:00,1969.998,1966.815,1966.815,1976.364,11,sl,-1.0,NY_Late,17,0.3020833333333333
PEM_M15_V2,M15,long,2023-03-30 23:30:00+00:00,2023-03-31 02:30:00+00:00,1978.215,1982.148,1968.755,1997.1349999999995,13,timeout,0.41575052854123384,NY_Late,23,0.9375
PEM_M15_V2,M15,long,2023-04-03 17:30:00+00:00,2023-04-03 20:30:00+00:00,1969.855,1976.588,1962.948,1983.6689999999999,13,timeout,0.9748081656290748,NY_Late,17,0.375
PEM_M15_V2,M15,short,2023-04-06 20:00:00+00:00,2023-04-06 21:00:00+00:00,2014.278,2001.2259999999999,2020.804,2001.2259999999999,5,tp,2.0,NY_Late,19,0.6666666666666666
PEM_M15_V2,M15,long,2023-04-12 20:00:00+00:00,2023-04-12 20:45:00+00:00,2021.895,2007.245,2007.245,2051.195,4,sl,-1.0,NY_Late,19,1.0
PEM_M15_V2,M15,short,2023-04-17 17:45:00+00:00,2023-04-17 20:45:00+00:00,2007.505,1996.1850000000004,2013.165,1996.1850000000004,13,tp,2.0,NY_Late,17,0.16666666666666666
PEM_M15_V2,M15,short,2023-04-19 18:30:00+00:00,2023-04-19 19:30:00+00:00,1971.655,1975.715,1975.715,1963.535,5,sl,-1.0,NY_Late,18,0.84375
PEM_M15_V2,M15,long,2023-04-24 23:30:00+00:00,2023-04-25 02:30:00+00:00,1986.078,1988.145,1981.355,1995.524,13,timeout,0.43764556426000983,NY_Late,23,0.78125
PEM_M15_V2,M15,short,2023-04-25 17:30:00+00:00,2023-04-25 18:45:00+00:00,1986.685,1978.667,1990.694,1978.667,6,tp,2.0,NY_Late,17,0.6770833333333334
PEM_M15_V2,M15,long,2023-04-26 00:45:00+00:00,2023-04-26 03:45:00+00:00,1994.998,1996.408,1985.105,2014.784,13,timeout,0.14252501768926013,Asia,0,0.8229166666666666
PEM_M15_V2,M15,long,2023-05-04 05:15:00+00:00,2023-05-04 08:15:00+00:00,2061.898,2049.525,2028.935,2127.8240000000005,13,timeout,-0.37536025240421,Asia,5,1.0
PEM_M15_V2,M15,long,2023-05-08 23:00:00+00:00,2023-05-09 01:00:00+00:00,2028.454,2023.445,2023.445,2038.472,9,sl,-1.0,NY_Late,22,0.7604166666666666
PEM_M15_V2,M15,long,2023-05-09 17:15:00+00:00,2023-05-09 20:15:00+00:00,2028.184,2024.898,2024.898,2034.756,13,sl,-1.0,NY_Late,17,0.6354166666666666
PEM_M15_V2,M15,long,2023-05-09 23:45:00+00:00,2023-05-10 02:45:00+00:00,2031.894,2034.325,2025.074,2045.5339999999999,13,timeout,0.356451612903235,NY_Late,23,0.9479166666666666
PEM_M15_V2,M15,long,2023-05-11 18:45:00+00:00,2023-05-11 20:30:00+00:00,2037.654,2026.274,2026.274,2060.414,8,sl,-1.0,NY_Late,18,0.7291666666666666
PEM_M15_V2,M15,short,2023-05-12 17:15:00+00:00,2023-05-12 19:45:00+00:00,2002.794,2011.894,2011.894,1984.5940000000003,11,sl,-1.0,NY_Late,17,0.5625
PEM_M15_V2,M15,long,2023-05-15 23:00:00+00:00,2023-05-16 02:00:00+00:00,2018.354,2014.475,2014.115,2026.832,13,timeout,-0.9150743099787928,NY_Late,22,0.7916666666666666
PEM_M15_V2,M15,long,2023-05-20 00:00:00+00:00,2023-05-20 03:00:00+00:00,1977.725,1976.165,1963.355,2006.4649999999997,13,timeout,-0.10855949895615569,NY_Late,23,0.9583333333333334
PEM_M15_V2,M15,long,2023-05-22 05:30:00+00:00,2023-05-22 08:30:00+00:00,1979.994,1980.005,1974.098,1991.7859999999998,13,timeout,0.0018656716418240689,Asia,5,0.7395833333333334
PEM_M15_V2,M15,short,2023-05-22 22:45:00+00:00,2023-05-22 23:30:00+00:00,1972.155,1974.308,1974.308,1967.849,4,sl,-1.0,NY_Late,22,0.8229166666666666
PEM_M15_V2,M15,short,2023-05-23 02:00:00+00:00,2023-05-23 05:45:00+00:00,1972.695,1971.445,1975.695,1966.695,13,timeout,0.4166666666666667,Asia,1,0.6458333333333334
PEM_M15_V2,M15,short,2023-05-23 17:30:00+00:00,2023-05-23 19:15:00+00:00,1954.975,1960.265,1960.265,1944.3949999999995,8,sl,-1.0,NY_Late,17,0.5625
PEM_M15_V2,M15,long,2023-05-24 00:00:00+00:00,2023-05-24 03:00:00+00:00,1974.075,1974.945,1966.405,1989.4150000000002,13,timeout,0.11342894393740321,NY_Late,23,0.9166666666666666
PEM_M15_V2,M15,long,2023-05-24 19:00:00+00:00,2023-05-24 20:45:00+00:00,1980.895,1973.525,1973.525,1995.6349999999998,8,sl,-1.0,NY_Late,18,0.7291666666666666
PEM_M15_V2,M15,short,2023-05-26 20:00:00+00:00,2023-05-26 23:00:00+00:00,1946.335,1943.775,1954.095,1930.815,13,timeout,0.3298969072164882,NY_Late,19,0.71875
PEM_M15_V2,M15,short,2023-05-29 23:30:00+00:00,2023-05-30 05:45:00+00:00,1944.795,1943.178,1948.185,1938.0150000000003,13,timeout,0.4769911504424845,NY_Late,23,0.11458333333333333
PEM_M15_V2,M15,long,2023-05-30 19:15:00+00:00,2023-05-30 22:15:00+00:00,1959.218,1958.398,1944.305,1989.044,13,timeout,-0.05498558304835802,NY_Late,19,0.9375
PEM_M15_V2,M15,long,2023-06-01 18:00:00+00:00,2023-06-01 21:00:00+00:00,1965.428,1975.904,1955.028,1986.2280000000003,13,timeout,1.0073076923076725,NY_Late,17,0.5
PEM_M15_V2,M15,long,2023-06-01 23:15:00+00:00,2023-06-02 02:15:00+00:00,1982.095,1976.925,1966.475,2013.3350000000003,13,timeout,-0.3309859154929599,NY_Late,23,0.8541666666666666
PEM_M15_V2,M15,short,2023-06-02 23:45:00+00:00,2023-06-03 02:45:00+00:00,1956.125,1948.375,1965.145,1938.085,13,timeout,0.8592017738359219,NY_Late,23,0.90625
PEM_M15_V2,M15,short,2023-06-13 19:30:00+00:00,2023-06-13 19:30:00+00:00,1959.385,1965.598,1965.598,1946.959,1,sl,-1.0,NY_Late,19,0.6041666666666666
PEM_M15_V2,M15,short,2023-06-13 22:45:00+00:00,2023-06-14 01:45:00+00:00,1944.335,1940.825,1954.075,1924.855,13,timeout,0.36036960985626154,NY_Late,22,0.9583333333333334
PEM_M15_V2,M15,short,2023-06-15 04:00:00+00:00,2023-06-15 07:45:00+00:00,1941.185,1940.845,1946.965,1929.625,13,timeout,0.05882352941175082,Asia,3,0.9166666666666666
PEM_M15_V2,M15,short,2023-06-19 23:30:00+00:00,2023-06-20 05:15:00+00:00,1950.025,1953.045,1953.045,1943.9850000000001,11,sl,-1.0,NY_Late,23,0.3541666666666667
PEM_M15_V2,M15,short,2023-06-21 19:45:00+00:00,2023-06-21 20:45:00+00:00,1931.815,1924.9750000000004,1935.235,1924.9750000000004,5,tp,2.0,NY_Late,19,0.7395833333333334
PEM_M15_V2,M15,long,2023-06-22 00:00:00+00:00,2023-06-22 03:00:00+00:00,1933.725,1933.945,1930.145,1940.8849999999998,13,timeout,0.06145251396648932,NY_Late,23,0.875
PEM_M15_V2,M15,short,2023-06-22 19:00:00+00:00,2023-06-22 19:30:00+00:00,1925.835,1928.825,1928.825,1919.855,3,sl,-1.0,NY_Late,18,0.625
PEM_M15_V2,M15,short,2023-06-23 05:00:00+00:00,2023-06-23 08:00:00+00:00,1913.504,1915.445,1917.075,1906.3619999999996,13,timeout,-0.5435452254270385,Asia,4,0.5625
PEM_M15_V2,M15,long,2023-06-30 19:45:00+00:00,2023-06-30 22:45:00+00:00,1909.155,1918.535,1901.255,1924.9549999999997,13,timeout,1.187341772151933,NY_Late,19,0.65625
PEM_M15_V2,M15,short,2023-07-06 01:45:00+00:00,2023-07-06 05:30:00+00:00,1916.385,1917.628,1920.254,1908.6470000000002,13,timeout,-0.32127164642025474,Asia,1,0.8333333333333334
PEM_M15_V2,M15,long,2023-07-07 22:15:00+00:00,2023-07-08 01:15:00+00:00,1933.405,1925.985,1915.845,1968.5249999999999,13,timeout,-0.42255125284738587,NY_Late,22,0.8854166666666666
PEM_M15_V2,M15,long,2023-07-11 01:00:00+00:00,2023-07-11 04:00:00+00:00,1926.298,1925.008,1922.008,1934.878,13,timeout,-0.3006993006992948,Asia,0,0.6770833333333334
PEM_M15_V2,M15,short,2023-07-11 23:30:00+00:00,2023-07-12 02:30:00+00:00,1929.888,1932.105,1933.095,1923.4739999999997,13,timeout,-0.691300280636116,NY_Late,23,0.8541666666666666
PEM_M15_V2,M15,long,2023-07-13 00:00:00+00:00,2023-07-13 03:00:00+00:00,1958.775,1958.225,1953.178,1969.969,13,timeout,-0.09826692871184275,NY_Late,23,0.8541666666666666
PEM_M15_V2,M15,short,2023-07-17 05:45:00+00:00,2023-07-17 08:30:00+00:00,1953.434,1955.365,1955.365,1949.572,12,sl,-1.0,Asia,5,0.5833333333333334
PEM_M15_V2,M15,short,2023-07-17 20:00:00+00:00,2023-07-17 23:00:00+00:00,1951.195,1954.618,1959.585,1934.4149999999997,13,timeout,-0.4079856972586366,NY_Late,19,0.8125
PEM_M15_V2,M15,long,2023-07-18 18:45:00+00:00,2023-07-18 18:45:00+00:00,1965.608,1960.935,1960.935,1974.954,1,sl,-1.0,NY_Late,18,0.7604166666666666
PEM_M15_V2,M15,long,2023-07-19 19:45:00+00:00,2023-07-19 21:30:00+00:00,1978.705,1972.915,1972.915,1990.2849999999999,8,sl,-1.0,NY_Late,19,0.6354166666666666
PEM_M15_V2,M15,short,2023-07-20 18:30:00+00:00,2023-07-20 21:15:00+00:00,1979.415,1971.475,1983.385,1971.475,12,tp,2.0,NY_Late,18,0.5729166666666666
PEM_M15_V2,M15,short,2023-07-21 03:30:00+00:00,2023-07-21 06:15:00+00:00,1968.765,1971.358,1971.358,1963.5790000000004,9,sl,-1.0,Asia,3,0.6770833333333334
PEM_M15_V2,M15,short,2023-07-25 01:45:00+00:00,2023-07-25 05:30:00+00:00,1955.238,1954.835,1960.615,1944.4840000000002,13,timeout,0.07494885623954316,Asia,1,0.8229166666666666
PEM_M15_V2,M15,long,2023-07-28 17:15:00+00:00,2023-07-28 19:30:00+00:00,1951.905,1960.285,1947.715,1960.285,10,tp,2.0,NY_Late,17,0.3229166666666667
PEM_M15_V2,M15,short,2023-08-04 19:15:00+00:00,2023-08-04 19:30:00+00:00,1931.235,1933.845,1933.845,1926.0149999999996,2,sl_first_ambiguous,-1.0,NY_Late,19,0.20833333333333334
PEM_M15_V2,M15,short,2023-08-09 18:30:00+00:00,2023-08-09 18:45:00+00:00,1923.795,1926.025,1926.025,1919.335,2,sl,-1.0,NY_Late,18,0.22916666666666666
PEM_M15_V2,M15,short,2023-08-11 00:45:00+00:00,2023-08-11 03:45:00+00:00,1916.345,1912.568,1921.245,1906.5450000000003,13,timeout,0.7708163265306426,Asia,0,0.84375
PEM_M15_V2,M15,long,2023-08-11 19:15:00+00:00,2023-08-11 19:30:00+00:00,1918.905,1917.095,1917.095,1922.5249999999999,2,sl,-1.0,NY_Late,19,0.041666666666666664
PEM_M15_V2,M15,short,2023-08-15 17:45:00+00:00,2023-08-15 19:30:00+00:00,1902.825,1898.345,1905.065,1898.345,8,tp,2.0,NY_Late,17,0.4270833333333333
PEM_M15_V2,M15,short,2023-08-16 19:15:00+00:00,2023-08-16 22:15:00+00:00,1903.098,1903.735,1907.045,1895.2039999999997,13,timeout,-0.16138839625029766,NY_Late,19,0.21875
PEM_M15_V2,M15,short,2023-08-17 23:30:00+00:00,2023-08-18 02:30:00+00:00,1889.485,1888.665,1896.295,1875.8649999999996,13,timeout,0.12041116005872475,NY_Late,23,0.90625
PEM_M15_V2,M15,long,2023-08-21 23:45:00+00:00,2023-08-22 00:45:00+00:00,1890.728,1894.9560000000001,1888.614,1894.9560000000001,5,tp,2.0,NY_Late,23,0.875
PEM_M15_V2,M15,short,2023-08-22 21:00:00+00:00,2023-08-23 00:00:00+00:00,1892.885,1897.265,1903.445,1871.765,13,timeout,-0.4147727272727397,NY_Late,20,0.8125
PEM_M15_V2,M15,short,2023-08-24 19:00:00+00:00,2023-08-24 22:00:00+00:00,1917.635,1921.625,1921.625,1909.655,13,sl,-1.0,NY_Late,18,0.28125
PEM_M15_V2,M15,short,2023-08-25 20:45:00+00:00,2023-08-25 21:15:00+00:00,1913.585,1917.305,1917.305,1906.145,3,sl,-1.0,NY_Late,20,0.7395833333333334
PEM_M15_V2,M15,long,2023-08-28 22:45:00+00:00,2023-08-29 00:15:00+00:00,1921.095,1918.328,1918.328,1926.6290000000001,7,sl,-1.0,NY_Late,22,0.6875
PEM_M15_V2,M15,long,2023-08-30 02:45:00+00:00,2023-08-30 06:30:00+00:00,1937.655,1936.325,1920.948,1971.0689999999997,13,timeout,-0.079607350212482,Asia,2,0.7708333333333334
PEM_M15_V2,M15,short,2023-09-01 00:45:00+00:00,2023-09-01 03:45:00+00:00,1939.965,1939.508,1942.945,1934.0049999999999,13,timeout,0.15335570469794535,Asia,0,0.8125
PEM_M15_V2,M15,long,2023-09-01 18:45:00+00:00,2023-09-01 19:30:00+00:00,1945.075,1949.195,1943.015,1949.195,4,tp,2.0,NY_Late,18,0.09375
PEM_M15_V2,M15,short,2023-09-06 20:30:00+00:00,2023-09-06 21:00:00+00:00,1921.568,1927.425,1927.425,1909.854,3,sl,-1.0,NY_Late,20,0.71875
PEM_M15_V2,M15,long,2023-09-07 18:45:00+00:00,2023-09-07 19:30:00+00:00,1920.995,1918.075,1918.075,1926.8349999999996,4,sl,-1.0,NY_Late,18,0.5
PEM_M15_V2,M15,long,2023-09-07 23:15:00+00:00,2023-09-08 02:15:00+00:00,1920.875,1919.908,1917.108,1928.409,13,timeout,-0.25670294664191257,NY_Late,23,0.84375
PEM_M15_V2,M15,long,2023-09-18 23:00:00+00:00,2023-09-19 01:00:00+00:00,1928.455,1933.0749999999998,1926.145,1933.0749999999998,9,tp,2.0,NY_Late,22,0.8229166666666666
PEM_M15_V2,M15,long,2023-09-19 03:30:00+00:00,2023-09-19 07:15:00+00:00,1933.525,1933.975,1930.295,1939.9850000000001,13,timeout,0.13931888544885931,Asia,3,0.5104166666666666
PEM_M15_V2,M15,short,2023-09-19 22:45:00+00:00,2023-09-20 01:45:00+00:00,1932.728,1930.635,1935.705,1926.7740000000003,13,timeout,0.7030567685590097,NY_Late,22,0.9479166666666666
PEM_M15_V2,M15,long,2023-09-20 17:30:00+00:00,2023-09-20 20:30:00+00:00,1932.185,1933.555,1929.548,1937.4589999999998,13,timeout,0.5195297686765823,NY_Late,17,0.6458333333333334
PEM_M15_V2,M15,short,2023-09-26 23:30:00+00:00,2023-09-27 02:30:00+00:00,1901.955,1899.905,1906.818,1892.2289999999998,13,timeout,0.42155048324078365,NY_Late,23,0.9375
PEM_M15_V2,M15,short,2023-09-28 00:30:00+00:00,2023-09-28 03:30:00+00:00,1875.675,1875.728,1882.278,1862.4689999999998,13,timeout,-0.008026654550978408,Asia,0,0.9270833333333334
PEM_M15_V2,M15,short,2023-10-04 23:45:00+00:00,2023-10-05 02:45:00+00:00,1821.745,1822.878,1827.225,1810.7849999999999,13,timeout,-0.20675182481752452,NY_Late,23,0.78125
PEM_M15_V2,M15,short,2023-10-11 01:15:00+00:00,2023-10-11 05:00:00+00:00,1858.065,1859.878,1862.358,1849.4790000000003,13,timeout,-0.42231539715814576,Asia,1,0.8854166666666666
PEM_M15_V2,M15,long,2023-10-11 18:00:00+00:00,2023-10-11 19:30:00+00:00,1873.898,1868.735,1868.735,1884.224,7,sl,-1.0,NY_Late,17,0.6666666666666666
PEM_M15_V2,M15,short,2023-10-18 01:00:00+00:00,2023-10-18 04:00:00+00:00,1920.815,1922.798,1926.285,1909.875,13,timeout,-0.3625228519195498,Asia,0,0.8125
PEM_M15_V2,M15,long,2023-10-20 02:45:00+00:00,2023-10-20 06:30:00+00:00,1976.765,1974.655,1949.725,2030.8450000000005,13,timeout,-0.07803254437870238,Asia,2,0.9166666666666666
PEM_M15_V2,M15,short,2023-10-24 03:00:00+00:00,2023-10-24 06:45:00+00:00,1971.435,1972.198,1978.015,1958.2749999999996,13,timeout,-0.1159574468085303,Asia,2,0.375
PEM_M15_V2,M15,short,2023-10-27 18:30:00+00:00,2023-10-27 21:30:00+00:00,1981.225,1983.585,1987.525,1968.6249999999995,13,timeout,-0.374603174603184,NY_Late,18,0.4166666666666667
PEM_M15_V2,M15,long,2023-10-28 01:00:00+00:00,2023-10-28 04:00:00+00:00,1994.305,2005.648,1979.545,2023.825,13,timeout,0.7684959349593398,Asia,0,0.9583333333333334
PEM_M15_V2,M15,short,2023-11-01 00:45:00+00:00,2023-11-01 03:45:00+00:00,1985.095,1983.678,1995.005,1965.2749999999999,13,timeout,0.1429868819374273,Asia,0,0.96875
PEM_M15_V2,M15,short,2023-11-07 02:45:00+00:00,2023-11-07 06:30:00+00:00,1979.255,1977.695,1984.345,1969.0750000000003,13,timeout,0.30648330058942985,Asia,2,0.19791666666666666
PEM_M15_V2,M15,short,2023-11-09 01:45:00+00:00,2023-11-09 04:45:00+00:00,1951.615,1949.768,1955.565,1943.715,13,timeout,0.46759493670885033,Asia,1,0.8958333333333334
PEM_M15_V2,M15,short,2023-11-11 01:15:00+00:00,2023-11-11 04:15:00+00:00,1936.755,1936.865,1939.995,1930.2750000000005,13,timeout,-0.03395061728392203,Asia,1,0.71875
PEM_M15_V2,M15,short,2023-11-18 00:00:00+00:00,2023-11-18 03:00:00+00:00,1980.375,1979.755,1985.115,1970.895,13,timeout,0.1308016877636898,NY_Late,23,0.8229166666666666
PEM_M15_V2,M15,short,2023-11-20 18:45:00+00:00,2023-11-20 21:45:00+00:00,1974.375,1970.355,1979.445,1964.2350000000001,13,timeout,0.79289940828403,NY_Late,18,0.1875
PEM_M15_V2,M15,long,2023-11-21 01:45:00+00:00,2023-11-21 04:45:00+00:00,1978.178,1977.088,1972.445,1989.6440000000005,13,timeout,-0.19012733298449544,Asia,1,0.90625
PEM_M15_V2,M15,long,2023-11-22 18:45:00+00:00,2023-11-22 20:30:00+00:00,2003.025,1998.448,1998.448,2012.179,8,sl,-1.0,NY_Late,18,0.46875
PEM_M15_V2,M15,long,2023-11-28 04:30:00+00:00,2023-11-28 08:15:00+00:00,2014.258,2016.908,2007.615,2027.544,13,timeout,0.3989161523407876,Asia,4,0.010416666666666666
PEM_M15_V2,M15,long,2023-11-30 00:45:00+00:00,2023-11-30 03:45:00+00:00,2044.825,2044.535,2039.455,2055.5650000000005,13,timeout,-0.05400372439477789,Asia,0,0.8333333333333334
PEM_M15_V2,M15,short,2023-11-30 17:30:00+00:00,2023-11-30 20:30:00+00:00,2037.965,2039.795,2045.325,2023.2449999999997,13,timeout,-0.2486413043478428,NY_Late,17,0.5833333333333334
PEM_M15_V2,M15,long,2023-12-01 00:30:00+00:00,2023-12-01 01:45:00+00:00,2040.255,2036.565,2036.565,2047.6350000000002,6,sl,-1.0,Asia,0,0.8958333333333334
PEM_M15_V2,M15,short,2023-12-05 17:45:00+00:00,2023-12-05 20:45:00+00:00,2023.245,2028.545,2034.895,1999.9449999999997,13,timeout,-0.45493562231760865,NY_Late,17,0.3541666666666667
PEM_M15_V2,M15,short,2023-12-06 18:45:00+00:00,2023-12-06 19:30:00+00:00,2020.835,2023.225,2023.225,2016.0550000000003,4,sl,-1.0,NY_Late,18,0.4375
PEM_M15_V2,M15,long,2023-12-07 17:15:00+00:00,2023-12-07 20:15:00+00:00,2034.035,2032.155,2028.255,2045.595,13,timeout,-0.32525951557095467,NY_Late,17,0.4479166666666667
PEM_M15_V2,M15,short,2023-12-09 00:30:00+00:00,2023-12-09 03:30:00+00:00,1995.055,2002.518,2009.945,1965.2750000000003,13,timeout,-0.5012088650100759,Asia,0,0.9479166666666666
PEM_M15_V2,M15,short,2023-12-12 00:45:00+00:00,2023-12-12 03:45:00+00:00,1979.095,1980.565,1995.545,1946.195,13,timeout,-0.08936170212766098,Asia,0,0.75
PEM_M15_V2,M15,long,2023-12-12 20:45:00+00:00,2023-12-12 20:45:00+00:00,1994.855,1986.035,1986.035,2012.495,1,sl,-1.0,NY_Late,20,0.8020833333333334
PEM_M15_V2,M15,short,2023-12-13 00:45:00+00:00,2023-12-13 03:45:00+00:00,1978.885,1979.958,1983.385,1969.885,13,timeout,-0.23844444444446505,Asia,0,0.84375
PEM_M15_V2,M15,long,2023-12-14 07:00:00+00:00,2023-12-14 10:00:00+00:00,2028.995,2032.105,2023.635,2039.7149999999997,13,timeout,0.5802238805970495,Asia,6,0.875
PEM_M15_V2,M15,long,2023-12-15 19:45:00+00:00,2023-12-15 20:45:00+00:00,2043.525,2034.705,2034.705,2061.1650000000004,5,sl,-1.0,NY_Late,19,0.2708333333333333
PEM_M15_V2,M15,short,2023-12-16 01:45:00+00:00,2023-12-16 04:45:00+00:00,2020.705,2018.608,2036.058,1989.9989999999998,13,timeout,0.1365856835797545,Asia,1,0.8645833333333334
PEM_M15_V2,M15,long,2023-12-18 20:30:00+00:00,2023-12-18 23:30:00+00:00,2024.135,2023.198,2018.658,2035.0890000000002,13,timeout,-0.1710790578783792,NY_Late,20,0.1875
PEM_M15_V2,M15,long,2023-12-22 17:45:00+00:00,2023-12-22 18:30:00+00:00,2055.675,2062.175,2052.425,2062.175,4,tp,2.0,NY_Late,17,0.19791666666666666
PEM_M15_V2,M15,long,2023-12-22 18:45:00+00:00,2023-12-22 21:45:00+00:00,2062.105,2069.625,2054.785,2076.7450000000003,13,timeout,1.0273224043715592,NY_Late,18,0.3541666666666667
PEM_M15_V2,M15,long,2023-12-27 03:15:00+00:00,2023-12-27 04:00:00+00:00,2061.498,2068.444,2058.025,2068.444,4,tp,2.0,Asia,3,0.4375
PEM_M15_V2,M15,short,2023-12-28 19:15:00+00:00,2023-12-28 20:45:00+00:00,2075.235,2078.765,2078.765,2068.1750000000006,7,sl,-1.0,NY_Late,19,0.6458333333333334
PEM_M15_V2,M15,short,2023-12-29 17:15:00+00:00,2023-12-29 20:15:00+00:00,2065.148,2063.435,2072.988,2049.4680000000008,13,timeout,0.2184948979592169,NY_Late,17,0.4270833333333333
PEM_M15_V2,M15,short,2024-01-05 00:45:00+00:00,2024-01-05 03:45:00+00:00,2040.855,2044.275,2046.168,2030.2290000000003,13,timeout,-0.6437041219650205,Asia,0,0.6770833333333334
PEM_M15_V2,M15,short,2024-01-05 17:15:00+00:00,2024-01-05 20:15:00+00:00,2038.525,2040.585,2044.365,2026.8450000000003,13,timeout,-0.35273972602739284,NY_Late,17,0.5104166666666666
PEM_M15_V2,M15,short,2024-01-08 18:45:00+00:00,2024-01-08 21:45:00+00:00,2022.678,2022.905,2029.435,2009.1640000000004,13,timeout,-0.03359479058751921,NY_Late,18,0.65625
PEM_M15_V2,M15,long,2024-01-09 21:30:00+00:00,2024-01-09 22:15:00+00:00,2039.735,2033.558,2033.558,2052.089,4,sl,-1.0,NY_Late,21,0.7916666666666666
PEM_M15_V2,M15,long,2024-01-12 18:15:00+00:00,2024-01-12 21:15:00+00:00,2046.375,2053.795,2035.745,2067.635,13,timeout,0.6980244590780805,NY_Late,18,0.4479166666666667
PEM_M15_V2,M15,long,2024-01-13 01:45:00+00:00,2024-01-13 04:45:00+00:00,2047.105,2048.318,2041.635,2058.045,13,timeout,0.2217550274223376,Asia,1,0.7604166666666666
PEM_M15_V2,M15,short,2024-01-16 19:00:00+00:00,2024-01-16 20:15:00+00:00,2039.075,2035.115,2041.055,2035.115,6,tp,2.0,NY_Late,18,0.8958333333333334
PEM_M15_V2,M15,long,2024-01-17 20:00:00+00:00,2024-01-17 20:30:00+00:00,2027.685,2022.715,2022.715,2037.625,3,sl,-1.0,NY_Late,19,0.5520833333333334
PEM_M15_V2,M15,short,2024-01-18 00:30:00+00:00,2024-01-18 03:30:00+00:00,2005.185,2005.475,2010.465,1994.625,13,timeout,-0.05492424242423582,Asia,0,0.8020833333333334
PEM_M15_V2,M15,long,2024-01-19 01:15:00+00:00,2024-01-19 03:30:00+00:00,2015.735,2021.215,2012.995,2021.215,10,tp,2.0,Asia,1,0.65625
PEM_M15_V2,M15,long,2024-01-19 04:00:00+00:00,2024-01-19 07:45:00+00:00,2021.665,2022.895,2018.825,2027.3449999999998,13,timeout,0.4330985915493147,Asia,3,0.5729166666666666
PEM_M15_V2,M15,long,2024-01-19 19:15:00+00:00,2024-01-19 20:45:00+00:00,2031.895,2038.0549999999998,2028.815,2038.0549999999998,7,tp,2.0,NY_Late,19,0.22916666666666666
PEM_M15_V2,M15,long,2024-01-22 19:15:00+00:00,2024-01-22 21:15:00+00:00,2026.018,2021.045,2021.045,2035.964,9,sl,-1.0,NY_Late,19,0.5625
PEM_M15_V2,M15,long,2024-01-24 02:45:00+00:00,2024-01-24 06:30:00+00:00,2028.845,2027.615,2022.495,2041.5450000000003,13,timeout,-0.1937007874015735,Asia,2,0.5
PEM_M15_V2,M15,short,2024-01-25 03:00:00+00:00,2024-01-25 06:15:00+00:00,2012.295,2015.445,2015.445,2005.9950000000003,11,sl,-1.0,Asia,2,0.8020833333333334
PEM_M15_V2,M15,short,2024-01-26 00:00:00+00:00,2024-01-26 03:00:00+00:00,2014.015,2018.275,2020.895,2000.2550000000003,13,timeout,-0.6191860465116372,NY_Late,23,0.8645833333333334
PEM_M15_V2,M15,long,2024-01-26 04:30:00+00:00,2024-01-26 08:15:00+00:00,2019.375,2022.765,2016.845,2024.435,13,timeout,1.3399209486166548,Asia,4,0.6354166666666666
PEM_M15_V2,M15,short,2024-01-27 01:15:00+00:00,2024-01-27 04:15:00+00:00,2016.515,2018.935,2023.765,2002.015,13,timeout,-0.3337931034482545,Asia,1,0.6770833333333334
PEM_M15_V2,M15,long,2024-01-30 03:30:00+00:00,2024-01-30 07:15:00+00:00,2031.265,2031.715,2025.745,2042.3050000000005,13,timeout,0.08152173913039874,Asia,3,0.6770833333333334
PEM_M15_V2,M15,long,2024-01-30 21:30:00+00:00,2024-01-30 22:30:00+00:00,2043.298,2032.525,2032.525,2064.844,5,sl,-1.0,NY_Late,21,0.75
PEM_M15_V2,M15,long,2024-01-31 00:15:00+00:00,2024-01-31 03:15:00+00:00,2035.905,2035.815,2031.275,2045.1649999999997,13,timeout,-0.019438444924388863,Asia,0,0.9270833333333334
PEM_M15_V2,M15,long,2024-01-31 21:15:00+00:00,2024-01-31 21:45:00+00:00,2041.135,2049.675,2036.865,2049.675,3,tp,2.0000000000000533,NY_Late,21,0.7291666666666666
PEM_M15_V2,M15,short,2024-02-01 02:15:00+00:00,2024-02-01 06:00:00+00:00,2041.305,2039.765,2053.914,2016.0869999999998,13,timeout,0.1221349829486831,Asia,2,0.9479166666666666
PEM_M15_V2,M15,long,2024-02-02 19:00:00+00:00,2024-02-02 20:30:00+00:00,2055.625,2052.905,2052.905,2061.0649999999996,7,sl,-1.0,NY_Late,18,0.16666666666666666
PEM_M15_V2,M15,short,2024-02-05 20:15:00+00:00,2024-02-05 23:15:00+00:00,2021.935,2019.375,2028.258,2009.2889999999998,13,timeout,0.40487110548788674,NY_Late,20,0.13541666666666666
PEM_M15_V2,M15,long,2024-02-06 01:00:00+00:00,2024-02-06 04:00:00+00:00,2025.105,2024.825,2020.445,2034.4250000000002,13,timeout,-0.06008583690986433,Asia,0,0.7916666666666666
PEM_M15_V2,M15,short,2024-02-08 20:15:00+00:00,2024-02-08 21:45:00+00:00,2024.475,2031.585,2031.585,2010.2549999999997,7,sl,-1.0,NY_Late,20,0.71875
PEM_M15_V2,M15,short,2024-02-15 03:00:00+00:00,2024-02-15 06:45:00+00:00,1989.835,1993.335,1995.185,1979.1350000000002,13,timeout,-0.6542056074766467,Asia,2,0.75
PEM_M15_V2,M15,long,2024-02-15 18:00:00+00:00,2024-02-15 20:30:00+00:00,1997.745,2004.0649999999996,1994.585,2004.0649999999996,11,tp,2.0,NY_Late,17,0.2708333333333333
PEM_M15_V2,M15,long,2024-02-16 01:30:00+00:00,2024-02-16 04:30:00+00:00,2004.245,2003.948,1995.815,2021.1049999999996,13,timeout,-0.03523131672595538,Asia,1,0.7916666666666666
PEM_M15_V2,M15,short,2024-02-16 21:00:00+00:00,2024-02-16 22:45:00+00:00,2000.328,2007.705,2007.705,1985.574,8,sl,-1.0,NY_Late,20,0.6979166666666666
PEM_M15_V2,M15,long,2024-02-17 01:15:00+00:00,2024-02-17 04:15:00+00:00,2012.905,2013.205,2008.435,2021.845,13,timeout,0.06711409395972096,Asia,1,0.8854166666666666
PEM_M15_V2,M15,short,2024-02-19 23:15:00+00:00,2024-02-20 00:45:00+00:00,2014.565,2017.365,2017.365,2008.9650000000001,7,sl,-1.0,NY_Late,23,0.16666666666666666
PEM_M15_V2,M15,long,2024-02-20 19:30:00+00:00,2024-02-20 22:30:00+00:00,2027.255,2029.565,2022.975,2035.8150000000005,13,timeout,0.5397196261681864,NY_Late,19,0.96875
PEM_M15_V2,M15,long,2024-02-21 18:15:00+00:00,2024-02-21 18:15:00+00:00,2029.765,2027.808,2027.808,2033.6790000000003,1,sl,-1.0,NY_Late,18,0.375
PEM_M15_V2,M15,short,2024-02-22 00:30:00+00:00,2024-02-22 03:30:00+00:00,2022.915,2025.298,2029.615,2009.5149999999999,13,timeout,-0.35567164179104804,Asia,0,0.9166666666666666
PEM_M15_V2,M15,long,2024-02-23 19:15:00+00:00,2024-02-23 22:15:00+00:00,2023.995,2025.715,2015.955,2040.0749999999998,13,timeout,0.21393034825871082,NY_Late,19,0.5625
PEM_M15_V2,M15,long,2024-02-23 23:30:00+00:00,2024-02-24 02:30:00+00:00,2033.935,2038.378,2026.065,2049.6749999999997,13,timeout,0.5645489199491798,NY_Late,23,0.96875
PEM_M15_V2,M15,long,2024-02-27 04:00:00+00:00,2024-02-27 07:45:00+00:00,2033.295,2031.108,2026.475,2046.9350000000004,13,timeout,-0.3206744868035298,Asia,3,0.59375
PEM_M15_V2,M15,short,2024-02-28 03:00:00+00:00,2024-02-28 06:45:00+00:00,2030.035,2030.715,2036.805,2016.4950000000001,13,timeout,-0.10044313146230992,Asia,2,0.8125
PEM_M15_V2,M15,short,2024-02-29 02:15:00+00:00,2024-02-29 03:30:00+00:00,2031.435,2033.715,2033.715,2026.875,6,sl,-1.0,Asia,2,0.71875
PEM_M15_V2,M15,long,2024-03-04 23:30:00+00:00,2024-03-05 02:30:00+00:00,2114.035,2116.235,2081.755,2178.5949999999993,13,timeout,0.0681536555142593,NY_Late,23,0.84375
PEM_M15_V2,M15,long,2024-03-07 01:45:00+00:00,2024-03-07 02:15:00+00:00,2151.035,2141.835,2141.835,2169.4349999999995,3,sl,-1.0,Asia,1,0.8958333333333334
PEM_M15_V2,M15,short,2024-03-09 02:30:00+00:00,2024-03-11 05:00:00+00:00,2170.685,2179.975,2179.975,2152.105,12,sl,-1.0,Asia,2,0.9583333333333334
PEM_M15_V2,M15,short,2024-03-13 01:15:00+00:00,2024-03-13 05:00:00+00:00,2154.395,2158.674,2176.445,2110.2949999999996,13,timeout,-0.194058956916098,Asia,1,0.8020833333333334
PEM_M15_V2,M15,long,2024-03-14 00:30:00+00:00,2024-03-14 03:30:00+00:00,2179.345,2174.385,2171.235,2195.564999999999,13,timeout,-0.6115906288532407,Asia,0,0.8333333333333334
PEM_M15_V2,M15,short,2024-03-14 18:45:00+00:00,2024-03-14 19:15:00+00:00,2169.465,2166.8250000000007,2170.785,2166.8250000000007,3,tp,2.0,NY_Late,18,0.3125
PEM_M15_V2,M15,short,2024-03-15 19:45:00+00:00,2024-03-15 22:45:00+00:00,2162.775,2160.765,2169.775,2148.775,13,timeout,0.28714285714288834,NY_Late,19,0.6875
PEM_M15_V2,M15,short,2024-03-16 00:30:00+00:00,2024-03-16 03:30:00+00:00,2158.115,2157.915,2163.225,2147.8949999999995,13,timeout,0.03913894324849572,Asia,0,0.8333333333333334
PEM_M15_V2,M15,long,2024-03-18 18:15:00+00:00,2024-03-18 21:15:00+00:00,2158.628,2157.448,2154.385,2167.114,13,timeout,-0.2781051143059883,NY_Late,18,0.1875
PEM_M15_V2,M15,long,2024-03-20 01:00:00+00:00,2024-03-20 04:00:00+00:00,2156.385,2156.995,2153.038,2163.0790000000006,13,timeout,0.18225276366884816,Asia,0,0.7604166666666666
PEM_M15_V2,M15,short,2024-03-20 17:30:00+00:00,2024-03-20 20:30:00+00:00,2153.915,2150.928,2157.155,2147.4349999999995,13,timeout,0.921913580246871,NY_Late,17,0.4791666666666667
PEM_M15_V2,M15,long,2024-03-21 01:30:00+00:00,2024-03-21 02:30:00+00:00,2166.125,2187.925,2155.225,2187.925,5,tp,2.0,Asia,1,1.0
PEM_M15_V2,M15,long,2024-03-21 05:45:00+00:00,2024-03-21 08:45:00+00:00,2206.875,2203.115,2180.745,2259.135,13,timeout,-0.14389590508994268,Asia,5,1.0
PEM_M15_V2,M15,long,2024-03-21 17:45:00+00:00,2024-03-21 19:45:00+00:00,2211.025,2203.965,2203.965,2225.145,9,sl,-1.0,NY_Late,17,0.46875
PEM_M15_V2,M15,long,2024-03-28 18:00:00+00:00,2024-03-28 21:00:00+00:00,2210.775,2207.435,2196.304,2239.717,13,timeout,-0.23080644046715118,NY_Late,17,0.7291666666666666
PEM_M15_V2,M15,long,2024-04-01 05:00:00+00:00,2024-04-01 08:00:00+00:00,2238.435,2254.195,2213.108,2289.0889999999995,13,timeout,0.6222608283650002,Asia,4,0.75
PEM_M15_V2,M15,long,2024-04-03 01:15:00+00:00,2024-04-03 05:00:00+00:00,2265.945,2281.005,2258.185,2281.4650000000006,13,timeout,1.9407216494844746,Asia,1,0.8645833333333334
PEM_M15_V2,M15,short,2024-04-05 00:15:00+00:00,2024-04-05 01:15:00+00:00,2286.925,2294.865,2294.865,2271.045000000001,5,sl,-1.0,Asia,0,0.75
PEM_M15_V2,M15,long,2024-04-08 18:00:00+00:00,2024-04-08 19:15:00+00:00,2343.075,2333.215,2333.215,2362.794999999999,6,sl,-1.0,NY_Late,17,0.1875
PEM_M15_V2,M15,short,2024-04-08 20:00:00+00:00,2024-04-08 23:00:00+00:00,2326.105,2327.355,2340.808,2296.699,13,timeout,-0.08501666326600028,NY_Late,19,0.5
PEM_M15_V2,M15,long,2024-04-09 01:00:00+00:00,2024-04-09 04:00:00+00:00,2336.518,2338.845,2325.925,2357.7039999999997,13,timeout,0.219673369206061,Asia,0,0.3333333333333333
PEM_M15_V2,M15,short,2024-04-11 02:00:00+00:00,2024-04-11 06:00:00+00:00,2334.385,2336.135,2340.825,2321.505000000001,13,timeout,-0.27173913043479947,Asia,1,0.8020833333333334
PEM_M15_V2,M15,long,2024-04-15 18:30:00+00:00,2024-04-15 20:45:00+00:00,2358.785,2347.105,2347.105,2382.1449999999995,10,sl,-1.0,NY_Late,18,0.17708333333333334
PEM_M15_V2,M15,long,2024-04-16 02:30:00+00:00,2024-04-16 06:15:00+00:00,2379.818,2385.835,2363.255,2412.9440000000004,13,timeout,0.3632795991064293,Asia,2,0.5104166666666666
PEM_M15_V2,M15,short,2024-04-17 20:00:00+00:00,2024-04-17 20:45:00+00:00,2379.545,2394.165,2394.165,2350.3050000000003,4,sl,-1.0,NY_Late,19,0.46875
PEM_M15_V2,M15,long,2024-04-20 00:15:00+00:00,2024-04-20 03:15:00+00:00,2400.815,2387.515,2372.855,2456.735,13,timeout,-0.4756795422031532,Asia,0,0.4583333333333333
PEM_M15_V2,M15,short,2024-04-22 18:45:00+00:00,2024-04-22 21:45:00+00:00,2342.595,2340.415,2361.525,2304.734999999999,13,timeout,0.11516111991546765,NY_Late,18,0.5625
PEM_M15_V2,M15,long,2024-04-23 23:45:00+00:00,2024-04-24 02:45:00+00:00,2326.625,2322.665,2318.978,2341.919,13,timeout,-0.5178501373087577,NY_Late,23,0.78125
PEM_M15_V2,M15,long,2024-04-29 17:15:00+00:00,2024-04-29 19:00:00+00:00,2342.975,2337.175,2337.175,2354.5749999999994,8,sl,-1.0,NY_Late,17,0.22916666666666666
PEM_M15_V2,M15,long,2024-04-29 23:45:00+00:00,2024-04-30 02:15:00+00:00,2344.358,2336.078,2336.078,2360.9180000000006,11,sl,-1.0,NY_Late,23,0.9479166666666666
PEM_M15_V2,M15,long,2024-05-02 02:00:00+00:00,2024-05-02 05:45:00+00:00,2323.825,2320.325,2293.305,2384.865,13,timeout,-0.11467889908256887,Asia,1,1.0
PEM_M15_V2,M15,long,2024-05-03 01:15:00+00:00,2024-05-03 05:00:00+00:00,2307.895,2303.885,2298.918,2325.8489999999997,13,timeout,-0.44669711484903923,Asia,1,0.625
PEM_M15_V2,M15,long,2024-05-08 05:45:00+00:00,2024-05-08 08:30:00+00:00,2315.825,2311.745,2311.745,2323.9849999999997,12,sl,-1.0,Asia,5,0.010416666666666666
PEM_M15_V2,M15,long,2024-05-08 17:45:00+00:00,2024-05-08 20:30:00+00:00,2315.385,2308.045,2308.045,2330.0650000000005,12,sl,-1.0,NY_Late,17,0.59375
PEM_M15_V2,M15,long,2024-05-10 02:15:00+00:00,2024-05-10 06:00:00+00:00,2336.994,2346.605,2329.415,2352.1520000000005,13,timeout,1.2681092492412787,Asia,2,0.7604166666666666
PEM_M15_V2,M15,short,2024-05-23 01:45:00+00:00,2024-05-23 05:30:00+00:00,2379.625,2380.345,2394.235,2350.4049999999997,13,timeout,-0.0492813141683637,Asia,1,0.8854166666666666
PEM_M15_V2,M15,short,2024-05-24 01:00:00+00:00,2024-05-24 04:00:00+00:00,2333.465,2328.375,2345.708,2308.9790000000003,13,timeout,0.41574777423835424,Asia,0,0.8854166666666666
PEM_M15_V2,M15,long,2024-05-29 05:15:00+00:00,2024-05-29 07:45:00+00:00,2361.625,2357.705,2357.705,2369.465,11,sl,-1.0,Asia,5,0.6458333333333334
PEM_M15_V2,M15,short,2024-05-29 19:30:00+00:00,2024-05-29 22:30:00+00:00,2341.135,2339.645,2347.118,2329.169000000001,13,timeout,0.24903894367379345,NY_Late,19,0.65625
PEM_M15_V2,M15,short,2024-05-30 02:15:00+00:00,2024-05-30 06:00:00+00:00,2338.055,2337.708,2344.198,2325.769,13,timeout,0.05648705844046085,Asia,2,0.6666666666666666
PEM_M15_V2,M15,long,2024-05-31 00:15:00+00:00,2024-05-31 03:15:00+00:00,2348.595,2341.798,2331.535,2382.7149999999997,13,timeout,-0.3984173505275526,Asia,0,0.7708333333333334
PEM_M15_V2,M15,short,2024-05-31 17:15:00+00:00,2024-05-31 19:45:00+00:00,2342.005,2347.368,2347.368,2331.2790000000005,11,sl,-1.0,NY_Late,17,0.11458333333333333
PEM_M15_V2,M15,long,2024-06-04 00:00:00+00:00,2024-06-04 03:00:00+00:00,2347.104,2347.448,2340.775,2359.7619999999993,13,timeout,0.05435297835362079,NY_Late,23,0.84375
PEM_M15_V2,M15,short,2024-06-04 23:45:00+00:00,2024-06-05 00:30:00+00:00,2323.578,2328.605,2328.605,2313.524,4,sl,-1.0,NY_Late,23,0.90625
PEM_M15_V2,M15,long,2024-06-05 19:45:00+00:00,2024-06-05 20:30:00+00:00,2335.385,2344.745000000001,2330.705,2344.745000000001,4,tp,2.0,NY_Late,19,0.6666666666666666
PEM_M15_V2,M15,short,2024-06-06 19:30:00+00:00,2024-06-06 19:30:00+00:00,2358.735,2361.695,2361.695,2352.815,1,sl,-1.0,NY_Late,19,0.17708333333333334
PEM_M15_V2,M15,long,2024-06-10 18:30:00+00:00,2024-06-10 21:30:00+00:00,2300.475,2303.045,2294.325,2312.775,13,timeout,0.41788617886180907,NY_Late,18,0.16666666666666666
PEM_M15_V2,M15,short,2024-06-12 00:00:00+00:00,2024-06-12 01:00:00+00:00,2306.845,2312.228,2312.228,2296.0789999999993,5,sl,-1.0,NY_Late,23,0.8229166666666666
PEM_M15_V2,M15,short,2024-06-13 18:45:00+00:00,2024-06-13 19:45:00+00:00,2311.025,2319.855,2319.855,2293.3650000000002,5,sl,-1.0,NY_Late,18,0.3229166666666667
PEM_M15_V2,M15,long,2024-06-14 17:15:00+00:00,2024-06-14 20:15:00+00:00,2322.668,2330.755,2305.445,2357.114,13,timeout,0.4695465366080247,NY_Late,17,0.5833333333333334
PEM_M15_V2,M15,long,2024-06-15 00:45:00+00:00,2024-06-15 03:45:00+00:00,2333.725,2332.378,2325.735,2349.7049999999995,13,timeout,-0.16858573216518016,Asia,0,0.75
PEM_M15_V2,M15,short,2024-06-18 18:00:00+00:00,2024-06-18 19:30:00+00:00,2307.338,2319.175,2319.175,2283.664,7,sl,-1.0,NY_Late,17,0.5520833333333334
PEM_M15_V2,M15,long,2024-06-20 18:00:00+00:00,2024-06-20 21:00:00+00:00,2338.935,2349.508,2332.765,2351.275,13,timeout,1.713614262560736,NY_Late,17,0.8333333333333334
PEM_M15_V2,M15,short,2024-06-22 00:45:00+00:00,2024-06-22 03:45:00+00:00,2318.475,2321.005,2328.605,2298.2149999999997,13,timeout,-0.24975320829221845,Asia,0,0.8854166666666666
PEM_M15_V2,M15,short,2024-06-26 17:30:00+00:00,2024-06-26 18:30:00+00:00,2313.545,2305.165,2317.735,2305.165,5,tp,2.0,NY_Late,17,0.4479166666666667
PEM_M15_V2,M15,short,2024-06-27 02:45:00+00:00,2024-06-27 06:30:00+00:00,2297.408,2297.595,2302.928,2286.368,13,timeout,-0.033876811594184555,Asia,2,0.3854166666666667
PEM_M15_V2,M15,long,2024-06-27 19:15:00+00:00,2024-06-27 22:15:00+00:00,2317.455,2329.678,2310.008,2332.349,13,timeout,1.6413320800321962,NY_Late,19,0.625
PEM_M15_V2,M15,long,2024-06-28 20:00:00+00:00,2024-06-28 20:45:00+00:00,2336.365,2329.208,2329.208,2350.678999999999,4,sl,-1.0,NY_Late,19,0.71875
PEM_M15_V2,M15,short,2024-07-02 19:00:00+00:00,2024-07-02 20:00:00+00:00,2321.075,2327.718,2327.718,2307.7889999999998,5,sl,-1.0,NY_Late,18,0.625
PEM_M15_V2,M15,long,2024-07-03 02:30:00+00:00,2024-07-03 06:15:00+00:00,2328.738,2330.698,2319.895,2346.4239999999995,13,timeout,0.221644238380648,Asia,2,0.6979166666666666
PEM_M15_V2,M15,long,2024-07-03 19:45:00+00:00,2024-07-03 21:15:00+00:00,2350.155,2362.5890000000004,2343.938,2362.5890000000004,7,tp,2.0,NY_Late,19,0.7916666666666666
PEM_M15_V2,M15,long,2024-07-10 17:45:00+00:00,2024-07-10 18:00:00+00:00,2374.168,2371.685,2371.685,2379.1340000000005,2,sl,-1.0,NY_Late,17,0.16666666666666666
PEM_M15_V2,M15,short,2024-07-11 00:45:00+00:00,2024-07-11 03:45:00+00:00,2373.095,2371.238,2380.628,2358.028999999999,13,timeout,0.2465153325368224,Asia,0,0.8229166666666666
PEM_M15_V2,M15,short,2024-07-12 17:45:00+00:00,2024-07-12 20:45:00+00:00,2401.625,2400.638,2408.138,2388.599,13,timeout,0.15154306771074652,NY_Late,17,0.4375
PEM_M15_V2,M15,long,2024-07-17 01:00:00+00:00,2024-07-17 04:00:00+00:00,2463.975,2468.355,2446.475,2498.975,13,timeout,0.2502857142857205,Asia,0,0.8333333333333334
PEM_M15_V2,M15,long,2024-07-17 21:15:00+00:00,2024-07-17 21:15:00+00:00,2481.558,2470.415,2470.415,2503.844,1,sl,-1.0,NY_Late,21,0.8333333333333334
PEM_M15_V2,M15,short,2024-07-18 17:30:00+00:00,2024-07-18 20:30:00+00:00,2463.425,2462.268,2472.958,2444.3590000000004,13,timeout,0.12136787999582133,NY_Late,17,0.2708333333333333
PEM_M15_V2,M15,short,2024-07-19 00:45:00+00:00,2024-07-19 03:45:00+00:00,2453.385,2444.678,2461.948,2436.259000000001,13,timeout,1.0168165362607373,Asia,0,0.7916666666666666
PEM_M15_V2,M15,long,2024-07-24 02:45:00+00:00,2024-07-24 06:30:00+00:00,2407.588,2408.565,2403.758,2415.248000000001,13,timeout,0.2550913838119489,Asia,2,0.4479166666666667
PEM_M15_V2,M15,short,2024-07-25 01:00:00+00:00,2024-07-25 04:00:00+00:00,2411.895,2397.015,2422.055,2391.5750000000003,13,timeout,1.46456692913389,Asia,0,0.8645833333333334
PEM_M15_V2,M15,short,2024-07-26 01:00:00+00:00,2024-07-26 04:00:00+00:00,2353.978,2364.175,2365.425,2331.084,13,timeout,-0.8908010832532552,Asia,0,0.8333333333333334
PEM_M15_V2,M15,long,2024-07-26 20:00:00+00:00,2024-07-26 23:00:00+00:00,2376.245,2384.795,2366.825,2395.085,13,timeout,0.9076433121019232,NY_Late,19,0.4166666666666667
PEM_M15_V2,M15,long,2024-07-27 00:00:00+00:00,2024-07-27 00:30:00+00:00,2388.735,2384.285,2384.285,2397.6350000000007,3,sl,-1.0,NY_Late,23,0.6979166666666666
PEM_M15_V2,M15,short,2024-07-29 19:00:00+00:00,2024-07-29 20:00:00+00:00,2390.365,2393.865,2393.865,2383.365,5,sl,-1.0,NY_Late,18,0.28125
PEM_M15_V2,M15,long,2024-07-30 18:30:00+00:00,2024-07-30 19:00:00+00:00,2391.815,2388.145,2388.145,2399.155,3,sl,-1.0,NY_Late,18,0.13541666666666666
PEM_M15_V2,M15,long,2024-07-31 21:15:00+00:00,2024-08-01 00:15:00+00:00,2427.475,2427.515,2415.845,2450.735,13,timeout,0.0034393809114327814,NY_Late,21,0.6145833333333334
PEM_M15_V2,M15,long,2024-08-01 00:45:00+00:00,2024-08-01 01:00:00+00:00,2428.095,2422.115,2422.115,2440.055,2,sl,-1.0,Asia,0,0.375
PEM_M15_V2,M15,short,2024-08-05 18:00:00+00:00,2024-08-05 18:30:00+00:00,2417.715,2396.6150000000007,2428.265,2396.6150000000007,3,tp,2.0,NY_Late,17,0.3645833333333333
PEM_M15_V2,M15,short,2024-08-06 20:00:00+00:00,2024-08-06 23:00:00+00:00,2395.285,2387.315,2415.595,2354.665,13,timeout,0.39241752831116794,NY_Late,19,0.4895833333333333
PEM_M15_V2,M15,short,2024-08-08 03:30:00+00:00,2024-08-08 07:15:00+00:00,2385.938,2384.205,2390.335,2377.1440000000002,13,timeout,0.3941323629748011,Asia,3,0.53125
PEM_M15_V2,M15,long,2024-08-08 18:15:00+00:00,2024-08-08 21:15:00+00:00,2405.395,2418.215,2393.748,2428.689,13,timeout,1.1007126298617873,NY_Late,18,0.625
PEM_M15_V2,M15,long,2024-08-09 18:00:00+00:00,2024-08-09 20:45:00+00:00,2429.328,2422.548,2422.548,2442.8880000000004,12,sl,-1.0,NY_Late,17,0.28125
PEM_M15_V2,M15,long,2024-08-12 19:45:00+00:00,2024-08-12 20:45:00+00:00,2444.258,2451.044,2440.865,2451.044,5,tp,2.0,NY_Late,19,0.4479166666666667
PEM_M15_V2,M15,short,2024-08-14 20:30:00+00:00,2024-08-14 22:45:00+00:00,2465.035,2444.8549999999996,2475.125,2444.8549999999996,10,tp,2.0,NY_Late,20,0.9895833333333334
PEM_M15_V2,M15,long,2024-08-16 17:45:00+00:00,2024-08-16 19:45:00+00:00,2465.914,2475.9920000000006,2460.875,2475.9920000000006,9,tp,2.0,NY_Late,17,0.5208333333333334
PEM_M15_V2,M15,long,2024-08-17 03:30:00+00:00,2024-08-19 07:15:00+00:00,2508.955,2506.605,2501.625,2523.615,13,timeout,-0.32060027285128684,Asia,3,0.6979166666666666
PEM_M15_V2,M15,short,2024-08-26 22:45:00+00:00,2024-08-27 01:45:00+00:00,2512.335,2516.645,2526.648,2483.709,13,timeout,-0.30112485153356494,NY_Late,22,0.71875
PEM_M15_V2,M15,long,2024-08-28 00:45:00+00:00,2024-08-28 03:45:00+00:00,2518.368,2524.828,2510.905,2533.2939999999994,13,timeout,0.86560364464696,Asia,0,0.84375
PEM_M15_V2,M15,short,2024-08-28 23:30:00+00:00,2024-08-29 02:30:00+00:00,2502.205,2508.925,2511.085,2484.4449999999997,13,timeout,-0.7567567567567761,NY_Late,23,0.8958333333333334
PEM_M15_V2,M15,long,2024-08-30 00:30:00+00:00,2024-08-30 02:00:00+00:00,2526.095,2521.795,2521.795,2534.6949999999993,7,sl,-1.0,Asia,0,0.7604166666666666
PEM_M15_V2,M15,long,2024-09-02 20:00:00+00:00,2024-09-02 23:00:00+00:00,2502.455,2501.285,2496.995,2513.375,13,timeout,-0.21428571428572618,NY_Late,19,0.10416666666666667
PEM_M15_V2,M15,long,2024-09-06 01:00:00+00:00,2024-09-06 04:00:00+00:00,2512.965,2516.475,2508.308,2522.2790000000005,13,timeout,0.7537041013527267,Asia,0,0.8229166666666666
PEM_M15_V2,M15,long,2024-09-09 19:00:00+00:00,2024-09-09 22:00:00+00:00,2498.065,2497.175,2488.765,2516.6650000000004,13,timeout,-0.09569892473116723,NY_Late,18,0.25
PEM_M15_V2,M15,long,2024-09-09 23:45:00+00:00,2024-09-10 02:45:00+00:00,2502.655,2504.875,2493.458,2521.0490000000004,13,timeout,0.24138305969335347,NY_Late,23,0.6354166666666666
PEM_M15_V2,M15,long,2024-09-10 03:15:00+00:00,2024-09-10 07:00:00+00:00,2505.938,2507.195,2499.365,2519.0840000000007,13,timeout,0.19123687813783669,Asia,3,0.28125
PEM_M15_V2,M15,long,2024-09-10 19:45:00+00:00,2024-09-10 21:30:00+00:00,2507.885,2501.405,2501.405,2520.8450000000003,8,sl,-1.0,NY_Late,19,0.53125
PEM_M15_V2,M15,long,2024-09-17 00:00:00+00:00,2024-09-17 03:00:00+00:00,2582.595,2582.035,2578.515,2590.7549999999997,13,timeout,-0.1372549019607734,NY_Late,23,0.7395833333333334
PEM_M15_V2,M15,long,2024-09-19 23:30:00+00:00,2024-09-20 02:30:00+00:00,2589.264,2586.295,2580.015,2607.7620000000006,13,timeout,-0.32100767650556494,NY_Late,23,0.65625
PEM_M15_V2,M15,long,2024-09-20 18:15:00+00:00,2024-09-20 21:15:00+00:00,2614.318,2610.385,2591.185,2660.5840000000007,13,timeout,-0.17001685903254862,NY_Late,18,0.6145833333333334
PEM_M15_V2,M15,long,2024-09-23 20:45:00+00:00,2024-09-23 23:45:00+00:00,2629.128,2627.715,2615.278,2656.828000000001,13,timeout,-0.1020216606498176,NY_Late,20,0.65625
PEM_M15_V2,M15,long,2024-09-25 02:00:00+00:00,2024-09-25 05:45:00+00:00,2656.518,2659.228,2642.695,2684.1639999999998,13,timeout,0.19605006149172124,Asia,1,0.7708333333333334
PEM_M15_V2,M15,long,2024-09-25 19:45:00+00:00,2024-09-25 22:00:00+00:00,2659.835,2654.868,2654.868,2669.7690000000002,10,sl,-1.0,NY_Late,19,0.2708333333333333
PEM_M15_V2,M15,long,2024-09-26 23:00:00+00:00,2024-09-26 23:15:00+00:00,2672.178,2664.378,2664.378,2687.7779999999993,2,sl,-1.0,NY_Late,22,0.9166666666666666
PEM_M15_V2,M15,long,2024-09-27 00:45:00+00:00,2024-09-27 03:45:00+00:00,2671.138,2672.448,2665.575,2682.264,13,timeout,0.2354844508358658,Asia,0,0.8229166666666666
PEM_M15_V2,M15,long,2024-09-30 07:00:00+00:00,2024-09-30 08:15:00+00:00,2664.005,2659.848,2659.848,2672.3190000000004,6,sl,-1.0,Asia,6,0.53125
PEM_M15_V2,M15,short,2024-09-30 18:00:00+00:00,2024-09-30 21:00:00+00:00,2640.355,2634.314,2650.615,2619.8350000000005,13,timeout,0.5887914230019792,NY_Late,17,0.53125
PEM_M15_V2,M15,short,2024-10-02 18:15:00+00:00,2024-10-02 20:30:00+00:00,2648.565,2655.078,2655.078,2635.539,10,sl,-1.0,NY_Late,18,0.5104166666666666
PEM_M15_V2,M15,long,2024-10-07 17:15:00+00:00,2024-10-07 19:30:00+00:00,2656.905,2651.195,2651.195,2668.3250000000003,10,sl,-1.0,NY_Late,17,0.4479166666666667
PEM_M15_V2,M15,long,2024-10-08 17:30:00+00:00,2024-10-08 19:15:00+00:00,2641.705,2652.0649999999996,2636.525,2652.0649999999996,8,tp,2.0,NY_Late,17,0.53125
PEM_M15_V2,M15,long,2024-10-09 18:15:00+00:00,2024-10-09 19:45:00+00:00,2621.965,2615.385,2615.385,2635.125,7,sl,-1.0,NY_Late,18,0.3541666666666667
PEM_M15_V2,M15,short,2024-10-10 00:00:00+00:00,2024-10-10 03:00:00+00:00,2609.565,2609.255,2622.258,2584.1790000000005,13,timeout,0.02442291026549684,NY_Late,23,0.75
PEM_M15_V2,M15,short,2024-10-11 00:30:00+00:00,2024-10-11 02:00:00+00:00,2618.345,2629.015,2629.015,2597.0049999999997,7,sl,-1.0,Asia,0,0.8854166666666666
PEM_M15_V2,M15,long,2024-10-11 18:00:00+00:00,2024-10-11 19:30:00+00:00,2640.385,2647.3450000000003,2636.905,2647.3450000000003,7,tp,2.0,NY_Late,17,0.1875
PEM_M15_V2,M15,short,2024-10-15 05:00:00+00:00,2024-10-15 08:00:00+00:00,2646.905,2648.705,2653.198,2634.319000000001,13,timeout,-0.28603209915776623,Asia,4,0.17708333333333334
PEM_M15_V2,M15,short,2024-10-17 19:45:00+00:00,2024-10-17 21:00:00+00:00,2675.348,2688.668,2688.668,2648.7079999999996,6,sl,-1.0,NY_Late,19,0.8020833333333334
PEM_M15_V2,M15,long,2024-10-21 06:30:00+00:00,2024-10-21 09:30:00+00:00,2723.875,2728.175,2720.885,2729.8549999999996,13,timeout,1.4381270903011691,Asia,6,0.13541666666666666
PEM_M15_V2,M15,short,2024-10-24 00:45:00+00:00,2024-10-24 03:45:00+00:00,2716.315,2714.978,2723.135,2702.6749999999997,13,timeout,0.19604105571846878,Asia,0,0.875
PEM_M15_V2,M15,long,2024-10-26 00:30:00+00:00,2024-10-26 03:30:00+00:00,2740.105,2744.545,2718.725,2782.8650000000002,13,timeout,0.20767072029934666,Asia,0,0.7916666666666666
PEM_M15_V2,M15,long,2024-11-01 19:45:00+00:00,2024-11-01 21:30:00+00:00,2757.195,2750.095,2750.095,2771.395000000001,8,sl,-1.0,NY_Late,19,0.6770833333333334
PEM_M15_V2,M15,long,2024-11-05 21:15:00+00:00,2024-11-05 22:15:00+00:00,2746.455,2737.035,2737.035,2765.295,5,sl,-1.0,NY_Late,21,0.7291666666666666
PEM_M15_V2,M15,short,2024-11-06 19:00:00+00:00,2024-11-06 20:45:00+00:00,2706.735,2667.015000000001,2726.595,2667.015000000001,8,tp,2.0,NY_Late,18,0.8333333333333334
PEM_M15_V2,M15,long,2024-11-07 17:45:00+00:00,2024-11-07 20:15:00+00:00,2665.935,2677.015,2660.395,2677.015,11,tp,2.0,NY_Late,17,0.3645833333333333
PEM_M15_V2,M15,short,2024-11-11 19:30:00+00:00,2024-11-11 20:45:00+00:00,2661.365,2650.3449999999993,2666.875,2650.3449999999993,6,tp,2.0,NY_Late,19,0.7083333333333334
PEM_M15_V2,M15,short,2024-11-14 06:15:00+00:00,2024-11-14 06:30:00+00:00,2571.848,2576.595,2576.595,2562.3540000000003,2,sl,-1.0,Asia,6,0.6458333333333334
PEM_M15_V2,M15,long,2024-11-15 19:00:00+00:00,2024-11-15 20:45:00+00:00,2571.638,2563.015,2563.015,2588.884,8,sl,-1.0,NY_Late,18,0.4895833333333333
PEM_M15_V2,M15,long,2024-11-18 20:15:00+00:00,2024-11-18 23:15:00+00:00,2595.855,2613.804,2582.245,2623.0750000000003,13,timeout,1.3188096987509113,NY_Late,20,0.46875
PEM_M15_V2,M15,long,2024-11-25 06:00:00+00:00,2024-11-25 06:00:00+00:00,2713.375,2700.945,2700.945,2738.2349999999997,1,sl,-1.0,Asia,5,0.4583333333333333
PEM_M15_V2,M15,short,2024-11-26 00:45:00+00:00,2024-11-26 03:45:00+00:00,2624.865,2627.435,2682.785,2509.0249999999996,13,timeout,-0.04437154696132874,Asia,0,0.8020833333333334
PEM_M15_V2,M15,long,2024-11-26 19:15:00+00:00,2024-11-26 21:45:00+00:00,2632.605,2620.558,2620.558,2656.699,11,sl,-1.0,NY_Late,19,0.07291666666666667
PEM_M15_V2,M15,short,2024-11-27 01:30:00+00:00,2024-11-27 04:00:00+00:00,2621.008,2632.395,2632.395,2598.2339999999995,11,sl,-1.0,Asia,1,0.46875
PEM_M15_V2,M15,short,2024-12-02 06:45:00+00:00,2024-12-02 07:45:00+00:00,2645.835,2631.157,2653.174,2631.157,5,tp,2.0,Asia,6,0.6666666666666666
PEM_M15_V2,M15,long,2024-12-02 21:00:00+00:00,2024-12-03 00:00:00+00:00,2645.945,2640.595,2632.495,2672.8450000000007,13,timeout,-0.3977695167286435,NY_Late,20,0.875
PEM_M15_V2,M15,short,2024-12-03 01:45:00+00:00,2024-12-03 03:45:00+00:00,2635.285,2643.495,2643.495,2618.865,9,sl,-1.0,Asia,1,0.3125
PEM_M15_V2,M15,short,2024-12-03 19:45:00+00:00,2024-12-03 20:30:00+00:00,2638.325,2645.135,2645.135,2624.704999999999,4,sl,-1.0,NY_Late,19,0.1875
PEM_M15_V2,M15,short,2024-12-04 20:30:00+00:00,2024-12-04 21:30:00+00:00,2636.755,2650.305,2650.305,2609.6550000000007,5,sl,-1.0,NY_Late,20,0.71875
PEM_M15_V2,M15,long,2024-12-09 17:30:00+00:00,2024-12-09 20:30:00+00:00,2657.195,2657.235,2648.475,2674.6350000000007,13,timeout,0.004587155963298446,NY_Late,17,0.10416666666666667
PEM_M15_V2,M15,long,2024-12-10 19:30:00+00:00,2024-12-10 22:30:00+00:00,2676.915,2687.498,2667.098,2696.549,13,timeout,1.0780279107670445,NY_Late,19,0.8125
PEM_M15_V2,M15,long,2024-12-12 01:45:00+00:00,2024-12-12 02:00:00+00:00,2719.385,2714.164,2714.164,2729.827,2,sl,-1.0,Asia,1,0.5
PEM_M15_V2,M15,short,2024-12-12 20:15:00+00:00,2024-12-12 21:30:00+00:00,2708.235,2684.6750000000006,2720.015,2684.6750000000006,6,tp,2.0,NY_Late,20,0.3125
PEM_M15_V2,M15,short,2024-12-13 18:30:00+00:00,2024-12-13 21:30:00+00:00,2665.655,2661.864,2684.465,2628.0350000000003,13,timeout,0.20154173312068996,NY_Late,18,0.6354166666666666
PEM_M15_V2,M15,long,2024-12-18 01:30:00+00:00,2024-12-18 04:30:00+00:00,2645.595,2644.684,2637.148,2662.488999999999,13,timeout,-0.10784894045218894,Asia,1,0.7916666666666666
PEM_M15_V2,M15,short,2024-12-19 05:00:00+00:00,2024-12-19 08:45:00+00:00,2587.165,2616.985,2637.618,2486.259,13,timeout,-0.5910451311121278,Asia,4,0.9479166666666666
PEM_M15_V2,M15,short,2024-12-19 20:00:00+00:00,2024-12-19 23:00:00+00:00,2608.454,2588.175,2621.715,2581.9320000000002,13,timeout,1.5292210240555046,NY_Late,19,0.4270833333333333
PEM_M15_V2,M15,short,2024-12-23 17:30:00+00:00,2024-12-23 19:00:00+00:00,2625.115,2614.1949999999997,2630.575,2614.1949999999997,7,tp,2.0,NY_Late,17,0.17708333333333334
PEM_M15_V2,M15,long,2024-12-24 06:45:00+00:00,2024-12-24 09:45:00+00:00,2615.195,2617.765,2610.044,2625.4970000000008,13,timeout,0.498932246165708,Asia,6,0.010416666666666666
PEM_M15_V2,M15,long,2024-12-30 06:00:00+00:00,2024-12-30 09:00:00+00:00,2620.154,2623.585,2615.175,2630.1119999999996,13,timeout,0.6890941956216445,Asia,5,0.6875
PEM_M15_V2,M15,short,2025-01-03 21:00:00+00:00,2025-01-04 00:00:00+00:00,2647.348,2640.455,2660.165,2621.714,13,timeout,0.5378013575719767,NY_Late,20,0.71875
PEM_M15_V2,M15,long,2025-01-06 18:45:00+00:00,2025-01-06 20:45:00+00:00,2643.744,2631.455,2631.455,2668.3220000000006,9,sl,-1.0,NY_Late,18,0.84375
PEM_M15_V2,M15,long,2025-01-07 19:00:00+00:00,2025-01-07 20:30:00+00:00,2646.975,2656.695,2642.115,2656.695,7,tp,2.0,NY_Late,18,0.5
PEM_M15_V2,M15,long,2025-01-09 04:30:00+00:00,2025-01-09 08:15:00+00:00,2662.855,2658.588,2656.548,2675.4690000000005,13,timeout,-0.6765498652290567,Asia,4,0.75
PEM_M15_V2,M15,short,2025-01-13 19:00:00+00:00,2025-01-13 22:00:00+00:00,2676.898,2671.535,2688.475,2653.7440000000006,13,timeout,0.4632460913881308,NY_Late,18,0.3958333333333333
PEM_M15_V2,M15,long,2025-01-16 00:15:00+00:00,2025-01-16 03:15:00+00:00,2690.275,2695.598,2677.279,2716.2670000000003,13,timeout,0.4095875654047266,Asia,0,0.9375
PEM_M15_V2,M15,long,2025-01-17 23:30:00+00:00,2025-01-18 01:30:00+00:00,2715.429,2710.295,2710.295,2725.697,9,sl,-1.0,NY_Late,23,0.7916666666666666
PEM_M15_V2,M15,short,2025-01-18 02:00:00+00:00,2025-01-18 05:00:00+00:00,2707.815,2702.645,2713.375,2696.695,13,timeout,0.9298561151079359,Asia,1,0.71875
PEM_M15_V2,M15,short,2025-01-20 07:00:00+00:00,2025-01-20 10:00:00+00:00,2695.348,2697.995,2703.545,2678.9539999999997,13,timeout,-0.32292302061728645,Asia,6,0.8333333333333334
PEM_M15_V2,M15,long,2025-01-21 19:30:00+00:00,2025-01-21 21:45:00+00:00,2722.945,2733.525,2717.655,2733.525,10,tp,2.0,NY_Late,19,0.3125
PEM_M15_V2,M15,long,2025-01-24 20:30:00+00:00,2025-01-24 21:30:00+00:00,2782.295,2776.028,2776.028,2794.8290000000006,5,sl,-1.0,NY_Late,20,0.21875
PEM_M15_V2,M15,long,2025-01-28 20:30:00+00:00,2025-01-28 21:30:00+00:00,2746.565,2754.6250000000005,2742.535,2754.6250000000005,5,tp,2.0,NY_Late,20,0.10416666666666667
PEM_M15_V2,M15,long,2025-01-29 01:45:00+00:00,2025-01-29 04:45:00+00:00,2760.635,2763.525,2756.285,2769.335000000001,13,timeout,0.6643678160918692,Asia,1,0.19791666666666666
PEM_M15_V2,M15,short,2025-01-29 19:45:00+00:00,2025-01-29 21:15:00+00:00,2756.175,2759.475,2759.475,2749.5750000000007,7,sl,-1.0,NY_Late,19,0.4895833333333333
PEM_M15_V2,M15,long,2025-01-30 06:15:00+00:00,2025-01-30 09:15:00+00:00,2758.918,2760.575,2753.895,2768.9640000000004,13,timeout,0.3298825403144839,Asia,6,0.7916666666666666
PEM_M15_V2,M15,long,2025-01-30 20:15:00+00:00,2025-01-30 20:30:00+00:00,2781.065,2777.055,2777.055,2789.0850000000005,2,sl,-1.0,NY_Late,20,0.3020833333333333
PEM_M15_V2,M15,long,2025-02-03 20:00:00+00:00,2025-02-03 22:00:00+00:00,2808.835,2829.9750000000004,2798.265,2829.9750000000004,9,tp,2.0,NY_Late,19,0.3125
PEM_M15_V2,M15,long,2025-02-04 17:15:00+00:00,2025-02-04 17:45:00+00:00,2819.945,2813.895,2813.895,2832.0450000000005,3,sl,-1.0,NY_Late,17,0.4270833333333333
PEM_M15_V2,M15,long,2025-02-04 20:30:00+00:00,2025-02-04 22:15:00+00:00,2824.415,2842.795,2815.225,2842.795,8,tp,2.0,NY_Late,20,0.23958333333333334
PEM_M15_V2,M15,long,2025-02-06 19:15:00+00:00,2025-02-06 20:45:00+00:00,2866.215,2858.815,2858.815,2881.0150000000003,7,sl,-1.0,NY_Late,19,0.6875
PEM_M15_V2,M15,long,2025-02-07 03:30:00+00:00,2025-02-07 07:15:00+00:00,2856.028,2858.815,2848.575,2870.9339999999997,13,timeout,0.3739433785053363,Asia,3,0.3958333333333333
PEM_M15_V2,M15,long,2025-02-10 17:15:00+00:00,2025-02-10 20:15:00+00:00,2902.575,2904.825,2883.975,2939.7749999999996,13,timeout,0.12096774193548446,NY_Late,17,0.3333333333333333
PEM_M15_V2,M15,long,2025-02-11 06:00:00+00:00,2025-02-11 06:45:00+00:00,2906.968,2915.553999999999,2902.675,2915.553999999999,4,tp,2.0,Asia,5,0.010416666666666666
PEM_M15_V2,M15,short,2025-02-11 18:15:00+00:00,2025-02-11 20:00:00+00:00,2903.445,2888.645000000001,2910.845,2888.645000000001,8,tp,2.0,NY_Late,18,0.65625
PEM_M15_V2,M15,long,2025-02-13 00:15:00+00:00,2025-02-13 03:15:00+00:00,2904.355,2897.365,2879.625,2953.815,13,timeout,-0.28265264860494266,Asia,0,0.8854166666666666
PEM_M15_V2,M15,long,2025-02-14 02:30:00+00:00,2025-02-14 06:15:00+00:00,2926.755,2928.285,2912.885,2954.495,13,timeout,0.11031002162939851,Asia,2,0.7395833333333334
PEM_M15_V2,M15,short,2025-02-15 03:30:00+00:00,2025-02-17 07:15:00+00:00,2880.345,2886.085,2895.165,2850.7049999999995,13,timeout,-0.3873144399460306,Asia,3,0.75
PEM_M15_V2,M15,long,2025-02-19 03:15:00+00:00,2025-02-19 07:00:00+00:00,2935.605,2933.545,2925.855,2955.105,13,timeout,-0.2112820512820457,Asia,3,0.2604166666666667
PEM_M15_V2,M15,long,2025-02-20 03:30:00+00:00,2025-02-20 07:15:00+00:00,2932.875,2939.485,2923.568,2951.4889999999996,13,timeout,0.7102181153970428,Asia,3,0.7395833333333334
PEM_M15_V2,M15,short,2025-03-01 01:45:00+00:00,2025-03-01 03:00:00+00:00,2839.495,2850.565,2850.565,2817.3549999999996,6,sl,-1.0,Asia,1,0.84375
PEM_M15_V2,M15,long,2025-03-03 06:30:00+00:00,2025-03-03 09:30:00+00:00,2871.755,2870.095,2855.728,2903.809,13,timeout,-0.10357521682163254,Asia,6,0.8333333333333334
PEM_M15_V2,M15,long,2025-03-04 04:30:00+00:00,2025-03-04 08:15:00+00:00,2891.778,2883.898,2883.898,2907.537999999999,13,sl,-1.0,Asia,4,0.625
PEM_M15_V2,M15,long,2025-03-04 19:15:00+00:00,2025-03-04 21:45:00+00:00,2919.725,2913.515,2913.515,2932.145,11,sl,-1.0,NY_Late,19,0.65625
PEM_M15_V2,M15,short,2025-03-10 21:00:00+00:00,2025-03-11 00:00:00+00:00,2899.359,2894.125,2915.155,2867.7669999999994,13,timeout,0.3313497087870241,NY_Late,20,0.71875
PEM_M15_V2,M15,short,2025-03-11 00:15:00+00:00,2025-03-11 03:15:00+00:00,2894.085,2887.595,2906.605,2869.045,13,timeout,0.5183706070287737,Asia,0,0.8125
PEM_M15_V2,M15,long,2025-03-11 18:00:00+00:00,2025-03-11 20:15:00+00:00,2913.845,2908.975,2908.975,2923.5849999999996,10,sl,-1.0,NY_Late,17,0.10416666666666667
PEM_M15_V2,M15,long,2025-03-14 04:00:00+00:00,2025-03-14 07:45:00+00:00,2986.965,2984.748,2981.705,2997.4850000000006,13,timeout,-0.4214828897338415,Asia,3,0.7083333333333334
PEM_M15_V2,M15,long,2025-03-17 06:45:00+00:00,2025-03-17 09:45:00+00:00,2993.285,2988.295,2983.048,3013.759,13,timeout,-0.4874474943830949,Asia,6,0.19791666666666666
PEM_M15_V2,M15,long,2025-03-17 18:15:00+00:00,2025-03-17 19:30:00+00:00,2999.255,2985.185,2985.185,3027.3950000000004,6,sl,-1.0,NY_Late,18,0.20833333333333334
PEM_M15_V2,M15,long,2025-03-18 23:45:00+00:00,2025-03-19 02:45:00+00:00,3035.765,3037.005,3029.515,3048.265,13,timeout,0.19840000000003782,NY_Late,23,0.8958333333333334
PEM_M15_V2,M15,long,2025-03-19 18:00:00+00:00,2025-03-19 20:45:00+00:00,3035.988,3028.215,3028.215,3051.533999999999,12,sl,-1.0,NY_Late,17,0.71875
PEM_M15_V2,M15,long,2025-03-19 23:45:00+00:00,2025-03-20 01:00:00+00:00,3036.955,3029.295,3029.295,3052.2749999999996,6,sl,-1.0,NY_Late,23,0.8020833333333334
PEM_M15_V2,M15,long,2025-03-25 17:30:00+00:00,2025-03-25 19:15:00+00:00,3024.035,3019.575,3019.575,3032.955,8,sl,-1.0,NY_Late,17,0.3541666666666667
PEM_M15_V2,M15,long,2025-03-27 07:00:00+00:00,2025-03-27 07:15:00+00:00,3020.625,3024.8450000000003,3018.515,3024.8450000000003,2,tp,2.0,Asia,6,0.2708333333333333
PEM_M15_V2,M15,long,2025-03-27 17:30:00+00:00,2025-03-27 20:30:00+00:00,3046.905,3042.215,3030.648,3079.4190000000003,13,timeout,-0.2884911115211931,NY_Late,17,0.875
PEM_M15_V2,M15,long,2025-03-31 05:00:00+00:00,2025-03-31 08:00:00+00:00,3086.498,3079.435,3079.435,3100.6240000000003,13,sl,-1.0,Asia,4,0.5208333333333334
PEM_M15_V2,M15,short,2025-04-02 18:15:00+00:00,2025-04-02 20:45:00+00:00,3114.845,3131.185,3131.185,3082.1649999999995,11,sl,-1.0,NY_Late,18,0.7916666666666666
PEM_M15_V2,M15,long,2025-04-02 23:45:00+00:00,2025-04-03 01:30:00+00:00,3132.755,3119.515,3119.515,3159.2350000000006,8,sl,-1.0,NY_Late,23,0.71875
PEM_M15_V2,M15,long,2025-04-03 06:45:00+00:00,2025-04-03 07:30:00+00:00,3158.825,3140.945,3140.945,3194.584999999999,4,sl,-1.0,Asia,6,0.9479166666666666
PEM_M15_V2,M15,short,2025-04-03 17:30:00+00:00,2025-04-03 18:00:00+00:00,3118.898,3092.8240000000005,3131.935,3092.8240000000005,3,tp,2.0,NY_Late,17,0.5104166666666666
PEM_M15_V2,M15,long,2025-04-11 17:15:00+00:00,2025-04-11 18:00:00+00:00,3227.975,3213.105,3213.105,3257.7149999999997,4,sl,-1.0,NY_Late,17,0.7708333333333334
PEM_M15_V2,M15,long,2025-04-11 22:45:00+00:00,2025-04-12 00:00:00+00:00,3239.235,3223.815,3223.815,3270.0750000000003,6,sl,-1.0,NY_Late,22,0.6145833333333334
PEM_M15_V2,M15,short,2025-04-14 05:30:00+00:00,2025-04-14 08:30:00+00:00,3217.195,3227.525,3237.965,3175.655,13,timeout,-0.49735194992777737,Asia,5,0.3125
PEM_M15_V2,M15,short,2025-04-14 18:00:00+00:00,2025-04-14 21:00:00+00:00,3208.835,3203.865,3235.565,3155.375,13,timeout,0.18593340815563977,NY_Late,17,0.4270833333333333
PEM_M15_V2,M15,short,2025-04-14 23:15:00+00:00,2025-04-15 00:15:00+00:00,3197.805,3210.025,3210.025,3173.3649999999993,5,sl,-1.0,NY_Late,23,0.75
PEM_M15_V2,M15,long,2025-04-16 01:00:00+00:00,2025-04-16 04:00:00+00:00,3229.125,3229.855,3218.275,3250.825,13,timeout,0.06728110599078566,Asia,0,0.5416666666666666
PEM_M15_V2,M15,long,2025-04-16 05:45:00+00:00,2025-04-16 07:00:00+00:00,3234.655,3251.9550000000004,3226.005,3251.9550000000004,6,tp,2.0,Asia,5,0.10416666666666667
PEM_M15_V2,M15,long,2025-04-17 01:45:00+00:00,2025-04-17 05:30:00+00:00,3336.525,3352.645,3325.105,3359.3650000000002,13,timeout,1.4115586690017328,Asia,1,0.6354166666666666
PEM_M15_V2,M15,long,2025-04-21 05:45:00+00:00,2025-04-21 08:45:00+00:00,3344.275,3376.635,3318.625,3395.5750000000003,13,timeout,1.2615984405458094,Asia,5,0.3645833333333333
PEM_M15_V2,M15,long,2025-04-22 05:45:00+00:00,2025-04-22 07:15:00+00:00,3432.005,3419.505,3419.505,3457.005,7,sl,-1.0,Asia,5,0.28125
PEM_M15_V2,M15,short,2025-04-23 02:00:00+00:00,2025-04-23 05:45:00+00:00,3379.335,3333.605,3430.345,3277.3150000000005,13,timeout,0.8964908841403691,Asia,1,0.8645833333333334
PEM_M15_V2,M15,short,2025-04-23 19:30:00+00:00,2025-04-23 21:00:00+00:00,3317.105,3277.3250000000003,3336.995,3277.3250000000003,7,tp,2.0,NY_Late,19,0.10416666666666667
PEM_M15_V2,M15,long,2025-04-24 05:45:00+00:00,2025-04-24 08:45:00+00:00,3310.195,3363.605,3277.545,3375.4950000000003,13,timeout,1.635834609494631,Asia,5,0.03125
PEM_M15_V2,M15,long,2025-04-26 03:00:00+00:00,2025-04-28 06:45:00+00:00,3307.405,3305.465,3287.665,3346.8850000000007,13,timeout,-0.09827760891590838,Asia,2,0.15625
PEM_M15_V2,M15,short,2025-05-01 17:30:00+00:00,2025-05-01 20:30:00+00:00,3215.765,3222.375,3245.145,3157.0049999999997,13,timeout,-0.22498298162015326,NY_Late,17,0.08333333333333333
PEM_M15_V2,M15,long,2025-05-02 03:15:00+00:00,2025-05-02 03:45:00+00:00,3227.775,3236.475,3223.425,3236.475,3,tp,2.0,Asia,3,0.13541666666666666
PEM_M15_V2,M15,long,2025-05-02 17:15:00+00:00,2025-05-02 17:45:00+00:00,3265.375,3257.435,3257.435,3281.255,3,sl,-1.0,NY_Late,17,0.11458333333333333
PEM_M15_V2,M15,long,2025-05-07 00:00:00+00:00,2025-05-07 03:00:00+00:00,3408.605,3421.475,3392.775,3440.265,13,timeout,0.8130132659507233,NY_Late,23,0.5520833333333334
PEM_M15_V2,M15,long,2025-05-09 18:45:00+00:00,2025-05-09 21:45:00+00:00,3330.235,3335.965,3319.925,3350.855,13,timeout,0.5557710960232831,NY_Late,18,0.07291666666666667
PEM_M15_V2,M15,long,2025-05-09 23:30:00+00:00,2025-05-10 02:30:00+00:00,3346.645,3328.925,3328.925,3382.0849999999996,13,sl,-1.0,NY_Late,23,0.3229166666666667
PEM_M15_V2,M15,short,2025-05-10 02:45:00+00:00,2025-05-12 05:00:00+00:00,3328.955,3302.215,3342.325,3302.215,7,tp,2.0,Asia,2,0.041666666666666664
PEM_M15_V2,M15,short,2025-05-12 17:30:00+00:00,2025-05-12 19:30:00+00:00,3212.645,3233.945,3233.945,3170.0449999999996,9,sl,-1.0,NY_Late,17,0.7083333333333334
PEM_M15_V2,M15,short,2025-05-12 23:45:00+00:00,2025-05-13 02:45:00+00:00,3227.525,3235.345,3240.915,3200.7450000000003,13,timeout,-0.5840179238237329,NY_Late,23,0.3854166666666667
PEM_M15_V2,M15,short,2025-05-14 19:15:00+00:00,2025-05-14 20:15:00+00:00,3219.205,3179.885,3238.865,3179.885,5,tp,2.0,NY_Late,19,0.65625
PEM_M15_V2,M15,long,2025-05-15 19:45:00+00:00,2025-05-15 22:15:00+00:00,3184.205,3207.045,3172.785,3207.045,11,tp,2.0,NY_Late,19,0.5208333333333334
PEM_M15_V2,M15,short,2025-05-16 18:00:00+00:00,2025-05-16 21:00:00+00:00,3193.335,3184.525,3216.705,3146.5950000000003,13,timeout,0.37697903294822366,NY_Late,17,0.75
PEM_M15_V2,M15,long,2025-05-17 02:45:00+00:00,2025-05-19 06:00:00+00:00,3194.555,3238.8349999999996,3172.415,3238.8349999999996,11,tp,2.0,Asia,2,0.20833333333333334
PEM_M15_V2,M15,short,2025-05-20 01:15:00+00:00,2025-05-20 05:00:00+00:00,3225.885,3228.925,3236.105,3205.4450000000006,13,timeout,-0.29745596868884766,Asia,1,0.15625
PEM_M15_V2,M15,short,2025-05-20 06:45:00+00:00,2025-05-20 08:15:00+00:00,3221.245,3227.295,3227.295,3209.1449999999995,7,sl,-1.0,Asia,6,0.03125
PEM_M15_V2,M15,long,2025-05-21 03:30:00+00:00,2025-05-21 07:15:00+00:00,3294.645,3294.095,3275.915,3332.105,13,timeout,-0.029364655632684537,Asia,3,0.19791666666666666
PEM_M15_V2,M15,long,2025-05-22 02:45:00+00:00,2025-05-22 06:30:00+00:00,3323.498,3322.245,3301.635,3367.2239999999997,13,timeout,-0.05731143941820273,Asia,2,0.3645833333333333
PEM_M15_V2,M15,long,2025-05-27 00:00:00+00:00,2025-05-27 06:15:00+00:00,3342.048,3346.298,3335.285,3355.5739999999996,13,timeout,0.6284193405293583,NY_Late,23,0.020833333333333332
PEM_M15_V2,M15,short,2025-05-27 18:30:00+00:00,2025-05-27 21:30:00+00:00,3292.965,3295.755,3308.195,3262.505,13,timeout,-0.18319107025607093,NY_Late,18,0.8645833333333334
PEM_M15_V2,M15,long,2025-05-28 06:45:00+00:00,2025-05-28 09:00:00+00:00,3308.615,3299.985,3299.985,3325.874999999999,10,sl,-1.0,Asia,6,0.23958333333333334
PEM_M15_V2,M15,short,2025-05-28 22:45:00+00:00,2025-05-29 01:45:00+00:00,3293.215,3299.595,3313.098,3253.4490000000005,13,timeout,-0.32087713121760875,NY_Late,22,0.9479166666666666
PEM_M15_V2,M15,short,2025-05-29 06:00:00+00:00,2025-05-29 06:30:00+00:00,3285.198,3261.5839999999994,3297.005,3261.5839999999994,3,tp,2.0,Asia,5,0.8645833333333334
PEM_M15_V2,M15,long,2025-05-29 17:45:00+00:00,2025-05-29 20:45:00+00:00,3298.655,3312.395,3275.985,3343.9950000000003,13,timeout,0.606087340097033,NY_Late,17,0.4791666666666667
PEM_M15_V2,M15,long,2025-05-29 22:45:00+00:00,2025-05-30 01:45:00+00:00,3316.155,3320.635,3296.258,3355.949000000001,13,timeout,0.22515957179473944,NY_Late,22,0.6979166666666666
PEM_M15_V2,M15,long,2025-06-02 18:45:00+00:00,2025-06-02 21:00:00+00:00,3354.145,3374.105,3344.165,3374.105,10,tp,2.0,NY_Late,18,0.4270833333333333
PEM_M15_V2,M15,long,2025-06-03 02:15:00+00:00,2025-06-03 06:00:00+00:00,3378.755,3389.075,3360.085,3416.0950000000003,13,timeout,0.5527584359935548,Asia,2,0.23958333333333334
PEM_M15_V2,M15,short,2025-06-04 18:30:00+00:00,2025-06-04 20:00:00+00:00,3349.495,3360.248,3360.248,3327.9889999999996,7,sl,-1.0,NY_Late,18,0.5208333333333334
PEM_M15_V2,M15,long,2025-06-06 18:30:00+00:00,2025-06-06 19:15:00+00:00,3362.255,3355.588,3355.588,3375.589,4,sl,-1.0,NY_Late,18,0.25
PEM_M15_V2,M15,long,2025-06-09 23:00:00+00:00,2025-06-10 02:00:00+00:00,3330.339,3332.995,3318.675,3353.6669999999995,13,timeout,0.22770919067215395,NY_Late,22,0.4583333333333333
PEM_M15_V2,M15,long,2025-06-10 18:00:00+00:00,2025-06-10 20:45:00+00:00,3333.935,3348.2149999999997,3326.795,3348.2149999999997,12,tp,2.0,NY_Late,17,0.34375
PEM_M15_V2,M15,long,2025-06-11 02:45:00+00:00,2025-06-11 06:30:00+00:00,3331.748,3319.755,3319.755,3355.734,13,sl,-1.0,Asia,2,0.4583333333333333
PEM_M15_V2,M15,short,2025-06-12 00:45:00+00:00,2025-06-12 01:15:00+00:00,3324.048,3333.898,3333.898,3304.347999999999,3,sl,-1.0,Asia,0,0.8229166666666666
PEM_M15_V2,M15,long,2025-06-12 05:45:00+00:00,2025-06-12 08:45:00+00:00,3363.848,3369.948,3351.145,3389.254,13,timeout,0.4802015271982934,Asia,5,0.6354166666666666
PEM_M15_V2,M15,long,2025-06-12 17:30:00+00:00,2025-06-12 19:45:00+00:00,3367.245,3388.7249999999995,3356.505,3388.7249999999995,10,tp,2.0,NY_Late,17,0.6041666666666666
PEM_M15_V2,M15,long,2025-06-13 19:45:00+00:00,2025-06-13 22:45:00+00:00,3427.968,3423.555,3418.348,3447.2079999999996,13,timeout,-0.45873180873181507,NY_Late,19,0.2708333333333333
PEM_M15_V2,M15,short,2025-06-17 21:15:00+00:00,2025-06-17 21:45:00+00:00,3389.365,3368.1989999999996,3399.948,3368.1989999999996,3,tp,2.0,NY_Late,21,0.75
PEM_M15_V2,M15,long,2025-06-18 00:45:00+00:00,2025-06-18 03:45:00+00:00,3389.535,3387.105,3379.965,3408.6749999999993,13,timeout,-0.25391849529779625,Asia,0,0.875
PEM_M15_V2,M15,long,2025-06-19 17:45:00+00:00,2025-06-19 20:30:00+00:00,3376.555,3362.058,3362.058,3405.5489999999995,12,sl,-1.0,NY_Late,17,0.5833333333333334
PEM_M15_V2,M15,short,2025-06-20 18:45:00+00:00,2025-06-20 20:30:00+00:00,3351.448,3357.775,3357.775,3338.7939999999994,8,sl,-1.0,NY_Late,18,0.03125
PEM_M15_V2,M15,long,2025-06-23 18:30:00+00:00,2025-06-23 19:30:00+00:00,3375.045,3364.835,3364.835,3395.465,5,sl,-1.0,NY_Late,18,0.2916666666666667
PEM_M15_V2,M15,long,2025-06-25 23:15:00+00:00,2025-06-26 02:15:00+00:00,3326.035,3331.225,3320.335,3337.4349999999995,13,timeout,0.9105263157895123,NY_Late,23,0.7291666666666666
PEM_M15_V2,M15,long,2025-06-26 06:45:00+00:00,2025-06-26 08:30:00+00:00,3336.755,3331.065,3331.065,3348.135,8,sl,-1.0,Asia,6,0.07291666666666667
PEM_M15_V2,M15,short,2025-06-27 19:15:00+00:00,2025-06-27 20:15:00+00:00,3281.145,3261.605,3290.915,3261.605,5,tp,2.0,NY_Late,19,0.7708333333333334
PEM_M15_V2,M15,short,2025-06-30 18:45:00+00:00,2025-06-30 19:45:00+00:00,3275.285,3287.195,3287.195,3251.4649999999992,5,sl,-1.0,NY_Late,18,0.22916666666666666
PEM_M15_V2,M15,long,2025-06-30 23:30:00+00:00,2025-07-01 02:30:00+00:00,3293.895,3306.125,3279.315,3323.055,13,timeout,0.8388203017832702,NY_Late,23,0.53125
PEM_M15_V2,M15,long,2025-07-01 02:45:00+00:00,2025-07-01 06:30:00+00:00,3306.165,3309.455,3296.948,3324.599,13,timeout,0.35694911576434074,Asia,2,0.03125
PEM_M15_V2,M15,long,2025-07-01 18:30:00+00:00,2025-07-01 21:30:00+00:00,3350.855,3351.475,3338.078,3376.409,13,timeout,0.04852469280737957,NY_Late,18,0.4270833333333333
PEM_M15_V2,M15,long,2025-07-03 01:45:00+00:00,2025-07-03 05:30:00+00:00,3352.145,3364.085,3339.975,3376.485,13,timeout,0.9811010682004916,Asia,1,0.28125
PEM_M15_V2,M15,short,2025-07-03 20:00:00+00:00,2025-07-03 23:00:00+00:00,3313.785,3328.048,3353.598,3234.1589999999997,13,timeout,-0.3582498178986734,NY_Late,19,1.0
PEM_M15_V2,M15,long,2025-07-07 05:00:00+00:00,2025-07-07 05:15:00+00:00,3334.015,3338.747,3331.649,3338.747,2,tp,2.0,Asia,0,0.13541666666666666
PEM_M15_V2,M15,long,2025-07-08 00:00:00+00:00,2025-07-08 03:00:00+00:00,3326.268,3336.975,3316.019,3346.7660000000005,13,timeout,1.0446872865645056,NY_Late,23,0.4479166666666667
PEM_M15_V2,M15,long,2025-07-09 23:45:00+00:00,2025-07-10 02:45:00+00:00,3312.075,3315.448,3293.575,3349.075,13,timeout,0.18232432432432688,NY_Late,23,0.6354166666666666
PEM_M15_V2,M15,long,2025-07-10 20:15:00+00:00,2025-07-10 21:00:00+00:00,3326.315,3317.765,3317.765,3343.4150000000004,4,sl,-1.0,NY_Late,20,0.7916666666666666
PEM_M15_V2,M15,long,2025-07-11 17:15:00+00:00,2025-07-11 20:00:00+00:00,3340.205,3355.385,3332.615,3355.385,12,tp,2.0,NY_Late,17,0.71875
PEM_M15_V2,M15,long,2025-07-21 18:45:00+00:00,2025-07-21 20:45:00+00:00,3372.435,3390.8349999999996,3363.235,3390.8349999999996,9,tp,2.0,NY_Late,18,0.5104166666666666
PEM_M15_V2,M15,long,2025-07-22 19:15:00+00:00,2025-07-22 20:00:00+00:00,3392.375,3406.2690000000002,3385.428,3406.2690000000002,4,tp,2.0,NY_Late,19,0.14583333333333334
PEM_M15_V2,M15,short,2025-07-23 20:30:00+00:00,2025-07-23 23:15:00+00:00,3416.648,3390.434,3429.755,3390.434,12,tp,2.0,NY_Late,20,0.8125
PEM_M15_V2,M15,short,2025-07-25 18:00:00+00:00,2025-07-25 21:00:00+00:00,3343.598,3343.698,3348.648,3333.4979999999996,13,timeout,-0.019801980198001078,NY_Late,17,0.5208333333333334
PEM_M15_V2,M15,short,2025-07-28 19:45:00+00:00,2025-07-28 21:00:00+00:00,3328.898,3309.764,3338.465,3309.764,6,tp,2.0,NY_Late,19,0.3020833333333333
PEM_M15_V2,M15,long,2025-08-01 18:30:00+00:00,2025-08-01 19:45:00+00:00,3300.475,3315.4549999999995,3292.985,3315.4549999999995,6,tp,2.0,NY_Late,18,0.5208333333333334
PEM_M15_V2,M15,long,2025-08-02 03:00:00+00:00,2025-08-04 06:45:00+00:00,3359.738,3358.498,3345.415,3388.3839999999996,13,timeout,-0.08657404175101538,Asia,2,0.7395833333333334
PEM_M15_V2,M15,long,2025-08-04 18:45:00+00:00,2025-08-04 21:45:00+00:00,3367.725,3374.705,3356.455,3390.265,13,timeout,0.6193433895297276,NY_Late,18,0.23958333333333334
PEM_M15_V2,M15,short,2025-08-05 17:15:00+00:00,2025-08-05 20:00:00+00:00,3359.365,3366.105,3366.105,3345.8849999999993,12,sl,-1.0,NY_Late,17,0.6354166666666666
PEM_M15_V2,M15,long,2025-08-05 23:15:00+00:00,2025-08-06 02:15:00+00:00,3389.348,3379.948,3368.769,3430.5060000000003,13,timeout,-0.45677632538024243,NY_Late,23,0.9270833333333334
PEM_M15_V2,M15,long,2025-08-07 20:00:00+00:00,2025-08-07 21:15:00+00:00,3384.625,3374.505,3374.505,3404.865,6,sl,-1.0,NY_Late,19,1.0
PEM_M15_V2,M15,long,2025-08-07 23:30:00+00:00,2025-08-08 00:15:00+00:00,3390.795,3384.998,3384.998,3402.389,4,sl,-1.0,NY_Late,23,0.90625
PEM_M15_V2,M15,long,2025-08-08 23:30:00+00:00,2025-08-09 01:00:00+00:00,3394.995,3388.488,3388.488,3408.009,7,sl,-1.0,NY_Late,23,0.7083333333333334
PEM_M15_V2,M15,short,2025-08-11 18:15:00+00:00,2025-08-11 21:15:00+00:00,3357.865,3357.448,3365.405,3342.784999999999,13,timeout,0.05530503978778424,NY_Late,18,0.25
PEM_M15_V2,M15,short,2025-08-15 19:45:00+00:00,2025-08-15 20:00:00+00:00,3336.898,3344.048,3344.048,3322.598000000001,2,sl,-1.0,NY_Late,19,0.5416666666666666
PEM_M15_V2,M15,short,2025-08-15 23:45:00+00:00,2025-08-16 02:45:00+00:00,3338.698,3336.648,3344.465,3327.1639999999993,13,timeout,0.3554707820356559,NY_Late,23,0.6875
PEM_M15_V2,M15,short,2025-08-18 06:45:00+00:00,2025-08-18 07:15:00+00:00,3329.165,3334.998,3334.998,3317.499,3,sl,-1.0,Asia,6,0.4791666666666667
PEM_M15_V2,M15,long,2025-08-21 02:45:00+00:00,2025-08-21 06:30:00+00:00,3348.348,3347.405,3325.345,3394.3540000000003,13,timeout,-0.04099465287135373,Asia,2,0.34375
PEM_M15_V2,M15,long,2025-08-25 17:15:00+00:00,2025-08-25 20:15:00+00:00,3367.605,3363.965,3361.825,3379.1650000000004,13,timeout,-0.6297577854670842,NY_Late,17,0.19791666666666666
PEM_M15_V2,M15,short,2025-08-26 02:30:00+00:00,2025-08-26 06:15:00+00:00,3368.885,3360.5250000000005,3373.065,3360.5250000000005,13,tp,2.0,Asia,2,0.15625
PEM_M15_V2,M15,short,2025-08-26 06:45:00+00:00,2025-08-26 07:15:00+00:00,3353.648,3365.105,3365.105,3330.7340000000004,3,sl,-1.0,Asia,6,0.4479166666666667
PEM_M15_V2,M15,long,2025-08-27 05:15:00+00:00,2025-08-27 08:15:00+00:00,3393.945,3387.535,3387.535,3406.765000000001,13,sl,-1.0,Asia,5,0.11458333333333333
PEM_M15_V2,M15,long,2025-08-28 00:00:00+00:00,2025-08-28 03:00:00+00:00,3394.655,3396.205,3376.448,3431.069000000001,13,timeout,0.08513209205249073,NY_Late,23,0.9270833333333334
PEM_M15_V2,M15,long,2025-08-28 23:45:00+00:00,2025-08-29 02:45:00+00:00,3416.465,3419.198,3395.975,3457.4450000000006,13,timeout,0.13338213762809606,NY_Late,23,0.90625
PEM_M15_V2,M15,long,2025-09-02 23:30:00+00:00,2025-09-03 02:30:00+00:00,3524.169,3536.895,3509.909,3552.6889999999994,13,timeout,0.8924263674614533,NY_Late,23,0.9270833333333334
PEM_M15_V2,M15,long,2025-09-03 02:45:00+00:00,2025-09-03 06:30:00+00:00,3536.995,3527.495,3524.345,3562.295,13,timeout,-0.7509881422924847,Asia,2,0.6145833333333334
PEM_M15_V2,M15,long,2025-09-04 00:00:00+00:00,2025-09-04 03:00:00+00:00,3569.005,3561.345,3561.345,3584.3250000000007,13,sl,-1.0,NY_Late,23,0.6458333333333334
PEM_M15_V2,M15,short,2025-09-05 01:00:00+00:00,2025-09-05 04:00:00+00:00,3545.645,3544.645,3554.475,3527.985,13,timeout,0.11325028312570874,Asia,0,0.5208333333333334
PEM_M15_V2,M15,long,2025-09-05 20:00:00+00:00,2025-09-05 23:00:00+00:00,3579.505,3591.365,3547.365,3643.7850000000008,13,timeout,0.36901057871809434,NY_Late,19,0.875
PEM_M15_V2,M15,long,2025-09-05 23:45:00+00:00,2025-09-06 02:45:00+00:00,3599.645,3592.835,3589.005,3620.9249999999997,13,timeout,-0.640037593984965,NY_Late,23,0.9166666666666666
PEM_M15_V2,M15,long,2025-09-10 17:15:00+00:00,2025-09-10 19:45:00+00:00,3655.335,3644.558,3644.558,3676.889,11,sl,-1.0,NY_Late,17,0.0625
PEM_M15_V2,M15,long,2025-09-15 23:30:00+00:00,2025-09-16 02:30:00+00:00,3679.805,3679.395,3644.375,3750.6649999999995,13,timeout,-0.011572114027656122,NY_Late,23,0.96875
PEM_M15_V2,M15,long,2025-09-17 03:45:00+00:00,2025-09-17 07:30:00+00:00,3693.285,3693.495,3678.625,3722.6049999999996,13,timeout,0.014324693042294575,Asia,3,0.14583333333333334
PEM_M15_V2,M15,short,2025-09-17 18:00:00+00:00,2025-09-17 19:15:00+00:00,3666.295,3670.845,3670.845,3657.1950000000006,6,sl,-1.0,NY_Late,17,0.6979166666666666
PEM_M15_V2,M15,short,2025-09-19 19:00:00+00:00,2025-09-19 20:45:00+00:00,3647.315,3658.635,3658.635,3624.6749999999997,8,sl,-1.0,NY_Late,18,0.2604166666666667
PEM_M15_V2,M15,long,2025-09-20 02:30:00+00:00,2025-09-22 06:15:00+00:00,3683.145,3687.265,3677.768,3693.899,13,timeout,0.766226520364502,Asia,2,0.34375
PEM_M15_V2,M15,long,2025-09-23 00:45:00+00:00,2025-09-23 03:45:00+00:00,3742.845,3747.685,3730.435,3767.6649999999995,13,timeout,0.39000805801774396,Asia,0,0.8020833333333334
PEM_M15_V2,M15,long,2025-09-23 22:45:00+00:00,2025-09-23 23:45:00+00:00,3780.785,3770.885,3770.885,3800.584999999999,5,sl,-1.0,NY_Late,22,0.9479166666666666
PEM_M15_V2,M15,short,2025-09-24 02:30:00+00:00,2025-09-24 06:15:00+00:00,3754.015,3767.785,3781.575,3698.895,13,timeout,-0.499637155297533,Asia,2,1.0
PEM_M15_V2,M15,short,2025-09-25 01:45:00+00:00,2025-09-25 03:45:00+00:00,3727.775,3735.155,3735.155,3713.015,9,sl,-1.0,Asia,1,0.6666666666666666
PEM_M15_V2,M15,short,2025-09-26 18:15:00+00:00,2025-09-26 19:45:00+00:00,3744.235,3753.935,3753.935,3724.8350000000005,7,sl,-1.0,NY_Late,18,0.020833333333333332
PEM_M15_V2,M15,long,2025-09-27 01:15:00+00:00,2025-09-29 05:00:00+00:00,3782.365,3760.405,3750.205,3846.6849999999995,13,timeout,-0.6828358208955124,Asia,1,0.5625
PEM_M15_V2,M15,long,2025-09-29 18:45:00+00:00,2025-09-29 19:30:00+00:00,3823.545,3814.535,3814.535,3841.5650000000005,4,sl,-1.0,NY_Late,18,0.3645833333333333
PEM_M15_V2,M15,long,2025-10-01 03:00:00+00:00,2025-10-01 06:45:00+00:00,3854.875,3862.065,3835.185,3894.255,13,timeout,0.3651599796851211,Asia,2,0.46875
PEM_M15_V2,M15,long,2025-10-06 05:45:00+00:00,2025-10-06 06:15:00+00:00,3892.678,3917.3379999999997,3880.348,3917.3379999999997,3,tp,2.0,Asia,5,0.375
PEM_M15_V2,M15,long,2025-10-07 02:45:00+00:00,2025-10-07 06:30:00+00:00,3963.695,3969.415,3950.588,3989.909,13,timeout,0.43640802624550334,Asia,2,0.3645833333333333
PEM_M15_V2,M15,long,2025-10-08 05:45:00+00:00,2025-10-08 08:45:00+00:00,3989.865,3994.385,3978.148,4013.298999999999,13,timeout,0.38576427413165265,Asia,5,0.03125
PEM_M15_V2,M15,long,2025-10-08 17:15:00+00:00,2025-10-08 20:15:00+00:00,4047.625,4045.635,4029.975,4082.925,13,timeout,-0.1127478753540947,NY_Late,17,0.625
PEM_M15_V2,M15,long,2025-10-08 23:45:00+00:00,2025-10-09 01:15:00+00:00,4056.635,4042.395,4042.395,4085.1150000000007,7,sl,-1.0,NY_Late,23,0.8020833333333334
PEM_M15_V2,M15,short,2025-10-09 05:45:00+00:00,2025-10-09 08:45:00+00:00,4025.898,4029.725,4044.898,3987.898,13,timeout,-0.20142105263156687,Asia,5,0.9895833333333334
PEM_M15_V2,M15,long,2025-10-11 01:45:00+00:00,2025-10-13 05:30:00+00:00,4002.648,4034.995,3974.845,4058.254000000001,13,timeout,1.163435600474746,Asia,1,0.8125
PEM_M15_V2,M15,short,2025-10-14 20:15:00+00:00,2025-10-14 23:15:00+00:00,4098.389,4128.948,4179.355,3936.4570000000012,13,timeout,-0.377430032359267,NY_Late,20,0.7604166666666666
PEM_M15_V2,M15,long,2025-10-16 17:30:00+00:00,2025-10-16 20:30:00+00:00,4241.685,4248.698,4221.975,4281.1050000000005,13,timeout,0.35580923389142094,NY_Late,17,0.3541666666666667
PEM_M15_V2,M15,long,2025-10-16 23:30:00+00:00,2025-10-16 23:45:00+00:00,4279.935,4267.005,4267.005,4305.795000000001,2,sl,-1.0,NY_Late,23,0.8020833333333334
PEM_M15_V2,M15,long,2025-10-17 03:30:00+00:00,2025-10-17 05:30:00+00:00,4316.405,4374.864999999999,4287.175,4374.864999999999,6,tp,2.0,Asia,3,0.96875
PEM_M15_V2,M15,short,2025-10-17 18:15:00+00:00,2025-10-17 20:45:00+00:00,4326.618,4280.864000000001,4349.495,4280.864000000001,11,tp,2.0,NY_Late,18,0.5104166666666666
PEM_M15_V2,M15,long,2025-10-20 19:00:00+00:00,2025-10-20 19:30:00+00:00,4263.975,4287.415000000001,4252.255,4287.415000000001,3,tp,2.0,NY_Late,18,0.010416666666666666
PEM_M15_V2,M15,long,2025-10-21 05:45:00+00:00,2025-10-21 08:30:00+00:00,4369.905,4352.498,4352.498,4404.719,12,sl,-1.0,Asia,5,0.21875
PEM_M15_V2,M15,short,2025-10-22 00:00:00+00:00,2025-10-22 03:00:00+00:00,4110.809,4108.715,4264.255,3803.9170000000004,13,timeout,0.013646494532278796,NY_Late,23,0.9166666666666666
PEM_M15_V2,M15,short,2025-10-24 03:00:00+00:00,2025-10-24 06:45:00+00:00,4117.875,4115.875,4143.225,4067.1749999999993,13,timeout,0.07889546351084699,Asia,2,0.03125
PEM_M15_V2,M15,short,2025-10-25 01:30:00+00:00,2025-10-27 05:15:00+00:00,4103.815,4101.848,4138.325,4034.794999999999,13,timeout,0.05699797160242338,Asia,1,0.7708333333333334
PEM_M15_V2,M15,short,2025-10-27 18:45:00+00:00,2025-10-27 21:45:00+00:00,4029.595,3998.245,4062.225,3964.3349999999996,13,timeout,0.9607722954336441,NY_Late,18,0.4375
PEM_M15_V2,M15,short,2025-10-28 05:15:00+00:00,2025-10-28 08:15:00+00:00,3980.735,4017.505,4037.685,3866.8350000000005,13,timeout,-0.6456540825285355,Asia,5,0.125
PEM_M15_V2,M15,long,2025-11-03 22:30:00+00:00,2025-11-04 01:30:00+00:00,4026.085,4002.299,3994.435,4089.385,13,timeout,-0.7515323854660344,NY_Late,22,0.3020833333333333
PEM_M15_V2,M15,long,2025-11-06 03:15:00+00:00,2025-11-06 06:00:00+00:00,3987.765,3976.978,3976.978,4009.3389999999995,9,sl,-1.0,Asia,3,0.010416666666666666
PEM_M15_V2,M15,short,2025-11-07 03:30:00+00:00,2025-11-07 07:15:00+00:00,3983.315,3987.795,3994.248,3961.449,13,timeout,-0.40976859050581005,Asia,3,0.78125
PEM_M15_V2,M15,long,2025-11-10 19:30:00+00:00,2025-11-10 22:30:00+00:00,4088.175,4087.905,4066.635,4131.255,13,timeout,-0.012534818941503356,NY_Late,19,0.0625
PEM_M15_V2,M15,long,2025-11-11 01:30:00+00:00,2025-11-11 04:30:00+00:00,4105.325,4112.115,4093.705,4128.565,13,timeout,0.5843373493975927,Asia,1,0.3645833333333333
PEM_M15_V2,M15,long,2025-11-11 06:45:00+00:00,2025-11-11 09:45:00+00:00,4120.165,4139.195,4105.555,4149.384999999999,13,timeout,1.302532511978109,Asia,6,0.020833333333333332
PEM_M15_V2,M15,long,2025-11-12 19:45:00+00:00,2025-11-12 20:15:00+00:00,4136.895,4124.105,4124.105,4162.475000000002,3,sl,-1.0,NY_Late,19,0.5416666666666666
PEM_M15_V2,M15,long,2025-11-13 02:00:00+00:00,2025-11-13 02:15:00+00:00,4209.155,4195.659,4195.659,4236.147,2,sl,-1.0,Asia,1,0.8854166666666666
PEM_M15_V2,M15,short,2025-11-14 17:45:00+00:00,2025-11-14 18:30:00+00:00,4162.675,4144.995,4171.515,4144.995,4,tp,2.0,NY_Late,17,0.3541666666666667
PEM_M15_V2,M15,short,2025-11-18 02:30:00+00:00,2025-11-18 02:45:00+00:00,4062.875,4034.035,4077.295,4034.035,2,tp,2.0,Asia,2,0.13541666666666666
PEM_M15_V2,M15,long,2025-11-18 17:30:00+00:00,2025-11-18 20:30:00+00:00,4041.275,4050.085,4020.885,4082.055,13,timeout,0.4320745463462482,NY_Late,17,0.40625
PEM_M15_V2,M15,long,2025-11-19 01:15:00+00:00,2025-11-19 04:15:00+00:00,4072.345,4069.195,4059.125,4098.785,13,timeout,-0.23827534039331952,Asia,1,0.7708333333333334
PEM_M15_V2,M15,long,2025-11-19 20:00:00+00:00,2025-11-19 20:15:00+00:00,4117.825,4106.245,4106.245,4140.985,2,sl,-1.0,NY_Late,19,0.16666666666666666
PEM_M15_V2,M15,long,2025-11-20 20:30:00+00:00,2025-11-20 23:30:00+00:00,4090.975,4065.585,4056.225,4160.475,13,timeout,-0.7306474820143848,NY_Late,20,0.3229166666666667
PEM_M15_V2,M15,long,2025-11-21 02:45:00+00:00,2025-11-21 06:30:00+00:00,4082.325,4081.475,4055.935,4135.105,13,timeout,-0.03220917014020133,Asia,2,0.8333333333333334
PEM_M15_V2,M15,short,2025-11-21 17:45:00+00:00,2025-11-21 19:30:00+00:00,4035.295,4054.725,4054.725,3996.4350000000004,8,sl,-1.0,NY_Late,17,0.6770833333333334
PEM_M15_V2,M15,long,2025-11-24 23:45:00+00:00,2025-11-25 01:15:00+00:00,4094.055,4088.205,4088.205,4105.754999999999,7,sl,-1.0,NY_Late,23,0.23958333333333334
PEM_M15_V2,M15,long,2025-11-25 03:45:00+00:00,2025-11-25 07:30:00+00:00,4126.498,4135.225,4092.335,4194.823999999999,13,timeout,0.25545180458393246,Asia,3,0.3854166666666667
PEM_M15_V2,M15,long,2025-11-26 19:15:00+00:00,2025-11-26 20:00:00+00:00,4172.448,4149.555,4149.555,4218.234,4,sl,-1.0,NY_Late,19,0.07291666666666667
PEM_M15_V2,M15,long,2025-11-28 21:30:00+00:00,2025-11-29 00:30:00+00:00,4191.205,4207.465,4161.225,4251.164999999999,13,timeout,0.5423615743829371,NY_Late,21,0.8333333333333334
PEM_M15_V2,M15,long,2025-11-29 01:15:00+00:00,2025-11-29 02:45:00+00:00,4216.248,4218.959,4193.465,4261.8139999999985,7,timeout,0.11899223104948013,Asia,1,0.65625
