signal_ts,entry_ts,family,side,entry,stop,tp,risk,timeout_bars,session,exit_ts,exit_price,exit_reason,holding_bars,r_mult,split,year
2020-11-30 11:15:00+00:00,2020-11-30 11:30:00+00:00,rejection,short,1770.745,1773.084,1766.0669999999996,2.339000000000169,12,london,2020-11-30 12:15:00+00:00,1766.0669999999996,tp,3,2.0,train,2020
2020-11-30 12:15:00+00:00,2020-11-30 12:30:00+00:00,compression_expansion,short,1765.318,1772.248,1751.4579999999999,6.930000000000064,12,london,2020-11-30 13:30:00+00:00,1772.248,sl,4,-1.0,train,2020
2020-12-02 07:00:00+00:00,2020-12-02 07:15:00+00:00,sweep_reclaim,long,1811.895,1811.034,1813.6169999999997,0.8609999999998763,12,london,2020-12-02 07:45:00+00:00,1813.6169999999997,tp,2,2.0,train,2020
2020-12-02 07:45:00+00:00,2020-12-02 08:00:00+00:00,rejection,long,1813.238,1811.895,1815.9240000000002,1.3430000000000746,12,london,2020-12-02 08:00:00+00:00,1811.895,sl,0,-1.0,train,2020
2020-12-02 08:30:00+00:00,2020-12-02 08:45:00+00:00,rejection,long,1812.618,1811.448,1814.9579999999996,1.1699999999998454,12,london,2020-12-02 08:45:00+00:00,1814.9579999999996,tp,0,2.0,train,2020
2020-12-02 10:45:00+00:00,2020-12-02 11:00:00+00:00,rejection,long,1810.148,1808.785,1812.8739999999996,1.362999999999829,12,london,2020-12-02 12:15:00+00:00,1808.785,sl,5,-1.0,train,2020
2020-12-02 12:30:00+00:00,2020-12-02 12:45:00+00:00,rejection,long,1809.425,1807.784,1812.7069999999997,1.640999999999849,12,london,2020-12-02 12:45:00+00:00,1807.784,sl,0,-1.0,train,2020
2020-12-02 12:45:00+00:00,2020-12-02 13:00:00+00:00,sweep_reclaim,long,1810.165,1807.784,1814.9269999999997,2.380999999999858,12,london,2020-12-02 14:45:00+00:00,1814.9269999999997,tp,7,2.0,train,2020
2020-12-03 07:30:00+00:00,2020-12-03 07:45:00+00:00,rejection,long,1828.965,1828.915,1829.0649999999998,0.049999999999954525,12,london,2020-12-03 07:45:00+00:00,1828.915,sl,0,-1.0,train,2020
2020-12-03 08:15:00+00:00,2020-12-03 08:30:00+00:00,sweep_reclaim,long,1829.708,1827.328,1834.4680000000003,2.380000000000109,12,london,2020-12-03 08:30:00+00:00,1827.328,sl,0,-1.0,train,2020
2020-12-03 08:45:00+00:00,2020-12-03 09:00:00+00:00,rejection,long,1827.655,1827.158,1828.6490000000001,0.49700000000007094,12,london,2020-12-03 09:00:00+00:00,1827.158,sl,0,-1.0,train,2020
2020-12-03 11:00:00+00:00,2020-12-03 11:15:00+00:00,rejection,long,1835.685,1831.31,1844.435,4.375,12,london,2020-12-03 13:45:00+00:00,1831.31,sl,10,-1.0,train,2020
2020-12-04 07:15:00+00:00,2020-12-04 07:30:00+00:00,rejection,long,1840.165,1839.528,1841.4389999999999,0.6369999999999436,12,london,2020-12-04 07:30:00+00:00,1841.4389999999999,tp,0,2.0,train,2020
2020-12-04 07:45:00+00:00,2020-12-04 08:00:00+00:00,rejection,long,1842.188,1839.235,1848.0940000000005,2.953000000000202,12,london,2020-12-04 08:15:00+00:00,1839.235,sl,1,-1.0,train,2020
2020-12-04 08:45:00+00:00,2020-12-04 09:00:00+00:00,sweep_reclaim,long,1840.038,1838.189,1843.7359999999999,1.8489999999999327,12,london,2020-12-04 09:15:00+00:00,1838.189,sl,1,-1.0,train,2020
2020-12-07 11:45:00+00:00,2020-12-07 12:00:00+00:00,compression_expansion,long,1839.155,1837.368,1842.729,1.7870000000000346,12,london,2020-12-07 15:00:00+00:00,1838.028,timeout,12,-0.6306659205371745,train,2020
2020-12-08 07:15:00+00:00,2020-12-08 07:30:00+00:00,rejection,long,1863.498,1863.078,1864.3380000000002,0.42000000000007276,12,london,2020-12-08 07:45:00+00:00,1864.3380000000002,tp,1,2.0,train,2020
2020-12-08 12:15:00+00:00,2020-12-08 12:30:00+00:00,rejection,long,1869.738,1867.548,1874.1180000000002,2.1900000000000546,12,london,2020-12-08 12:45:00+00:00,1867.548,sl,1,-1.0,train,2020
2020-12-09 08:15:00+00:00,2020-12-09 08:30:00+00:00,sweep_reclaim,long,1867.275,1867.068,1867.6890000000003,0.20700000000010732,12,london,2020-12-09 08:30:00+00:00,1867.068,sl,0,-1.0,train,2020
2020-12-09 08:30:00+00:00,2020-12-09 08:45:00+00:00,rejection,long,1867.638,1865.225,1872.464,2.413000000000011,12,london,2020-12-09 09:45:00+00:00,1865.225,sl,4,-1.0,train,2020
2020-12-10 09:00:00+00:00,2020-12-10 09:15:00+00:00,rejection,short,1838.408,1839.915,1835.3939999999998,1.5070000000000618,12,london,2020-12-10 09:15:00+00:00,1839.915,sl,0,-1.0,train,2020
2020-12-10 10:15:00+00:00,2020-12-10 10:30:00+00:00,rejection,short,1840.218,1842.015,1836.624,1.7970000000000255,12,london,2020-12-10 11:15:00+00:00,1842.015,sl,3,-1.0,train,2020
2020-12-11 08:30:00+00:00,2020-12-11 08:45:00+00:00,rejection,short,1838.445,1839.305,1836.7249999999997,0.8600000000001273,12,london,2020-12-11 08:45:00+00:00,1839.305,sl,0,-1.0,train,2020
2020-12-11 12:45:00+00:00,2020-12-11 13:00:00+00:00,compression_expansion,short,1835.685,1838.165,1830.725,2.480000000000018,12,london,2020-12-11 16:00:00+00:00,1832.918,timeout,12,1.115725806451626,train,2020
2020-12-14 11:30:00+00:00,2020-12-14 11:45:00+00:00,rejection,short,1835.398,1836.625,1832.9439999999997,1.2270000000000891,12,london,2020-12-14 12:45:00+00:00,1832.9439999999997,tp,4,2.0,train,2020
2020-12-15 08:15:00+00:00,2020-12-15 08:30:00+00:00,rejection,short,1826.138,1827.769,1822.8759999999997,1.6310000000000855,12,london,2020-12-15 08:30:00+00:00,1827.769,sl,0,-1.0,train,2020
2020-12-16 07:30:00+00:00,2020-12-16 07:45:00+00:00,rejection,long,1852.218,1851.415,1853.8240000000003,0.803000000000111,12,london,2020-12-16 08:00:00+00:00,1851.415,sl,1,-1.0,train,2020
2020-12-16 09:00:00+00:00,2020-12-16 09:15:00+00:00,rejection,long,1852.195,1851.328,1853.9289999999999,0.8669999999999618,12,london,2020-12-16 09:15:00+00:00,1853.9289999999999,tp,0,2.0,train,2020
2020-12-16 10:30:00+00:00,2020-12-16 10:45:00+00:00,rejection,long,1856.885,1856.215,1858.2250000000001,0.6700000000000728,12,london,2020-12-16 12:15:00+00:00,1856.215,sl,6,-1.0,train,2020
2020-12-17 09:45:00+00:00,2020-12-17 10:00:00+00:00,sweep_reclaim,long,1863.008,1862.625,1863.7740000000001,0.3830000000000382,12,london,2020-12-17 10:00:00+00:00,1863.7740000000001,tp,0,2.0,train,2020
2020-12-17 11:30:00+00:00,2020-12-17 11:45:00+00:00,compression_expansion,long,1866.895,1863.598,1873.489,3.2970000000000255,12,london,2020-12-17 14:45:00+00:00,1873.489,tp,12,2.0,train,2020
2020-12-18 10:00:00+00:00,2020-12-18 10:15:00+00:00,rejection,long,1880.605,1879.445,1882.9250000000002,1.1600000000000819,12,london,2020-12-18 10:45:00+00:00,1882.9250000000002,tp,2,2.0,train,2020
2020-12-18 12:00:00+00:00,2020-12-18 12:15:00+00:00,compression_expansion,long,1884.855,1881.218,1892.129,3.6369999999999436,12,london,2020-12-18 13:15:00+00:00,1881.218,sl,4,-1.0,train,2020
2020-12-21 09:30:00+00:00,2020-12-21 09:45:00+00:00,rejection,long,1897.098,1894.0,1903.2939999999999,3.0979999999999563,12,london,2020-12-21 10:30:00+00:00,1894.0,sl,3,-1.0,train,2020
2020-12-21 11:00:00+00:00,2020-12-21 11:15:00+00:00,rejection,long,1895.645,1893.328,1900.279,2.3170000000000073,12,london,2020-12-21 12:15:00+00:00,1900.279,tp,4,2.0,train,2020
2020-12-21 12:30:00+00:00,2020-12-21 12:45:00+00:00,rejection,long,1902.185,1898.455,1909.645,3.730000000000018,12,london,2020-12-21 14:00:00+00:00,1898.455,sl,5,-1.0,train,2020
2020-12-22 09:45:00+00:00,2020-12-22 10:00:00+00:00,sweep_reclaim,short,1882.338,1882.838,1881.338,0.5,12,london,2020-12-22 10:00:00+00:00,1882.838,sl,0,-1.0,train,2020
2020-12-22 12:00:00+00:00,2020-12-22 12:15:00+00:00,rejection,long,1880.795,1880.445,1881.4950000000003,0.3500000000001364,12,london,2020-12-22 12:15:00+00:00,1880.445,sl,0,-1.0,train,2020
2020-12-23 08:45:00+00:00,2020-12-23 09:00:00+00:00,sweep_reclaim,short,1866.015,1867.268,1863.5090000000002,1.252999999999929,12,london,2020-12-23 09:15:00+00:00,1863.5090000000002,tp,1,2.0,train,2020
2020-12-23 10:30:00+00:00,2020-12-23 10:45:00+00:00,rejection,short,1864.725,1866.138,1861.899,1.413000000000011,12,london,2020-12-23 11:00:00+00:00,1866.138,sl,1,-1.0,train,2020
2020-12-23 11:00:00+00:00,2020-12-23 11:15:00+00:00,rejection,short,1864.995,1865.918,1863.149,0.9230000000000018,12,london,2020-12-23 11:15:00+00:00,1865.918,sl,0,-1.0,train,2020
2020-12-23 12:00:00+00:00,2020-12-23 12:15:00+00:00,rejection,short,1866.585,1867.188,1865.379,0.6030000000000655,12,london,2020-12-23 12:15:00+00:00,1867.188,sl,0,-1.0,train,2020
2020-12-23 12:30:00+00:00,2020-12-23 12:45:00+00:00,compression_expansion,short,1865.658,1867.945,1861.0839999999998,2.2870000000000346,12,london,2020-12-23 14:15:00+00:00,1867.945,sl,6,-1.0,train,2020
2020-12-24 10:45:00+00:00,2020-12-24 11:00:00+00:00,rejection,long,1875.298,1874.918,1876.0580000000002,0.38000000000010914,12,london,2020-12-24 11:00:00+00:00,1876.0580000000002,tp,0,2.0,train,2020
2020-12-24 11:15:00+00:00,2020-12-24 11:30:00+00:00,rejection,long,1875.828,1873.798,1879.888,2.0299999999999727,12,london,2020-12-24 14:30:00+00:00,1876.395,timeout,12,0.27931034482759354,train,2020
2020-12-28 07:45:00+00:00,2020-12-28 08:00:00+00:00,rejection,long,1887.318,1886.688,1888.5779999999997,0.6299999999998818,12,london,2020-12-28 08:00:00+00:00,1886.688,sl,0,-1.0,train,2020
2020-12-28 08:00:00+00:00,2020-12-28 08:15:00+00:00,rejection,long,1888.128,1886.048,1892.2879999999998,2.0799999999999272,12,london,2020-12-28 08:15:00+00:00,1892.2879999999998,tp,0,2.0,train,2020
2020-12-28 08:30:00+00:00,2020-12-28 08:45:00+00:00,rejection,long,1894.488,1885.618,1912.2280000000003,8.870000000000118,12,london,2020-12-28 11:45:00+00:00,1894.858,timeout,12,0.04171364148814948,train,2020
2020-12-28 11:45:00+00:00,2020-12-28 12:00:00+00:00,rejection,long,1894.848,1893.595,1897.3539999999998,1.252999999999929,12,london,2020-12-28 12:30:00+00:00,1893.595,sl,2,-1.0,train,2020
2020-12-29 12:45:00+00:00,2020-12-29 13:00:00+00:00,compression_expansion,short,1875.718,1879.088,1868.9780000000003,3.369999999999891,12,london,2020-12-29 13:15:00+00:00,1879.088,sl,1,-1.0,train,2020
2020-12-30 07:00:00+00:00,2020-12-30 07:15:00+00:00,rejection,short,1877.948,1878.308,1877.2280000000003,0.35999999999989996,12,london,2020-12-30 07:15:00+00:00,1878.308,sl,0,-1.0,train,2020
2020-12-30 07:15:00+00:00,2020-12-30 07:30:00+00:00,rejection,short,1878.078,1878.798,1876.638,0.7200000000000273,12,london,2020-12-30 08:00:00+00:00,1878.798,sl,2,-1.0,train,2020
2020-12-30 09:30:00+00:00,2020-12-30 09:45:00+00:00,rejection,long,1883.258,1882.688,1884.398,0.5699999999999363,12,london,2020-12-30 09:45:00+00:00,1882.688,sl,0,-1.0,train,2020
2020-12-30 11:00:00+00:00,2020-12-30 11:15:00+00:00,rejection,long,1884.285,1883.505,1885.845,0.7799999999999727,12,london,2020-12-30 12:00:00+00:00,1885.845,tp,3,2.0,train,2020
2020-12-31 07:15:00+00:00,2020-12-31 07:30:00+00:00,rejection,long,1894.968,1893.365,1898.1740000000002,1.6030000000000655,12,london,2020-12-31 08:15:00+00:00,1898.1740000000002,tp,3,2.0,train,2020
2020-12-31 08:45:00+00:00,2020-12-31 09:00:00+00:00,rejection,long,1896.718,1894.068,1902.0180000000003,2.650000000000091,12,london,2020-12-31 10:00:00+00:00,1894.068,sl,4,-1.0,train,2020
2020-12-31 10:30:00+00:00,2020-12-31 10:45:00+00:00,sweep_reclaim,long,1888.955,1888.208,1890.4489999999996,0.7469999999998436,12,london,2020-12-31 11:45:00+00:00,1888.208,sl,4,-1.0,train,2020
2020-12-31 11:45:00+00:00,2020-12-31 12:00:00+00:00,rejection,long,1889.208,1888.468,1890.688,0.7400000000000091,12,london,2020-12-31 12:15:00+00:00,1888.468,sl,1,-1.0,train,2020
2020-12-31 12:15:00+00:00,2020-12-31 12:30:00+00:00,sweep_reclaim,long,1888.275,1887.705,1889.4150000000004,0.5700000000001637,12,london,2020-12-31 12:30:00+00:00,1889.4150000000004,tp,0,2.0,train,2020
2021-01-04 07:00:00+00:00,2021-01-04 07:15:00+00:00,rejection,long,1912.798,1908.158,1922.0780000000002,4.6400000000001,12,london,2021-01-04 10:15:00+00:00,1922.0780000000002,tp,12,2.0,train,2021
2021-01-04 10:15:00+00:00,2021-01-04 10:30:00+00:00,rejection,long,1922.155,1917.928,1930.6089999999997,4.226999999999862,12,london,2021-01-04 13:30:00+00:00,1924.205,timeout,12,0.4849775254317534,train,2021
2021-01-05 07:30:00+00:00,2021-01-05 07:45:00+00:00,sweep_reclaim,long,1940.418,1939.398,1942.4579999999999,1.0199999999999818,12,london,2021-01-05 07:45:00+00:00,1939.398,sl,0,-1.0,train,2021
2021-01-05 07:45:00+00:00,2021-01-05 08:00:00+00:00,sweep_reclaim,long,1939.28,1938.978,1939.8839999999998,0.30199999999990723,12,london,2021-01-05 08:00:00+00:00,1938.978,sl,0,-1.0,train,2021
2021-01-05 08:15:00+00:00,2021-01-05 08:30:00+00:00,rejection,long,1938.475,1936.828,1941.7689999999998,1.6469999999999345,12,london,2021-01-05 08:45:00+00:00,1936.828,sl,1,-1.0,train,2021
2021-01-05 09:00:00+00:00,2021-01-05 09:15:00+00:00,sweep_reclaim,long,1937.699,1936.248,1940.601,1.4510000000000218,12,london,2021-01-05 10:15:00+00:00,1940.601,tp,4,2.0,train,2021
2021-01-05 11:00:00+00:00,2021-01-05 11:15:00+00:00,rejection,long,1941.479,1941.358,1941.7210000000002,0.12100000000009459,12,london,2021-01-05 11:15:00+00:00,1941.358,sl,0,-1.0,train,2021
2021-01-06 08:30:00+00:00,2021-01-06 08:45:00+00:00,sweep_reclaim,long,1950.225,1949.475,1951.725,0.75,12,london,2021-01-06 08:45:00+00:00,1949.475,sl,0,-1.0,train,2021
2021-01-06 10:15:00+00:00,2021-01-06 10:30:00+00:00,rejection,long,1944.035,1942.3,1947.5050000000003,1.7350000000001273,12,london,2021-01-06 10:30:00+00:00,1947.5050000000003,tp,0,2.0,train,2021
2021-01-07 07:45:00+00:00,2021-01-07 08:00:00+00:00,rejection,short,1921.448,1924.535,1915.2740000000001,3.086999999999989,12,london,2021-01-07 09:30:00+00:00,1915.2740000000001,tp,6,2.0,train,2021
2021-01-07 09:45:00+00:00,2021-01-07 10:00:00+00:00,rejection,short,1915.528,1918.965,1908.6540000000002,3.436999999999898,12,london,2021-01-07 12:45:00+00:00,1918.965,sl,11,-1.0,train,2021
2021-01-08 08:15:00+00:00,2021-01-08 08:30:00+00:00,rejection,short,1911.055,1916.505,1900.155,5.4500000000000455,12,london,2021-01-08 11:30:00+00:00,1910.195,timeout,12,0.15779816513763673,train,2021
2021-01-11 07:15:00+00:00,2021-01-11 07:30:00+00:00,rejection,short,1846.788,1850.648,1839.0680000000002,3.8599999999999,12,london,2021-01-11 08:00:00+00:00,1839.0680000000002,tp,2,2.0,train,2021
2021-01-11 08:30:00+00:00,2021-01-11 08:45:00+00:00,rejection,short,1821.028,1844.828,1773.428,23.799999999999955,12,london,2021-01-11 11:45:00+00:00,1831.648,timeout,12,-0.44621848739495423,train,2021
2021-01-12 09:45:00+00:00,2021-01-12 10:00:00+00:00,sweep_reclaim,short,1846.368,1848.476,1842.1519999999996,2.1080000000001746,12,london,2021-01-12 10:15:00+00:00,1848.476,sl,1,-1.0,train,2021
2021-01-14 07:00:00+00:00,2021-01-14 07:15:00+00:00,rejection,short,1848.068,1848.618,1846.968,0.5499999999999545,12,london,2021-01-14 07:15:00+00:00,1848.618,sl,0,-1.0,train,2021
2021-01-14 08:30:00+00:00,2021-01-14 08:45:00+00:00,rejection,short,1850.608,1850.705,1850.414,0.09699999999997999,12,london,2021-01-14 08:45:00+00:00,1850.705,sl,0,-1.0,train,2021
2021-01-14 10:30:00+00:00,2021-01-14 10:45:00+00:00,rejection,short,1837.948,1841.458,1830.928,3.509999999999991,12,london,2021-01-14 12:30:00+00:00,1841.458,sl,7,-1.0,train,2021
2021-01-18 08:15:00+00:00,2021-01-18 08:30:00+00:00,rejection,short,1820.535,1822.138,1817.3290000000004,1.602999999999838,12,london,2021-01-18 08:30:00+00:00,1822.138,sl,0,-1.0,train,2021
2021-01-18 09:15:00+00:00,2021-01-18 09:30:00+00:00,rejection,short,1825.525,1826.735,1823.1050000000005,1.209999999999809,12,london,2021-01-18 09:30:00+00:00,1826.735,sl,0,-1.0,train,2021
2021-01-20 08:45:00+00:00,2021-01-20 09:00:00+00:00,rejection,long,1845.495,1843.905,1848.6749999999997,1.5899999999999181,12,london,2021-01-20 09:45:00+00:00,1848.6749999999997,tp,3,2.0,train,2021
2021-01-20 12:45:00+00:00,2021-01-20 13:00:00+00:00,rejection,long,1848.985,1848.645,1849.6649999999997,0.33999999999991815,12,london,2021-01-20 13:00:00+00:00,1849.6649999999997,tp,0,2.0,train,2021
2021-01-21 07:30:00+00:00,2021-01-21 07:45:00+00:00,rejection,long,1869.242,1868.695,1870.336,0.5470000000000255,12,london,2021-01-21 07:45:00+00:00,1868.695,sl,0,-1.0,train,2021
2021-01-21 07:45:00+00:00,2021-01-21 08:00:00+00:00,rejection,long,1868.917,1867.868,1871.0149999999999,1.0489999999999782,12,london,2021-01-21 08:00:00+00:00,1867.868,sl,0,-1.0,train,2021
2021-01-21 08:15:00+00:00,2021-01-21 08:30:00+00:00,sweep_reclaim,long,1869.652,1867.688,1873.58,1.9639999999999418,12,london,2021-01-21 08:45:00+00:00,1867.688,sl,1,-1.0,train,2021
2021-01-21 08:45:00+00:00,2021-01-21 09:00:00+00:00,rejection,long,1868.455,1866.792,1871.781,1.663000000000011,12,london,2021-01-21 10:00:00+00:00,1871.781,tp,4,2.0,train,2021
2021-01-21 12:00:00+00:00,2021-01-21 12:15:00+00:00,rejection,long,1871.058,1870.047,1873.08,1.0109999999999673,12,london,2021-01-21 12:30:00+00:00,1873.08,tp,1,2.0,train,2021
2021-01-21 12:30:00+00:00,2021-01-21 12:45:00+00:00,compression_expansion,long,1873.285,1869.938,1879.979,3.34699999999998,12,london,2021-01-21 14:30:00+00:00,1869.938,sl,7,-1.0,train,2021
2021-01-22 08:15:00+00:00,2021-01-22 08:30:00+00:00,sweep_reclaim,long,1865.955,1864.685,1868.495,1.2699999999999818,12,london,2021-01-22 08:30:00+00:00,1864.685,sl,0,-1.0,train,2021
2021-01-26 07:00:00+00:00,2021-01-26 07:15:00+00:00,rejection,short,1855.035,1856.758,1851.5890000000002,1.7229999999999563,12,london,2021-01-26 09:00:00+00:00,1856.758,sl,7,-1.0,train,2021
2021-01-27 07:00:00+00:00,2021-01-27 07:15:00+00:00,rejection,short,1850.615,1851.485,1848.8750000000002,0.8699999999998909,12,london,2021-01-27 07:45:00+00:00,1848.8750000000002,tp,2,2.0,train,2021
2021-01-27 09:15:00+00:00,2021-01-27 09:30:00+00:00,rejection,short,1845.385,1848.812,1838.5310000000002,3.4269999999999072,12,london,2021-01-27 12:30:00+00:00,1846.675,timeout,12,-0.3764225269915374,train,2021
2021-01-28 07:30:00+00:00,2021-01-28 07:45:00+00:00,rejection,short,1837.455,1840.995,1830.375,3.5399999999999636,12,london,2021-01-28 10:45:00+00:00,1837.115,timeout,12,0.09604519774009086,train,2021
2021-01-28 11:15:00+00:00,2021-01-28 11:30:00+00:00,rejection,short,1837.505,1837.995,1836.5250000000005,0.4899999999997817,12,london,2021-01-28 11:30:00+00:00,1837.995,sl,0,-1.0,train,2021
2021-01-28 12:45:00+00:00,2021-01-28 13:00:00+00:00,rejection,short,1837.635,1838.755,1835.3949999999998,1.1200000000001182,12,london,2021-01-28 13:15:00+00:00,1835.3949999999998,tp,1,2.0,train,2021
2021-01-29 10:00:00+00:00,2021-01-29 10:15:00+00:00,rejection,short,1842.148,1843.455,1839.5339999999999,1.3070000000000164,12,london,2021-01-29 12:15:00+00:00,1843.455,sl,8,-1.0,train,2021
2021-02-01 07:45:00+00:00,2021-02-01 08:00:00+00:00,rejection,long,1853.342,1851.248,1857.5300000000002,2.094000000000051,12,london,2021-02-01 08:15:00+00:00,1851.248,sl,1,-1.0,train,2021
2021-02-03 09:00:00+00:00,2021-02-03 09:15:00+00:00,sweep_reclaim,short,1840.797,1841.457,1839.4769999999999,0.6600000000000819,12,london,2021-02-03 09:15:00+00:00,1841.457,sl,0,-1.0,train,2021
2021-02-03 10:30:00+00:00,2021-02-03 10:45:00+00:00,rejection,short,1841.005,1843.025,1836.9650000000001,2.019999999999982,12,london,2021-02-03 13:15:00+00:00,1836.9650000000001,tp,10,2.0,train,2021
2021-02-04 08:15:00+00:00,2021-02-04 08:30:00+00:00,rejection,short,1832.452,1833.855,1829.646,1.40300000000002,12,london,2021-02-04 09:00:00+00:00,1829.646,tp,2,2.0,train,2021
2021-02-04 09:30:00+00:00,2021-02-04 09:45:00+00:00,rejection,short,1825.245,1830.273,1815.1889999999999,5.02800000000002,12,london,2021-02-04 12:45:00+00:00,1818.045,timeout,12,1.4319809069211993,train,2021
2021-02-05 09:15:00+00:00,2021-02-05 09:30:00+00:00,sweep_reclaim,short,1796.869,1797.035,1796.5369999999996,0.16600000000016735,12,london,2021-02-05 09:30:00+00:00,1797.035,sl,0,-1.0,train,2021
2021-02-05 10:00:00+00:00,2021-02-05 10:15:00+00:00,rejection,short,1794.195,1797.049,1788.4869999999999,2.854000000000042,12,london,2021-02-05 12:30:00+00:00,1797.049,sl,9,-1.0,train,2021
2021-02-09 07:00:00+00:00,2021-02-09 07:15:00+00:00,rejection,long,1830.415,1828.785,1833.6749999999997,1.6299999999998818,12,london,2021-02-09 08:00:00+00:00,1833.6749999999997,tp,3,2.0,train,2021
2021-02-09 08:15:00+00:00,2021-02-09 08:30:00+00:00,rejection,long,1835.955,1832.285,1843.2949999999996,3.6699999999998454,12,london,2021-02-09 11:30:00+00:00,1841.005,timeout,12,1.37602179836523,train,2021
2021-02-10 10:30:00+00:00,2021-02-10 10:45:00+00:00,rejection,long,1842.855,1840.425,1847.7150000000001,2.4300000000000637,12,london,2021-02-10 13:45:00+00:00,1842.235,timeout,12,-0.25514403292185267,train,2021
2021-02-12 11:00:00+00:00,2021-02-12 11:15:00+00:00,rejection,short,1821.648,1821.895,1821.1539999999998,0.24700000000007094,12,london,2021-02-12 11:15:00+00:00,1821.895,sl,0,-1.0,train,2021
2021-02-12 11:15:00+00:00,2021-02-12 11:30:00+00:00,rejection,short,1821.612,1822.555,1819.726,0.9429999999999836,12,london,2021-02-12 11:45:00+00:00,1822.555,sl,1,-1.0,train,2021
2021-02-16 08:15:00+00:00,2021-02-16 08:30:00+00:00,rejection,short,1820.698,1822.055,1817.9840000000002,1.356999999999971,12,london,2021-02-16 08:30:00+00:00,1822.055,sl,0,-1.0,train,2021
2021-02-17 09:30:00+00:00,2021-02-17 09:45:00+00:00,rejection,short,1792.095,1793.025,1790.235,0.9300000000000637,12,london,2021-02-17 09:45:00+00:00,1793.025,sl,0,-1.0,train,2021
2021-02-17 10:15:00+00:00,2021-02-17 10:30:00+00:00,sweep_reclaim,short,1793.845,1794.265,1793.0049999999999,0.42000000000007276,12,london,2021-02-17 10:30:00+00:00,1793.0049999999999,tp,0,2.0,train,2021
2021-02-17 12:00:00+00:00,2021-02-17 12:15:00+00:00,rejection,short,1792.675,1793.405,1791.215,0.7300000000000182,12,london,2021-02-17 12:30:00+00:00,1793.405,sl,1,-1.0,train,2021
2021-02-18 07:15:00+00:00,2021-02-18 07:30:00+00:00,sweep_reclaim,short,1777.745,1778.215,1776.8049999999998,0.4700000000000273,12,london,2021-02-18 07:30:00+00:00,1778.215,sl,0,-1.0,train,2021
2021-02-18 08:00:00+00:00,2021-02-18 08:15:00+00:00,sweep_reclaim,short,1779.505,1780.145,1778.2250000000004,0.6399999999998727,12,london,2021-02-18 08:15:00+00:00,1780.145,sl,0,-1.0,train,2021
2021-02-18 10:30:00+00:00,2021-02-18 10:45:00+00:00,sweep_reclaim,short,1782.881,1785.185,1778.2730000000004,2.30399999999986,12,london,2021-02-18 13:45:00+00:00,1783.148,timeout,12,-0.11588541666659792,train,2021
2021-02-19 08:30:00+00:00,2021-02-19 08:45:00+00:00,rejection,short,1762.285,1770.616,1745.6230000000003,8.330999999999904,12,london,2021-02-19 11:45:00+00:00,1766.865,timeout,12,-0.5497539311007058,train,2021
2021-02-22 10:30:00+00:00,2021-02-22 10:45:00+00:00,rejection,long,1785.475,1782.475,1791.475,3.0,12,london,2021-02-22 10:45:00+00:00,1782.475,sl,0,-1.0,train,2021
2021-02-23 07:15:00+00:00,2021-02-23 07:30:00+00:00,rejection,long,1809.905,1809.755,1810.2049999999997,0.14999999999986358,12,london,2021-02-23 07:30:00+00:00,1809.755,sl,0,-1.0,train,2021
2021-02-23 07:45:00+00:00,2021-02-23 08:00:00+00:00,rejection,long,1808.818,1808.078,1810.298,0.7400000000000091,12,london,2021-02-23 08:00:00+00:00,1808.078,sl,0,-1.0,train,2021
2021-02-23 09:15:00+00:00,2021-02-23 09:30:00+00:00,rejection,long,1812.845,1809.045,1820.445,3.7999999999999545,12,london,2021-02-23 12:30:00+00:00,1810.131,timeout,12,-0.7142105263157827,train,2021
2021-02-24 12:45:00+00:00,2021-02-24 13:00:00+00:00,compression_expansion,long,1809.365,1807.415,1813.265,1.9500000000000455,12,london,2021-02-24 13:15:00+00:00,1807.415,sl,1,-1.0,train,2021
2021-02-25 10:15:00+00:00,2021-02-25 10:30:00+00:00,rejection,short,1796.835,1799.665,1791.1750000000002,2.8299999999999272,12,london,2021-02-25 13:00:00+00:00,1799.665,sl,10,-1.0,train,2021
2021-02-26 10:00:00+00:00,2021-02-26 10:15:00+00:00,sweep_reclaim,short,1772.715,1774.795,1768.5549999999996,2.0800000000001546,12,london,2021-02-26 11:45:00+00:00,1768.5549999999996,tp,6,2.0,train,2021
2021-03-01 07:45:00+00:00,2021-03-01 08:00:00+00:00,sweep_reclaim,short,1739.765,1741.015,1737.265,1.25,12,london,2021-03-01 08:00:00+00:00,1737.265,tp,0,2.0,train,2021
2021-03-01 09:15:00+00:00,2021-03-01 09:30:00+00:00,sweep_reclaim,short,1744.695,1745.015,1744.0549999999996,0.3200000000001637,12,london,2021-03-01 09:30:00+00:00,1745.015,sl,0,-1.0,train,2021
2021-03-01 10:30:00+00:00,2021-03-01 10:45:00+00:00,rejection,short,1749.655,1750.815,1747.3349999999998,1.1600000000000819,12,london,2021-03-01 10:45:00+00:00,1750.815,sl,0,-1.0,train,2021
2021-03-02 07:15:00+00:00,2021-03-02 07:30:00+00:00,rejection,short,1724.075,1725.236,1721.753,1.1610000000000582,12,london,2021-03-02 07:30:00+00:00,1725.236,sl,0,-1.0,train,2021
2021-03-02 12:30:00+00:00,2021-03-02 12:45:00+00:00,compression_expansion,short,1713.345,1716.065,1707.905,2.7200000000000273,12,london,2021-03-02 12:45:00+00:00,1716.065,sl,0,-1.0,train,2021
2021-03-02 12:45:00+00:00,2021-03-02 13:00:00+00:00,compression_expansion,short,1713.146,1716.065,1707.3079999999998,2.9190000000000964,12,london,2021-03-02 13:00:00+00:00,1716.065,sl,0,-1.0,train,2021
2021-03-04 09:15:00+00:00,2021-03-04 09:30:00+00:00,rejection,short,1714.575,1716.605,1710.515,2.0299999999999727,12,london,2021-03-04 09:45:00+00:00,1710.515,tp,1,2.0,train,2021
2021-03-04 12:15:00+00:00,2021-03-04 12:30:00+00:00,rejection,short,1714.734,1715.394,1713.4139999999998,0.6600000000000819,12,london,2021-03-04 12:30:00+00:00,1715.394,sl,0,-1.0,train,2021
2021-03-04 12:30:00+00:00,2021-03-04 12:45:00+00:00,rejection,short,1714.735,1715.795,1712.6149999999996,1.0600000000001728,12,london,2021-03-04 12:45:00+00:00,1715.795,sl,0,-1.0,train,2021
2021-03-05 07:30:00+00:00,2021-03-05 07:45:00+00:00,rejection,short,1691.879,1694.888,1685.8609999999999,3.0090000000000146,12,london,2021-03-05 08:00:00+00:00,1694.888,sl,1,-1.0,train,2021
2021-03-05 10:45:00+00:00,2021-03-05 11:00:00+00:00,rejection,short,1694.305,1695.635,1691.6450000000002,1.3299999999999272,12,london,2021-03-05 11:45:00+00:00,1691.6450000000002,tp,3,2.0,train,2021
2021-03-09 08:30:00+00:00,2021-03-09 08:45:00+00:00,sweep_reclaim,short,1681.628,1685.288,1674.3079999999998,3.660000000000082,12,london,2021-03-09 09:15:00+00:00,1685.288,sl,2,-1.0,train,2021
2021-03-09 10:00:00+00:00,2021-03-09 10:15:00+00:00,rejection,short,1686.932,1688.934,1682.928,2.0019999999999527,12,london,2021-03-09 10:15:00+00:00,1688.934,sl,0,-1.0,train,2021
2021-03-09 10:30:00+00:00,2021-03-09 10:45:00+00:00,sweep_reclaim,short,1689.384,1690.244,1687.6640000000002,0.8599999999999,12,london,2021-03-09 10:45:00+00:00,1690.244,sl,0,-1.0,train,2021
2021-03-09 10:45:00+00:00,2021-03-09 11:00:00+00:00,sweep_reclaim,short,1688.875,1690.275,1686.0749999999998,1.400000000000091,12,london,2021-03-09 11:15:00+00:00,1690.275,sl,1,-1.0,train,2021
2021-03-10 07:00:00+00:00,2021-03-10 07:15:00+00:00,rejection,long,1716.441,1713.939,1721.445,2.5019999999999527,12,london,2021-03-10 08:00:00+00:00,1713.939,sl,3,-1.0,train,2021
2021-03-10 08:00:00+00:00,2021-03-10 08:15:00+00:00,rejection,long,1715.588,1714.985,1716.794,0.6030000000000655,12,london,2021-03-10 08:15:00+00:00,1716.794,tp,0,2.0,train,2021
2021-03-10 09:45:00+00:00,2021-03-10 10:00:00+00:00,sweep_reclaim,long,1712.718,1710.855,1716.4440000000002,1.8630000000000564,12,london,2021-03-10 13:00:00+00:00,1711.725,timeout,12,-0.5330112721417797,train,2021
2021-03-11 08:15:00+00:00,2021-03-11 08:30:00+00:00,sweep_reclaim,long,1726.905,1723.528,1733.6589999999999,3.3769999999999527,12,london,2021-03-11 10:30:00+00:00,1733.6589999999999,tp,8,2.0,train,2021
2021-03-11 11:45:00+00:00,2021-03-11 12:00:00+00:00,rejection,long,1731.438,1730.714,1732.8860000000004,0.7240000000001601,12,london,2021-03-11 12:15:00+00:00,1732.8860000000004,tp,1,2.0,train,2021
2021-03-11 12:30:00+00:00,2021-03-11 12:45:00+00:00,rejection,long,1733.255,1730.975,1737.8150000000005,2.2800000000002,12,london,2021-03-11 15:00:00+00:00,1737.8150000000005,tp,9,2.0,train,2021
2021-03-15 07:00:00+00:00,2021-03-15 07:15:00+00:00,rejection,long,1725.295,1724.908,1726.0690000000004,0.387000000000171,12,london,2021-03-15 07:15:00+00:00,1726.0690000000004,tp,0,2.0,train,2021
2021-03-15 12:45:00+00:00,2021-03-15 13:00:00+00:00,sweep_reclaim,long,1723.195,1723.064,1723.4569999999997,0.13099999999985812,12,london,2021-03-15 13:00:00+00:00,1723.064,sl,0,-1.0,train,2021
2021-03-16 10:45:00+00:00,2021-03-16 11:00:00+00:00,rejection,long,1733.208,1731.394,1736.8360000000002,1.8140000000000782,12,london,2021-03-16 13:00:00+00:00,1736.8360000000002,tp,8,2.0,train,2021
2021-03-17 07:00:00+00:00,2021-03-17 07:15:00+00:00,rejection,long,1731.745,1731.077,1733.0809999999997,0.6679999999998927,12,london,2021-03-17 07:15:00+00:00,1731.077,sl,0,-1.0,train,2021
2021-03-17 07:15:00+00:00,2021-03-17 07:30:00+00:00,rejection,long,1731.517,1730.767,1733.017,0.75,12,london,2021-03-17 07:30:00+00:00,1730.767,sl,0,-1.0,train,2021
2021-03-17 08:15:00+00:00,2021-03-17 08:30:00+00:00,rejection,long,1731.937,1730.485,1734.841,1.4519999999999982,12,london,2021-03-17 09:00:00+00:00,1734.841,tp,2,2.0,train,2021
2021-03-17 10:00:00+00:00,2021-03-17 10:15:00+00:00,rejection,long,1733.695,1733.147,1734.791,0.5480000000000018,12,london,2021-03-17 10:15:00+00:00,1734.791,tp,0,2.0,train,2021
2021-03-17 10:45:00+00:00,2021-03-17 11:00:00+00:00,rejection,long,1735.227,1733.678,1738.325,1.5489999999999782,12,london,2021-03-17 14:00:00+00:00,1736.645,timeout,12,0.9154293092317061,train,2021
2021-03-18 08:00:00+00:00,2021-03-18 08:15:00+00:00,rejection,long,1751.635,1749.855,1755.195,1.7799999999999727,12,london,2021-03-18 08:15:00+00:00,1749.855,sl,0,-1.0,train,2021
2021-03-18 11:00:00+00:00,2021-03-18 11:15:00+00:00,rejection,long,1749.195,1749.028,1749.5289999999998,0.16699999999991633,12,london,2021-03-18 11:15:00+00:00,1749.028,sl,0,-1.0,train,2021
2021-03-18 11:30:00+00:00,2021-03-18 11:45:00+00:00,sweep_reclaim,long,1748.104,1747.838,1748.6360000000002,0.2660000000000764,12,london,2021-03-18 11:45:00+00:00,1748.6360000000002,tp,0,2.0,train,2021
2021-03-18 12:45:00+00:00,2021-03-18 13:00:00+00:00,compression_expansion,long,1749.944,1749.346,1751.1399999999999,0.5979999999999563,12,london,2021-03-18 13:15:00+00:00,1749.346,sl,1,-1.0,train,2021
2021-03-19 09:45:00+00:00,2021-03-19 10:00:00+00:00,rejection,short,1730.514,1731.795,1727.9519999999995,1.2810000000001764,12,london,2021-03-19 10:15:00+00:00,1731.795,sl,1,-1.0,train,2021
2021-03-23 07:15:00+00:00,2021-03-23 07:30:00+00:00,rejection,long,1740.235,1738.458,1743.7889999999995,1.7769999999998163,12,london,2021-03-23 07:30:00+00:00,1738.458,sl,0,-1.0,train,2021
2021-03-23 08:30:00+00:00,2021-03-23 08:45:00+00:00,sweep_reclaim,long,1735.108,1734.398,1736.528,0.7100000000000364,12,london,2021-03-23 08:45:00+00:00,1734.398,sl,0,-1.0,train,2021
2021-03-23 08:45:00+00:00,2021-03-23 09:00:00+00:00,rejection,long,1735.138,1733.278,1738.8579999999997,1.8599999999999,12,london,2021-03-23 09:00:00+00:00,1733.278,sl,0,-1.0,train,2021
2021-03-23 10:15:00+00:00,2021-03-23 10:30:00+00:00,rejection,short,1733.978,1734.498,1732.938,0.5199999999999818,12,london,2021-03-23 10:45:00+00:00,1734.498,sl,1,-1.0,train,2021
2021-03-23 11:45:00+00:00,2021-03-23 12:00:00+00:00,rejection,short,1735.688,1736.998,1733.0680000000002,1.3099999999999454,12,london,2021-03-23 12:45:00+00:00,1736.998,sl,3,-1.0,train,2021
2021-03-24 07:30:00+00:00,2021-03-24 07:45:00+00:00,rejection,short,1726.215,1728.038,1722.5689999999997,1.8230000000000928,12,london,2021-03-24 08:30:00+00:00,1728.038,sl,3,-1.0,train,2021
2021-03-24 09:30:00+00:00,2021-03-24 09:45:00+00:00,sweep_reclaim,short,1730.598,1731.638,1728.518,1.0399999999999636,12,london,2021-03-24 09:45:00+00:00,1731.638,sl,0,-1.0,train,2021
2021-03-24 10:00:00+00:00,2021-03-24 10:15:00+00:00,sweep_reclaim,short,1731.758,1733.275,1728.724,1.5170000000000528,12,london,2021-03-24 11:45:00+00:00,1733.275,sl,6,-1.0,train,2021
2021-03-26 07:45:00+00:00,2021-03-26 08:00:00+00:00,rejection,short,1727.705,1729.078,1724.9589999999998,1.3730000000000473,12,london,2021-03-26 08:00:00+00:00,1729.078,sl,0,-1.0,train,2021
2021-03-26 08:45:00+00:00,2021-03-26 09:00:00+00:00,rejection,short,1727.665,1728.615,1725.7649999999999,0.9500000000000455,12,london,2021-03-26 09:00:00+00:00,1728.615,sl,0,-1.0,train,2021
2021-03-26 09:15:00+00:00,2021-03-26 09:30:00+00:00,sweep_reclaim,short,1727.438,1728.868,1724.5780000000004,1.4299999999998363,12,london,2021-03-26 09:45:00+00:00,1724.5780000000004,tp,1,2.0,train,2021
2021-03-26 10:30:00+00:00,2021-03-26 10:45:00+00:00,rejection,short,1724.018,1725.138,1721.7780000000002,1.1199999999998909,12,london,2021-03-26 11:30:00+00:00,1725.138,sl,3,-1.0,train,2021
2021-03-26 12:15:00+00:00,2021-03-26 12:30:00+00:00,rejection,short,1726.168,1726.498,1725.5079999999996,0.3300000000001546,12,london,2021-03-26 12:30:00+00:00,1726.498,sl,0,-1.0,train,2021
2021-03-29 10:00:00+00:00,2021-03-29 10:15:00+00:00,rejection,long,1732.038,1731.335,1733.444,0.7029999999999745,12,london,2021-03-29 10:15:00+00:00,1731.335,sl,0,-1.0,train,2021
2021-03-29 12:00:00+00:00,2021-03-29 12:15:00+00:00,rejection,short,1727.675,1729.705,1723.615,2.0299999999999727,12,london,2021-03-29 15:15:00+00:00,1725.139,timeout,12,1.2492610837438878,train,2021
2021-03-30 08:15:00+00:00,2021-03-30 08:30:00+00:00,sweep_reclaim,short,1712.698,1714.125,1709.8440000000003,1.4269999999999072,12,london,2021-03-30 08:45:00+00:00,1709.8440000000003,tp,1,2.0,train,2021
2021-03-31 07:15:00+00:00,2021-03-31 07:30:00+00:00,sweep_reclaim,short,1683.738,1685.478,1680.258,1.740000000000009,12,london,2021-03-31 07:45:00+00:00,1685.478,sl,1,-1.0,train,2021
2021-03-31 07:45:00+00:00,2021-03-31 08:00:00+00:00,sweep_reclaim,short,1684.745,1685.855,1682.5249999999996,1.1100000000001273,12,london,2021-03-31 08:15:00+00:00,1685.855,sl,1,-1.0,train,2021
2021-04-01 08:00:00+00:00,2021-04-01 08:15:00+00:00,sweep_reclaim,long,1707.108,1705.945,1709.434,1.163000000000011,12,london,2021-04-01 08:15:00+00:00,1705.945,sl,0,-1.0,train,2021
2021-04-01 08:15:00+00:00,2021-04-01 08:30:00+00:00,sweep_reclaim,long,1706.555,1705.728,1708.209,0.8269999999999982,12,london,2021-04-01 08:30:00+00:00,1708.209,tp,0,2.0,train,2021
2021-04-01 09:30:00+00:00,2021-04-01 09:45:00+00:00,rejection,long,1709.828,1707.738,1714.0079999999998,2.089999999999918,12,london,2021-04-01 10:45:00+00:00,1714.0079999999998,tp,4,2.0,train,2021
2021-04-05 07:00:00+00:00,2021-04-05 07:15:00+00:00,rejection,long,1728.215,1727.588,1729.4689999999998,0.6269999999999527,12,london,2021-04-05 07:15:00+00:00,1727.588,sl,0,-1.0,train,2021
2021-04-05 07:45:00+00:00,2021-04-05 08:00:00+00:00,rejection,long,1727.588,1726.518,1729.7279999999998,1.0699999999999363,12,london,2021-04-05 08:30:00+00:00,1729.7279999999998,tp,2,2.0,train,2021
2021-04-05 10:00:00+00:00,2021-04-05 10:15:00+00:00,sweep_reclaim,long,1725.385,1724.678,1726.7989999999998,0.70699999999988,12,london,2021-04-05 10:45:00+00:00,1724.678,sl,2,-1.0,train,2021
2021-04-05 11:45:00+00:00,2021-04-05 12:00:00+00:00,rejection,long,1724.525,1723.635,1726.3050000000003,0.8900000000001,12,london,2021-04-05 13:00:00+00:00,1723.635,sl,4,-1.0,train,2021
2021-04-06 07:00:00+00:00,2021-04-06 07:15:00+00:00,rejection,long,1729.938,1728.138,1733.5380000000005,1.800000000000182,12,london,2021-04-06 07:45:00+00:00,1728.138,sl,2,-1.0,train,2021
2021-04-06 09:00:00+00:00,2021-04-06 09:15:00+00:00,rejection,long,1734.128,1733.225,1735.934,0.90300000000002,12,london,2021-04-06 09:15:00+00:00,1733.225,sl,0,-1.0,train,2021
2021-04-07 07:45:00+00:00,2021-04-07 08:00:00+00:00,rejection,long,1741.958,1741.359,1743.1560000000004,0.5990000000001601,12,london,2021-04-07 08:00:00+00:00,1741.359,sl,0,-1.0,train,2021
2021-04-07 08:00:00+00:00,2021-04-07 08:15:00+00:00,sweep_reclaim,long,1741.495,1741.128,1742.2289999999998,0.3669999999999618,12,london,2021-04-07 08:15:00+00:00,1741.128,sl,0,-1.0,train,2021
2021-04-08 12:30:00+00:00,2021-04-08 12:45:00+00:00,compression_expansion,long,1741.005,1739.258,1744.4990000000003,1.747000000000071,12,london,2021-04-08 12:45:00+00:00,1744.4990000000003,tp,0,2.0,train,2021
2021-04-09 08:15:00+00:00,2021-04-09 08:30:00+00:00,rejection,long,1755.465,1753.218,1759.9589999999996,2.2469999999998436,12,london,2021-04-09 09:45:00+00:00,1753.218,sl,5,-1.0,train,2021
2021-04-12 12:30:00+00:00,2021-04-12 12:45:00+00:00,compression_expansion,short,1735.985,1738.415,1731.1249999999998,2.4300000000000637,12,london,2021-04-12 13:00:00+00:00,1738.415,sl,1,-1.0,train,2021
2021-04-13 07:45:00+00:00,2021-04-13 08:00:00+00:00,rejection,short,1730.268,1731.578,1727.6480000000001,1.3099999999999454,12,london,2021-04-13 08:45:00+00:00,1731.578,sl,3,-1.0,train,2021
2021-04-13 10:00:00+00:00,2021-04-13 10:15:00+00:00,sweep_reclaim,short,1735.578,1736.168,1734.3980000000001,0.5899999999999181,12,london,2021-04-13 10:15:00+00:00,1734.3980000000001,tp,0,2.0,train,2021
2021-04-14 08:45:00+00:00,2021-04-14 09:00:00+00:00,rejection,long,1746.175,1745.658,1747.209,0.5170000000000528,12,london,2021-04-14 09:00:00+00:00,1745.658,sl,0,-1.0,train,2021
2021-04-14 10:30:00+00:00,2021-04-14 10:45:00+00:00,rejection,long,1744.688,1743.958,1746.1480000000001,0.7300000000000182,12,london,2021-04-14 11:00:00+00:00,1743.958,sl,1,-1.0,train,2021
2021-04-14 11:15:00+00:00,2021-04-14 11:30:00+00:00,sweep_reclaim,long,1744.068,1743.458,1745.2879999999998,0.6099999999999,12,london,2021-04-14 11:30:00+00:00,1743.458,sl,0,-1.0,train,2021
2021-04-14 12:30:00+00:00,2021-04-14 12:45:00+00:00,rejection,long,1742.288,1741.955,1742.9540000000002,0.3330000000000837,12,london,2021-04-14 12:45:00+00:00,1741.955,sl,0,-1.0,train,2021
2021-04-14 12:45:00+00:00,2021-04-14 13:00:00+00:00,sweep_reclaim,long,1741.948,1741.108,1743.6280000000004,0.8400000000001455,12,london,2021-04-14 13:00:00+00:00,1743.6280000000004,tp,0,2.0,train,2021
2021-04-15 08:00:00+00:00,2021-04-15 08:15:00+00:00,rejection,short,1738.055,1739.468,1735.229,1.413000000000011,12,london,2021-04-15 08:15:00+00:00,1739.468,sl,0,-1.0,train,2021
2021-04-15 08:15:00+00:00,2021-04-15 08:30:00+00:00,sweep_reclaim,short,1738.588,1739.328,1737.108,0.7400000000000091,12,london,2021-04-15 08:30:00+00:00,1739.328,sl,0,-1.0,train,2021
2021-04-15 09:30:00+00:00,2021-04-15 09:45:00+00:00,rejection,short,1735.438,1736.338,1733.6380000000004,0.8999999999998636,12,london,2021-04-15 09:45:00+00:00,1736.338,sl,0,-1.0,train,2021
2021-04-15 11:00:00+00:00,2021-04-15 11:15:00+00:00,rejection,short,1737.978,1739.618,1734.6980000000003,1.6399999999998727,12,london,2021-04-15 11:45:00+00:00,1739.618,sl,2,-1.0,train,2021
2021-04-16 08:15:00+00:00,2021-04-16 08:30:00+00:00,sweep_reclaim,long,1762.885,1762.265,1764.1249999999998,0.6199999999998909,12,london,2021-04-16 08:30:00+00:00,1762.265,sl,0,-1.0,train,2021
2021-04-16 08:30:00+00:00,2021-04-16 08:45:00+00:00,rejection,long,1763.175,1761.345,1766.8349999999998,1.8299999999999272,12,london,2021-04-16 09:15:00+00:00,1761.345,sl,2,-1.0,train,2021
2021-04-19 07:00:00+00:00,2021-04-19 07:15:00+00:00,rejection,long,1777.078,1776.218,1778.7979999999998,0.8599999999999,12,london,2021-04-19 07:15:00+00:00,1776.218,sl,0,-1.0,train,2021
2021-04-19 08:45:00+00:00,2021-04-19 09:00:00+00:00,sweep_reclaim,long,1776.818,1775.248,1779.9579999999999,1.5699999999999363,12,london,2021-04-19 09:00:00+00:00,1775.248,sl,0,-1.0,train,2021
2021-04-19 12:30:00+00:00,2021-04-19 12:45:00+00:00,rejection,long,1778.178,1777.405,1779.7240000000004,0.7730000000001382,12,london,2021-04-19 13:00:00+00:00,1777.405,sl,1,-1.0,train,2021
2021-04-21 08:00:00+00:00,2021-04-21 08:15:00+00:00,rejection,long,1778.895,1778.018,1780.649,0.8769999999999527,12,london,2021-04-21 08:15:00+00:00,1778.018,sl,0,-1.0,train,2021
2021-04-21 11:00:00+00:00,2021-04-21 11:15:00+00:00,rejection,long,1782.278,1781.825,1783.184,0.45299999999997453,12,london,2021-04-21 11:15:00+00:00,1781.825,sl,0,-1.0,train,2021
2021-04-22 07:30:00+00:00,2021-04-22 07:45:00+00:00,rejection,long,1793.098,1792.778,1793.7379999999998,0.31999999999993634,12,london,2021-04-22 07:45:00+00:00,1792.778,sl,0,-1.0,train,2021
2021-04-22 08:30:00+00:00,2021-04-22 08:45:00+00:00,rejection,long,1795.245,1792.888,1799.9589999999998,2.356999999999971,12,london,2021-04-22 10:00:00+00:00,1792.888,sl,5,-1.0,train,2021
2021-04-22 10:00:00+00:00,2021-04-22 10:15:00+00:00,rejection,long,1793.818,1793.028,1795.398,0.7899999999999636,12,london,2021-04-22 10:45:00+00:00,1793.028,sl,2,-1.0,train,2021
2021-04-23 10:15:00+00:00,2021-04-23 10:30:00+00:00,rejection,long,1786.878,1786.685,1787.264,0.19299999999998363,12,london,2021-04-23 10:30:00+00:00,1786.685,sl,0,-1.0,train,2021
2021-04-23 10:30:00+00:00,2021-04-23 10:45:00+00:00,rejection,long,1787.162,1785.868,1789.7500000000002,1.2940000000000964,12,london,2021-04-23 11:00:00+00:00,1785.868,sl,1,-1.0,train,2021
2021-04-23 11:45:00+00:00,2021-04-23 12:00:00+00:00,rejection,long,1784.915,1784.678,1785.3889999999997,0.23699999999985266,12,london,2021-04-23 12:00:00+00:00,1784.678,sl,0,-1.0,train,2021
2021-04-23 12:00:00+00:00,2021-04-23 12:15:00+00:00,rejection,long,1785.008,1784.095,1786.834,0.9130000000000109,12,london,2021-04-23 12:30:00+00:00,1784.095,sl,1,-1.0,train,2021
2021-04-23 12:45:00+00:00,2021-04-23 13:00:00+00:00,sweep_reclaim,long,1783.565,1783.325,1784.045,0.2400000000000091,12,london,2021-04-23 13:00:00+00:00,1784.045,tp,0,2.0,train,2021
2021-04-26 08:30:00+00:00,2021-04-26 08:45:00+00:00,sweep_reclaim,short,1779.055,1780.775,1775.615,1.7200000000000273,12,london,2021-04-26 09:00:00+00:00,1780.775,sl,1,-1.0,train,2021
2021-04-26 09:45:00+00:00,2021-04-26 10:00:00+00:00,sweep_reclaim,short,1780.448,1781.188,1778.968,0.7400000000000091,12,london,2021-04-26 10:30:00+00:00,1781.188,sl,2,-1.0,train,2021
2021-04-28 07:30:00+00:00,2021-04-28 07:45:00+00:00,rejection,short,1771.958,1775.548,1764.7780000000002,3.589999999999918,12,london,2021-04-28 10:45:00+00:00,1771.758,timeout,12,0.055710306406699175,train,2021
2021-04-28 11:00:00+00:00,2021-04-28 11:15:00+00:00,rejection,short,1771.695,1772.158,1770.769,0.46299999999996544,12,london,2021-04-28 12:30:00+00:00,1770.769,tp,5,2.0,train,2021
2021-04-28 12:30:00+00:00,2021-04-28 12:45:00+00:00,compression_expansion,short,1770.458,1771.765,1767.844,1.3070000000000164,12,london,2021-04-28 13:30:00+00:00,1767.844,tp,3,2.0,train,2021
2021-04-29 09:00:00+00:00,2021-04-29 09:15:00+00:00,rejection,long,1789.228,1786.145,1795.3940000000002,3.0830000000000837,12,london,2021-04-29 10:00:00+00:00,1786.145,sl,3,-1.0,train,2021
2021-04-29 10:00:00+00:00,2021-04-29 10:15:00+00:00,rejection,long,1786.805,1786.575,1787.265,0.2300000000000182,12,london,2021-04-29 10:15:00+00:00,1786.575,sl,0,-1.0,train,2021
2021-04-29 11:45:00+00:00,2021-04-29 12:00:00+00:00,rejection,long,1784.538,1783.558,1786.498,0.9800000000000182,12,london,2021-04-29 12:30:00+00:00,1783.558,sl,2,-1.0,train,2021
2021-04-30 07:15:00+00:00,2021-04-30 07:30:00+00:00,rejection,short,1771.332,1773.588,1766.8200000000004,2.255999999999858,12,london,2021-04-30 08:15:00+00:00,1766.8200000000004,tp,3,2.0,train,2021
2021-04-30 08:30:00+00:00,2021-04-30 08:45:00+00:00,rejection,short,1767.488,1770.138,1762.1880000000003,2.6499999999998636,12,london,2021-04-30 11:45:00+00:00,1768.675,timeout,12,-0.4479245283018714,train,2021
2021-04-30 12:00:00+00:00,2021-04-30 12:15:00+00:00,rejection,short,1768.458,1769.228,1766.9180000000001,0.7699999999999818,12,london,2021-04-30 12:30:00+00:00,1769.228,sl,1,-1.0,train,2021
2021-05-03 08:15:00+00:00,2021-05-03 08:30:00+00:00,sweep_reclaim,short,1770.528,1771.128,1769.3280000000002,0.599999999999909,12,london,2021-05-03 08:45:00+00:00,1771.128,sl,1,-1.0,train,2021
2021-05-04 07:45:00+00:00,2021-05-04 08:00:00+00:00,sweep_reclaim,long,1791.158,1790.707,1792.0599999999995,0.45099999999979445,12,london,2021-05-04 08:00:00+00:00,1790.707,sl,0,-1.0,train,2021
2021-05-04 10:45:00+00:00,2021-05-04 11:00:00+00:00,compression_expansion,long,1790.255,1788.908,1792.9490000000005,1.3470000000002074,12,london,2021-05-04 11:15:00+00:00,1788.908,sl,1,-1.0,train,2021
2021-05-04 11:15:00+00:00,2021-05-04 11:30:00+00:00,rejection,long,1789.235,1788.835,1790.0349999999996,0.3999999999998636,12,london,2021-05-04 11:30:00+00:00,1788.835,sl,0,-1.0,train,2021
2021-05-05 10:00:00+00:00,2021-05-05 10:15:00+00:00,rejection,short,1781.218,1782.075,1779.5040000000001,0.8569999999999709,12,london,2021-05-05 10:45:00+00:00,1782.075,sl,2,-1.0,train,2021
2021-05-05 12:15:00+00:00,2021-05-05 12:30:00+00:00,compression_expansion,short,1779.298,1781.758,1774.378,2.4600000000000364,12,london,2021-05-05 15:30:00+00:00,1776.458,timeout,12,1.1544715447153968,train,2021
2021-05-06 07:00:00+00:00,2021-05-06 07:15:00+00:00,rejection,long,1785.858,1784.515,1788.5439999999996,1.3429999999998472,12,london,2021-05-06 07:15:00+00:00,1784.515,sl,0,-1.0,train,2021
2021-05-06 07:30:00+00:00,2021-05-06 07:45:00+00:00,rejection,long,1784.788,1784.428,1785.5079999999998,0.35999999999989996,12,london,2021-05-06 07:45:00+00:00,1784.428,sl,0,-1.0,train,2021
2021-05-06 08:15:00+00:00,2021-05-06 08:30:00+00:00,sweep_reclaim,long,1785.558,1781.928,1792.8179999999998,3.6299999999998818,12,london,2021-05-06 11:30:00+00:00,1788.308,timeout,12,0.7575757575757822,train,2021
2021-05-06 12:00:00+00:00,2021-05-06 12:15:00+00:00,rejection,long,1788.588,1788.028,1789.7079999999999,0.5599999999999454,12,london,2021-05-06 12:30:00+00:00,1789.7079999999999,tp,1,2.0,train,2021
2021-05-06 12:45:00+00:00,2021-05-06 13:00:00+00:00,compression_expansion,long,1791.465,1788.405,1797.5849999999998,3.0599999999999454,12,london,2021-05-06 16:00:00+00:00,1795.198,timeout,12,1.2199346405229547,train,2021
2021-05-07 09:00:00+00:00,2021-05-07 09:15:00+00:00,rejection,long,1814.628,1813.018,1817.8479999999997,1.6099999999999,12,london,2021-05-07 10:00:00+00:00,1817.8479999999997,tp,3,2.0,train,2021
2021-05-07 11:30:00+00:00,2021-05-07 11:45:00+00:00,rejection,long,1820.788,1819.458,1823.4479999999999,1.3299999999999272,12,london,2021-05-07 11:45:00+00:00,1819.458,sl,0,-1.0,train,2021
2021-05-10 08:15:00+00:00,2021-05-10 08:30:00+00:00,rejection,long,1833.808,1830.488,1840.4479999999999,3.3199999999999363,12,london,2021-05-10 09:00:00+00:00,1830.488,sl,2,-1.0,train,2021
2021-05-10 09:00:00+00:00,2021-05-10 09:15:00+00:00,rejection,long,1831.638,1830.498,1833.9179999999997,1.1399999999998727,12,london,2021-05-10 10:00:00+00:00,1833.9179999999997,tp,3,2.0,train,2021
2021-05-11 12:15:00+00:00,2021-05-11 12:30:00+00:00,rejection,long,1836.098,1835.626,1837.042,0.47199999999998,12,london,2021-05-11 12:30:00+00:00,1837.042,tp,0,2.0,train,2021
2021-05-12 07:45:00+00:00,2021-05-12 08:00:00+00:00,sweep_reclaim,long,1835.098,1835.0,1835.2939999999999,0.09799999999995634,12,london,2021-05-12 08:00:00+00:00,1835.0,sl,0,-1.0,train,2021
2021-05-12 08:45:00+00:00,2021-05-12 09:00:00+00:00,rejection,long,1831.208,1830.785,1832.054,0.4230000000000018,12,london,2021-05-12 09:00:00+00:00,1830.785,sl,0,-1.0,train,2021
2021-05-13 07:15:00+00:00,2021-05-13 07:30:00+00:00,compression_expansion,short,1813.635,1817.788,1805.329,4.15300000000002,12,london,2021-05-13 08:00:00+00:00,1817.788,sl,2,-1.0,train,2021
2021-05-13 09:00:00+00:00,2021-05-13 09:15:00+00:00,sweep_reclaim,short,1821.748,1822.868,1819.5080000000003,1.1199999999998909,12,london,2021-05-13 10:00:00+00:00,1819.5080000000003,tp,3,2.0,train,2021
2021-05-13 12:45:00+00:00,2021-05-13 13:00:00+00:00,rejection,short,1816.775,1819.428,1811.469,2.65300000000002,12,london,2021-05-13 13:30:00+00:00,1819.428,sl,2,-1.0,train,2021
2021-05-14 12:15:00+00:00,2021-05-14 12:30:00+00:00,rejection,short,1823.396,1823.588,1823.012,0.19200000000000728,12,london,2021-05-14 12:30:00+00:00,1823.012,tp,0,2.0,train,2021
2021-05-17 10:45:00+00:00,2021-05-17 11:00:00+00:00,rejection,long,1852.115,1850.275,1855.7949999999998,1.8399999999999181,12,london,2021-05-17 14:00:00+00:00,1853.618,timeout,12,0.8168478260869543,train,2021
2021-05-18 10:15:00+00:00,2021-05-18 10:30:00+00:00,rejection,long,1868.388,1867.515,1870.1339999999996,0.8729999999998199,12,london,2021-05-18 10:30:00+00:00,1870.1339999999996,tp,0,2.0,train,2021
2021-05-18 12:15:00+00:00,2021-05-18 12:30:00+00:00,compression_expansion,long,1870.685,1866.635,1878.7849999999999,4.0499999999999545,12,london,2021-05-18 15:30:00+00:00,1869.185,timeout,12,-0.3703703703703745,train,2021
2021-05-19 07:30:00+00:00,2021-05-19 07:45:00+00:00,sweep_reclaim,long,1868.885,1868.238,1870.1789999999999,0.6469999999999345,12,london,2021-05-19 07:45:00+00:00,1870.1789999999999,tp,0,2.0,train,2021
2021-05-19 08:45:00+00:00,2021-05-19 09:00:00+00:00,sweep_reclaim,long,1867.948,1866.628,1870.5880000000004,1.3200000000001637,12,london,2021-05-19 09:15:00+00:00,1866.628,sl,1,-1.0,train,2021
2021-05-20 11:30:00+00:00,2021-05-20 11:45:00+00:00,rejection,long,1876.198,1875.344,1877.9060000000002,0.8540000000000418,12,london,2021-05-20 11:45:00+00:00,1875.344,sl,0,-1.0,train,2021
2021-05-20 12:30:00+00:00,2021-05-20 12:45:00+00:00,compression_expansion,long,1878.345,1875.134,1884.767,3.2110000000000127,12,london,2021-05-20 12:45:00+00:00,1875.134,sl,0,-1.0,train,2021
2021-05-21 07:15:00+00:00,2021-05-21 07:30:00+00:00,compression_expansion,long,1875.798,1873.758,1879.878,2.0399999999999636,12,london,2021-05-21 08:00:00+00:00,1873.758,sl,2,-1.0,train,2021
2021-05-24 08:30:00+00:00,2021-05-24 08:45:00+00:00,rejection,long,1884.688,1879.678,1894.708,5.009999999999991,12,london,2021-05-24 11:45:00+00:00,1883.885,timeout,12,-0.1602794411177869,train,2021
2021-05-26 08:00:00+00:00,2021-05-26 08:15:00+00:00,sweep_reclaim,long,1900.538,1898.178,1905.2579999999998,2.3599999999999,12,london,2021-05-26 09:15:00+00:00,1905.2579999999998,tp,4,2.0,train,2021
2021-05-28 12:30:00+00:00,2021-05-28 12:45:00+00:00,compression_expansion,short,1891.648,1893.268,1888.4079999999997,1.6200000000001182,12,london,2021-05-28 13:45:00+00:00,1888.4079999999997,tp,4,2.0,train,2021
2021-05-31 07:15:00+00:00,2021-05-31 07:30:00+00:00,compression_expansion,long,1904.158,1902.925,1906.6239999999998,1.2329999999999472,12,london,2021-05-31 08:00:00+00:00,1906.6239999999998,tp,2,2.0,train,2021
2021-05-31 10:15:00+00:00,2021-05-31 10:30:00+00:00,rejection,long,1910.165,1908.148,1914.199,2.0170000000000528,12,london,2021-05-31 11:00:00+00:00,1908.148,sl,2,-1.0,train,2021
2021-05-31 12:15:00+00:00,2021-05-31 12:30:00+00:00,rejection,long,1907.188,1906.588,1908.3880000000004,0.6000000000001364,12,london,2021-05-31 12:30:00+00:00,1906.588,sl,0,-1.0,train,2021
2021-06-01 07:45:00+00:00,2021-06-01 08:00:00+00:00,rejection,long,1907.518,1906.128,1910.2980000000002,1.3900000000001,12,london,2021-06-01 08:15:00+00:00,1906.128,sl,1,-1.0,train,2021
2021-06-01 08:15:00+00:00,2021-06-01 08:30:00+00:00,rejection,long,1909.278,1906.138,1915.5580000000002,3.1400000000001,12,london,2021-06-01 11:30:00+00:00,1912.065,timeout,12,0.8875796178343777,train,2021
2021-06-01 11:30:00+00:00,2021-06-01 11:45:00+00:00,rejection,long,1912.055,1910.955,1914.2550000000003,1.1000000000001364,12,london,2021-06-01 12:00:00+00:00,1910.955,sl,1,-1.0,train,2021
2021-06-01 12:30:00+00:00,2021-06-01 12:45:00+00:00,compression_expansion,long,1910.955,1910.248,1912.3689999999997,0.70699999999988,12,london,2021-06-01 12:45:00+00:00,1910.248,sl,0,-1.0,train,2021
2021-06-01 12:45:00+00:00,2021-06-01 13:00:00+00:00,rejection,long,1911.698,1909.758,1915.5780000000002,1.9400000000000546,12,london,2021-06-01 13:30:00+00:00,1915.5780000000002,tp,2,2.0,train,2021
2021-06-02 08:30:00+00:00,2021-06-02 08:45:00+00:00,sweep_reclaim,short,1899.318,1901.878,1894.198,2.5599999999999454,12,london,2021-06-02 11:45:00+00:00,1896.958,timeout,12,0.9218749999999806,train,2021
2021-06-03 07:15:00+00:00,2021-06-03 07:30:00+00:00,rejection,long,1907.805,1907.308,1908.7990000000002,0.49700000000007094,12,london,2021-06-03 08:00:00+00:00,1908.7990000000002,tp,2,2.0,train,2021
2021-06-04 08:15:00+00:00,2021-06-04 08:30:00+00:00,rejection,short,1869.498,1870.758,1866.978,1.259999999999991,12,london,2021-06-04 08:30:00+00:00,1870.758,sl,0,-1.0,train,2021
2021-06-07 12:45:00+00:00,2021-06-07 13:00:00+00:00,rejection,long,1886.158,1884.435,1889.6039999999998,1.7229999999999563,12,london,2021-06-07 13:00:00+00:00,1884.435,sl,0,-1.0,train,2021
2021-06-08 09:45:00+00:00,2021-06-08 10:00:00+00:00,sweep_reclaim,long,1897.658,1897.518,1897.9379999999996,0.13999999999987267,12,london,2021-06-08 10:00:00+00:00,1897.518,sl,0,-1.0,train,2021
2021-06-08 10:15:00+00:00,2021-06-08 10:30:00+00:00,sweep_reclaim,long,1896.338,1895.918,1897.178,0.42000000000007276,12,london,2021-06-08 10:45:00+00:00,1897.178,tp,1,2.0,train,2021
2021-06-08 12:45:00+00:00,2021-06-08 13:00:00+00:00,rejection,long,1897.525,1896.078,1900.4190000000003,1.4470000000001164,12,london,2021-06-08 13:00:00+00:00,1896.078,sl,0,-1.0,train,2021
2021-06-09 08:15:00+00:00,2021-06-09 08:30:00+00:00,rejection,long,1895.585,1893.668,1899.4190000000003,1.9170000000001437,12,london,2021-06-09 08:45:00+00:00,1893.668,sl,1,-1.0,train,2021
2021-06-09 09:15:00+00:00,2021-06-09 09:30:00+00:00,rejection,long,1892.808,1892.318,1893.788,0.4900000000000091,12,london,2021-06-09 09:30:00+00:00,1892.318,sl,0,-1.0,train,2021
2021-06-09 09:45:00+00:00,2021-06-09 10:00:00+00:00,rejection,long,1892.975,1891.888,1895.149,1.086999999999989,12,london,2021-06-09 10:15:00+00:00,1895.149,tp,1,2.0,train,2021
2021-06-09 12:15:00+00:00,2021-06-09 12:30:00+00:00,rejection,long,1894.165,1893.508,1895.4789999999998,0.6569999999999254,12,london,2021-06-09 12:30:00+00:00,1895.4789999999998,tp,0,2.0,train,2021
2021-06-10 10:15:00+00:00,2021-06-10 10:30:00+00:00,rejection,short,1886.948,1887.128,1886.5880000000004,0.1799999999998363,12,london,2021-06-10 10:30:00+00:00,1887.128,sl,0,-1.0,train,2021
2021-06-10 10:45:00+00:00,2021-06-10 11:00:00+00:00,rejection,short,1887.368,1887.558,1886.9879999999998,0.19000000000005457,12,london,2021-06-10 11:00:00+00:00,1886.9879999999998,tp,0,2.0,train,2021
2021-06-10 11:45:00+00:00,2021-06-10 12:00:00+00:00,rejection,short,1885.218,1887.058,1881.5380000000002,1.8399999999999181,12,london,2021-06-10 12:30:00+00:00,1887.058,sl,2,-1.0,train,2021
2021-06-10 12:30:00+00:00,2021-06-10 12:45:00+00:00,rejection,short,1886.534,1886.608,1886.3860000000004,0.07399999999984175,12,london,2021-06-10 12:45:00+00:00,1886.608,sl,0,-1.0,train,2021
2021-06-11 07:15:00+00:00,2021-06-11 07:30:00+00:00,rejection,long,1898.358,1897.408,1900.258,0.9500000000000455,12,london,2021-06-11 09:30:00+00:00,1900.258,tp,8,2.0,train,2021
2021-06-11 10:00:00+00:00,2021-06-11 10:15:00+00:00,rejection,long,1900.088,1899.148,1901.968,0.9400000000000546,12,london,2021-06-11 11:00:00+00:00,1899.148,sl,3,-1.0,train,2021
2021-06-11 12:15:00+00:00,2021-06-11 12:30:00+00:00,rejection,long,1900.285,1899.345,1902.1650000000002,0.9400000000000546,12,london,2021-06-11 12:30:00+00:00,1899.345,sl,0,-1.0,train,2021
2021-06-11 12:45:00+00:00,2021-06-11 13:00:00+00:00,rejection,long,1899.868,1898.838,1901.9279999999999,1.0299999999999727,12,london,2021-06-11 13:15:00+00:00,1898.838,sl,1,-1.0,train,2021
2021-06-14 08:30:00+00:00,2021-06-14 08:45:00+00:00,rejection,short,1866.898,1872.328,1856.0379999999998,5.430000000000064,12,london,2021-06-14 11:45:00+00:00,1863.828,timeout,12,0.5653775322283426,train,2021
2021-06-16 07:00:00+00:00,2021-06-16 07:15:00+00:00,rejection,short,1857.625,1859.358,1854.159,1.7329999999999472,12,london,2021-06-16 08:00:00+00:00,1854.159,tp,3,2.0,train,2021
2021-06-16 12:45:00+00:00,2021-06-16 13:00:00+00:00,sweep_reclaim,short,1859.988,1860.638,1858.6880000000003,0.6499999999998636,12,london,2021-06-16 13:15:00+00:00,1858.6880000000003,tp,1,2.0,train,2021
2021-06-17 07:30:00+00:00,2021-06-17 07:45:00+00:00,rejection,short,1815.572,1819.728,1807.2599999999995,4.156000000000176,12,london,2021-06-17 08:30:00+00:00,1819.728,sl,3,-1.0,train,2021
2021-06-17 09:30:00+00:00,2021-06-17 09:45:00+00:00,sweep_reclaim,short,1822.815,1825.038,1818.3690000000001,2.2229999999999563,12,london,2021-06-17 12:30:00+00:00,1818.3690000000001,tp,11,2.0,train,2021
2021-06-17 12:30:00+00:00,2021-06-17 12:45:00+00:00,compression_expansion,short,1818.538,1821.498,1812.618,2.9600000000000364,12,london,2021-06-17 13:15:00+00:00,1812.618,tp,2,2.0,train,2021
2021-06-18 11:30:00+00:00,2021-06-18 11:45:00+00:00,sweep_reclaim,short,1784.978,1786.258,1782.4180000000001,1.2799999999999727,12,london,2021-06-18 12:30:00+00:00,1782.4180000000001,tp,3,2.0,train,2021
2021-06-21 07:00:00+00:00,2021-06-21 07:15:00+00:00,rejection,short,1768.848,1769.478,1767.5879999999997,0.6300000000001091,12,london,2021-06-21 07:15:00+00:00,1769.478,sl,0,-1.0,train,2021
2021-06-21 10:15:00+00:00,2021-06-21 10:30:00+00:00,rejection,short,1774.678,1776.018,1771.9980000000003,1.3399999999999181,12,london,2021-06-21 10:30:00+00:00,1776.018,sl,0,-1.0,train,2021
2021-06-21 11:00:00+00:00,2021-06-21 11:15:00+00:00,rejection,short,1774.068,1776.768,1768.668,2.7000000000000455,12,london,2021-06-21 12:30:00+00:00,1768.668,tp,5,2.0,train,2021
2021-06-23 07:00:00+00:00,2021-06-23 07:15:00+00:00,compression_expansion,short,1777.528,1779.468,1773.648,1.9400000000000546,12,london,2021-06-23 08:00:00+00:00,1779.468,sl,3,-1.0,train,2021
2021-06-23 08:30:00+00:00,2021-06-23 08:45:00+00:00,sweep_reclaim,short,1780.138,1781.218,1777.9779999999996,1.0800000000001546,12,london,2021-06-23 09:00:00+00:00,1777.9779999999996,tp,1,2.0,train,2021
2021-06-24 07:45:00+00:00,2021-06-24 08:00:00+00:00,rejection,short,1778.478,1779.118,1777.1980000000003,0.6399999999998727,12,london,2021-06-24 08:00:00+00:00,1779.118,sl,0,-1.0,train,2021
2021-06-24 11:00:00+00:00,2021-06-24 11:15:00+00:00,rejection,short,1775.608,1775.888,1775.048,0.2799999999999727,12,london,2021-06-24 11:15:00+00:00,1775.048,tp,0,2.0,train,2021
2021-06-25 08:45:00+00:00,2021-06-25 09:00:00+00:00,sweep_reclaim,short,1777.5,1777.938,1776.6239999999998,0.43800000000010186,12,london,2021-06-25 09:15:00+00:00,1777.938,sl,1,-1.0,train,2021
2021-06-25 10:30:00+00:00,2021-06-25 10:45:00+00:00,rejection,short,1778.085,1778.898,1776.4590000000003,0.8129999999998745,12,london,2021-06-25 11:45:00+00:00,1776.4590000000003,tp,4,2.0,train,2021
2021-06-28 10:45:00+00:00,2021-06-28 11:00:00+00:00,rejection,short,1779.318,1779.628,1778.698,0.30999999999994543,12,london,2021-06-28 11:15:00+00:00,1779.628,sl,1,-1.0,train,2021
2021-06-28 12:45:00+00:00,2021-06-28 13:00:00+00:00,sweep_reclaim,short,1783.378,1783.978,1782.1779999999997,0.6000000000001364,12,london,2021-06-28 13:00:00+00:00,1783.978,sl,0,-1.0,train,2021
2021-06-29 08:45:00+00:00,2021-06-29 09:00:00+00:00,rejection,short,1775.628,1776.858,1773.168,1.2300000000000182,12,london,2021-06-29 12:00:00+00:00,1774.418,timeout,12,0.983739837398389,train,2021
2021-06-30 07:00:00+00:00,2021-06-30 07:15:00+00:00,rejection,short,1761.218,1761.698,1760.258,0.4800000000000182,12,london,2021-06-30 07:15:00+00:00,1761.698,sl,0,-1.0,train,2021
2021-06-30 07:15:00+00:00,2021-06-30 07:30:00+00:00,rejection,short,1761.268,1761.898,1760.0080000000003,0.6299999999998818,12,london,2021-06-30 07:30:00+00:00,1761.898,sl,0,-1.0,train,2021
2021-06-30 10:00:00+00:00,2021-06-30 10:15:00+00:00,rejection,short,1763.488,1764.538,1761.3880000000001,1.0499999999999545,12,london,2021-06-30 10:30:00+00:00,1761.3880000000001,tp,1,2.0,train,2021
2021-06-30 11:00:00+00:00,2021-06-30 11:15:00+00:00,rejection,short,1761.088,1762.338,1758.588,1.25,12,london,2021-06-30 11:15:00+00:00,1762.338,sl,0,-1.0,train,2021
2021-07-01 11:45:00+00:00,2021-07-01 12:00:00+00:00,rejection,long,1775.195,1774.738,1776.1089999999997,0.45699999999987995,12,london,2021-07-01 12:00:00+00:00,1774.738,sl,0,-1.0,train,2021
2021-07-02 10:45:00+00:00,2021-07-02 11:00:00+00:00,rejection,long,1779.058,1778.008,1781.158,1.0499999999999545,12,london,2021-07-02 11:15:00+00:00,1778.008,sl,1,-1.0,train,2021
2021-07-02 12:15:00+00:00,2021-07-02 12:30:00+00:00,rejection,long,1778.288,1777.848,1779.1680000000001,0.44000000000005457,12,london,2021-07-02 12:30:00+00:00,1777.848,sl,0,-1.0,train,2021
2021-07-02 12:30:00+00:00,2021-07-02 12:45:00+00:00,rejection,long,1778.188,1777.228,1780.1080000000002,0.9600000000000364,12,london,2021-07-02 13:00:00+00:00,1777.228,sl,1,-1.0,train,2021
2021-07-05 09:30:00+00:00,2021-07-05 09:45:00+00:00,rejection,long,1788.275,1787.348,1790.1290000000004,0.9270000000001346,12,london,2021-07-05 09:45:00+00:00,1787.348,sl,0,-1.0,train,2021
2021-07-05 11:15:00+00:00,2021-07-05 11:30:00+00:00,compression_expansion,long,1786.998,1785.128,1790.7380000000003,1.8700000000001182,12,london,2021-07-05 13:00:00+00:00,1785.128,sl,6,-1.0,train,2021
2021-07-08 07:15:00+00:00,2021-07-08 07:30:00+00:00,rejection,long,1803.508,1803.108,1804.3080000000002,0.40000000000009095,12,london,2021-07-08 07:30:00+00:00,1803.108,sl,0,-1.0,train,2021
2021-07-08 07:30:00+00:00,2021-07-08 07:45:00+00:00,rejection,long,1803.575,1802.678,1805.369,0.8969999999999345,12,london,2021-07-08 08:15:00+00:00,1802.678,sl,2,-1.0,train,2021
2021-07-09 12:30:00+00:00,2021-07-09 12:45:00+00:00,rejection,long,1800.888,1800.0,1802.6639999999998,0.88799999999992,12,london,2021-07-09 12:45:00+00:00,1802.6639999999998,tp,0,2.0,train,2021
2021-07-12 07:15:00+00:00,2021-07-12 07:30:00+00:00,rejection,long,1807.298,1806.218,1809.4579999999999,1.0799999999999272,12,london,2021-07-12 08:15:00+00:00,1809.4579999999999,tp,3,2.0,train,2021
2021-07-13 08:30:00+00:00,2021-07-13 08:45:00+00:00,rejection,long,1808.205,1806.638,1811.339,1.5670000000000073,12,london,2021-07-13 09:45:00+00:00,1811.339,tp,4,2.0,train,2021
2021-07-13 11:00:00+00:00,2021-07-13 11:15:00+00:00,rejection,long,1809.228,1809.188,1809.308,0.03999999999996362,12,london,2021-07-13 11:15:00+00:00,1809.188,sl,0,-1.0,train,2021
2021-07-13 11:15:00+00:00,2021-07-13 11:30:00+00:00,rejection,long,1809.778,1808.628,1812.0780000000002,1.150000000000091,12,london,2021-07-13 12:30:00+00:00,1808.628,sl,4,-1.0,train,2021
2021-07-14 12:30:00+00:00,2021-07-14 12:45:00+00:00,rejection,long,1813.528,1811.228,1818.128,2.2999999999999545,12,london,2021-07-14 14:15:00+00:00,1811.228,sl,6,-1.0,train,2021
2021-07-15 09:30:00+00:00,2021-07-15 09:45:00+00:00,rejection,long,1826.418,1825.568,1828.1179999999997,0.849999999999909,12,london,2021-07-15 09:45:00+00:00,1825.568,sl,0,-1.0,train,2021
2021-07-15 09:45:00+00:00,2021-07-15 10:00:00+00:00,rejection,long,1826.248,1825.288,1828.1680000000001,0.9600000000000364,12,london,2021-07-15 10:15:00+00:00,1825.288,sl,1,-1.0,train,2021
2021-07-15 10:30:00+00:00,2021-07-15 10:45:00+00:00,sweep_reclaim,long,1824.645,1824.048,1825.839,0.59699999999998,12,london,2021-07-15 10:45:00+00:00,1824.048,sl,0,-1.0,train,2021
2021-07-16 09:15:00+00:00,2021-07-16 09:30:00+00:00,sweep_reclaim,long,1826.648,1825.908,1828.128,0.7400000000000091,12,london,2021-07-16 10:15:00+00:00,1828.128,tp,3,2.0,train,2021
2021-07-19 07:45:00+00:00,2021-07-19 08:00:00+00:00,rejection,short,1815.878,1817.178,1813.2779999999996,1.300000000000182,12,london,2021-07-19 08:45:00+00:00,1813.2779999999996,tp,3,2.0,train,2021
2021-07-19 09:00:00+00:00,2021-07-19 09:15:00+00:00,rejection,short,1811.978,1816.038,1803.8580000000002,4.059999999999945,12,london,2021-07-19 12:15:00+00:00,1812.218,timeout,12,-0.059113300492613874,train,2021
2021-07-21 11:45:00+00:00,2021-07-21 12:00:00+00:00,compression_expansion,short,1806.338,1809.358,1800.298,3.019999999999982,12,london,2021-07-21 12:30:00+00:00,1809.358,sl,2,-1.0,train,2021
2021-07-22 08:00:00+00:00,2021-07-22 08:15:00+00:00,rejection,short,1802.268,1802.318,1802.1680000000001,0.049999999999954525,12,london,2021-07-22 08:15:00+00:00,1802.318,sl,0,-1.0,train,2021
2021-07-22 09:15:00+00:00,2021-07-22 09:30:00+00:00,rejection,short,1801.338,1802.178,1799.6579999999997,0.8400000000001455,12,london,2021-07-22 10:00:00+00:00,1799.6579999999997,tp,2,2.0,train,2021
2021-07-22 10:15:00+00:00,2021-07-22 10:30:00+00:00,rejection,short,1798.178,1801.225,1792.0840000000005,3.046999999999798,12,london,2021-07-22 13:30:00+00:00,1800.558,timeout,12,-0.7810961601575449,train,2021
2021-07-23 12:00:00+00:00,2021-07-23 12:15:00+00:00,rejection,short,1803.168,1803.548,1802.4079999999997,0.38000000000010914,12,london,2021-07-23 12:15:00+00:00,1803.548,sl,0,-1.0,train,2021
2021-07-26 08:00:00+00:00,2021-07-26 08:15:00+00:00,rejection,short,1798.718,1800.318,1795.5180000000003,1.599999999999909,12,london,2021-07-26 08:15:00+00:00,1800.318,sl,0,-1.0,train,2021
2021-07-27 08:30:00+00:00,2021-07-27 08:45:00+00:00,sweep_reclaim,short,1798.368,1799.408,1796.288,1.0399999999999636,12,london,2021-07-27 08:45:00+00:00,1796.288,tp,0,2.0,train,2021
2021-07-27 11:15:00+00:00,2021-07-27 11:30:00+00:00,rejection,short,1799.088,1799.668,1797.928,0.5799999999999272,12,london,2021-07-27 11:45:00+00:00,1797.928,tp,1,2.0,train,2021
2021-07-28 08:00:00+00:00,2021-07-28 08:15:00+00:00,rejection,short,1798.198,1799.481,1795.6320000000003,1.2829999999999018,12,london,2021-07-28 08:15:00+00:00,1799.481,sl,0,-1.0,train,2021
2021-07-28 08:45:00+00:00,2021-07-28 09:00:00+00:00,sweep_reclaim,short,1801.948,1803.208,1799.428,1.259999999999991,12,london,2021-07-28 09:45:00+00:00,1803.208,sl,3,-1.0,train,2021
2021-07-28 11:45:00+00:00,2021-07-28 12:00:00+00:00,rejection,long,1805.908,1804.538,1808.6479999999997,1.3699999999998909,12,london,2021-07-28 12:00:00+00:00,1804.538,sl,0,-1.0,train,2021
2021-07-29 07:30:00+00:00,2021-07-29 07:45:00+00:00,rejection,long,1809.818,1808.358,1812.738,1.4600000000000364,12,london,2021-07-29 08:15:00+00:00,1812.738,tp,2,2.0,train,2021
2021-07-29 08:30:00+00:00,2021-07-29 08:45:00+00:00,rejection,long,1816.908,1809.308,1832.1079999999997,7.599999999999909,12,london,2021-07-29 11:45:00+00:00,1815.458,timeout,12,-0.1907894736841889,train,2021
2021-07-29 12:30:00+00:00,2021-07-29 12:45:00+00:00,compression_expansion,long,1817.678,1815.148,1822.7380000000005,2.5300000000002,12,london,2021-07-29 15:15:00+00:00,1815.148,sl,10,-1.0,train,2021
2021-07-30 08:00:00+00:00,2021-07-30 08:15:00+00:00,sweep_reclaim,long,1828.108,1827.648,1829.028,0.4600000000000364,12,london,2021-07-30 08:15:00+00:00,1827.648,sl,0,-1.0,train,2021
2021-07-30 08:30:00+00:00,2021-07-30 08:45:00+00:00,rejection,long,1829.848,1826.628,1836.288,3.2200000000000273,12,london,2021-07-30 11:45:00+00:00,1827.358,timeout,12,-0.7732919254658348,train,2021
2021-07-30 12:30:00+00:00,2021-07-30 12:45:00+00:00,sweep_reclaim,long,1826.738,1826.648,1826.9180000000003,0.09000000000014552,12,london,2021-07-30 12:45:00+00:00,1826.9180000000003,tp,0,2.0,train,2021
2021-08-02 09:45:00+00:00,2021-08-02 10:00:00+00:00,rejection,short,1811.678,1812.158,1810.7180000000005,0.4799999999997908,12,london,2021-08-02 10:00:00+00:00,1812.158,sl,0,-1.0,train,2021
2021-08-02 10:00:00+00:00,2021-08-02 10:15:00+00:00,rejection,short,1811.515,1812.368,1809.8090000000004,0.8529999999998381,12,london,2021-08-02 12:15:00+00:00,1809.8090000000004,tp,8,2.0,train,2021
2021-08-03 07:15:00+00:00,2021-08-03 07:30:00+00:00,rejection,short,1812.198,1813.028,1810.5380000000002,0.8299999999999272,12,london,2021-08-03 08:15:00+00:00,1810.5380000000002,tp,3,2.0,train,2021
2021-08-03 08:30:00+00:00,2021-08-03 08:45:00+00:00,rejection,short,1809.488,1812.298,1803.8680000000002,2.8099999999999454,12,london,2021-08-03 09:00:00+00:00,1812.298,sl,1,-1.0,train,2021
2021-08-03 09:15:00+00:00,2021-08-03 09:30:00+00:00,rejection,short,1812.048,1812.658,1810.8280000000002,0.6099999999999,12,london,2021-08-03 09:45:00+00:00,1810.8280000000002,tp,1,2.0,train,2021
2021-08-03 11:00:00+00:00,2021-08-03 11:15:00+00:00,rejection,short,1810.728,1811.308,1809.5680000000002,0.5799999999999272,12,london,2021-08-03 11:15:00+00:00,1811.308,sl,0,-1.0,train,2021
2021-08-03 11:30:00+00:00,2021-08-03 11:45:00+00:00,rejection,short,1811.448,1811.545,1811.2540000000001,0.09699999999997999,12,london,2021-08-03 11:45:00+00:00,1811.545,sl,0,-1.0,train,2021
2021-08-04 07:30:00+00:00,2021-08-04 07:45:00+00:00,rejection,short,1810.328,1811.158,1808.6680000000001,0.8299999999999272,12,london,2021-08-04 09:00:00+00:00,1811.158,sl,5,-1.0,train,2021
2021-08-06 07:15:00+00:00,2021-08-06 07:30:00+00:00,compression_expansion,short,1802.078,1803.838,1798.558,1.759999999999991,12,london,2021-08-06 10:30:00+00:00,1799.888,timeout,12,1.2443181818182192,train,2021
2021-08-06 11:00:00+00:00,2021-08-06 11:15:00+00:00,rejection,short,1800.808,1800.875,1800.674,0.06700000000000728,12,london,2021-08-06 11:15:00+00:00,1800.875,sl,0,-1.0,train,2021
2021-08-06 12:00:00+00:00,2021-08-06 12:15:00+00:00,rejection,short,1799.978,1800.128,1799.6780000000003,0.14999999999986358,12,london,2021-08-06 12:15:00+00:00,1800.128,sl,0,-1.0,train,2021
2021-08-09 07:00:00+00:00,2021-08-09 07:15:00+00:00,rejection,short,1716.508,1719.748,1710.028,3.240000000000009,12,london,2021-08-09 07:15:00+00:00,1719.748,sl,0,-1.0,train,2021
2021-08-09 09:15:00+00:00,2021-08-09 09:30:00+00:00,rejection,short,1734.858,1741.258,1722.0579999999998,6.400000000000091,12,london,2021-08-09 09:45:00+00:00,1741.258,sl,1,-1.0,train,2021
2021-08-09 10:00:00+00:00,2021-08-09 10:15:00+00:00,rejection,short,1739.715,1741.268,1736.6089999999997,1.553000000000111,12,london,2021-08-09 10:15:00+00:00,1736.6089999999997,tp,0,2.0,train,2021
2021-08-09 11:30:00+00:00,2021-08-09 11:45:00+00:00,rejection,short,1737.745,1738.958,1735.3189999999995,1.2130000000001928,12,london,2021-08-09 11:45:00+00:00,1738.958,sl,0,-1.0,train,2021
2021-08-10 08:45:00+00:00,2021-08-10 09:00:00+00:00,sweep_reclaim,short,1734.428,1735.348,1732.5880000000004,0.9199999999998454,12,london,2021-08-10 10:30:00+00:00,1735.348,sl,6,-1.0,train,2021
2021-08-10 11:15:00+00:00,2021-08-10 11:30:00+00:00,rejection,short,1736.998,1737.405,1736.1840000000002,0.4069999999999254,12,london,2021-08-10 11:30:00+00:00,1737.405,sl,0,-1.0,train,2021
2021-08-10 11:30:00+00:00,2021-08-10 11:45:00+00:00,rejection,short,1736.738,1737.568,1735.0780000000002,0.8299999999999272,12,london,2021-08-10 12:15:00+00:00,1735.0780000000002,tp,2,2.0,train,2021
2021-08-12 07:00:00+00:00,2021-08-12 07:15:00+00:00,compression_expansion,long,1752.015,1751.078,1753.8890000000004,0.9370000000001255,12,london,2021-08-12 08:00:00+00:00,1751.078,sl,3,-1.0,train,2021
2021-08-12 09:00:00+00:00,2021-08-12 09:15:00+00:00,rejection,long,1750.518,1749.328,1752.8980000000001,1.1900000000000546,12,london,2021-08-12 09:15:00+00:00,1749.328,sl,0,-1.0,train,2021
2021-08-13 12:00:00+00:00,2021-08-13 12:15:00+00:00,rejection,long,1755.208,1754.368,1756.8880000000004,0.8400000000001455,12,london,2021-08-13 12:45:00+00:00,1756.8880000000004,tp,2,2.0,train,2021
2021-08-16 08:30:00+00:00,2021-08-16 08:45:00+00:00,rejection,long,1781.658,1778.998,1786.9779999999996,2.6599999999998545,12,london,2021-08-16 09:00:00+00:00,1778.998,sl,1,-1.0,train,2021
2021-08-16 09:30:00+00:00,2021-08-16 09:45:00+00:00,rejection,long,1778.078,1776.898,1780.438,1.1800000000000637,12,london,2021-08-16 10:30:00+00:00,1776.898,sl,3,-1.0,train,2021
2021-08-16 10:30:00+00:00,2021-08-16 10:45:00+00:00,sweep_reclaim,long,1777.298,1777.128,1777.6380000000001,0.17000000000007276,12,london,2021-08-16 10:45:00+00:00,1777.128,sl,0,-1.0,train,2021
2021-08-16 10:45:00+00:00,2021-08-16 11:00:00+00:00,sweep_reclaim,long,1777.198,1776.808,1777.9780000000003,0.39000000000010004,12,london,2021-08-16 11:00:00+00:00,1776.808,sl,0,-1.0,train,2021
2021-08-17 07:30:00+00:00,2021-08-17 07:45:00+00:00,sweep_reclaim,long,1786.888,1786.328,1788.0079999999998,0.5599999999999454,12,london,2021-08-17 07:45:00+00:00,1786.328,sl,0,-1.0,train,2021
2021-08-17 07:45:00+00:00,2021-08-17 08:00:00+00:00,rejection,long,1786.898,1786.108,1788.4779999999998,0.7899999999999636,12,london,2021-08-17 08:15:00+00:00,1788.4779999999998,tp,1,2.0,train,2021
2021-08-17 09:00:00+00:00,2021-08-17 09:15:00+00:00,sweep_reclaim,long,1785.468,1784.608,1787.1880000000003,0.8600000000001273,12,london,2021-08-17 10:00:00+00:00,1787.1880000000003,tp,3,2.0,train,2021
2021-08-17 11:00:00+00:00,2021-08-17 11:15:00+00:00,rejection,long,1785.998,1785.708,1786.578,0.2899999999999636,12,london,2021-08-17 11:15:00+00:00,1785.708,sl,0,-1.0,train,2021
2021-08-17 12:15:00+00:00,2021-08-17 12:30:00+00:00,compression_expansion,long,1787.618,1785.338,1792.1779999999999,2.2799999999999727,12,london,2021-08-17 13:00:00+00:00,1792.1779999999999,tp,2,2.0,train,2021
2021-08-18 12:00:00+00:00,2021-08-18 12:15:00+00:00,rejection,long,1789.368,1789.038,1790.0279999999998,0.32999999999992724,12,london,2021-08-18 12:15:00+00:00,1789.038,sl,0,-1.0,train,2021
2021-08-18 12:30:00+00:00,2021-08-18 12:45:00+00:00,rejection,long,1789.098,1788.735,1789.824,0.3630000000000564,12,london,2021-08-18 12:45:00+00:00,1788.735,sl,0,-1.0,train,2021
2021-08-18 12:45:00+00:00,2021-08-18 13:00:00+00:00,rejection,long,1789.368,1788.598,1790.908,0.7699999999999818,12,london,2021-08-18 13:00:00+00:00,1790.908,tp,0,2.0,train,2021
2021-08-19 12:45:00+00:00,2021-08-19 13:00:00+00:00,rejection,short,1778.218,1779.188,1776.278,0.9700000000000273,12,london,2021-08-19 13:00:00+00:00,1779.188,sl,0,-1.0,train,2021
2021-08-20 08:45:00+00:00,2021-08-20 09:00:00+00:00,sweep_reclaim,short,1783.438,1784.468,1781.3780000000002,1.0299999999999727,12,london,2021-08-20 10:45:00+00:00,1784.468,sl,7,-1.0,train,2021
2021-08-23 08:00:00+00:00,2021-08-23 08:15:00+00:00,rejection,short,1778.468,1779.548,1776.3080000000002,1.0799999999999272,12,london,2021-08-23 08:45:00+00:00,1779.548,sl,2,-1.0,train,2021
2021-08-23 09:15:00+00:00,2021-08-23 09:30:00+00:00,sweep_reclaim,short,1785.065,1786.148,1782.8990000000003,1.0829999999998563,12,london,2021-08-23 09:30:00+00:00,1786.148,sl,0,-1.0,train,2021
2021-08-23 12:30:00+00:00,2021-08-23 12:45:00+00:00,rejection,long,1787.35,1786.848,1788.3539999999998,0.5019999999999527,12,london,2021-08-23 12:45:00+00:00,1786.848,sl,0,-1.0,train,2021
2021-08-23 12:45:00+00:00,2021-08-23 13:00:00+00:00,rejection,long,1787.045,1786.188,1788.759,0.8569999999999709,12,london,2021-08-23 13:00:00+00:00,1786.188,sl,0,-1.0,train,2021
2021-08-24 08:15:00+00:00,2021-08-24 08:30:00+00:00,sweep_reclaim,long,1802.238,1801.778,1803.1580000000001,0.4600000000000364,12,london,2021-08-24 08:30:00+00:00,1801.778,sl,0,-1.0,train,2021
2021-08-24 08:30:00+00:00,2021-08-24 08:45:00+00:00,sweep_reclaim,long,1802.765,1801.308,1805.6790000000003,1.4570000000001073,12,london,2021-08-24 09:30:00+00:00,1801.308,sl,3,-1.0,train,2021
2021-08-24 09:45:00+00:00,2021-08-24 10:00:00+00:00,sweep_reclaim,long,1802.388,1801.238,1804.6879999999996,1.1499999999998636,12,london,2021-08-24 11:00:00+00:00,1801.238,sl,4,-1.0,train,2021
2021-08-24 11:15:00+00:00,2021-08-24 11:30:00+00:00,sweep_reclaim,long,1801.178,1800.688,1802.1580000000001,0.4900000000000091,12,london,2021-08-24 12:15:00+00:00,1802.1580000000001,tp,3,2.0,train,2021
2021-08-24 12:30:00+00:00,2021-08-24 12:45:00+00:00,compression_expansion,long,1801.945,1800.888,1804.059,1.0570000000000164,12,london,2021-08-24 13:30:00+00:00,1804.059,tp,3,2.0,train,2021
2021-08-26 07:00:00+00:00,2021-08-26 07:15:00+00:00,rejection,short,1791.035,1791.365,1790.3750000000002,0.32999999999992724,12,london,2021-08-26 07:15:00+00:00,1791.365,sl,0,-1.0,train,2021
2021-08-26 07:15:00+00:00,2021-08-26 07:30:00+00:00,rejection,short,1791.195,1791.555,1790.4749999999997,0.36000000000012733,12,london,2021-08-26 07:30:00+00:00,1791.555,sl,0,-1.0,train,2021
2021-08-26 07:30:00+00:00,2021-08-26 07:45:00+00:00,rejection,short,1790.748,1791.915,1788.4140000000002,1.1669999999999163,12,london,2021-08-26 08:15:00+00:00,1788.4140000000002,tp,2,2.0,train,2021
2021-08-26 09:00:00+00:00,2021-08-26 09:15:00+00:00,rejection,short,1789.948,1789.958,1789.928,0.009999999999990905,12,london,2021-08-26 09:15:00+00:00,1789.958,sl,0,-1.0,train,2021
2021-08-26 10:30:00+00:00,2021-08-26 10:45:00+00:00,rejection,short,1788.248,1789.158,1786.4280000000003,0.9099999999998545,12,london,2021-08-26 12:45:00+00:00,1786.4280000000003,tp,8,2.0,train,2021
2021-08-27 11:15:00+00:00,2021-08-27 11:30:00+00:00,rejection,long,1798.138,1797.795,1798.8239999999996,0.3429999999998472,12,london,2021-08-27 11:30:00+00:00,1798.8239999999996,tp,0,2.0,train,2021
2021-08-30 09:00:00+00:00,2021-08-30 09:15:00+00:00,rejection,long,1817.234,1816.262,1819.1779999999999,0.97199999999998,12,london,2021-08-30 09:30:00+00:00,1816.262,sl,1,-1.0,train,2021
2021-08-30 12:30:00+00:00,2021-08-30 12:45:00+00:00,compression_expansion,long,1817.668,1815.658,1821.6879999999999,2.009999999999991,12,london,2021-08-30 13:00:00+00:00,1815.658,sl,1,-1.0,train,2021
2021-09-01 11:15:00+00:00,2021-09-01 11:30:00+00:00,rejection,long,1815.618,1813.598,1819.658,2.019999999999982,12,london,2021-09-01 12:30:00+00:00,1813.598,sl,4,-1.0,train,2021
2021-09-02 07:00:00+00:00,2021-09-02 07:15:00+00:00,rejection,long,1813.368,1813.198,1813.7079999999996,0.16999999999984539,12,london,2021-09-02 07:15:00+00:00,1813.198,sl,0,-1.0,train,2021
2021-09-02 09:00:00+00:00,2021-09-02 09:15:00+00:00,rejection,long,1813.764,1813.198,1814.8959999999995,0.5659999999998035,12,london,2021-09-02 09:15:00+00:00,1813.198,sl,0,-1.0,train,2021
2021-09-02 09:30:00+00:00,2021-09-02 09:45:00+00:00,rejection,long,1813.525,1812.985,1814.6050000000005,0.540000000000191,12,london,2021-09-02 10:15:00+00:00,1812.985,sl,2,-1.0,train,2021
2021-09-06 08:30:00+00:00,2021-09-06 08:45:00+00:00,rejection,long,1827.198,1825.048,1831.4980000000003,2.150000000000091,12,london,2021-09-06 11:45:00+00:00,1826.428,timeout,12,-0.3581395348836973,train,2021
2021-09-06 11:45:00+00:00,2021-09-06 12:00:00+00:00,rejection,long,1826.418,1825.418,1828.418,1.0,12,london,2021-09-06 12:45:00+00:00,1825.418,sl,3,-1.0,train,2021
2021-09-07 09:00:00+00:00,2021-09-07 09:15:00+00:00,rejection,long,1826.478,1825.878,1827.6780000000003,0.6000000000001364,12,london,2021-09-07 09:30:00+00:00,1825.878,sl,1,-1.0,train,2021
2021-09-08 11:00:00+00:00,2021-09-08 11:15:00+00:00,rejection,short,1797.868,1799.237,1795.1299999999997,1.3690000000001419,12,london,2021-09-08 13:15:00+00:00,1795.1299999999997,tp,8,2.0,train,2021
2021-09-09 08:00:00+00:00,2021-09-09 08:15:00+00:00,rejection,short,1789.038,1789.818,1787.478,0.7799999999999727,12,london,2021-09-09 08:30:00+00:00,1787.478,tp,1,2.0,train,2021
2021-09-09 10:15:00+00:00,2021-09-09 10:30:00+00:00,rejection,short,1788.984,1790.018,1786.9159999999997,1.0340000000001055,12,london,2021-09-09 11:45:00+00:00,1786.9159999999997,tp,5,2.0,train,2021
2021-09-13 07:00:00+00:00,2021-09-13 07:15:00+00:00,rejection,short,1787.064,1788.538,1784.1160000000002,1.4739999999999327,12,london,2021-09-13 08:15:00+00:00,1784.1160000000002,tp,4,2.0,train,2021
2021-09-13 09:00:00+00:00,2021-09-13 09:15:00+00:00,sweep_reclaim,short,1788.294,1789.558,1785.7660000000003,1.2639999999998963,12,london,2021-09-13 09:15:00+00:00,1789.558,sl,0,-1.0,train,2021
2021-09-13 11:00:00+00:00,2021-09-13 11:15:00+00:00,sweep_reclaim,short,1792.214,1792.434,1791.774,0.22000000000002728,12,london,2021-09-13 11:15:00+00:00,1791.774,tp,0,2.0,train,2021
2021-09-13 12:15:00+00:00,2021-09-13 12:30:00+00:00,rejection,short,1790.498,1792.024,1787.4460000000004,1.52599999999984,12,london,2021-09-13 12:45:00+00:00,1792.024,sl,1,-1.0,train,2021
2021-09-14 09:00:00+00:00,2021-09-14 09:15:00+00:00,rejection,short,1790.168,1791.808,1786.8879999999997,1.6400000000001,12,london,2021-09-14 09:30:00+00:00,1791.808,sl,1,-1.0,train,2021
2021-09-14 10:00:00+00:00,2021-09-14 10:15:00+00:00,rejection,short,1791.078,1792.858,1787.518,1.7799999999999727,12,london,2021-09-14 12:45:00+00:00,1792.858,sl,10,-1.0,train,2021
2021-09-15 07:45:00+00:00,2021-09-15 08:00:00+00:00,sweep_reclaim,long,1802.984,1802.674,1803.6039999999998,0.30999999999994543,12,london,2021-09-15 08:00:00+00:00,1802.674,sl,0,-1.0,train,2021
2021-09-15 09:15:00+00:00,2021-09-15 09:30:00+00:00,rejection,long,1803.838,1802.505,1806.5039999999997,1.3329999999998563,12,london,2021-09-15 10:15:00+00:00,1802.505,sl,3,-1.0,train,2021
2021-09-15 11:00:00+00:00,2021-09-15 11:15:00+00:00,rejection,long,1803.514,1802.765,1805.0119999999995,0.7489999999997963,12,london,2021-09-15 11:30:00+00:00,1802.765,sl,1,-1.0,train,2021
2021-09-15 11:45:00+00:00,2021-09-15 12:00:00+00:00,rejection,long,1803.478,1802.418,1805.5980000000004,1.0600000000001728,12,london,2021-09-15 12:30:00+00:00,1802.418,sl,2,-1.0,train,2021
2021-09-16 09:15:00+00:00,2021-09-16 09:30:00+00:00,sweep_reclaim,short,1795.264,1796.028,1793.7359999999996,0.7640000000001237,12,london,2021-09-16 10:00:00+00:00,1793.7359999999996,tp,2,2.0,train,2021
2021-09-16 10:15:00+00:00,2021-09-16 10:30:00+00:00,rejection,short,1793.154,1795.758,1787.946,2.604000000000042,12,london,2021-09-16 12:45:00+00:00,1787.946,tp,9,2.0,train,2021
2021-09-17 08:30:00+00:00,2021-09-17 08:45:00+00:00,sweep_reclaim,short,1756.658,1757.418,1755.138,0.7599999999999909,12,london,2021-09-17 08:45:00+00:00,1757.418,sl,0,-1.0,train,2021
2021-09-17 08:45:00+00:00,2021-09-17 09:00:00+00:00,sweep_reclaim,short,1755.744,1757.488,1752.2559999999996,1.7440000000001419,12,london,2021-09-17 09:45:00+00:00,1757.488,sl,3,-1.0,train,2021
2021-09-17 10:30:00+00:00,2021-09-17 10:45:00+00:00,sweep_reclaim,short,1758.168,1759.228,1756.0479999999995,1.0600000000001728,12,london,2021-09-17 11:30:00+00:00,1759.228,sl,3,-1.0,train,2021
2021-09-20 07:30:00+00:00,2021-09-20 07:45:00+00:00,rejection,short,1753.564,1754.158,1752.3760000000004,0.5939999999998236,12,london,2021-09-20 08:00:00+00:00,1752.3760000000004,tp,1,2.0,train,2021
2021-09-22 08:00:00+00:00,2021-09-22 08:15:00+00:00,sweep_reclaim,long,1773.258,1772.788,1774.198,0.4700000000000273,12,london,2021-09-22 08:15:00+00:00,1774.198,tp,0,2.0,train,2021
2021-09-22 09:00:00+00:00,2021-09-22 09:15:00+00:00,rejection,long,1776.638,1773.228,1783.4579999999996,3.4099999999998545,12,london,2021-09-22 12:15:00+00:00,1776.414,timeout,12,-0.06568914956010037,train,2021
2021-09-22 12:45:00+00:00,2021-09-22 13:00:00+00:00,compression_expansion,long,1778.364,1775.858,1783.3760000000002,2.5060000000000855,12,london,2021-09-22 15:15:00+00:00,1775.858,sl,9,-1.0,train,2021
2021-09-24 08:00:00+00:00,2021-09-24 08:15:00+00:00,rejection,short,1747.844,1748.514,1746.5040000000004,0.6699999999998454,12,london,2021-09-24 08:15:00+00:00,1748.514,sl,0,-1.0,train,2021
2021-09-24 10:30:00+00:00,2021-09-24 10:45:00+00:00,sweep_reclaim,short,1752.124,1752.364,1751.644,0.2400000000000091,12,london,2021-09-24 10:45:00+00:00,1752.364,sl,0,-1.0,train,2021
2021-09-24 10:45:00+00:00,2021-09-24 11:00:00+00:00,rejection,short,1752.214,1752.788,1751.0659999999998,0.5740000000000691,12,london,2021-09-24 11:45:00+00:00,1751.0659999999998,tp,3,2.0,train,2021
2021-09-24 12:00:00+00:00,2021-09-24 12:15:00+00:00,rejection,short,1751.028,1752.764,1747.5560000000003,1.7359999999998763,12,london,2021-09-24 12:45:00+00:00,1752.764,sl,2,-1.0,train,2021
2021-09-28 09:15:00+00:00,2021-09-28 09:30:00+00:00,sweep_reclaim,short,1753.004,1753.814,1751.3839999999996,0.8100000000001728,12,london,2021-09-28 09:30:00+00:00,1753.814,sl,0,-1.0,train,2021
2021-09-28 09:30:00+00:00,2021-09-28 09:45:00+00:00,rejection,short,1752.864,1754.344,1749.904,1.4800000000000182,12,london,2021-09-28 10:45:00+00:00,1749.904,tp,4,2.0,train,2021
2021-09-28 12:30:00+00:00,2021-09-28 12:45:00+00:00,compression_expansion,short,1750.838,1751.698,1749.1179999999997,0.8600000000001273,12,london,2021-09-28 12:45:00+00:00,1749.1179999999997,tp,0,2.0,train,2021
2021-09-29 07:45:00+00:00,2021-09-29 08:00:00+00:00,sweep_reclaim,short,1734.708,1735.165,1733.7940000000003,0.45699999999987995,12,london,2021-09-29 08:00:00+00:00,1735.165,sl,0,-1.0,train,2021
2021-09-29 10:00:00+00:00,2021-09-29 10:15:00+00:00,sweep_reclaim,short,1739.888,1740.578,1738.5079999999998,0.6900000000000546,12,london,2021-09-29 10:30:00+00:00,1740.578,sl,1,-1.0,train,2021
2021-09-30 08:30:00+00:00,2021-09-30 08:45:00+00:00,sweep_reclaim,short,1729.288,1730.748,1726.368,1.4600000000000364,12,london,2021-09-30 08:45:00+00:00,1730.748,sl,0,-1.0,train,2021
2021-09-30 09:00:00+00:00,2021-09-30 09:15:00+00:00,sweep_reclaim,short,1731.246,1731.586,1730.5660000000003,0.33999999999991815,12,london,2021-09-30 09:15:00+00:00,1731.586,sl,0,-1.0,train,2021
2021-09-30 09:15:00+00:00,2021-09-30 09:30:00+00:00,sweep_reclaim,short,1731.996,1732.338,1731.3120000000004,0.34199999999987085,12,london,2021-09-30 09:30:00+00:00,1732.338,sl,0,-1.0,train,2021
2021-10-01 08:15:00+00:00,2021-10-01 08:30:00+00:00,sweep_reclaim,long,1753.398,1750.875,1758.4439999999997,2.522999999999911,12,london,2021-10-01 11:30:00+00:00,1751.328,timeout,12,-0.820451843043999,train,2021
2021-10-04 08:15:00+00:00,2021-10-04 08:30:00+00:00,rejection,long,1764.618,1763.138,1767.578,1.4800000000000182,12,london,2021-10-04 09:00:00+00:00,1763.138,sl,2,-1.0,train,2021
2021-10-04 11:00:00+00:00,2021-10-04 11:15:00+00:00,sweep_reclaim,long,1758.668,1758.038,1759.9279999999997,0.6299999999998818,12,london,2021-10-04 11:15:00+00:00,1759.9279999999997,tp,0,2.0,train,2021
2021-10-04 12:30:00+00:00,2021-10-04 12:45:00+00:00,rejection,long,1761.258,1760.128,1763.5180000000003,1.1300000000001091,12,london,2021-10-04 13:15:00+00:00,1760.128,sl,2,-1.0,train,2021
2021-10-05 07:30:00+00:00,2021-10-05 07:45:00+00:00,rejection,long,1767.458,1766.815,1768.7440000000001,0.6430000000000291,12,london,2021-10-05 07:45:00+00:00,1766.815,sl,0,-1.0,train,2021
2021-10-05 09:00:00+00:00,2021-10-05 09:15:00+00:00,sweep_reclaim,long,1764.478,1763.535,1766.364,0.9429999999999836,12,london,2021-10-05 09:30:00+00:00,1763.535,sl,1,-1.0,train,2021
2021-10-05 10:30:00+00:00,2021-10-05 10:45:00+00:00,sweep_reclaim,long,1761.065,1760.585,1762.025,0.4800000000000182,12,london,2021-10-05 10:45:00+00:00,1760.585,sl,0,-1.0,train,2021
2021-10-07 07:15:00+00:00,2021-10-07 07:30:00+00:00,rejection,long,1763.498,1763.248,1763.998,0.25,12,london,2021-10-07 07:30:00+00:00,1763.248,sl,0,-1.0,train,2021
2021-10-07 07:30:00+00:00,2021-10-07 07:45:00+00:00,rejection,long,1763.255,1762.578,1764.6090000000004,0.6770000000001346,12,london,2021-10-07 08:00:00+00:00,1762.578,sl,1,-1.0,train,2021
2021-10-07 08:30:00+00:00,2021-10-07 08:45:00+00:00,sweep_reclaim,long,1762.055,1761.265,1763.635,0.7899999999999636,12,london,2021-10-07 09:00:00+00:00,1761.265,sl,1,-1.0,train,2021
2021-10-08 07:00:00+00:00,2021-10-08 07:15:00+00:00,rejection,short,1754.648,1754.788,1754.3679999999997,0.14000000000010004,12,london,2021-10-08 07:15:00+00:00,1754.788,sl,0,-1.0,train,2021
2021-10-08 07:15:00+00:00,2021-10-08 07:30:00+00:00,compression_expansion,short,1753.685,1755.355,1750.3449999999998,1.6700000000000728,12,london,2021-10-08 07:45:00+00:00,1755.355,sl,1,-1.0,train,2021
2021-10-08 09:15:00+00:00,2021-10-08 09:30:00+00:00,sweep_reclaim,short,1758.458,1759.128,1757.1180000000004,0.6699999999998454,12,london,2021-10-08 09:30:00+00:00,1759.128,sl,0,-1.0,train,2021
2021-10-11 07:00:00+00:00,2021-10-11 07:15:00+00:00,rejection,short,1754.058,1755.455,1751.2640000000001,1.3969999999999345,12,london,2021-10-11 07:15:00+00:00,1755.455,sl,0,-1.0,train,2021
2021-10-11 11:15:00+00:00,2021-10-11 11:30:00+00:00,rejection,short,1755.094,1757.548,1750.1860000000001,2.453999999999951,12,london,2021-10-11 12:30:00+00:00,1757.548,sl,4,-1.0,train,2021
2021-10-12 07:30:00+00:00,2021-10-12 07:45:00+00:00,rejection,short,1751.518,1754.168,1746.2180000000003,2.6499999999998636,12,london,2021-10-12 08:15:00+00:00,1754.168,sl,2,-1.0,train,2021
2021-10-12 09:00:00+00:00,2021-10-12 09:15:00+00:00,sweep_reclaim,short,1755.728,1755.808,1755.5680000000002,0.07999999999992724,12,london,2021-10-12 09:15:00+00:00,1755.808,sl,0,-1.0,train,2021
2021-10-13 08:15:00+00:00,2021-10-13 08:30:00+00:00,rejection,long,1760.638,1760.098,1761.7179999999998,0.5399999999999636,12,london,2021-10-13 09:00:00+00:00,1761.7179999999998,tp,2,2.0,train,2021
2021-10-13 11:15:00+00:00,2021-10-13 11:30:00+00:00,rejection,long,1762.158,1761.548,1763.3779999999997,0.6099999999999,12,london,2021-10-13 12:00:00+00:00,1761.548,sl,2,-1.0,train,2021
2021-10-14 07:45:00+00:00,2021-10-14 08:00:00+00:00,rejection,long,1791.648,1791.198,1792.5479999999995,0.4499999999998181,12,london,2021-10-14 08:00:00+00:00,1792.5479999999995,tp,0,2.0,train,2021
2021-10-14 08:30:00+00:00,2021-10-14 08:45:00+00:00,sweep_reclaim,long,1791.154,1790.768,1791.926,0.38599999999996726,12,london,2021-10-14 08:45:00+00:00,1790.768,sl,0,-1.0,train,2021
2021-10-14 11:00:00+00:00,2021-10-14 11:15:00+00:00,rejection,long,1788.468,1788.298,1788.8080000000002,0.17000000000007276,12,london,2021-10-14 11:15:00+00:00,1788.8080000000002,tp,0,2.0,train,2021
2021-10-14 11:45:00+00:00,2021-10-14 12:00:00+00:00,compression_expansion,long,1789.698,1788.278,1792.5380000000002,1.4200000000000728,12,london,2021-10-14 13:15:00+00:00,1792.5380000000002,tp,5,2.0,train,2021
2021-10-15 07:00:00+00:00,2021-10-15 07:15:00+00:00,sweep_reclaim,long,1795.258,1795.178,1795.418,0.07999999999992724,12,london,2021-10-15 07:15:00+00:00,1795.178,sl,0,-1.0,train,2021
2021-10-15 07:15:00+00:00,2021-10-15 07:30:00+00:00,compression_expansion,long,1795.278,1794.768,1796.298,0.5099999999999909,12,london,2021-10-15 07:30:00+00:00,1794.768,sl,0,-1.0,train,2021
2021-10-15 07:45:00+00:00,2021-10-15 08:00:00+00:00,sweep_reclaim,long,1795.174,1794.598,1796.326,0.5760000000000218,12,london,2021-10-15 08:00:00+00:00,1794.598,sl,0,-1.0,train,2021
2021-10-15 08:30:00+00:00,2021-10-15 08:45:00+00:00,sweep_reclaim,long,1795.618,1793.878,1799.098,1.740000000000009,12,london,2021-10-15 09:15:00+00:00,1793.878,sl,2,-1.0,train,2021
2021-10-15 12:45:00+00:00,2021-10-15 13:00:00+00:00,sweep_reclaim,long,1792.868,1791.768,1795.0679999999998,1.099999999999909,12,london,2021-10-15 13:30:00+00:00,1791.768,sl,2,-1.0,train,2021
2021-10-18 07:00:00+00:00,2021-10-18 07:15:00+00:00,rejection,short,1770.704,1771.408,1769.296,0.7039999999999509,12,london,2021-10-18 07:15:00+00:00,1769.296,tp,0,2.0,train,2021
2021-10-18 08:00:00+00:00,2021-10-18 08:15:00+00:00,rejection,short,1770.749,1771.158,1769.9310000000003,0.4089999999998781,12,london,2021-10-18 08:15:00+00:00,1771.158,sl,0,-1.0,train,2021
2021-10-18 08:15:00+00:00,2021-10-18 08:30:00+00:00,sweep_reclaim,short,1770.428,1771.408,1768.4680000000005,0.9799999999997908,12,london,2021-10-18 08:45:00+00:00,1771.408,sl,1,-1.0,train,2021
2021-10-18 09:45:00+00:00,2021-10-18 10:00:00+00:00,rejection,short,1771.078,1771.528,1770.1779999999999,0.4500000000000455,12,london,2021-10-18 10:15:00+00:00,1770.1779999999999,tp,1,2.0,train,2021
2021-10-19 07:45:00+00:00,2021-10-19 08:00:00+00:00,sweep_reclaim,short,1765.564,1766.044,1764.604,0.4800000000000182,12,london,2021-10-19 08:00:00+00:00,1766.044,sl,0,-1.0,train,2021
2021-10-20 07:00:00+00:00,2021-10-20 07:15:00+00:00,rejection,short,1768.438,1769.098,1767.1180000000004,0.6599999999998545,12,london,2021-10-20 07:30:00+00:00,1767.1180000000004,tp,1,2.0,train,2021
2021-10-21 09:30:00+00:00,2021-10-21 09:45:00+00:00,rejection,long,1787.828,1784.808,1793.868,3.019999999999982,12,london,2021-10-21 11:45:00+00:00,1784.808,sl,8,-1.0,train,2021
2021-10-21 12:45:00+00:00,2021-10-21 13:00:00+00:00,rejection,long,1784.484,1783.708,1786.0359999999996,0.7759999999998399,12,london,2021-10-21 13:00:00+00:00,1786.0359999999996,tp,0,2.0,train,2021
2021-10-22 08:00:00+00:00,2021-10-22 08:15:00+00:00,rejection,long,1786.158,1783.424,1791.6259999999997,2.7339999999999236,12,london,2021-10-22 11:15:00+00:00,1787.344,timeout,12,0.4337966349671479,train,2021
2021-10-25 07:30:00+00:00,2021-10-25 07:45:00+00:00,rejection,long,1794.318,1792.478,1797.9979999999998,1.8399999999999181,12,london,2021-10-25 08:45:00+00:00,1792.478,sl,4,-1.0,train,2021
2021-10-25 09:15:00+00:00,2021-10-25 09:30:00+00:00,rejection,long,1794.414,1792.278,1798.686,2.1359999999999673,12,london,2021-10-25 09:45:00+00:00,1792.278,sl,1,-1.0,train,2021
2021-10-25 11:45:00+00:00,2021-10-25 12:00:00+00:00,rejection,long,1798.834,1798.074,1800.354,0.7599999999999909,12,london,2021-10-25 12:00:00+00:00,1800.354,tp,0,2.0,train,2021
2021-10-25 12:00:00+00:00,2021-10-25 12:15:00+00:00,compression_expansion,long,1800.148,1797.478,1805.4879999999996,2.6699999999998454,12,london,2021-10-25 12:30:00+00:00,1797.478,sl,1,-1.0,train,2021
2021-10-26 08:15:00+00:00,2021-10-26 08:30:00+00:00,sweep_reclaim,long,1806.024,1805.008,1808.0559999999996,1.015999999999849,12,london,2021-10-26 08:30:00+00:00,1805.008,sl,0,-1.0,train,2021
2021-10-27 08:30:00+00:00,2021-10-27 08:45:00+00:00,rejection,short,1791.578,1793.074,1788.5859999999998,1.4960000000000946,12,london,2021-10-27 09:00:00+00:00,1788.5859999999998,tp,1,2.0,train,2021
2021-10-27 12:15:00+00:00,2021-10-27 12:30:00+00:00,compression_expansion,short,1786.684,1789.628,1780.796,2.94399999999996,12,london,2021-10-27 13:45:00+00:00,1789.628,sl,5,-1.0,train,2021
2021-10-28 11:45:00+00:00,2021-10-28 12:00:00+00:00,rejection,long,1800.314,1798.494,1803.9540000000004,1.8200000000001637,12,london,2021-10-28 13:30:00+00:00,1803.9540000000004,tp,6,2.0,train,2021
2021-10-29 07:00:00+00:00,2021-10-29 07:15:00+00:00,rejection,long,1799.684,1799.358,1800.336,0.32600000000002183,12,london,2021-10-29 07:15:00+00:00,1799.358,sl,0,-1.0,train,2021
2021-11-01 07:15:00+00:00,2021-11-01 07:30:00+00:00,rejection,short,1781.148,1781.228,1780.9879999999996,0.08000000000015461,12,london,2021-11-01 07:30:00+00:00,1781.228,sl,0,-1.0,train,2021
2021-11-01 09:30:00+00:00,2021-11-01 09:45:00+00:00,sweep_reclaim,short,1785.478,1786.078,1784.2780000000002,0.599999999999909,12,london,2021-11-01 09:45:00+00:00,1786.078,sl,0,-1.0,train,2021
2021-11-01 10:15:00+00:00,2021-11-01 10:30:00+00:00,rejection,short,1785.704,1787.258,1782.5959999999998,1.5540000000000873,12,london,2021-11-01 13:15:00+00:00,1787.258,sl,11,-1.0,train,2021
2021-11-02 07:00:00+00:00,2021-11-02 07:15:00+00:00,rejection,long,1792.098,1791.318,1793.658,0.7799999999999727,12,london,2021-11-02 07:45:00+00:00,1791.318,sl,2,-1.0,train,2021
2021-11-02 08:30:00+00:00,2021-11-02 08:45:00+00:00,sweep_reclaim,long,1790.178,1789.384,1791.7660000000003,0.7940000000000964,12,london,2021-11-02 09:15:00+00:00,1789.384,sl,2,-1.0,train,2021
2021-11-02 09:15:00+00:00,2021-11-02 09:30:00+00:00,sweep_reclaim,long,1790.108,1789.408,1791.508,0.7000000000000455,12,london,2021-11-02 09:45:00+00:00,1791.508,tp,1,2.0,train,2021
2021-11-03 08:00:00+00:00,2021-11-03 08:15:00+00:00,rejection,short,1786.168,1787.108,1784.2879999999998,0.9400000000000546,12,london,2021-11-03 08:30:00+00:00,1784.2879999999998,tp,1,2.0,train,2021
2021-11-03 09:30:00+00:00,2021-11-03 09:45:00+00:00,rejection,short,1780.988,1785.078,1772.8080000000002,4.089999999999918,12,london,2021-11-03 12:45:00+00:00,1782.068,timeout,12,-0.264058679706589,train,2021
2021-11-05 08:00:00+00:00,2021-11-05 08:15:00+00:00,sweep_reclaim,long,1791.958,1790.528,1794.8180000000002,1.4300000000000637,12,london,2021-11-05 08:15:00+00:00,1794.8180000000002,tp,0,2.0,train,2021
2021-11-05 08:30:00+00:00,2021-11-05 08:45:00+00:00,rejection,long,1794.888,1789.974,1804.716,4.913999999999987,12,london,2021-11-05 11:45:00+00:00,1794.668,timeout,12,-0.04477004477005044,train,2021
2021-11-05 11:45:00+00:00,2021-11-05 12:00:00+00:00,rejection,long,1794.668,1792.488,1799.0279999999996,2.1799999999998363,12,london,2021-11-05 15:00:00+00:00,1796.708,timeout,12,0.9357798165139194,train,2021
2021-11-08 08:45:00+00:00,2021-11-08 09:00:00+00:00,rejection,long,1817.693,1814.493,1824.093,3.2000000000000455,12,london,2021-11-08 12:00:00+00:00,1819.603,timeout,12,0.5968750000000171,train,2021
2021-11-08 12:45:00+00:00,2021-11-08 13:00:00+00:00,rejection,long,1819.523,1819.068,1820.4329999999998,0.45499999999992724,12,london,2021-11-08 13:00:00+00:00,1819.068,sl,0,-1.0,train,2021
2021-11-09 10:00:00+00:00,2021-11-09 10:15:00+00:00,sweep_reclaim,long,1823.108,1822.728,1823.8679999999997,0.37999999999988177,12,london,2021-11-09 10:15:00+00:00,1822.728,sl,0,-1.0,train,2021
2021-11-09 11:45:00+00:00,2021-11-09 12:00:00+00:00,rejection,long,1823.273,1822.283,1825.253,0.9900000000000091,12,london,2021-11-09 13:00:00+00:00,1825.253,tp,4,2.0,train,2021
2021-11-10 07:00:00+00:00,2021-11-10 07:15:00+00:00,rejection,long,1829.805,1829.433,1830.5490000000002,0.37200000000007094,12,london,2021-11-10 07:15:00+00:00,1830.5490000000002,tp,0,2.0,train,2021
2021-11-10 09:30:00+00:00,2021-11-10 09:45:00+00:00,sweep_reclaim,long,1828.168,1827.153,1830.1979999999996,1.0149999999998727,12,london,2021-11-10 10:00:00+00:00,1827.153,sl,1,-1.0,train,2021
2021-11-11 07:15:00+00:00,2021-11-11 07:30:00+00:00,compression_expansion,long,1850.678,1848.144,1855.7460000000003,2.5340000000001055,12,london,2021-11-11 08:45:00+00:00,1848.144,sl,5,-1.0,train,2021
2021-11-11 09:15:00+00:00,2021-11-11 09:30:00+00:00,sweep_reclaim,long,1845.148,1844.764,1845.916,0.38400000000001455,12,london,2021-11-11 09:30:00+00:00,1844.764,sl,0,-1.0,train,2021
2021-11-11 10:00:00+00:00,2021-11-11 10:15:00+00:00,sweep_reclaim,long,1844.284,1843.684,1845.4840000000004,0.6000000000001364,12,london,2021-11-11 10:15:00+00:00,1843.684,sl,0,-1.0,train,2021
2021-11-11 10:45:00+00:00,2021-11-11 11:00:00+00:00,rejection,long,1850.598,1843.604,1864.5859999999998,6.9939999999999145,12,london,2021-11-11 14:00:00+00:00,1852.118,timeout,12,0.21732913926222483,train,2021
2021-11-12 07:45:00+00:00,2021-11-12 08:00:00+00:00,sweep_reclaim,long,1860.268,1859.898,1861.0080000000003,0.37000000000011823,12,london,2021-11-12 08:00:00+00:00,1859.898,sl,0,-1.0,train,2021
2021-11-12 08:45:00+00:00,2021-11-12 09:00:00+00:00,sweep_reclaim,long,1859.268,1857.948,1861.908,1.3199999999999363,12,london,2021-11-12 09:30:00+00:00,1857.948,sl,2,-1.0,train,2021
2021-11-15 08:00:00+00:00,2021-11-15 08:15:00+00:00,rejection,long,1864.608,1863.948,1865.9279999999997,0.6599999999998545,12,london,2021-11-15 08:15:00+00:00,1863.948,sl,0,-1.0,train,2021
2021-11-15 08:30:00+00:00,2021-11-15 08:45:00+00:00,sweep_reclaim,long,1862.348,1862.058,1862.9279999999999,0.2899999999999636,12,london,2021-11-15 08:45:00+00:00,1862.058,sl,0,-1.0,train,2021
2021-11-15 09:30:00+00:00,2021-11-15 09:45:00+00:00,rejection,long,1860.288,1857.218,1866.4279999999999,3.0699999999999363,12,london,2021-11-15 10:45:00+00:00,1857.218,sl,4,-1.0,train,2021
2021-11-16 10:00:00+00:00,2021-11-16 10:15:00+00:00,rejection,long,1867.738,1865.898,1871.4180000000003,1.8400000000001455,12,london,2021-11-16 10:45:00+00:00,1865.898,sl,2,-1.0,train,2021
2021-11-16 12:00:00+00:00,2021-11-16 12:15:00+00:00,rejection,long,1866.198,1863.828,1870.9380000000003,2.3700000000001182,12,london,2021-11-16 14:15:00+00:00,1863.828,sl,8,-1.0,train,2021
2021-11-17 07:00:00+00:00,2021-11-17 07:15:00+00:00,rejection,short,1849.858,1850.558,1848.4579999999999,0.7000000000000455,12,london,2021-11-17 07:15:00+00:00,1850.558,sl,0,-1.0,train,2021
2021-11-17 08:30:00+00:00,2021-11-17 08:45:00+00:00,sweep_reclaim,short,1854.754,1855.428,1853.4059999999995,0.6740000000002055,12,london,2021-11-17 08:45:00+00:00,1853.4059999999995,tp,0,2.0,train,2021
2021-11-18 07:00:00+00:00,2021-11-18 07:15:00+00:00,rejection,long,1866.554,1866.264,1867.1340000000005,0.290000000000191,12,london,2021-11-18 07:15:00+00:00,1867.1340000000005,tp,0,2.0,train,2021
2021-11-18 10:45:00+00:00,2021-11-18 11:00:00+00:00,rejection,long,1865.758,1864.028,1869.218,1.7300000000000182,12,london,2021-11-18 13:45:00+00:00,1864.028,sl,11,-1.0,train,2021
2021-11-19 08:15:00+00:00,2021-11-19 08:30:00+00:00,rejection,short,1859.334,1859.858,1858.2860000000003,0.5239999999998872,12,london,2021-11-19 08:30:00+00:00,1859.858,sl,0,-1.0,train,2021
2021-11-19 09:00:00+00:00,2021-11-19 09:15:00+00:00,sweep_reclaim,short,1861.218,1861.678,1860.298,0.4600000000000364,12,london,2021-11-19 09:30:00+00:00,1861.678,sl,1,-1.0,train,2021
2021-11-19 09:45:00+00:00,2021-11-19 10:00:00+00:00,sweep_reclaim,short,1861.638,1861.998,1860.9179999999997,0.36000000000012733,12,london,2021-11-19 10:00:00+00:00,1861.998,sl,0,-1.0,train,2021
2021-11-19 10:00:00+00:00,2021-11-19 10:15:00+00:00,rejection,short,1861.498,1862.938,1858.618,1.4400000000000546,12,london,2021-11-19 10:30:00+00:00,1862.938,sl,1,-1.0,train,2021
2021-11-19 10:30:00+00:00,2021-11-19 10:45:00+00:00,sweep_reclaim,short,1861.908,1862.758,1860.2079999999996,0.8500000000001364,12,london,2021-11-19 11:00:00+00:00,1862.758,sl,1,-1.0,train,2021
2021-11-22 08:45:00+00:00,2021-11-22 09:00:00+00:00,rejection,short,1844.774,1848.454,1837.4139999999998,3.6800000000000637,12,london,2021-11-22 11:15:00+00:00,1848.454,sl,9,-1.0,train,2021
2021-11-22 11:30:00+00:00,2021-11-22 11:45:00+00:00,rejection,short,1848.428,1848.704,1847.8760000000004,0.27599999999983993,12,london,2021-11-22 11:45:00+00:00,1848.704,sl,0,-1.0,train,2021
2021-11-23 07:15:00+00:00,2021-11-23 07:30:00+00:00,sweep_reclaim,short,1808.644,1809.458,1807.0159999999998,0.8140000000000782,12,london,2021-11-23 07:30:00+00:00,1809.458,sl,0,-1.0,train,2021
2021-11-23 07:45:00+00:00,2021-11-23 08:00:00+00:00,rejection,short,1809.164,1810.204,1807.084,1.0399999999999636,12,london,2021-11-23 08:15:00+00:00,1810.204,sl,1,-1.0,train,2021
2021-11-23 08:30:00+00:00,2021-11-23 08:45:00+00:00,sweep_reclaim,short,1810.008,1810.264,1809.4960000000003,0.2559999999998581,12,london,2021-11-23 08:45:00+00:00,1810.264,sl,0,-1.0,train,2021
2021-11-23 10:45:00+00:00,2021-11-23 11:00:00+00:00,rejection,short,1808.668,1810.004,1805.9959999999999,1.3360000000000127,12,london,2021-11-23 13:15:00+00:00,1805.9959999999999,tp,9,2.0,train,2021
2021-11-24 08:00:00+00:00,2021-11-24 08:15:00+00:00,sweep_reclaim,short,1790.168,1791.855,1786.7939999999996,1.6870000000001255,12,london,2021-11-24 08:45:00+00:00,1791.855,sl,2,-1.0,train,2021
2021-11-24 09:45:00+00:00,2021-11-24 10:00:00+00:00,rejection,short,1793.968,1795.205,1791.4940000000004,1.2369999999998527,12,london,2021-11-24 11:15:00+00:00,1795.205,sl,5,-1.0,train,2021
2021-11-24 12:00:00+00:00,2021-11-24 12:15:00+00:00,rejection,short,1793.258,1793.615,1792.544,0.3569999999999709,12,london,2021-11-24 12:15:00+00:00,1793.615,sl,0,-1.0,train,2021
2021-11-26 07:00:00+00:00,2021-11-26 07:15:00+00:00,sweep_reclaim,short,1791.548,1792.378,1789.8880000000001,0.8299999999999272,12,london,2021-11-26 07:15:00+00:00,1792.378,sl,0,-1.0,train,2021
2021-11-26 07:15:00+00:00,2021-11-26 07:30:00+00:00,sweep_reclaim,short,1790.925,1792.608,1787.559,1.6829999999999927,12,london,2021-11-26 07:30:00+00:00,1792.608,sl,0,-1.0,train,2021
2021-11-29 12:00:00+00:00,2021-11-29 12:15:00+00:00,rejection,short,1792.818,1793.858,1790.738,1.0399999999999636,12,london,2021-11-29 12:30:00+00:00,1793.858,sl,1,-1.0,train,2021
2021-11-30 07:15:00+00:00,2021-11-30 07:30:00+00:00,rejection,short,1785.848,1787.705,1782.134,1.856999999999971,12,london,2021-11-30 08:45:00+00:00,1787.705,sl,5,-1.0,train,2021
2021-11-30 09:00:00+00:00,2021-11-30 09:15:00+00:00,sweep_reclaim,short,1787.938,1788.058,1787.6980000000003,0.11999999999989086,12,london,2021-11-30 09:15:00+00:00,1788.058,sl,0,-1.0,train,2021
2021-11-30 09:15:00+00:00,2021-11-30 09:30:00+00:00,rejection,short,1788.108,1788.978,1786.3679999999997,0.8700000000001182,12,london,2021-11-30 09:30:00+00:00,1788.978,sl,0,-1.0,train,2021
2021-11-30 09:45:00+00:00,2021-11-30 10:00:00+00:00,sweep_reclaim,short,1789.098,1789.378,1788.538,0.2799999999999727,12,london,2021-11-30 10:00:00+00:00,1788.538,tp,0,2.0,train,2021
2021-12-01 10:30:00+00:00,2021-12-01 10:45:00+00:00,sweep_reclaim,short,1779.188,1779.765,1778.034,0.5769999999999982,12,london,2021-12-01 10:45:00+00:00,1779.765,sl,0,-1.0,train,2021
2021-12-01 10:45:00+00:00,2021-12-01 11:00:00+00:00,rejection,short,1778.848,1780.248,1776.0479999999998,1.400000000000091,12,london,2021-12-01 12:45:00+00:00,1780.248,sl,7,-1.0,train,2021
2021-12-02 07:15:00+00:00,2021-12-02 07:30:00+00:00,rejection,short,1780.295,1783.245,1774.3950000000004,2.949999999999818,12,london,2021-12-02 10:30:00+00:00,1780.065,timeout,12,0.07796610169492622,train,2021
2021-12-02 10:30:00+00:00,2021-12-02 10:45:00+00:00,rejection,short,1780.105,1781.728,1776.859,1.6230000000000473,12,london,2021-12-02 11:30:00+00:00,1776.859,tp,3,2.0,train,2021
2021-12-02 12:30:00+00:00,2021-12-02 12:45:00+00:00,rejection,short,1777.138,1777.638,1776.138,0.5,12,london,2021-12-02 12:45:00+00:00,1776.138,tp,0,2.0,train,2021
2021-12-03 07:00:00+00:00,2021-12-03 07:15:00+00:00,rejection,short,1768.925,1770.478,1765.8189999999997,1.553000000000111,12,london,2021-12-03 08:00:00+00:00,1770.478,sl,3,-1.0,train,2021
2021-12-03 08:00:00+00:00,2021-12-03 08:15:00+00:00,sweep_reclaim,short,1770.158,1770.358,1769.7579999999998,0.20000000000004547,12,london,2021-12-03 08:15:00+00:00,1770.358,sl,0,-1.0,train,2021
2021-12-03 10:45:00+00:00,2021-12-03 11:00:00+00:00,sweep_reclaim,short,1773.815,1774.238,1772.969,0.4230000000000018,12,london,2021-12-03 11:00:00+00:00,1772.969,tp,0,2.0,train,2021
2021-12-06 09:00:00+00:00,2021-12-06 09:15:00+00:00,rejection,long,1785.955,1783.155,1791.5549999999998,2.7999999999999545,12,london,2021-12-06 11:15:00+00:00,1783.155,sl,8,-1.0,train,2021
2021-12-08 12:30:00+00:00,2021-12-08 12:45:00+00:00,rejection,long,1788.918,1788.468,1789.8179999999995,0.4499999999998181,12,london,2021-12-08 12:45:00+00:00,1789.8179999999995,tp,0,2.0,train,2021
2021-12-10 07:45:00+00:00,2021-12-10 08:00:00+00:00,rejection,short,1777.375,1777.928,1776.2689999999998,0.553000000000111,12,london,2021-12-10 08:00:00+00:00,1777.928,sl,0,-1.0,train,2021
2021-12-10 08:00:00+00:00,2021-12-10 08:15:00+00:00,sweep_reclaim,short,1776.09,1777.945,1772.3799999999999,1.8550000000000182,12,london,2021-12-10 08:30:00+00:00,1777.945,sl,1,-1.0,train,2021
2021-12-10 10:45:00+00:00,2021-12-10 11:00:00+00:00,rejection,short,1778.388,1779.278,1776.6079999999997,0.8900000000001,12,london,2021-12-10 11:30:00+00:00,1779.278,sl,2,-1.0,train,2021
2021-12-13 07:15:00+00:00,2021-12-13 07:30:00+00:00,rejection,long,1783.028,1782.548,1783.988,0.4800000000000182,12,london,2021-12-13 07:30:00+00:00,1782.548,sl,0,-1.0,train,2021
2021-12-13 07:30:00+00:00,2021-12-13 07:45:00+00:00,rejection,long,1782.928,1782.378,1784.0280000000005,0.5500000000001819,12,london,2021-12-13 08:00:00+00:00,1782.378,sl,1,-1.0,train,2021
2021-12-13 09:00:00+00:00,2021-12-13 09:15:00+00:00,rejection,long,1786.858,1783.628,1793.318,3.230000000000018,12,london,2021-12-13 12:15:00+00:00,1786.338,timeout,12,-0.16099071207429685,train,2021
2021-12-13 12:45:00+00:00,2021-12-13 13:00:00+00:00,rejection,long,1785.448,1785.428,1785.488,0.01999999999998181,12,london,2021-12-13 13:00:00+00:00,1785.428,sl,0,-1.0,train,2021
2021-12-14 08:15:00+00:00,2021-12-14 08:30:00+00:00,rejection,long,1787.395,1785.478,1791.2289999999998,1.9169999999999163,12,london,2021-12-14 11:30:00+00:00,1785.735,timeout,12,-0.8659363588941859,train,2021
2021-12-15 08:00:00+00:00,2021-12-15 08:15:00+00:00,sweep_reclaim,short,1773.175,1773.188,1773.1489999999997,0.013000000000147338,12,london,2021-12-15 08:15:00+00:00,1773.188,sl,0,-1.0,train,2021
2021-12-15 09:15:00+00:00,2021-12-15 09:30:00+00:00,rejection,short,1772.178,1773.108,1770.3180000000004,0.9299999999998363,12,london,2021-12-15 10:30:00+00:00,1770.3180000000004,tp,4,2.0,train,2021
2021-12-15 10:45:00+00:00,2021-12-15 11:00:00+00:00,rejection,short,1770.008,1772.178,1765.668,2.1700000000000728,12,london,2021-12-15 14:00:00+00:00,1768.505,timeout,12,0.6926267281105432,train,2021
2021-12-17 08:00:00+00:00,2021-12-17 08:15:00+00:00,rejection,long,1797.779,1797.675,1797.987,0.10400000000004184,12,london,2021-12-17 08:15:00+00:00,1797.675,sl,0,-1.0,train,2021
2021-12-21 07:15:00+00:00,2021-12-21 07:30:00+00:00,rejection,short,1791.138,1791.879,1789.656,0.7409999999999854,12,london,2021-12-21 07:30:00+00:00,1791.879,sl,0,-1.0,train,2021
2021-12-21 11:00:00+00:00,2021-12-21 11:15:00+00:00,sweep_reclaim,short,1791.815,1792.408,1790.6290000000004,0.5929999999998472,12,london,2021-12-21 12:45:00+00:00,1792.408,sl,6,-1.0,train,2021
2021-12-22 07:15:00+00:00,2021-12-22 07:30:00+00:00,sweep_reclaim,short,1790.15,1790.658,1789.1340000000005,0.5079999999998108,12,london,2021-12-22 07:45:00+00:00,1789.1340000000005,tp,1,2.0,train,2021
2021-12-22 09:45:00+00:00,2021-12-22 10:00:00+00:00,rejection,short,1788.685,1789.728,1786.5989999999997,1.04300000000012,12,london,2021-12-22 10:30:00+00:00,1789.728,sl,2,-1.0,train,2021
2021-12-22 11:45:00+00:00,2021-12-22 12:00:00+00:00,rejection,short,1788.438,1789.175,1786.9640000000004,0.7369999999998527,12,london,2021-12-22 13:15:00+00:00,1786.9640000000004,tp,5,2.0,train,2021
2021-12-23 07:00:00+00:00,2021-12-23 07:15:00+00:00,rejection,long,1803.848,1803.588,1804.368,0.2599999999999909,12,london,2021-12-23 07:15:00+00:00,1803.588,sl,0,-1.0,train,2021
2021-12-23 10:45:00+00:00,2021-12-23 11:00:00+00:00,rejection,long,1805.805,1805.058,1807.2990000000002,0.7470000000000709,12,london,2021-12-23 11:00:00+00:00,1805.058,sl,0,-1.0,train,2021
2021-12-23 11:45:00+00:00,2021-12-23 12:00:00+00:00,rejection,long,1806.125,1804.975,1808.4250000000002,1.150000000000091,12,london,2021-12-23 13:30:00+00:00,1804.975,sl,6,-1.0,train,2021
2021-12-27 08:45:00+00:00,2021-12-27 09:00:00+00:00,rejection,long,1811.628,1806.908,1821.068,4.720000000000027,12,london,2021-12-27 12:00:00+00:00,1809.078,timeout,12,-0.5402542372881228,train,2021
2021-12-28 08:45:00+00:00,2021-12-28 09:00:00+00:00,rejection,long,1810.208,1809.534,1811.556,0.6739999999999782,12,london,2021-12-28 09:15:00+00:00,1809.534,sl,1,-1.0,train,2021
2021-12-28 09:45:00+00:00,2021-12-28 10:00:00+00:00,sweep_reclaim,long,1809.194,1808.748,1810.0859999999998,0.4459999999999127,12,london,2021-12-28 10:00:00+00:00,1808.748,sl,0,-1.0,train,2021
2021-12-28 10:00:00+00:00,2021-12-28 10:15:00+00:00,rejection,long,1809.078,1808.398,1810.438,0.6800000000000637,12,london,2021-12-28 11:45:00+00:00,1810.438,tp,6,2.0,train,2021
2021-12-29 10:30:00+00:00,2021-12-29 10:45:00+00:00,sweep_reclaim,short,1807.298,1807.558,1806.778,0.2599999999999909,12,london,2021-12-29 11:00:00+00:00,1806.778,tp,1,2.0,train,2021
2021-12-29 12:45:00+00:00,2021-12-29 13:00:00+00:00,rejection,short,1806.578,1806.598,1806.538,0.01999999999998181,12,london,2021-12-29 13:00:00+00:00,1806.598,sl,0,-1.0,train,2021
2021-12-30 10:00:00+00:00,2021-12-30 10:15:00+00:00,rejection,short,1801.505,1803.088,1798.3390000000004,1.5829999999998563,12,london,2021-12-30 10:15:00+00:00,1803.088,sl,0,-1.0,train,2021
2021-12-30 11:45:00+00:00,2021-12-30 12:00:00+00:00,rejection,short,1800.748,1801.648,1798.9480000000003,0.8999999999998636,12,london,2021-12-30 12:30:00+00:00,1798.9480000000003,tp,2,2.0,train,2021
2021-12-30 12:30:00+00:00,2021-12-30 12:45:00+00:00,compression_expansion,short,1798.849,1800.748,1795.0509999999997,1.8990000000001146,12,london,2021-12-30 15:30:00+00:00,1800.748,sl,11,-1.0,train,2021
2021-12-31 09:00:00+00:00,2021-12-31 09:15:00+00:00,rejection,long,1816.438,1815.908,1817.4980000000005,0.5300000000002001,12,london,2021-12-31 09:15:00+00:00,1815.908,sl,0,-1.0,train,2021
2021-12-31 10:15:00+00:00,2021-12-31 10:30:00+00:00,rejection,long,1818.078,1815.298,1823.638,2.7799999999999727,12,london,2021-12-31 13:30:00+00:00,1818.558,timeout,12,0.17266187050360535,train,2021
2022-01-03 09:45:00+00:00,2022-01-03 10:00:00+00:00,sweep_reclaim,long,1826.688,1826.108,1827.8480000000004,0.5800000000001546,12,london,2022-01-03 10:00:00+00:00,1826.108,sl,0,-1.0,train,2022
2022-01-04 07:15:00+00:00,2022-01-04 07:30:00+00:00,sweep_reclaim,short,1803.908,1804.184,1803.3559999999998,0.2760000000000673,12,london,2022-01-04 07:30:00+00:00,1803.3559999999998,tp,0,2.0,train,2022
2022-01-04 08:15:00+00:00,2022-01-04 08:30:00+00:00,sweep_reclaim,short,1803.988,1805.468,1801.028,1.4800000000000182,12,london,2022-01-04 09:00:00+00:00,1805.468,sl,2,-1.0,train,2022
2022-01-04 11:30:00+00:00,2022-01-04 11:45:00+00:00,rejection,short,1803.278,1804.645,1800.544,1.3669999999999618,12,london,2022-01-04 12:30:00+00:00,1804.645,sl,3,-1.0,train,2022
2022-01-05 09:00:00+00:00,2022-01-05 09:15:00+00:00,rejection,long,1815.218,1812.698,1820.258,2.519999999999982,12,london,2022-01-05 12:15:00+00:00,1815.544,timeout,12,0.12936507936508895,train,2022
2022-01-05 12:30:00+00:00,2022-01-05 12:45:00+00:00,rejection,long,1815.718,1814.558,1818.0380000000002,1.1600000000000819,12,london,2022-01-05 12:45:00+00:00,1814.558,sl,0,-1.0,train,2022
2022-01-06 10:30:00+00:00,2022-01-06 10:45:00+00:00,rejection,short,1808.018,1809.294,1805.466,1.2760000000000673,12,london,2022-01-06 12:00:00+00:00,1805.466,tp,5,2.0,train,2022
2022-01-07 07:15:00+00:00,2022-01-07 07:30:00+00:00,sweep_reclaim,short,1791.478,1791.518,1791.3980000000001,0.03999999999996362,12,london,2022-01-07 07:30:00+00:00,1791.518,sl,0,-1.0,train,2022
2022-01-07 08:00:00+00:00,2022-01-07 08:15:00+00:00,sweep_reclaim,short,1791.818,1792.458,1790.5379999999998,0.6400000000001,12,london,2022-01-07 08:15:00+00:00,1790.5379999999998,tp,0,2.0,train,2022
2022-01-07 11:15:00+00:00,2022-01-07 11:30:00+00:00,rejection,short,1792.578,1792.788,1792.158,0.21000000000003638,12,london,2022-01-07 11:30:00+00:00,1792.158,tp,0,2.0,train,2022
2022-01-07 12:30:00+00:00,2022-01-07 12:45:00+00:00,rejection,short,1792.158,1792.648,1791.1779999999999,0.4900000000000091,12,london,2022-01-07 13:00:00+00:00,1791.1779999999999,tp,1,2.0,train,2022
2022-01-10 11:45:00+00:00,2022-01-10 12:00:00+00:00,rejection,short,1792.155,1792.828,1790.809,0.6730000000000018,12,london,2022-01-10 12:00:00+00:00,1792.828,sl,0,-1.0,train,2022
2022-01-10 12:00:00+00:00,2022-01-10 12:15:00+00:00,rejection,short,1792.235,1793.208,1790.2889999999995,0.9730000000001837,12,london,2022-01-10 12:45:00+00:00,1793.208,sl,2,-1.0,train,2022
2022-01-10 12:45:00+00:00,2022-01-10 13:00:00+00:00,rejection,short,1792.788,1792.808,1792.748,0.01999999999998181,12,london,2022-01-10 13:00:00+00:00,1792.808,sl,0,-1.0,train,2022
2022-01-11 09:00:00+00:00,2022-01-11 09:15:00+00:00,rejection,long,1804.778,1804.358,1805.6180000000002,0.42000000000007276,12,london,2022-01-11 09:15:00+00:00,1804.358,sl,0,-1.0,train,2022
2022-01-11 09:45:00+00:00,2022-01-11 10:00:00+00:00,rejection,long,1805.955,1804.268,1809.3289999999997,1.6869999999998981,12,london,2022-01-11 13:00:00+00:00,1808.528,timeout,12,1.5251926496741246,train,2022
2022-01-12 09:00:00+00:00,2022-01-12 09:15:00+00:00,rejection,long,1819.558,1818.308,1822.058,1.25,12,london,2022-01-12 11:00:00+00:00,1818.308,sl,7,-1.0,train,2022
2022-01-12 11:15:00+00:00,2022-01-12 11:30:00+00:00,sweep_reclaim,long,1818.748,1817.958,1820.328,0.7899999999999636,12,london,2022-01-12 12:00:00+00:00,1817.958,sl,2,-1.0,train,2022
2022-01-13 08:00:00+00:00,2022-01-13 08:15:00+00:00,sweep_reclaim,long,1824.878,1824.228,1826.1779999999997,0.6499999999998636,12,london,2022-01-13 08:15:00+00:00,1824.228,sl,0,-1.0,train,2022
2022-01-13 08:15:00+00:00,2022-01-13 08:30:00+00:00,rejection,long,1824.858,1824.058,1826.4579999999999,0.7999999999999545,12,london,2022-01-13 08:45:00+00:00,1826.4579999999999,tp,1,2.0,train,2022
2022-01-14 11:15:00+00:00,2022-01-14 11:30:00+00:00,rejection,long,1825.958,1825.498,1826.8780000000002,0.4600000000000364,12,london,2022-01-14 11:30:00+00:00,1826.8780000000002,tp,0,2.0,train,2022
2022-01-17 11:15:00+00:00,2022-01-17 11:30:00+00:00,sweep_reclaim,short,1819.178,1819.388,1818.7580000000005,0.209999999999809,12,london,2022-01-17 11:30:00+00:00,1819.388,sl,0,-1.0,train,2022
2022-01-18 07:00:00+00:00,2022-01-18 07:15:00+00:00,rejection,short,1818.788,1818.938,1818.4879999999998,0.15000000000009095,12,london,2022-01-18 07:15:00+00:00,1818.938,sl,0,-1.0,train,2022
2022-01-18 08:00:00+00:00,2022-01-18 08:15:00+00:00,sweep_reclaim,short,1819.658,1820.168,1818.638,0.5099999999999909,12,london,2022-01-18 08:15:00+00:00,1820.168,sl,0,-1.0,train,2022
2022-01-18 08:30:00+00:00,2022-01-18 08:45:00+00:00,sweep_reclaim,short,1819.408,1820.288,1817.6479999999997,0.8800000000001091,12,london,2022-01-18 08:45:00+00:00,1820.288,sl,0,-1.0,train,2022
2022-01-18 12:30:00+00:00,2022-01-18 12:45:00+00:00,rejection,short,1817.068,1818.118,1814.968,1.0499999999999545,12,london,2022-01-18 12:45:00+00:00,1818.118,sl,0,-1.0,train,2022
2022-01-19 08:15:00+00:00,2022-01-19 08:30:00+00:00,rejection,short,1813.254,1814.138,1811.4859999999999,0.8840000000000146,12,london,2022-01-19 10:00:00+00:00,1811.4859999999999,tp,6,2.0,train,2022
2022-01-19 11:45:00+00:00,2022-01-19 12:00:00+00:00,rejection,short,1811.578,1812.048,1810.638,0.4700000000000273,12,london,2022-01-19 12:15:00+00:00,1812.048,sl,1,-1.0,train,2022
2022-01-19 12:45:00+00:00,2022-01-19 13:00:00+00:00,rejection,short,1813.054,1813.328,1812.5060000000003,0.2739999999998872,12,london,2022-01-19 13:00:00+00:00,1813.328,sl,0,-1.0,train,2022
2022-01-20 07:15:00+00:00,2022-01-20 07:30:00+00:00,sweep_reclaim,long,1839.378,1838.198,1841.7379999999996,1.1799999999998363,12,london,2022-01-20 08:15:00+00:00,1841.7379999999996,tp,3,2.0,train,2022
2022-01-20 09:00:00+00:00,2022-01-20 09:15:00+00:00,rejection,long,1842.218,1840.848,1844.9580000000003,1.3700000000001182,12,london,2022-01-20 09:30:00+00:00,1840.848,sl,1,-1.0,train,2022
2022-01-20 10:00:00+00:00,2022-01-20 10:15:00+00:00,rejection,long,1840.314,1839.108,1842.7260000000003,1.206000000000131,12,london,2022-01-20 11:15:00+00:00,1839.108,sl,4,-1.0,train,2022
2022-01-20 12:30:00+00:00,2022-01-20 12:45:00+00:00,sweep_reclaim,long,1839.424,1838.438,1841.3959999999997,0.9859999999998763,12,london,2022-01-20 12:45:00+00:00,1838.438,sl,0,-1.0,train,2022
2022-01-20 12:45:00+00:00,2022-01-20 13:00:00+00:00,rejection,long,1839.638,1838.344,1842.2259999999997,1.293999999999869,12,london,2022-01-20 16:00:00+00:00,1840.148,timeout,12,0.39412673879446875,train,2022
2022-01-21 11:15:00+00:00,2022-01-21 11:30:00+00:00,rejection,long,1840.974,1840.598,1841.7259999999999,0.37599999999997635,12,london,2022-01-21 11:30:00+00:00,1840.598,sl,0,-1.0,train,2022
2022-01-21 12:45:00+00:00,2022-01-21 13:00:00+00:00,compression_expansion,long,1841.368,1839.858,1844.388,1.509999999999991,12,london,2022-01-21 13:45:00+00:00,1839.858,sl,3,-1.0,train,2022
2022-01-24 08:00:00+00:00,2022-01-24 08:15:00+00:00,rejection,short,1833.108,1834.128,1831.068,1.0199999999999818,12,london,2022-01-24 08:15:00+00:00,1834.128,sl,0,-1.0,train,2022
2022-01-24 08:15:00+00:00,2022-01-24 08:30:00+00:00,rejection,short,1832.588,1834.218,1829.3279999999997,1.6300000000001091,12,london,2022-01-24 08:45:00+00:00,1834.218,sl,1,-1.0,train,2022
2022-01-24 12:45:00+00:00,2022-01-24 13:00:00+00:00,rejection,long,1837.664,1836.648,1839.6960000000001,1.0160000000000764,12,london,2022-01-24 14:00:00+00:00,1836.648,sl,4,-1.0,train,2022
2022-01-25 09:45:00+00:00,2022-01-25 10:00:00+00:00,sweep_reclaim,long,1839.958,1839.734,1840.4060000000004,0.22400000000016007,12,london,2022-01-25 10:00:00+00:00,1839.734,sl,0,-1.0,train,2022
2022-01-25 10:00:00+00:00,2022-01-25 10:15:00+00:00,sweep_reclaim,long,1840.388,1839.368,1842.4279999999999,1.0199999999999818,12,london,2022-01-25 11:00:00+00:00,1842.4279999999999,tp,3,2.0,train,2022
2022-01-25 12:45:00+00:00,2022-01-25 13:00:00+00:00,rejection,long,1842.428,1841.568,1844.1480000000004,0.8600000000001273,12,london,2022-01-25 13:00:00+00:00,1841.568,sl,0,-1.0,train,2022
2022-01-26 08:45:00+00:00,2022-01-26 09:00:00+00:00,sweep_reclaim,long,1847.664,1846.478,1850.0359999999998,1.1859999999999218,12,london,2022-01-26 12:00:00+00:00,1847.318,timeout,12,-0.29173693086005603,train,2022
2022-01-26 12:00:00+00:00,2022-01-26 12:15:00+00:00,rejection,long,1847.318,1846.568,1848.818,0.75,12,london,2022-01-26 12:30:00+00:00,1846.568,sl,1,-1.0,train,2022
2022-01-26 12:30:00+00:00,2022-01-26 12:45:00+00:00,rejection,long,1847.188,1846.708,1848.1480000000001,0.4800000000000182,12,london,2022-01-26 13:15:00+00:00,1848.1480000000001,tp,2,2.0,train,2022
2022-01-27 07:00:00+00:00,2022-01-27 07:15:00+00:00,rejection,short,1821.288,1821.758,1820.348,0.4700000000000273,12,london,2022-01-27 07:15:00+00:00,1820.348,tp,0,2.0,train,2022
2022-01-27 07:30:00+00:00,2022-01-27 07:45:00+00:00,rejection,short,1818.698,1822.004,1812.0860000000005,3.3059999999998126,12,london,2022-01-27 10:45:00+00:00,1815.438,timeout,12,0.9860859044162661,train,2022
2022-01-27 11:00:00+00:00,2022-01-27 11:15:00+00:00,rejection,short,1815.408,1817.008,1812.2079999999996,1.6000000000001364,12,london,2022-01-27 12:45:00+00:00,1812.2079999999996,tp,6,2.0,train,2022
2022-01-27 12:45:00+00:00,2022-01-27 13:00:00+00:00,compression_expansion,short,1813.128,1816.348,1806.6879999999999,3.2200000000000273,12,london,2022-01-27 16:00:00+00:00,1814.194,timeout,12,-0.33105590062112483,train,2022
2022-01-31 07:15:00+00:00,2022-01-31 07:30:00+00:00,rejection,short,1789.078,1790.478,1786.2779999999998,1.400000000000091,12,london,2022-01-31 08:15:00+00:00,1786.2779999999998,tp,3,2.0,train,2022
2022-01-31 09:30:00+00:00,2022-01-31 09:45:00+00:00,rejection,short,1788.738,1790.145,1785.9240000000002,1.4069999999999254,12,london,2022-01-31 11:15:00+00:00,1785.9240000000002,tp,6,2.0,train,2022
2022-02-03 08:30:00+00:00,2022-02-03 08:45:00+00:00,rejection,long,1806.572,1806.458,1806.7999999999995,0.11399999999980537,12,london,2022-02-03 08:45:00+00:00,1806.458,sl,0,-1.0,train,2022
2022-02-03 08:45:00+00:00,2022-02-03 09:00:00+00:00,rejection,long,1806.608,1805.818,1808.1879999999999,0.7899999999999636,12,london,2022-02-03 09:00:00+00:00,1808.1879999999999,tp,0,2.0,train,2022
2022-02-04 08:00:00+00:00,2022-02-04 08:15:00+00:00,rejection,long,1805.908,1805.008,1807.7079999999996,0.8999999999998636,12,london,2022-02-04 11:15:00+00:00,1806.808,timeout,12,1.0000000000002527,train,2022
2022-02-07 07:00:00+00:00,2022-02-07 07:15:00+00:00,rejection,long,1810.288,1808.728,1813.408,1.5599999999999454,12,london,2022-02-07 08:00:00+00:00,1813.408,tp,3,2.0,train,2022
2022-02-07 09:15:00+00:00,2022-02-07 09:30:00+00:00,rejection,long,1810.109,1808.638,1813.051,1.4710000000000036,12,london,2022-02-07 12:30:00+00:00,1809.778,timeout,12,-0.22501699524126634,train,2022
2022-02-08 08:45:00+00:00,2022-02-08 09:00:00+00:00,rejection,long,1822.068,1820.128,1825.948,1.9400000000000546,12,london,2022-02-08 12:00:00+00:00,1821.348,timeout,12,-0.3711340206185603,train,2022
2022-02-08 12:30:00+00:00,2022-02-08 12:45:00+00:00,rejection,long,1820.178,1819.308,1821.9180000000003,0.8700000000001182,12,london,2022-02-08 14:00:00+00:00,1819.308,sl,5,-1.0,train,2022
2022-02-09 09:00:00+00:00,2022-02-09 09:15:00+00:00,rejection,long,1826.808,1825.308,1829.808,1.5,12,london,2022-02-09 12:15:00+00:00,1827.328,timeout,12,0.3466666666666545,train,2022
2022-02-09 12:45:00+00:00,2022-02-09 13:00:00+00:00,rejection,long,1828.308,1827.028,1830.868,1.2799999999999727,12,london,2022-02-09 13:15:00+00:00,1827.028,sl,1,-1.0,train,2022
2022-02-10 09:00:00+00:00,2022-02-10 09:15:00+00:00,rejection,long,1833.988,1833.174,1835.6160000000002,0.8140000000000782,12,london,2022-02-10 12:15:00+00:00,1833.638,timeout,12,-0.42997542997555627,train,2022
2022-02-11 12:30:00+00:00,2022-02-11 12:45:00+00:00,rejection,short,1824.338,1825.098,1822.818,0.7599999999999909,12,london,2022-02-11 13:30:00+00:00,1822.818,tp,3,2.0,train,2022
2022-02-14 10:30:00+00:00,2022-02-14 10:45:00+00:00,sweep_reclaim,long,1853.328,1852.098,1855.788,1.2300000000000182,12,london,2022-02-14 11:15:00+00:00,1852.098,sl,2,-1.0,train,2022
2022-02-14 11:30:00+00:00,2022-02-14 11:45:00+00:00,sweep_reclaim,long,1852.388,1851.388,1854.388,1.0,12,london,2022-02-14 12:30:00+00:00,1854.388,tp,3,2.0,train,2022
2022-02-14 12:45:00+00:00,2022-02-14 13:00:00+00:00,rejection,long,1854.501,1851.448,1860.6069999999997,3.0529999999998836,12,london,2022-02-14 14:15:00+00:00,1851.448,sl,5,-1.0,train,2022
2022-02-15 07:00:00+00:00,2022-02-15 07:15:00+00:00,rejection,long,1870.988,1870.338,1872.2880000000002,0.650000000000091,12,london,2022-02-15 08:15:00+00:00,1870.338,sl,4,-1.0,train,2022
2022-02-15 09:00:00+00:00,2022-02-15 09:15:00+00:00,rejection,long,1871.024,1870.168,1872.7359999999999,0.8559999999999945,12,london,2022-02-15 09:45:00+00:00,1872.7359999999999,tp,2,2.0,train,2022
2022-02-15 12:15:00+00:00,2022-02-15 12:30:00+00:00,compression_expansion,long,1878.355,1877.188,1880.6889999999999,1.1669999999999163,12,london,2022-02-15 12:45:00+00:00,1877.188,sl,1,-1.0,train,2022
2022-02-15 12:45:00+00:00,2022-02-15 13:00:00+00:00,rejection,long,1878.538,1876.808,1881.998,1.7300000000000182,12,london,2022-02-15 14:45:00+00:00,1876.808,sl,7,-1.0,train,2022
2022-02-16 09:15:00+00:00,2022-02-16 09:30:00+00:00,rejection,short,1851.894,1852.708,1850.2659999999998,0.8140000000000782,12,london,2022-02-16 09:30:00+00:00,1852.708,sl,0,-1.0,train,2022
2022-02-16 12:00:00+00:00,2022-02-16 12:15:00+00:00,rejection,short,1852.698,1853.168,1851.7580000000005,0.4699999999997999,12,london,2022-02-16 12:30:00+00:00,1853.168,sl,1,-1.0,train,2022
2022-02-17 07:15:00+00:00,2022-02-17 07:30:00+00:00,rejection,long,1870.518,1869.138,1873.2780000000002,1.3800000000001091,12,london,2022-02-17 08:15:00+00:00,1869.138,sl,3,-1.0,train,2022
2022-02-17 12:15:00+00:00,2022-02-17 12:30:00+00:00,rejection,long,1873.848,1872.428,1876.6879999999996,1.4199999999998454,12,london,2022-02-17 12:45:00+00:00,1872.428,sl,1,-1.0,train,2022
2022-02-17 12:45:00+00:00,2022-02-17 13:00:00+00:00,rejection,long,1874.388,1870.371,1882.4219999999996,4.016999999999825,12,london,2022-02-17 15:30:00+00:00,1882.4219999999996,tp,10,2.0,train,2022
2022-02-18 07:15:00+00:00,2022-02-18 07:30:00+00:00,rejection,long,1900.348,1898.868,1903.308,1.4800000000000182,12,london,2022-02-18 08:00:00+00:00,1898.868,sl,2,-1.0,train,2022
2022-02-18 09:15:00+00:00,2022-02-18 09:30:00+00:00,rejection,long,1889.818,1888.238,1892.9779999999998,1.5799999999999272,12,london,2022-02-18 12:30:00+00:00,1890.483,timeout,12,0.42088607594936345,train,2022
2022-02-21 09:15:00+00:00,2022-02-21 09:30:00+00:00,rejection,long,1896.06,1891.508,1905.1639999999998,4.551999999999907,12,london,2022-02-21 11:45:00+00:00,1891.508,sl,9,-1.0,train,2022
2022-02-22 08:30:00+00:00,2022-02-22 08:45:00+00:00,rejection,long,1906.728,1905.298,1909.5880000000002,1.4300000000000637,12,london,2022-02-22 08:45:00+00:00,1909.5880000000002,tp,0,2.0,train,2022
2022-02-22 09:00:00+00:00,2022-02-22 09:15:00+00:00,rejection,long,1909.388,1905.188,1917.7879999999996,4.199999999999818,12,london,2022-02-22 12:15:00+00:00,1908.358,timeout,12,-0.24523809523809936,train,2022
2022-02-24 07:15:00+00:00,2022-02-24 07:30:00+00:00,compression_expansion,long,1910.738,1910.428,1911.358,0.30999999999994543,12,london,2022-02-24 07:30:00+00:00,1910.428,sl,0,-1.0,train,2022
2022-02-24 09:15:00+00:00,2022-02-24 09:30:00+00:00,rejection,long,1913.608,1911.948,1916.9279999999997,1.6599999999998545,12,london,2022-02-24 10:00:00+00:00,1916.9279999999997,tp,2,2.0,train,2022
2022-02-24 11:00:00+00:00,2022-02-24 11:15:00+00:00,rejection,long,1929.408,1923.678,1940.8679999999995,5.729999999999791,12,london,2022-02-24 11:15:00+00:00,1940.8679999999995,tp,0,2.0,train,2022
2022-02-24 12:30:00+00:00,2022-02-24 12:45:00+00:00,rejection,long,1940.517,1933.328,1954.8950000000002,7.189000000000078,12,london,2022-02-24 15:45:00+00:00,1943.081,timeout,12,0.35665600222559785,train,2022
2022-03-01 10:15:00+00:00,2022-03-01 10:30:00+00:00,rejection,short,1903.088,1903.878,1901.508,0.7899999999999636,12,london,2022-03-01 10:30:00+00:00,1903.878,sl,0,-1.0,train,2022
2022-03-01 10:45:00+00:00,2022-03-01 11:00:00+00:00,rejection,short,1904.488,1905.028,1903.4080000000001,0.5399999999999636,12,london,2022-03-01 11:00:00+00:00,1905.028,sl,0,-1.0,train,2022
2022-03-02 08:30:00+00:00,2022-03-02 08:45:00+00:00,sweep_reclaim,long,1933.528,1931.598,1937.3880000000001,1.9300000000000637,12,london,2022-03-02 09:15:00+00:00,1937.3880000000001,tp,2,2.0,train,2022
2022-03-02 12:30:00+00:00,2022-03-02 12:45:00+00:00,rejection,long,1935.098,1934.298,1936.6979999999999,0.7999999999999545,12,london,2022-03-02 12:45:00+00:00,1936.6979999999999,tp,0,2.0,train,2022
2022-03-02 12:45:00+00:00,2022-03-02 13:00:00+00:00,compression_expansion,long,1936.868,1933.203,1944.1979999999999,3.6649999999999636,12,london,2022-03-02 13:15:00+00:00,1933.203,sl,1,-1.0,train,2022
2022-03-03 07:45:00+00:00,2022-03-03 08:00:00+00:00,rejection,long,1929.958,1927.988,1933.8980000000001,1.9700000000000273,12,london,2022-03-03 08:00:00+00:00,1927.988,sl,0,-1.0,train,2022
2022-03-03 09:30:00+00:00,2022-03-03 09:45:00+00:00,rejection,long,1929.432,1928.022,1932.2520000000002,1.4100000000000819,12,london,2022-03-03 10:00:00+00:00,1928.022,sl,1,-1.0,train,2022
2022-03-04 07:15:00+00:00,2022-03-04 07:30:00+00:00,compression_expansion,long,1940.27,1934.737,1951.3359999999998,5.532999999999902,12,london,2022-03-04 09:00:00+00:00,1934.737,sl,6,-1.0,train,2022
2022-03-04 09:45:00+00:00,2022-03-04 10:00:00+00:00,rejection,long,1937.448,1934.114,1944.1160000000002,3.33400000000006,12,london,2022-03-04 13:00:00+00:00,1936.258,timeout,12,-0.3569286142771545,train,2022
2022-03-07 07:00:00+00:00,2022-03-07 07:15:00+00:00,rejection,long,1989.518,1983.408,2001.7380000000003,6.110000000000127,12,london,2022-03-07 10:15:00+00:00,1988.972,timeout,12,-0.08936170212766575,train,2022
2022-03-07 12:30:00+00:00,2022-03-07 12:45:00+00:00,rejection,long,1988.088,1987.278,1989.7079999999999,0.8099999999999454,12,london,2022-03-07 13:00:00+00:00,1987.278,sl,1,-1.0,train,2022
2022-03-08 07:00:00+00:00,2022-03-08 07:15:00+00:00,rejection,long,1999.05,1996.958,2003.2339999999997,2.091999999999871,12,london,2022-03-08 07:30:00+00:00,1996.958,sl,1,-1.0,train,2022
2022-03-09 07:45:00+00:00,2022-03-09 08:00:00+00:00,rejection,long,2039.858,2038.898,2041.778,0.9600000000000364,12,london,2022-03-09 08:00:00+00:00,2038.898,sl,0,-1.0,train,2022
2022-03-09 08:15:00+00:00,2022-03-09 08:30:00+00:00,rejection,long,2040.321,2034.958,2051.0469999999996,5.362999999999829,12,london,2022-03-09 10:00:00+00:00,2051.0469999999996,tp,6,2.0,train,2022
2022-03-09 11:00:00+00:00,2022-03-09 11:15:00+00:00,rejection,long,2056.658,2051.871,2066.2319999999995,4.786999999999807,12,london,2022-03-09 11:45:00+00:00,2051.871,sl,2,-1.0,train,2022
2022-03-10 07:00:00+00:00,2022-03-10 07:15:00+00:00,rejection,short,1989.26,1993.068,1981.644,3.8079999999999927,12,london,2022-03-10 08:00:00+00:00,1981.644,tp,3,2.0,train,2022
2022-03-10 12:15:00+00:00,2022-03-10 12:30:00+00:00,rejection,short,1977.958,1979.468,1974.938,1.509999999999991,12,london,2022-03-10 12:30:00+00:00,1979.468,sl,0,-1.0,train,2022
2022-03-11 10:15:00+00:00,2022-03-11 10:30:00+00:00,compression_expansion,short,1992.268,1996.378,1984.0480000000002,4.1099999999999,12,london,2022-03-11 12:15:00+00:00,1984.0480000000002,tp,7,2.0,train,2022
2022-03-14 08:00:00+00:00,2022-03-14 08:15:00+00:00,rejection,short,1976.938,1977.842,1975.13,0.9039999999999964,12,london,2022-03-14 08:15:00+00:00,1975.13,tp,0,2.0,train,2022
2022-03-14 08:45:00+00:00,2022-03-14 09:00:00+00:00,rejection,short,1974.722,1976.962,1970.242,2.240000000000009,12,london,2022-03-14 12:00:00+00:00,1976.962,sl,12,-1.0,train,2022
2022-03-14 12:30:00+00:00,2022-03-14 12:45:00+00:00,rejection,short,1974.798,1978.038,1968.318,3.240000000000009,12,london,2022-03-14 14:00:00+00:00,1978.038,sl,5,-1.0,train,2022
2022-03-15 10:30:00+00:00,2022-03-15 10:45:00+00:00,rejection,short,1942.058,1944.068,1938.038,2.009999999999991,12,london,2022-03-15 12:00:00+00:00,1938.038,tp,5,2.0,train,2022
2022-03-15 12:45:00+00:00,2022-03-15 13:00:00+00:00,rejection,short,1931.698,1936.357,1922.3800000000003,4.658999999999878,12,london,2022-03-15 16:00:00+00:00,1932.965,timeout,12,-0.2719467696930368,train,2022
2022-03-16 07:00:00+00:00,2022-03-16 07:15:00+00:00,rejection,short,1917.598,1918.088,1916.618,0.4900000000000091,12,london,2022-03-16 07:15:00+00:00,1918.088,sl,0,-1.0,train,2022
2022-03-16 08:30:00+00:00,2022-03-16 08:45:00+00:00,sweep_reclaim,short,1922.888,1923.363,1921.9379999999996,0.4750000000001364,12,london,2022-03-16 08:45:00+00:00,1923.363,sl,0,-1.0,train,2022
2022-03-16 09:45:00+00:00,2022-03-16 10:00:00+00:00,rejection,short,1920.708,1922.328,1917.4680000000003,1.6199999999998909,12,london,2022-03-16 11:15:00+00:00,1917.4680000000003,tp,5,2.0,train,2022
2022-03-16 12:00:00+00:00,2022-03-16 12:15:00+00:00,rejection,short,1916.643,1917.768,1914.393,1.125,12,london,2022-03-16 12:45:00+00:00,1917.768,sl,2,-1.0,train,2022
2022-03-18 08:15:00+00:00,2022-03-18 08:30:00+00:00,rejection,long,1940.638,1940.278,1941.3579999999997,0.35999999999989996,12,london,2022-03-18 08:30:00+00:00,1941.3579999999997,tp,0,2.0,train,2022
2022-03-21 08:15:00+00:00,2022-03-21 08:30:00+00:00,rejection,short,1922.128,1923.908,1918.568,1.7799999999999727,12,london,2022-03-21 08:30:00+00:00,1923.908,sl,0,-1.0,train,2022
2022-03-22 07:15:00+00:00,2022-03-22 07:30:00+00:00,rejection,long,1935.041,1934.723,1935.677,0.31799999999998363,12,london,2022-03-22 07:30:00+00:00,1934.723,sl,0,-1.0,train,2022
2022-03-22 08:00:00+00:00,2022-03-22 08:15:00+00:00,sweep_reclaim,long,1931.708,1929.453,1936.2180000000003,2.255000000000109,12,london,2022-03-22 10:30:00+00:00,1936.2180000000003,tp,9,2.0,train,2022
2022-03-22 11:30:00+00:00,2022-03-22 11:45:00+00:00,rejection,long,1935.998,1935.518,1936.958,0.4800000000000182,12,london,2022-03-22 11:45:00+00:00,1935.518,sl,0,-1.0,train,2022
2022-03-22 12:00:00+00:00,2022-03-22 12:15:00+00:00,rejection,long,1934.928,1934.298,1936.1880000000003,0.6300000000001091,12,london,2022-03-22 12:15:00+00:00,1936.1880000000003,tp,0,2.0,train,2022
2022-03-22 12:30:00+00:00,2022-03-22 12:45:00+00:00,rejection,long,1937.008,1933.448,1944.128,3.5599999999999454,12,london,2022-03-22 14:30:00+00:00,1933.448,sl,7,-1.0,train,2022
2022-03-23 09:00:00+00:00,2022-03-23 09:15:00+00:00,rejection,short,1920.138,1920.678,1919.0579999999995,0.540000000000191,12,london,2022-03-23 09:15:00+00:00,1920.678,sl,0,-1.0,train,2022
2022-03-23 10:00:00+00:00,2022-03-23 10:15:00+00:00,sweep_reclaim,short,1923.188,1923.528,1922.5080000000003,0.33999999999991815,12,london,2022-03-23 10:15:00+00:00,1923.528,sl,0,-1.0,train,2022
2022-03-23 10:15:00+00:00,2022-03-23 10:30:00+00:00,sweep_reclaim,short,1923.753,1923.938,1923.3829999999996,0.1850000000001728,12,london,2022-03-23 10:30:00+00:00,1923.938,sl,0,-1.0,train,2022
2022-03-23 10:30:00+00:00,2022-03-23 10:45:00+00:00,sweep_reclaim,short,1923.035,1924.223,1920.6590000000003,1.1879999999998745,12,london,2022-03-23 12:15:00+00:00,1920.6590000000003,tp,6,2.0,train,2022
2022-03-23 12:15:00+00:00,2022-03-23 12:30:00+00:00,compression_expansion,short,1920.693,1922.448,1917.1829999999998,1.7550000000001091,12,london,2022-03-23 14:00:00+00:00,1917.1829999999998,tp,6,2.0,train,2022
2022-03-24 09:15:00+00:00,2022-03-24 09:30:00+00:00,sweep_reclaim,long,1942.488,1941.168,1945.1280000000004,1.3200000000001637,12,london,2022-03-24 09:45:00+00:00,1941.168,sl,1,-1.0,train,2022
2022-03-24 10:00:00+00:00,2022-03-24 10:15:00+00:00,sweep_reclaim,long,1941.373,1939.588,1944.9430000000002,1.7850000000000819,12,london,2022-03-24 11:00:00+00:00,1939.588,sl,3,-1.0,train,2022
2022-03-24 11:15:00+00:00,2022-03-24 11:30:00+00:00,sweep_reclaim,long,1939.519,1937.933,1942.691,1.5860000000000127,12,london,2022-03-24 13:00:00+00:00,1937.933,sl,6,-1.0,train,2022
2022-03-25 07:15:00+00:00,2022-03-25 07:30:00+00:00,rejection,long,1960.912,1958.291,1966.1540000000002,2.6210000000000946,12,london,2022-03-25 10:30:00+00:00,1962.008,timeout,12,0.41816100724912786,train,2022
2022-03-25 12:45:00+00:00,2022-03-25 13:00:00+00:00,sweep_reclaim,long,1958.96,1957.498,1961.884,1.461999999999989,12,london,2022-03-25 13:30:00+00:00,1957.498,sl,2,-1.0,train,2022
2022-03-28 07:45:00+00:00,2022-03-28 08:00:00+00:00,rejection,long,1956.098,1955.053,1958.1879999999996,1.0449999999998454,12,london,2022-03-28 08:15:00+00:00,1955.053,sl,1,-1.0,train,2022
2022-03-29 09:00:00+00:00,2022-03-29 09:15:00+00:00,sweep_reclaim,short,1926.588,1928.558,1922.648,1.9700000000000273,12,london,2022-03-29 11:15:00+00:00,1922.648,tp,8,2.0,train,2022
2022-03-31 07:30:00+00:00,2022-03-31 07:45:00+00:00,sweep_reclaim,long,1930.675,1929.898,1932.229,0.7770000000000437,12,london,2022-03-31 07:45:00+00:00,1929.898,sl,0,-1.0,train,2022
2022-03-31 07:45:00+00:00,2022-03-31 08:00:00+00:00,sweep_reclaim,long,1931.938,1929.888,1936.0380000000005,2.050000000000182,12,london,2022-03-31 08:15:00+00:00,1929.888,sl,1,-1.0,train,2022
2022-03-31 08:45:00+00:00,2022-03-31 09:00:00+00:00,sweep_reclaim,long,1927.927,1927.363,1929.0549999999996,0.5639999999998508,12,london,2022-03-31 09:00:00+00:00,1927.363,sl,0,-1.0,train,2022
2022-03-31 09:15:00+00:00,2022-03-31 09:30:00+00:00,sweep_reclaim,long,1927.148,1926.043,1929.358,1.1050000000000182,12,london,2022-03-31 09:30:00+00:00,1926.043,sl,0,-1.0,train,2022
2022-04-01 07:15:00+00:00,2022-04-01 07:30:00+00:00,rejection,long,1935.698,1935.388,1936.3180000000004,0.3100000000001728,12,london,2022-04-01 07:30:00+00:00,1935.388,sl,0,-1.0,train,2022
2022-04-01 12:15:00+00:00,2022-04-01 12:30:00+00:00,rejection,long,1937.608,1936.593,1939.6379999999997,1.0149999999998727,12,london,2022-04-01 12:45:00+00:00,1936.593,sl,1,-1.0,train,2022
2022-04-04 07:00:00+00:00,2022-04-04 07:15:00+00:00,rejection,short,1923.828,1924.139,1923.2060000000001,0.3109999999999218,12,london,2022-04-04 07:15:00+00:00,1924.139,sl,0,-1.0,train,2022
2022-04-04 07:30:00+00:00,2022-04-04 07:45:00+00:00,sweep_reclaim,short,1925.225,1925.92,1923.8349999999996,0.6950000000001637,12,london,2022-04-04 07:45:00+00:00,1925.92,sl,0,-1.0,train,2022
2022-04-04 08:00:00+00:00,2022-04-04 08:15:00+00:00,sweep_reclaim,short,1925.093,1926.668,1921.9430000000004,1.574999999999818,12,london,2022-04-04 09:15:00+00:00,1921.9430000000004,tp,4,2.0,train,2022
2022-04-04 10:45:00+00:00,2022-04-04 11:00:00+00:00,rejection,short,1919.338,1919.733,1918.548,0.3949999999999818,12,london,2022-04-04 11:00:00+00:00,1918.548,tp,0,2.0,train,2022
2022-04-04 12:30:00+00:00,2022-04-04 12:45:00+00:00,rejection,short,1919.088,1919.358,1918.548,0.2699999999999818,12,london,2022-04-04 12:45:00+00:00,1919.358,sl,0,-1.0,train,2022
2022-04-05 07:00:00+00:00,2022-04-05 07:15:00+00:00,rejection,long,1931.818,1931.048,1933.358,0.7699999999999818,12,london,2022-04-05 08:15:00+00:00,1931.048,sl,4,-1.0,train,2022
2022-04-05 08:30:00+00:00,2022-04-05 08:45:00+00:00,sweep_reclaim,long,1930.418,1930.043,1931.168,0.375,12,london,2022-04-05 08:45:00+00:00,1930.043,sl,0,-1.0,train,2022
2022-04-06 09:30:00+00:00,2022-04-06 09:45:00+00:00,rejection,short,1923.118,1923.228,1922.8979999999997,0.11000000000012733,12,london,2022-04-06 09:45:00+00:00,1923.228,sl,0,-1.0,train,2022
2022-04-06 09:45:00+00:00,2022-04-06 10:00:00+00:00,sweep_reclaim,short,1923.278,1924.058,1921.718,0.7799999999999727,12,london,2022-04-06 10:00:00+00:00,1924.058,sl,0,-1.0,train,2022
2022-04-06 11:00:00+00:00,2022-04-06 11:15:00+00:00,rejection,short,1923.658,1924.168,1922.638,0.5099999999999909,12,london,2022-04-06 11:15:00+00:00,1922.638,tp,0,2.0,train,2022
2022-04-06 12:00:00+00:00,2022-04-06 12:15:00+00:00,rejection,short,1920.878,1922.508,1917.6179999999997,1.6300000000001091,12,london,2022-04-06 12:45:00+00:00,1922.508,sl,2,-1.0,train,2022
2022-04-07 11:30:00+00:00,2022-04-07 11:45:00+00:00,rejection,short,1920.798,1922.472,1917.45,1.6739999999999782,12,london,2022-04-07 12:45:00+00:00,1922.472,sl,4,-1.0,train,2022
2022-04-08 07:00:00+00:00,2022-04-08 07:15:00+00:00,rejection,long,1932.845,1931.498,1935.539,1.34699999999998,12,london,2022-04-08 09:30:00+00:00,1931.498,sl,9,-1.0,train,2022
2022-04-08 09:45:00+00:00,2022-04-08 10:00:00+00:00,sweep_reclaim,long,1930.382,1930.268,1930.6100000000001,0.11400000000003274,12,london,2022-04-08 10:00:00+00:00,1930.268,sl,0,-1.0,train,2022
2022-04-11 07:00:00+00:00,2022-04-11 07:15:00+00:00,rejection,long,1944.238,1943.778,1945.1580000000001,0.4600000000000364,12,london,2022-04-11 07:15:00+00:00,1945.1580000000001,tp,0,2.0,train,2022
2022-04-11 09:00:00+00:00,2022-04-11 09:15:00+00:00,sweep_reclaim,long,1944.071,1942.468,1947.2769999999996,1.602999999999838,12,london,2022-04-11 09:15:00+00:00,1942.468,sl,0,-1.0,train,2022
2022-04-11 09:45:00+00:00,2022-04-11 10:00:00+00:00,sweep_reclaim,long,1943.588,1941.158,1948.448,2.4300000000000637,12,london,2022-04-11 12:15:00+00:00,1941.158,sl,9,-1.0,train,2022
2022-04-11 12:30:00+00:00,2022-04-11 12:45:00+00:00,sweep_reclaim,long,1942.038,1941.018,1944.078,1.0199999999999818,12,london,2022-04-11 12:45:00+00:00,1944.078,tp,0,2.0,train,2022
2022-04-12 08:00:00+00:00,2022-04-12 08:15:00+00:00,sweep_reclaim,long,1951.582,1950.168,1954.4100000000005,1.4140000000002146,12,london,2022-04-12 08:30:00+00:00,1950.168,sl,1,-1.0,train,2022
2022-04-12 12:15:00+00:00,2022-04-12 12:30:00+00:00,rejection,long,1958.412,1957.712,1959.8120000000001,0.7000000000000455,12,london,2022-04-12 12:45:00+00:00,1957.712,sl,1,-1.0,train,2022
2022-04-13 08:00:00+00:00,2022-04-13 08:15:00+00:00,sweep_reclaim,long,1964.582,1962.738,1968.2700000000002,1.844000000000051,12,london,2022-04-13 09:00:00+00:00,1968.2700000000002,tp,3,2.0,train,2022
2022-04-13 10:45:00+00:00,2022-04-13 11:00:00+00:00,rejection,long,1969.618,1969.502,1969.85,0.11599999999998545,12,london,2022-04-13 11:00:00+00:00,1969.502,sl,0,-1.0,train,2022
2022-04-13 11:15:00+00:00,2022-04-13 11:30:00+00:00,rejection,long,1969.528,1968.928,1970.7279999999998,0.599999999999909,12,london,2022-04-13 11:30:00+00:00,1968.928,sl,0,-1.0,train,2022
2022-04-13 11:30:00+00:00,2022-04-13 11:45:00+00:00,rejection,long,1970.048,1968.748,1972.648,1.2999999999999545,12,london,2022-04-13 12:00:00+00:00,1968.748,sl,1,-1.0,train,2022
2022-04-14 08:00:00+00:00,2022-04-14 08:15:00+00:00,sweep_reclaim,long,1975.253,1973.852,1978.0549999999996,1.40099999999984,12,london,2022-04-14 09:00:00+00:00,1978.0549999999996,tp,3,2.0,train,2022
2022-04-14 11:15:00+00:00,2022-04-14 11:30:00+00:00,rejection,long,1974.238,1973.103,1976.508,1.134999999999991,12,london,2022-04-14 12:30:00+00:00,1973.103,sl,4,-1.0,train,2022
2022-04-18 07:30:00+00:00,2022-04-18 07:45:00+00:00,rejection,long,1985.768,1983.217,1990.87,2.550999999999931,12,london,2022-04-18 08:45:00+00:00,1983.217,sl,4,-1.0,train,2022
2022-04-18 08:45:00+00:00,2022-04-18 09:00:00+00:00,rejection,long,1984.662,1983.938,1986.11,0.7239999999999327,12,london,2022-04-18 09:00:00+00:00,1983.938,sl,0,-1.0,train,2022
2022-04-18 09:00:00+00:00,2022-04-18 09:15:00+00:00,rejection,long,1985.548,1983.178,1990.2879999999998,2.369999999999891,12,london,2022-04-18 09:45:00+00:00,1983.178,sl,2,-1.0,train,2022
2022-04-18 09:45:00+00:00,2022-04-18 10:00:00+00:00,rejection,long,1984.462,1983.592,1986.2019999999998,0.8699999999998909,12,london,2022-04-18 10:00:00+00:00,1983.592,sl,0,-1.0,train,2022
2022-04-18 11:45:00+00:00,2022-04-18 12:00:00+00:00,rejection,long,1984.558,1983.312,1987.0500000000002,1.2460000000000946,12,london,2022-04-18 12:00:00+00:00,1983.312,sl,0,-1.0,train,2022
2022-04-18 12:00:00+00:00,2022-04-18 12:15:00+00:00,rejection,long,1985.052,1983.312,1988.532,1.740000000000009,12,london,2022-04-18 13:30:00+00:00,1988.532,tp,5,2.0,train,2022
2022-04-20 08:00:00+00:00,2022-04-20 08:15:00+00:00,rejection,short,1946.828,1948.418,1943.6480000000001,1.5899999999999181,12,london,2022-04-20 08:15:00+00:00,1948.418,sl,0,-1.0,train,2022
2022-04-20 08:15:00+00:00,2022-04-20 08:30:00+00:00,rejection,short,1946.261,1947.822,1943.1390000000001,1.5609999999999218,12,london,2022-04-20 08:30:00+00:00,1943.1390000000001,tp,0,2.0,train,2022
2022-04-20 08:45:00+00:00,2022-04-20 09:00:00+00:00,rejection,short,1943.513,1949.194,1932.1509999999998,5.68100000000004,12,london,2022-04-20 12:00:00+00:00,1943.378,timeout,12,0.02376342193275655,train,2022
2022-04-21 12:00:00+00:00,2022-04-21 12:15:00+00:00,rejection,short,1950.898,1952.412,1947.8699999999997,1.5140000000001237,12,london,2022-04-21 12:45:00+00:00,1952.412,sl,2,-1.0,train,2022
2022-04-25 10:00:00+00:00,2022-04-25 10:15:00+00:00,rejection,short,1924.218,1925.878,1920.8980000000004,1.6599999999998545,12,london,2022-04-25 11:45:00+00:00,1920.8980000000004,tp,6,2.0,train,2022
2022-04-25 12:30:00+00:00,2022-04-25 12:45:00+00:00,rejection,short,1916.993,1919.193,1912.5929999999998,2.2000000000000455,12,london,2022-04-25 13:45:00+00:00,1912.5929999999998,tp,4,2.0,train,2022
2022-04-26 07:00:00+00:00,2022-04-26 07:15:00+00:00,rejection,short,1899.233,1899.713,1898.273,0.4800000000000182,12,london,2022-04-26 07:15:00+00:00,1899.713,sl,0,-1.0,train,2022
2022-04-26 11:45:00+00:00,2022-04-26 12:00:00+00:00,sweep_reclaim,short,1902.538,1903.033,1901.5480000000002,0.49499999999989086,12,london,2022-04-26 12:00:00+00:00,1903.033,sl,0,-1.0,train,2022
2022-04-28 08:00:00+00:00,2022-04-28 08:15:00+00:00,rejection,short,1883.768,1886.658,1877.9880000000003,2.8899999999998727,12,london,2022-04-28 10:30:00+00:00,1877.9880000000003,tp,9,2.0,train,2022
2022-04-28 11:30:00+00:00,2022-04-28 11:45:00+00:00,rejection,short,1876.563,1881.158,1867.3730000000005,4.5949999999998,12,london,2022-04-28 14:00:00+00:00,1881.158,sl,9,-1.0,train,2022
2022-05-03 11:45:00+00:00,2022-05-03 12:00:00+00:00,compression_expansion,short,1860.168,1863.448,1853.6079999999995,3.2800000000002,12,london,2022-05-03 14:15:00+00:00,1853.6079999999995,tp,9,2.0,train,2022
2022-05-04 09:30:00+00:00,2022-05-04 09:45:00+00:00,rejection,short,1862.203,1863.863,1858.8829999999998,1.6600000000000819,12,london,2022-05-04 10:00:00+00:00,1863.863,sl,1,-1.0,train,2022
2022-05-04 11:30:00+00:00,2022-05-04 11:45:00+00:00,compression_expansion,short,1863.453,1865.648,1859.063,2.1949999999999363,12,london,2022-05-04 12:00:00+00:00,1865.648,sl,1,-1.0,train,2022
2022-05-04 12:00:00+00:00,2022-05-04 12:15:00+00:00,rejection,short,1865.078,1865.638,1863.958,0.5599999999999454,12,london,2022-05-04 12:15:00+00:00,1865.638,sl,0,-1.0,train,2022
2022-05-04 12:45:00+00:00,2022-05-04 13:00:00+00:00,rejection,short,1864.378,1865.938,1861.2579999999996,1.5600000000001728,12,london,2022-05-04 14:00:00+00:00,1865.938,sl,4,-1.0,train,2022
2022-05-05 08:15:00+00:00,2022-05-05 08:30:00+00:00,rejection,long,1900.498,1892.888,1915.7180000000003,7.610000000000127,12,london,2022-05-05 11:30:00+00:00,1900.228,timeout,12,-0.03547963206307192,train,2022
2022-05-05 12:15:00+00:00,2022-05-05 12:30:00+00:00,rejection,long,1900.988,1899.838,1903.2880000000002,1.150000000000091,12,london,2022-05-05 13:00:00+00:00,1899.838,sl,2,-1.0,train,2022
2022-05-06 10:15:00+00:00,2022-05-06 10:30:00+00:00,rejection,short,1876.038,1876.288,1875.538,0.25,12,london,2022-05-06 10:30:00+00:00,1876.288,sl,0,-1.0,train,2022
2022-05-06 10:30:00+00:00,2022-05-06 10:45:00+00:00,rejection,short,1875.778,1876.948,1873.4379999999999,1.1700000000000728,12,london,2022-05-06 11:00:00+00:00,1876.948,sl,1,-1.0,train,2022
2022-05-06 11:45:00+00:00,2022-05-06 12:00:00+00:00,rejection,short,1876.398,1877.268,1874.6579999999997,0.8700000000001182,12,london,2022-05-06 12:45:00+00:00,1877.268,sl,3,-1.0,train,2022
2022-05-06 12:45:00+00:00,2022-05-06 13:00:00+00:00,sweep_reclaim,short,1875.268,1876.742,1872.3200000000002,1.4739999999999327,12,london,2022-05-06 13:30:00+00:00,1876.742,sl,2,-1.0,train,2022
2022-05-09 11:45:00+00:00,2022-05-09 12:00:00+00:00,compression_expansion,short,1873.968,1876.128,1869.6480000000004,2.1599999999998545,12,london,2022-05-09 14:00:00+00:00,1869.6480000000004,tp,8,2.0,train,2022
2022-05-10 08:30:00+00:00,2022-05-10 08:45:00+00:00,sweep_reclaim,short,1854.818,1856.298,1851.858,1.4800000000000182,12,london,2022-05-10 09:15:00+00:00,1856.298,sl,2,-1.0,train,2022
2022-05-10 10:00:00+00:00,2022-05-10 10:15:00+00:00,rejection,short,1859.698,1861.428,1856.238,1.7300000000000182,12,london,2022-05-10 11:00:00+00:00,1861.428,sl,3,-1.0,train,2022
2022-05-10 11:15:00+00:00,2022-05-10 11:30:00+00:00,sweep_reclaim,short,1863.688,1864.598,1861.8680000000004,0.9099999999998545,12,london,2022-05-10 11:30:00+00:00,1864.598,sl,0,-1.0,train,2022
2022-05-10 11:30:00+00:00,2022-05-10 11:45:00+00:00,sweep_reclaim,short,1862.988,1864.948,1859.068,1.9600000000000364,12,london,2022-05-10 13:15:00+00:00,1864.948,sl,6,-1.0,train,2022
2022-05-11 10:00:00+00:00,2022-05-11 10:15:00+00:00,rejection,short,1838.108,1838.768,1836.7879999999998,0.6600000000000819,12,london,2022-05-11 10:30:00+00:00,1836.7879999999998,tp,1,2.0,train,2022
2022-05-13 07:45:00+00:00,2022-05-13 08:00:00+00:00,rejection,short,1822.408,1823.678,1819.8679999999995,1.2700000000002092,12,london,2022-05-13 08:00:00+00:00,1823.678,sl,0,-1.0,train,2022
2022-05-13 09:00:00+00:00,2022-05-13 09:15:00+00:00,rejection,short,1824.068,1825.383,1821.4379999999999,1.3150000000000546,12,london,2022-05-13 10:15:00+00:00,1825.383,sl,4,-1.0,train,2022
2022-05-13 10:30:00+00:00,2022-05-13 10:45:00+00:00,sweep_reclaim,short,1825.477,1826.048,1824.3350000000003,0.5709999999999127,12,london,2022-05-13 10:45:00+00:00,1826.048,sl,0,-1.0,train,2022
2022-05-13 10:45:00+00:00,2022-05-13 11:00:00+00:00,sweep_reclaim,short,1826.018,1826.568,1824.9180000000001,0.5499999999999545,12,london,2022-05-13 11:00:00+00:00,1824.9180000000001,tp,0,2.0,train,2022
2022-05-13 12:00:00+00:00,2022-05-13 12:15:00+00:00,sweep_reclaim,short,1826.248,1827.128,1824.4880000000003,0.8799999999998818,12,london,2022-05-13 12:15:00+00:00,1827.128,sl,0,-1.0,train,2022
2022-05-13 12:15:00+00:00,2022-05-13 12:30:00+00:00,rejection,short,1826.013,1827.438,1823.1629999999996,1.425000000000182,12,london,2022-05-13 12:30:00+00:00,1827.438,sl,0,-1.0,train,2022
2022-05-13 12:45:00+00:00,2022-05-13 13:00:00+00:00,rejection,short,1826.643,1828.418,1823.0930000000003,1.7749999999998636,12,london,2022-05-13 13:30:00+00:00,1823.0930000000003,tp,2,2.0,train,2022
2022-05-16 08:15:00+00:00,2022-05-16 08:30:00+00:00,sweep_reclaim,short,1815.425,1816.198,1813.8789999999997,0.7730000000001382,12,london,2022-05-16 08:45:00+00:00,1816.198,sl,1,-1.0,train,2022
2022-05-16 09:00:00+00:00,2022-05-16 09:15:00+00:00,sweep_reclaim,short,1813.958,1816.518,1808.8380000000002,2.5599999999999454,12,london,2022-05-16 11:45:00+00:00,1808.8380000000002,tp,10,2.0,train,2022
2022-05-18 12:30:00+00:00,2022-05-18 12:45:00+00:00,rejection,short,1809.638,1810.298,1808.3179999999998,0.6600000000000819,12,london,2022-05-18 12:45:00+00:00,1810.298,sl,0,-1.0,train,2022
2022-05-18 12:45:00+00:00,2022-05-18 13:00:00+00:00,rejection,short,1809.393,1810.998,1806.183,1.6050000000000182,12,london,2022-05-18 13:00:00+00:00,1810.998,sl,0,-1.0,train,2022
2022-05-19 08:30:00+00:00,2022-05-19 08:45:00+00:00,rejection,short,1814.455,1815.908,1811.549,1.4529999999999745,12,london,2022-05-19 08:45:00+00:00,1815.908,sl,0,-1.0,train,2022
2022-05-19 10:45:00+00:00,2022-05-19 11:00:00+00:00,rejection,short,1815.595,1817.613,1811.559,2.018000000000029,12,london,2022-05-19 14:00:00+00:00,1812.933,timeout,12,1.3191278493557959,train,2022
2022-05-20 08:00:00+00:00,2022-05-20 08:15:00+00:00,rejection,long,1841.733,1841.034,1843.1309999999996,0.6989999999998417,12,london,2022-05-20 08:15:00+00:00,1841.034,sl,0,-1.0,train,2022
2022-05-20 09:30:00+00:00,2022-05-20 09:45:00+00:00,rejection,long,1837.278,1837.034,1837.7659999999998,0.2439999999999145,12,london,2022-05-20 09:45:00+00:00,1837.034,sl,0,-1.0,train,2022
2022-05-20 12:15:00+00:00,2022-05-20 12:30:00+00:00,rejection,long,1842.643,1841.754,1844.4210000000003,0.8890000000001237,12,london,2022-05-20 12:45:00+00:00,1844.4210000000003,tp,1,2.0,train,2022
2022-05-23 08:15:00+00:00,2022-05-23 08:30:00+00:00,rejection,long,1851.808,1848.524,1858.3760000000002,3.2840000000001055,12,london,2022-05-23 09:00:00+00:00,1848.524,sl,2,-1.0,train,2022
2022-05-23 10:00:00+00:00,2022-05-23 10:15:00+00:00,rejection,long,1852.768,1850.948,1856.408,1.8199999999999363,12,london,2022-05-23 13:00:00+00:00,1856.408,tp,11,2.0,train,2022
2022-05-24 12:30:00+00:00,2022-05-24 12:45:00+00:00,rejection,long,1855.748,1855.238,1856.768,0.5099999999999909,12,london,2022-05-24 12:45:00+00:00,1855.238,sl,0,-1.0,train,2022
2022-05-25 08:30:00+00:00,2022-05-25 08:45:00+00:00,rejection,long,1862.758,1861.888,1864.4980000000003,0.8700000000001182,12,london,2022-05-25 09:00:00+00:00,1861.888,sl,1,-1.0,train,2022
2022-05-26 09:15:00+00:00,2022-05-26 09:30:00+00:00,rejection,short,1849.488,1852.928,1842.608,3.4400000000000546,12,london,2022-05-26 12:30:00+00:00,1844.393,timeout,12,1.4811046511627752,train,2022
2022-05-26 12:45:00+00:00,2022-05-26 13:00:00+00:00,rejection,short,1844.068,1846.028,1840.148,1.9600000000000364,12,london,2022-05-26 13:45:00+00:00,1846.028,sl,3,-1.0,train,2022
2022-05-31 10:15:00+00:00,2022-05-31 10:30:00+00:00,rejection,short,1851.248,1851.443,1850.8580000000002,0.19499999999993634,12,london,2022-05-31 10:30:00+00:00,1851.443,sl,0,-1.0,train,2022
2022-05-31 11:15:00+00:00,2022-05-31 11:30:00+00:00,rejection,short,1852.143,1852.378,1851.6730000000002,0.23499999999989996,12,london,2022-05-31 11:30:00+00:00,1852.378,sl,0,-1.0,train,2022
2022-06-01 08:00:00+00:00,2022-06-01 08:15:00+00:00,rejection,short,1834.498,1836.453,1830.5880000000002,1.9549999999999272,12,london,2022-06-01 09:15:00+00:00,1836.453,sl,4,-1.0,train,2022
2022-06-01 09:45:00+00:00,2022-06-01 10:00:00+00:00,rejection,short,1836.558,1836.858,1835.958,0.2999999999999545,12,london,2022-06-01 10:00:00+00:00,1836.858,sl,0,-1.0,train,2022
2022-06-01 10:00:00+00:00,2022-06-01 10:15:00+00:00,rejection,short,1836.688,1837.068,1835.9280000000003,0.37999999999988177,12,london,2022-06-01 10:15:00+00:00,1837.068,sl,0,-1.0,train,2022
2022-06-01 11:15:00+00:00,2022-06-01 11:30:00+00:00,compression_expansion,short,1834.008,1837.563,1826.898,3.5550000000000637,12,london,2022-06-01 14:30:00+00:00,1835.178,timeout,12,-0.3291139240506475,train,2022
2022-06-03 07:15:00+00:00,2022-06-03 07:30:00+00:00,rejection,long,1869.548,1868.888,1870.8680000000002,0.6600000000000819,12,london,2022-06-03 07:45:00+00:00,1870.8680000000002,tp,1,2.0,train,2022
2022-06-03 10:45:00+00:00,2022-06-03 11:00:00+00:00,sweep_reclaim,long,1868.098,1867.808,1868.6779999999999,0.2899999999999636,12,london,2022-06-03 11:00:00+00:00,1868.6779999999999,tp,0,2.0,train,2022
2022-06-03 11:15:00+00:00,2022-06-03 11:30:00+00:00,rejection,long,1868.504,1867.688,1870.1359999999995,0.8159999999998035,12,london,2022-06-03 11:30:00+00:00,1867.688,sl,0,-1.0,train,2022
2022-06-03 11:45:00+00:00,2022-06-03 12:00:00+00:00,sweep_reclaim,long,1867.898,1867.214,1869.2659999999998,0.6839999999999691,12,london,2022-06-03 12:00:00+00:00,1867.214,sl,0,-1.0,train,2022
2022-06-06 10:30:00+00:00,2022-06-06 10:45:00+00:00,sweep_reclaim,short,1855.093,1855.658,1853.9630000000004,0.5649999999998272,12,london,2022-06-06 11:00:00+00:00,1855.658,sl,1,-1.0,train,2022
2022-06-07 08:00:00+00:00,2022-06-07 08:15:00+00:00,rejection,short,1838.568,1839.888,1835.928,1.3199999999999363,12,london,2022-06-07 08:45:00+00:00,1839.888,sl,2,-1.0,train,2022
2022-06-07 09:30:00+00:00,2022-06-07 09:45:00+00:00,rejection,short,1840.503,1841.014,1839.481,0.5109999999999673,12,london,2022-06-07 09:45:00+00:00,1839.481,tp,0,2.0,train,2022
2022-06-08 07:00:00+00:00,2022-06-08 07:15:00+00:00,compression_expansion,long,1853.268,1851.508,1856.788,1.759999999999991,12,london,2022-06-08 07:15:00+00:00,1851.508,sl,0,-1.0,train,2022
2022-06-08 07:45:00+00:00,2022-06-08 08:00:00+00:00,rejection,long,1850.678,1849.914,1852.2060000000004,0.7640000000001237,12,london,2022-06-08 08:00:00+00:00,1849.914,sl,0,-1.0,train,2022
2022-06-08 08:00:00+00:00,2022-06-08 08:15:00+00:00,sweep_reclaim,long,1850.333,1850.203,1850.5930000000003,0.13000000000010914,12,london,2022-06-08 08:15:00+00:00,1850.203,sl,0,-1.0,train,2022
2022-06-08 08:15:00+00:00,2022-06-08 08:30:00+00:00,sweep_reclaim,long,1849.538,1849.388,1849.8380000000002,0.15000000000009095,12,london,2022-06-08 08:30:00+00:00,1849.388,sl,0,-1.0,train,2022
2022-06-08 09:00:00+00:00,2022-06-08 09:15:00+00:00,rejection,long,1849.458,1848.798,1850.7780000000002,0.6600000000000819,12,london,2022-06-08 09:30:00+00:00,1848.798,sl,1,-1.0,train,2022
2022-06-08 12:30:00+00:00,2022-06-08 12:45:00+00:00,rejection,short,1847.498,1848.318,1845.8580000000002,0.8199999999999363,12,london,2022-06-08 12:45:00+00:00,1848.318,sl,0,-1.0,train,2022
2022-06-08 12:45:00+00:00,2022-06-08 13:00:00+00:00,rejection,short,1847.988,1848.058,1847.8480000000002,0.06999999999993634,12,london,2022-06-08 13:00:00+00:00,1848.058,sl,0,-1.0,train,2022
2022-06-09 07:15:00+00:00,2022-06-09 07:30:00+00:00,compression_expansion,long,1852.634,1852.408,1853.0860000000002,0.22600000000011278,12,london,2022-06-09 07:30:00+00:00,1852.408,sl,0,-1.0,train,2022
2022-06-09 08:15:00+00:00,2022-06-09 08:30:00+00:00,rejection,long,1852.233,1851.363,1853.9729999999997,0.8699999999998909,12,london,2022-06-09 09:00:00+00:00,1851.363,sl,2,-1.0,train,2022
2022-06-10 07:00:00+00:00,2022-06-10 07:15:00+00:00,rejection,short,1846.594,1846.848,1846.0860000000002,0.2539999999999054,12,london,2022-06-10 07:15:00+00:00,1846.0860000000002,tp,0,2.0,train,2022
2022-06-10 07:30:00+00:00,2022-06-10 07:45:00+00:00,rejection,short,1845.878,1847.463,1842.7079999999999,1.5850000000000364,12,london,2022-06-10 08:00:00+00:00,1847.463,sl,1,-1.0,train,2022
2022-06-10 09:30:00+00:00,2022-06-10 09:45:00+00:00,rejection,short,1846.198,1846.328,1845.9380000000003,0.12999999999988177,12,london,2022-06-10 09:45:00+00:00,1845.9380000000003,tp,0,2.0,train,2022
2022-06-10 10:45:00+00:00,2022-06-10 11:00:00+00:00,rejection,short,1844.788,1846.063,1842.2379999999998,1.275000000000091,12,london,2022-06-10 14:00:00+00:00,1844.913,timeout,12,-0.09803921568626751,train,2022
2022-06-13 07:00:00+00:00,2022-06-13 07:15:00+00:00,compression_expansion,long,1876.163,1874.938,1878.6129999999998,1.224999999999909,12,london,2022-06-13 07:15:00+00:00,1874.938,sl,0,-1.0,train,2022
2022-06-13 09:45:00+00:00,2022-06-13 10:00:00+00:00,sweep_reclaim,long,1862.988,1860.613,1867.738,2.375,12,london,2022-06-13 13:00:00+00:00,1865.518,timeout,12,1.0652631578947254,train,2022
2022-06-14 08:15:00+00:00,2022-06-14 08:30:00+00:00,sweep_reclaim,short,1823.528,1824.728,1821.128,1.2000000000000455,12,london,2022-06-14 08:45:00+00:00,1824.728,sl,1,-1.0,train,2022
2022-06-14 08:45:00+00:00,2022-06-14 09:00:00+00:00,rejection,short,1823.818,1825.243,1820.968,1.4249999999999545,12,london,2022-06-14 09:30:00+00:00,1825.243,sl,2,-1.0,train,2022
2022-06-14 10:00:00+00:00,2022-06-14 10:15:00+00:00,sweep_reclaim,short,1826.478,1826.838,1825.7580000000003,0.35999999999989996,12,london,2022-06-14 10:15:00+00:00,1826.838,sl,0,-1.0,train,2022
2022-06-14 10:15:00+00:00,2022-06-14 10:30:00+00:00,sweep_reclaim,short,1826.888,1827.188,1826.2879999999996,0.3000000000001819,12,london,2022-06-14 10:30:00+00:00,1827.188,sl,0,-1.0,train,2022
2022-06-15 07:15:00+00:00,2022-06-15 07:30:00+00:00,sweep_reclaim,short,1809.108,1811.168,1804.988,2.0599999999999454,12,london,2022-06-15 08:00:00+00:00,1811.168,sl,2,-1.0,train,2022
2022-06-15 10:30:00+00:00,2022-06-15 10:45:00+00:00,rejection,short,1815.204,1817.618,1810.376,2.4139999999999873,12,london,2022-06-15 12:45:00+00:00,1817.618,sl,8,-1.0,train,2022
2022-06-16 08:15:00+00:00,2022-06-16 08:30:00+00:00,rejection,long,1833.318,1832.768,1834.418,0.5499999999999545,12,london,2022-06-16 08:30:00+00:00,1832.768,sl,0,-1.0,train,2022
2022-06-16 08:30:00+00:00,2022-06-16 08:45:00+00:00,rejection,long,1832.928,1832.438,1833.9080000000001,0.4900000000000091,12,london,2022-06-16 08:45:00+00:00,1832.438,sl,0,-1.0,train,2022
2022-06-16 09:00:00+00:00,2022-06-16 09:15:00+00:00,sweep_reclaim,long,1831.048,1830.618,1831.9080000000001,0.43000000000006366,12,london,2022-06-16 09:15:00+00:00,1830.618,sl,0,-1.0,train,2022
2022-06-16 09:15:00+00:00,2022-06-16 09:30:00+00:00,sweep_reclaim,long,1830.902,1830.108,1832.4900000000002,0.7940000000000964,12,london,2022-06-16 09:30:00+00:00,1830.108,sl,0,-1.0,train,2022
2022-06-16 09:30:00+00:00,2022-06-16 09:45:00+00:00,sweep_reclaim,long,1830.988,1829.918,1833.1280000000004,1.0700000000001637,12,london,2022-06-16 10:30:00+00:00,1833.1280000000004,tp,3,2.0,train,2022
2022-06-16 12:15:00+00:00,2022-06-16 12:30:00+00:00,rejection,long,1831.328,1829.978,1834.0279999999998,1.349999999999909,12,london,2022-06-16 13:45:00+00:00,1829.978,sl,5,-1.0,train,2022
2022-06-17 07:45:00+00:00,2022-06-17 08:00:00+00:00,sweep_reclaim,long,1847.398,1847.328,1847.5379999999998,0.06999999999993634,12,london,2022-06-17 08:00:00+00:00,1847.328,sl,0,-1.0,train,2022
2022-06-17 08:15:00+00:00,2022-06-17 08:30:00+00:00,sweep_reclaim,long,1846.758,1845.778,1848.718,0.9800000000000182,12,london,2022-06-17 09:00:00+00:00,1845.778,sl,2,-1.0,train,2022
2022-06-17 09:45:00+00:00,2022-06-17 10:00:00+00:00,rejection,long,1844.513,1843.908,1845.723,0.6050000000000182,12,london,2022-06-17 10:00:00+00:00,1843.908,sl,0,-1.0,train,2022
2022-06-17 10:30:00+00:00,2022-06-17 10:45:00+00:00,rejection,long,1844.718,1842.628,1848.8980000000004,2.0900000000001455,12,london,2022-06-17 10:45:00+00:00,1842.628,sl,0,-1.0,train,2022
2022-06-20 11:30:00+00:00,2022-06-20 11:45:00+00:00,rejection,long,1844.598,1842.878,1848.038,1.7200000000000273,12,london,2022-06-20 12:00:00+00:00,1842.878,sl,1,-1.0,train,2022
2022-06-21 07:15:00+00:00,2022-06-21 07:30:00+00:00,sweep_reclaim,short,1838.698,1839.058,1837.9780000000003,0.35999999999989996,12,london,2022-06-21 07:30:00+00:00,1839.058,sl,0,-1.0,train,2022
2022-06-21 07:45:00+00:00,2022-06-21 08:00:00+00:00,sweep_reclaim,short,1840.568,1841.158,1839.3880000000001,0.5899999999999181,12,london,2022-06-21 08:00:00+00:00,1841.158,sl,0,-1.0,train,2022
2022-06-21 10:15:00+00:00,2022-06-21 10:30:00+00:00,rejection,long,1840.373,1839.643,1841.833,0.7300000000000182,12,london,2022-06-21 11:00:00+00:00,1839.643,sl,2,-1.0,train,2022
2022-06-21 11:45:00+00:00,2022-06-21 12:00:00+00:00,rejection,long,1838.753,1838.658,1838.943,0.09500000000002728,12,london,2022-06-21 12:00:00+00:00,1838.658,sl,0,-1.0,train,2022
2022-06-21 12:00:00+00:00,2022-06-21 12:15:00+00:00,sweep_reclaim,long,1838.898,1838.013,1840.668,0.8849999999999909,12,london,2022-06-21 12:15:00+00:00,1838.013,sl,0,-1.0,train,2022
2022-06-22 07:15:00+00:00,2022-06-22 07:30:00+00:00,compression_expansion,short,1828.653,1831.768,1822.423,3.115000000000009,12,london,2022-06-22 10:30:00+00:00,1827.283,timeout,12,0.43980738362764504,train,2022
2022-06-22 12:45:00+00:00,2022-06-22 13:00:00+00:00,compression_expansion,short,1825.013,1826.678,1821.6829999999995,1.665000000000191,12,london,2022-06-22 14:00:00+00:00,1826.678,sl,4,-1.0,train,2022
2022-06-23 07:00:00+00:00,2022-06-23 07:15:00+00:00,rejection,long,1836.968,1836.578,1837.7480000000003,0.39000000000010004,12,london,2022-06-23 07:15:00+00:00,1836.578,sl,0,-1.0,train,2022
2022-06-23 07:15:00+00:00,2022-06-23 07:30:00+00:00,sweep_reclaim,long,1836.768,1836.088,1838.1280000000002,0.6800000000000637,12,london,2022-06-23 07:30:00+00:00,1836.088,sl,0,-1.0,train,2022
2022-06-23 08:00:00+00:00,2022-06-23 08:15:00+00:00,sweep_reclaim,long,1835.678,1835.298,1836.4380000000003,0.38000000000010914,12,london,2022-06-23 08:15:00+00:00,1835.298,sl,0,-1.0,train,2022
2022-06-23 12:15:00+00:00,2022-06-23 12:30:00+00:00,compression_expansion,short,1831.293,1833.578,1826.7229999999997,2.285000000000082,12,london,2022-06-23 12:45:00+00:00,1833.578,sl,1,-1.0,train,2022
2022-06-24 08:00:00+00:00,2022-06-24 08:15:00+00:00,rejection,short,1823.426,1825.158,1819.962,1.731999999999971,12,london,2022-06-24 09:00:00+00:00,1825.158,sl,3,-1.0,train,2022
2022-06-24 10:45:00+00:00,2022-06-24 11:00:00+00:00,rejection,short,1824.983,1826.088,1822.773,1.1050000000000182,12,london,2022-06-24 11:45:00+00:00,1822.773,tp,3,2.0,train,2022
2022-06-24 12:15:00+00:00,2022-06-24 12:30:00+00:00,rejection,short,1825.158,1826.408,1822.658,1.25,12,london,2022-06-24 12:45:00+00:00,1826.408,sl,1,-1.0,train,2022
2022-06-27 11:00:00+00:00,2022-06-27 11:15:00+00:00,rejection,long,1835.048,1834.598,1835.948,0.4500000000000455,12,london,2022-06-27 11:30:00+00:00,1834.598,sl,1,-1.0,train,2022
2022-06-27 12:45:00+00:00,2022-06-27 13:00:00+00:00,rejection,long,1836.508,1834.773,1839.9780000000003,1.7350000000001273,12,london,2022-06-27 13:15:00+00:00,1834.773,sl,1,-1.0,train,2022
2022-06-28 11:45:00+00:00,2022-06-28 12:00:00+00:00,compression_expansion,short,1825.683,1826.878,1823.2930000000001,1.1949999999999363,12,london,2022-06-28 13:15:00+00:00,1826.878,sl,5,-1.0,train,2022
2022-06-29 08:00:00+00:00,2022-06-29 08:15:00+00:00,rejection,short,1818.978,1819.598,1817.7380000000003,0.6199999999998909,12,london,2022-06-29 08:15:00+00:00,1819.598,sl,0,-1.0,train,2022
2022-06-29 11:15:00+00:00,2022-06-29 11:30:00+00:00,rejection,short,1820.708,1820.888,1820.3480000000004,0.1799999999998363,12,london,2022-06-29 11:30:00+00:00,1820.888,sl,0,-1.0,train,2022
2022-06-29 11:30:00+00:00,2022-06-29 11:45:00+00:00,rejection,short,1820.638,1821.648,1818.618,1.009999999999991,12,london,2022-06-29 11:45:00+00:00,1821.648,sl,0,-1.0,train,2022
2022-06-29 12:15:00+00:00,2022-06-29 12:30:00+00:00,rejection,short,1820.498,1822.278,1816.938,1.7799999999999727,12,london,2022-06-29 13:45:00+00:00,1816.938,tp,5,2.0,train,2022
2022-06-30 08:00:00+00:00,2022-06-30 08:15:00+00:00,sweep_reclaim,short,1818.873,1820.388,1815.8430000000003,1.5149999999998727,12,london,2022-06-30 09:00:00+00:00,1820.388,sl,3,-1.0,train,2022
2022-07-01 07:15:00+00:00,2022-07-01 07:30:00+00:00,rejection,short,1806.194,1806.964,1804.654,0.7699999999999818,12,london,2022-07-01 07:45:00+00:00,1804.654,tp,1,2.0,train,2022
2022-07-01 08:45:00+00:00,2022-07-01 09:00:00+00:00,rejection,short,1805.398,1806.868,1802.4579999999999,1.4700000000000273,12,london,2022-07-01 11:00:00+00:00,1802.4579999999999,tp,8,2.0,train,2022
2022-07-01 12:30:00+00:00,2022-07-01 12:45:00+00:00,rejection,short,1800.498,1802.998,1795.498,2.5,12,london,2022-07-01 12:45:00+00:00,1795.498,tp,0,2.0,train,2022
2022-07-05 09:00:00+00:00,2022-07-05 09:15:00+00:00,rejection,long,1811.598,1808.288,1818.2179999999998,3.3099999999999454,12,london,2022-07-05 12:15:00+00:00,1810.668,timeout,12,-0.28096676737162507,train,2022
2022-07-06 07:00:00+00:00,2022-07-06 07:15:00+00:00,sweep_reclaim,short,1769.128,1769.558,1768.2679999999998,0.43000000000006366,12,london,2022-07-06 07:15:00+00:00,1769.558,sl,0,-1.0,train,2022
2022-07-06 07:15:00+00:00,2022-07-06 07:30:00+00:00,sweep_reclaim,short,1769.468,1769.938,1768.528,0.4700000000000273,12,london,2022-07-06 07:45:00+00:00,1769.938,sl,1,-1.0,train,2022
2022-07-06 10:15:00+00:00,2022-07-06 10:30:00+00:00,rejection,short,1770.994,1772.068,1768.8459999999998,1.0740000000000691,12,london,2022-07-06 11:15:00+00:00,1768.8459999999998,tp,3,2.0,train,2022
2022-07-06 11:45:00+00:00,2022-07-06 12:00:00+00:00,rejection,short,1767.008,1769.568,1761.8880000000001,2.5599999999999454,12,london,2022-07-06 14:00:00+00:00,1769.568,sl,8,-1.0,train,2022
2022-07-07 07:00:00+00:00,2022-07-07 07:15:00+00:00,rejection,short,1739.478,1740.478,1737.478,1.0,12,london,2022-07-07 07:30:00+00:00,1740.478,sl,1,-1.0,train,2022
2022-07-07 08:15:00+00:00,2022-07-07 08:30:00+00:00,rejection,short,1740.474,1742.414,1736.5939999999998,1.9400000000000546,12,london,2022-07-07 09:00:00+00:00,1736.5939999999998,tp,2,2.0,train,2022
2022-07-07 10:30:00+00:00,2022-07-07 10:45:00+00:00,sweep_reclaim,short,1745.658,1746.458,1744.0579999999995,0.8000000000001819,12,london,2022-07-07 10:45:00+00:00,1746.458,sl,0,-1.0,train,2022
2022-07-07 11:30:00+00:00,2022-07-07 11:45:00+00:00,sweep_reclaim,short,1744.458,1746.808,1739.7580000000003,2.349999999999909,12,london,2022-07-07 12:30:00+00:00,1746.808,sl,3,-1.0,train,2022
2022-07-07 12:30:00+00:00,2022-07-07 12:45:00+00:00,sweep_reclaim,short,1745.685,1746.674,1743.7069999999999,0.9890000000000327,12,london,2022-07-07 12:45:00+00:00,1746.674,sl,0,-1.0,train,2022
2022-07-08 12:30:00+00:00,2022-07-08 12:45:00+00:00,rejection,short,1740.044,1742.068,1735.9960000000003,2.0239999999998872,12,london,2022-07-08 12:45:00+00:00,1742.068,sl,0,-1.0,train,2022
2022-07-11 08:00:00+00:00,2022-07-11 08:15:00+00:00,rejection,short,1740.228,1742.278,1736.1280000000002,2.0499999999999545,12,london,2022-07-11 09:30:00+00:00,1742.278,sl,5,-1.0,train,2022
2022-07-11 09:45:00+00:00,2022-07-11 10:00:00+00:00,rejection,short,1741.444,1742.484,1739.364,1.0399999999999636,12,london,2022-07-11 10:15:00+00:00,1742.484,sl,1,-1.0,train,2022
2022-07-11 10:15:00+00:00,2022-07-11 10:30:00+00:00,rejection,short,1741.938,1743.374,1739.0660000000003,1.4359999999999218,12,london,2022-07-11 13:30:00+00:00,1740.114,timeout,12,1.2701949860725408,train,2022
2022-07-12 08:00:00+00:00,2022-07-12 08:15:00+00:00,rejection,short,1732.158,1735.548,1725.3779999999997,3.3900000000001,12,london,2022-07-12 08:15:00+00:00,1725.3779999999997,tp,0,2.0,train,2022
2022-07-12 09:45:00+00:00,2022-07-12 10:00:00+00:00,rejection,short,1734.908,1737.014,1730.696,2.1059999999999945,12,london,2022-07-12 11:15:00+00:00,1730.696,tp,5,2.0,train,2022
2022-07-12 12:15:00+00:00,2022-07-12 12:30:00+00:00,compression_expansion,short,1726.314,1730.018,1718.9060000000002,3.703999999999951,12,london,2022-07-12 13:00:00+00:00,1730.018,sl,2,-1.0,train,2022
2022-07-13 08:45:00+00:00,2022-07-13 09:00:00+00:00,rejection,short,1727.238,1727.804,1726.106,0.5660000000000309,12,london,2022-07-13 09:00:00+00:00,1727.804,sl,0,-1.0,train,2022
2022-07-13 09:00:00+00:00,2022-07-13 09:15:00+00:00,rejection,short,1727.364,1728.618,1724.8560000000002,1.2539999999999054,12,london,2022-07-13 09:45:00+00:00,1728.618,sl,2,-1.0,train,2022
2022-07-13 09:45:00+00:00,2022-07-13 10:00:00+00:00,sweep_reclaim,short,1727.494,1728.338,1725.8059999999998,0.8440000000000509,12,london,2022-07-13 10:00:00+00:00,1728.338,sl,0,-1.0,train,2022
2022-07-13 10:45:00+00:00,2022-07-13 11:00:00+00:00,rejection,short,1726.914,1728.648,1723.4460000000001,1.7339999999999236,12,london,2022-07-13 13:30:00+00:00,1723.4460000000001,tp,10,2.0,train,2022
2022-07-14 11:00:00+00:00,2022-07-14 11:15:00+00:00,rejection,short,1731.714,1733.464,1728.214,1.75,12,london,2022-07-14 12:00:00+00:00,1728.214,tp,3,2.0,train,2022
2022-07-14 12:00:00+00:00,2022-07-14 12:15:00+00:00,compression_expansion,short,1728.304,1730.584,1723.7440000000001,2.2799999999999727,12,london,2022-07-14 13:30:00+00:00,1723.7440000000001,tp,5,2.0,train,2022
2022-07-15 07:00:00+00:00,2022-07-15 07:15:00+00:00,rejection,short,1711.268,1711.774,1710.2560000000003,0.5059999999998581,12,london,2022-07-15 07:15:00+00:00,1710.2560000000003,tp,0,2.0,train,2022
2022-07-15 08:00:00+00:00,2022-07-15 08:15:00+00:00,rejection,short,1710.398,1711.634,1707.9259999999997,1.2360000000001037,12,london,2022-07-15 08:30:00+00:00,1711.634,sl,1,-1.0,train,2022
2022-07-15 09:30:00+00:00,2022-07-15 09:45:00+00:00,sweep_reclaim,short,1714.858,1715.578,1713.418,0.7200000000000273,12,london,2022-07-15 09:45:00+00:00,1713.418,tp,0,2.0,train,2022
2022-07-15 11:30:00+00:00,2022-07-15 11:45:00+00:00,rejection,short,1708.824,1709.678,1707.116,0.8540000000000418,12,london,2022-07-15 11:45:00+00:00,1709.678,sl,0,-1.0,train,2022
2022-07-19 08:00:00+00:00,2022-07-19 08:15:00+00:00,rejection,short,1706.768,1707.358,1705.5880000000002,0.5899999999999181,12,london,2022-07-19 08:15:00+00:00,1705.5880000000002,tp,0,2.0,train,2022
2022-07-19 08:45:00+00:00,2022-07-19 09:00:00+00:00,rejection,short,1706.204,1706.868,1704.876,0.6639999999999873,12,london,2022-07-19 09:15:00+00:00,1706.868,sl,1,-1.0,train,2022
2022-07-19 10:15:00+00:00,2022-07-19 10:30:00+00:00,rejection,short,1707.134,1708.098,1705.2060000000001,0.9639999999999418,12,london,2022-07-19 10:45:00+00:00,1708.098,sl,1,-1.0,train,2022
2022-07-19 11:45:00+00:00,2022-07-19 12:00:00+00:00,sweep_reclaim,short,1707.734,1709.714,1703.774,1.9800000000000182,12,london,2022-07-19 12:15:00+00:00,1709.714,sl,1,-1.0,train,2022
2022-07-21 07:00:00+00:00,2022-07-21 07:15:00+00:00,rejection,short,1694.647,1695.708,1692.5249999999996,1.0610000000001492,12,london,2022-07-21 07:30:00+00:00,1692.5249999999996,tp,1,2.0,train,2022
2022-07-21 07:45:00+00:00,2022-07-21 08:00:00+00:00,rejection,short,1694.518,1695.388,1692.7780000000002,0.8699999999998909,12,london,2022-07-21 08:15:00+00:00,1692.7780000000002,tp,1,2.0,train,2022
2022-07-22 08:00:00+00:00,2022-07-22 08:15:00+00:00,rejection,long,1717.248,1717.036,1717.672,0.21199999999998909,12,london,2022-07-22 08:15:00+00:00,1717.036,sl,0,-1.0,train,2022
2022-07-22 11:00:00+00:00,2022-07-22 11:15:00+00:00,sweep_reclaim,long,1713.708,1713.246,1714.632,0.4619999999999891,12,london,2022-07-22 11:30:00+00:00,1713.246,sl,1,-1.0,train,2022
2022-07-25 11:00:00+00:00,2022-07-25 11:15:00+00:00,rejection,long,1727.648,1726.378,1730.1879999999999,1.2699999999999818,12,london,2022-07-25 11:15:00+00:00,1726.378,sl,0,-1.0,train,2022
2022-07-26 09:30:00+00:00,2022-07-26 09:45:00+00:00,rejection,long,1726.094,1725.574,1727.134,0.5199999999999818,12,london,2022-07-26 09:45:00+00:00,1725.574,sl,0,-1.0,train,2022
2022-07-26 12:30:00+00:00,2022-07-26 12:45:00+00:00,rejection,long,1722.698,1721.248,1725.5980000000002,1.4500000000000455,12,london,2022-07-26 13:00:00+00:00,1721.248,sl,1,-1.0,train,2022
2022-07-27 07:30:00+00:00,2022-07-27 07:45:00+00:00,sweep_reclaim,short,1718.548,1719.894,1715.856,1.3460000000000036,12,london,2022-07-27 08:00:00+00:00,1719.894,sl,1,-1.0,train,2022
2022-07-27 08:00:00+00:00,2022-07-27 08:15:00+00:00,sweep_reclaim,short,1719.178,1719.908,1717.7180000000005,0.7299999999997908,12,london,2022-07-27 08:30:00+00:00,1717.7180000000005,tp,1,2.0,train,2022
2022-07-27 10:30:00+00:00,2022-07-27 10:45:00+00:00,rejection,short,1716.838,1718.078,1714.358,1.240000000000009,12,london,2022-07-27 12:00:00+00:00,1714.358,tp,5,2.0,train,2022
2022-07-27 12:00:00+00:00,2022-07-27 12:15:00+00:00,compression_expansion,short,1714.624,1717.098,1709.6760000000002,2.4739999999999327,12,london,2022-07-27 12:45:00+00:00,1717.098,sl,2,-1.0,train,2022
2022-07-28 08:30:00+00:00,2022-07-28 08:45:00+00:00,rejection,long,1738.934,1735.278,1746.2459999999999,3.655999999999949,12,london,2022-07-28 09:30:00+00:00,1735.278,sl,3,-1.0,train,2022
2022-07-28 12:15:00+00:00,2022-07-28 12:30:00+00:00,rejection,long,1736.374,1735.338,1738.4460000000001,1.0360000000000582,12,london,2022-07-28 13:00:00+00:00,1738.4460000000001,tp,2,2.0,train,2022
2022-07-29 07:00:00+00:00,2022-07-29 07:15:00+00:00,compression_expansion,long,1755.338,1754.578,1756.858,0.7599999999999909,12,london,2022-07-29 07:15:00+00:00,1754.578,sl,0,-1.0,train,2022
2022-07-29 08:15:00+00:00,2022-07-29 08:30:00+00:00,sweep_reclaim,long,1754.808,1754.124,1756.176,0.6839999999999691,12,london,2022-07-29 08:30:00+00:00,1754.124,sl,0,-1.0,train,2022
2022-07-29 09:00:00+00:00,2022-07-29 09:15:00+00:00,sweep_reclaim,long,1753.738,1753.154,1754.9060000000002,0.58400000000006,12,london,2022-07-29 09:15:00+00:00,1754.9060000000002,tp,0,2.0,train,2022
2022-07-29 11:15:00+00:00,2022-07-29 11:30:00+00:00,rejection,long,1762.824,1758.308,1771.8560000000002,4.516000000000076,12,london,2022-07-29 14:30:00+00:00,1765.304,timeout,12,0.5491585473870629,train,2022
2022-08-01 07:15:00+00:00,2022-08-01 07:30:00+00:00,sweep_reclaim,long,1762.508,1760.728,1766.068,1.7799999999999727,12,london,2022-08-01 10:30:00+00:00,1761.898,timeout,12,-0.3426966292135599,train,2022
2022-08-01 12:00:00+00:00,2022-08-01 12:15:00+00:00,rejection,long,1760.098,1759.552,1761.19,0.5460000000000491,12,london,2022-08-01 12:15:00+00:00,1759.552,sl,0,-1.0,train,2022
2022-08-01 12:15:00+00:00,2022-08-01 12:30:00+00:00,rejection,long,1760.168,1759.552,1761.3999999999999,0.6159999999999854,12,london,2022-08-01 13:00:00+00:00,1759.552,sl,2,-1.0,train,2022
2022-08-02 07:15:00+00:00,2022-08-02 07:30:00+00:00,rejection,long,1771.648,1771.344,1772.2559999999996,0.30399999999985994,12,london,2022-08-02 07:30:00+00:00,1772.2559999999996,tp,0,2.0,train,2022
2022-08-02 10:00:00+00:00,2022-08-02 10:15:00+00:00,rejection,long,1775.244,1775.194,1775.3439999999998,0.049999999999954525,12,london,2022-08-02 10:15:00+00:00,1775.194,sl,0,-1.0,train,2022
2022-08-02 10:30:00+00:00,2022-08-02 10:45:00+00:00,rejection,long,1774.238,1773.504,1775.7060000000004,0.734000000000151,12,london,2022-08-02 11:15:00+00:00,1773.504,sl,2,-1.0,train,2022
2022-08-03 10:45:00+00:00,2022-08-03 11:00:00+00:00,rejection,short,1767.578,1768.558,1765.618,0.9800000000000182,12,london,2022-08-03 11:00:00+00:00,1768.558,sl,0,-1.0,train,2022
2022-08-03 11:15:00+00:00,2022-08-03 11:30:00+00:00,sweep_reclaim,short,1768.885,1769.314,1768.0269999999998,0.4290000000000873,12,london,2022-08-03 11:30:00+00:00,1769.314,sl,0,-1.0,train,2022
2022-08-03 12:00:00+00:00,2022-08-03 12:15:00+00:00,rejection,long,1769.075,1767.758,1771.709,1.3170000000000073,12,london,2022-08-03 12:15:00+00:00,1767.758,sl,0,-1.0,train,2022
2022-08-04 12:15:00+00:00,2022-08-04 12:30:00+00:00,rejection,long,1771.094,1770.028,1773.226,1.066000000000031,12,london,2022-08-04 12:30:00+00:00,1773.226,tp,0,2.0,train,2022
2022-08-05 07:15:00+00:00,2022-08-05 07:30:00+00:00,rejection,long,1793.088,1791.908,1795.448,1.1800000000000637,12,london,2022-08-05 08:15:00+00:00,1791.908,sl,3,-1.0,train,2022
2022-08-05 10:45:00+00:00,2022-08-05 11:00:00+00:00,rejection,long,1792.348,1790.844,1795.3559999999998,1.5039999999999054,12,london,2022-08-05 12:15:00+00:00,1790.844,sl,5,-1.0,train,2022
2022-08-09 09:45:00+00:00,2022-08-09 10:00:00+00:00,rejection,long,1784.798,1783.038,1788.318,1.759999999999991,12,london,2022-08-09 13:00:00+00:00,1788.318,tp,12,2.0,train,2022
2022-08-10 07:45:00+00:00,2022-08-10 08:00:00+00:00,sweep_reclaim,long,1792.448,1792.214,1792.9160000000004,0.23400000000015098,12,london,2022-08-10 08:00:00+00:00,1792.214,sl,0,-1.0,train,2022
2022-08-10 08:45:00+00:00,2022-08-10 09:00:00+00:00,sweep_reclaim,long,1792.418,1791.384,1794.4859999999996,1.0339999999998781,12,london,2022-08-10 09:30:00+00:00,1794.4859999999996,tp,2,2.0,train,2022
2022-08-12 08:00:00+00:00,2022-08-12 08:15:00+00:00,rejection,short,1787.228,1788.004,1785.6760000000004,0.7759999999998399,12,london,2022-08-12 08:15:00+00:00,1788.004,sl,0,-1.0,train,2022
2022-08-12 08:15:00+00:00,2022-08-12 08:30:00+00:00,rejection,short,1787.408,1788.527,1785.1699999999996,1.1190000000001419,12,london,2022-08-12 08:45:00+00:00,1788.527,sl,1,-1.0,train,2022
2022-08-12 08:45:00+00:00,2022-08-12 09:00:00+00:00,rejection,short,1787.654,1788.634,1785.694,0.9800000000000182,12,london,2022-08-12 10:00:00+00:00,1788.634,sl,4,-1.0,train,2022
2022-08-15 08:45:00+00:00,2022-08-15 09:00:00+00:00,sweep_reclaim,long,1797.548,1796.888,1798.8680000000002,0.6600000000000819,12,london,2022-08-15 09:00:00+00:00,1796.888,sl,0,-1.0,train,2022
2022-08-15 09:45:00+00:00,2022-08-15 10:00:00+00:00,sweep_reclaim,long,1795.675,1795.278,1796.4689999999998,0.3969999999999345,12,london,2022-08-15 10:00:00+00:00,1795.278,sl,0,-1.0,train,2022
2022-08-15 10:00:00+00:00,2022-08-15 10:15:00+00:00,rejection,long,1796.088,1794.628,1799.008,1.4600000000000364,12,london,2022-08-15 10:45:00+00:00,1794.628,sl,2,-1.0,train,2022
2022-08-16 07:00:00+00:00,2022-08-16 07:15:00+00:00,rejection,short,1778.344,1779.348,1776.3360000000002,1.0039999999999054,12,london,2022-08-16 07:45:00+00:00,1779.348,sl,2,-1.0,train,2022
2022-08-16 07:45:00+00:00,2022-08-16 08:00:00+00:00,rejection,short,1778.62,1778.79,1778.2799999999997,0.17000000000007276,12,london,2022-08-16 08:00:00+00:00,1778.79,sl,0,-1.0,train,2022
2022-08-16 09:30:00+00:00,2022-08-16 09:45:00+00:00,sweep_reclaim,short,1781.644,1782.368,1780.1960000000001,0.7239999999999327,12,london,2022-08-16 10:00:00+00:00,1782.368,sl,1,-1.0,train,2022
2022-08-16 10:15:00+00:00,2022-08-16 10:30:00+00:00,sweep_reclaim,short,1782.004,1782.644,1780.7239999999997,0.6400000000001,12,london,2022-08-16 11:30:00+00:00,1780.7239999999997,tp,4,2.0,train,2022
2022-08-17 09:45:00+00:00,2022-08-17 10:00:00+00:00,sweep_reclaim,short,1775.394,1776.508,1773.166,1.1140000000000327,12,london,2022-08-17 10:00:00+00:00,1776.508,sl,0,-1.0,train,2022
2022-08-18 07:30:00+00:00,2022-08-18 07:45:00+00:00,rejection,short,1764.798,1765.638,1763.1180000000002,0.8399999999999181,12,london,2022-08-18 07:45:00+00:00,1765.638,sl,0,-1.0,train,2022
2022-08-18 08:30:00+00:00,2022-08-18 08:45:00+00:00,sweep_reclaim,short,1765.988,1766.768,1764.428,0.7799999999999727,12,london,2022-08-18 08:45:00+00:00,1766.768,sl,0,-1.0,train,2022
2022-08-18 08:45:00+00:00,2022-08-18 09:00:00+00:00,sweep_reclaim,short,1766.574,1767.188,1765.346,0.6140000000000327,12,london,2022-08-18 09:00:00+00:00,1765.346,tp,0,2.0,train,2022
2022-08-18 10:00:00+00:00,2022-08-18 10:15:00+00:00,rejection,short,1765.238,1765.658,1764.3980000000004,0.4199999999998454,12,london,2022-08-18 10:30:00+00:00,1764.3980000000004,tp,1,2.0,train,2022
2022-08-18 12:45:00+00:00,2022-08-18 13:00:00+00:00,rejection,short,1764.244,1764.564,1763.6039999999996,0.3200000000001637,12,london,2022-08-18 13:00:00+00:00,1763.6039999999996,tp,0,2.0,train,2022
2022-08-19 07:00:00+00:00,2022-08-19 07:15:00+00:00,rejection,short,1758.378,1758.728,1757.6779999999997,0.3500000000001364,12,london,2022-08-19 07:15:00+00:00,1757.6779999999997,tp,0,2.0,train,2022
2022-08-19 07:30:00+00:00,2022-08-19 07:45:00+00:00,rejection,short,1755.614,1759.058,1748.726,3.44399999999996,12,london,2022-08-19 10:45:00+00:00,1754.188,timeout,12,0.4140534262485329,train,2022
2022-08-19 11:00:00+00:00,2022-08-19 11:15:00+00:00,rejection,short,1753.778,1756.048,1749.238,2.269999999999982,12,london,2022-08-19 13:00:00+00:00,1756.048,sl,7,-1.0,train,2022
2022-08-22 10:15:00+00:00,2022-08-22 10:30:00+00:00,sweep_reclaim,short,1747.878,1747.908,1747.818,0.029999999999972715,12,london,2022-08-22 10:30:00+00:00,1747.908,sl,0,-1.0,train,2022
2022-08-23 08:00:00+00:00,2022-08-23 08:15:00+00:00,sweep_reclaim,short,1738.098,1738.624,1737.0459999999998,0.5260000000000673,12,london,2022-08-23 08:15:00+00:00,1738.624,sl,0,-1.0,train,2022
2022-08-23 08:45:00+00:00,2022-08-23 09:00:00+00:00,sweep_reclaim,short,1739.114,1739.945,1737.4520000000002,0.8309999999999036,12,london,2022-08-23 09:00:00+00:00,1739.945,sl,0,-1.0,train,2022
2022-08-23 12:15:00+00:00,2022-08-23 12:30:00+00:00,rejection,short,1735.858,1738.088,1731.398,2.230000000000018,12,london,2022-08-23 12:45:00+00:00,1738.088,sl,1,-1.0,train,2022
2022-08-24 07:45:00+00:00,2022-08-24 08:00:00+00:00,rejection,long,1746.364,1745.698,1747.696,0.66599999999994,12,london,2022-08-24 08:00:00+00:00,1745.698,sl,0,-1.0,train,2022
2022-08-24 08:15:00+00:00,2022-08-24 08:30:00+00:00,sweep_reclaim,long,1746.698,1745.418,1749.2580000000005,1.2800000000002,12,london,2022-08-24 09:00:00+00:00,1745.418,sl,2,-1.0,train,2022
2022-08-24 10:45:00+00:00,2022-08-24 11:00:00+00:00,rejection,long,1744.875,1744.074,1746.4769999999999,0.8009999999999309,12,london,2022-08-24 11:45:00+00:00,1746.4769999999999,tp,3,2.0,train,2022
2022-08-25 08:45:00+00:00,2022-08-25 09:00:00+00:00,rejection,long,1755.764,1752.328,1762.6359999999997,3.435999999999922,12,london,2022-08-25 12:00:00+00:00,1757.334,timeout,12,0.45692665890576234,train,2022
2022-08-25 12:00:00+00:00,2022-08-25 12:15:00+00:00,compression_expansion,long,1757.394,1755.364,1761.454,2.0299999999999727,12,london,2022-08-25 14:00:00+00:00,1761.454,tp,7,2.0,train,2022
2022-08-29 09:45:00+00:00,2022-08-29 10:00:00+00:00,rejection,short,1726.988,1727.098,1726.7680000000003,0.10999999999989996,12,london,2022-08-29 10:00:00+00:00,1727.098,sl,0,-1.0,train,2022
2022-08-29 11:00:00+00:00,2022-08-29 11:15:00+00:00,compression_expansion,short,1724.998,1726.964,1721.0660000000003,1.9659999999998945,12,london,2022-08-29 11:45:00+00:00,1721.0660000000003,tp,2,2.0,train,2022
2022-08-30 11:45:00+00:00,2022-08-30 12:00:00+00:00,rejection,short,1736.054,1736.488,1735.1860000000001,0.4339999999999691,12,london,2022-08-30 12:00:00+00:00,1736.488,sl,0,-1.0,train,2022
2022-08-31 09:45:00+00:00,2022-08-31 10:00:00+00:00,rejection,short,1722.314,1723.124,1720.6940000000002,0.8099999999999454,12,london,2022-08-31 10:00:00+00:00,1723.124,sl,0,-1.0,train,2022
2022-08-31 11:30:00+00:00,2022-08-31 11:45:00+00:00,sweep_reclaim,short,1724.454,1725.058,1723.2459999999999,0.6040000000000418,12,london,2022-08-31 11:45:00+00:00,1725.058,sl,0,-1.0,train,2022
2022-08-31 12:15:00+00:00,2022-08-31 12:30:00+00:00,rejection,short,1724.298,1725.764,1721.3660000000002,1.4659999999998945,12,london,2022-08-31 12:30:00+00:00,1725.764,sl,0,-1.0,train,2022
2022-09-01 08:30:00+00:00,2022-09-01 08:45:00+00:00,rejection,short,1704.714,1707.194,1699.754,2.480000000000018,12,london,2022-09-01 11:45:00+00:00,1703.364,timeout,12,0.5443548387096367,train,2022
2022-09-02 08:15:00+00:00,2022-09-02 08:30:00+00:00,rejection,short,1697.464,1698.998,1694.3959999999997,1.5340000000001055,12,london,2022-09-02 10:15:00+00:00,1698.998,sl,7,-1.0,train,2022
2022-09-02 11:00:00+00:00,2022-09-02 11:15:00+00:00,rejection,short,1699.444,1700.204,1697.924,0.7599999999999909,12,london,2022-09-02 12:45:00+00:00,1700.204,sl,6,-1.0,train,2022
2022-09-05 08:30:00+00:00,2022-09-05 08:45:00+00:00,rejection,long,1712.274,1708.504,1719.8139999999999,3.769999999999982,12,london,2022-09-05 09:45:00+00:00,1708.504,sl,4,-1.0,train,2022
2022-09-05 10:15:00+00:00,2022-09-05 10:30:00+00:00,rejection,long,1711.544,1708.378,1717.8760000000004,3.1660000000001673,12,london,2022-09-05 13:30:00+00:00,1710.244,timeout,12,-0.4106127605812107,train,2022
2022-09-06 07:15:00+00:00,2022-09-06 07:30:00+00:00,compression_expansion,long,1715.517,1713.058,1720.4350000000002,2.45900000000006,12,london,2022-09-06 07:45:00+00:00,1720.4350000000002,tp,1,2.0,train,2022
2022-09-06 09:45:00+00:00,2022-09-06 10:00:00+00:00,compression_expansion,long,1720.014,1716.998,1726.0459999999996,3.015999999999849,12,london,2022-09-06 11:45:00+00:00,1716.998,sl,7,-1.0,train,2022
2022-09-06 11:45:00+00:00,2022-09-06 12:00:00+00:00,rejection,long,1717.388,1717.014,1718.136,0.37400000000002365,12,london,2022-09-06 12:00:00+00:00,1717.014,sl,0,-1.0,train,2022
2022-09-07 08:00:00+00:00,2022-09-07 08:15:00+00:00,rejection,short,1695.281,1702.104,1681.6349999999998,6.823000000000093,12,london,2022-09-07 11:15:00+00:00,1693.028,timeout,12,0.3302066539645168,train,2022
2022-09-08 07:00:00+00:00,2022-09-08 07:15:00+00:00,rejection,long,1716.448,1715.974,1717.3960000000004,0.47400000000016007,12,london,2022-09-08 07:15:00+00:00,1715.974,sl,0,-1.0,train,2022
2022-09-08 10:15:00+00:00,2022-09-08 10:30:00+00:00,rejection,long,1715.618,1713.408,1720.038,2.2100000000000364,12,london,2022-09-08 13:30:00+00:00,1718.924,timeout,12,1.4959276018099483,train,2022
2022-09-09 08:15:00+00:00,2022-09-09 08:30:00+00:00,rejection,long,1714.438,1713.388,1716.5380000000005,1.050000000000182,12,london,2022-09-09 08:45:00+00:00,1716.5380000000005,tp,1,2.0,train,2022
2022-09-09 09:30:00+00:00,2022-09-09 09:45:00+00:00,rejection,long,1717.318,1715.548,1720.858,1.7699999999999818,12,london,2022-09-09 11:15:00+00:00,1720.858,tp,6,2.0,train,2022
2022-09-09 11:45:00+00:00,2022-09-09 12:00:00+00:00,rejection,long,1720.318,1718.978,1722.9979999999998,1.3399999999999181,12,london,2022-09-09 13:00:00+00:00,1718.978,sl,4,-1.0,train,2022
2022-09-12 07:00:00+00:00,2022-09-12 07:15:00+00:00,rejection,long,1718.335,1717.831,1719.3430000000003,0.5040000000001328,12,london,2022-09-12 07:15:00+00:00,1717.831,sl,0,-1.0,train,2022
2022-09-14 10:45:00+00:00,2022-09-14 11:00:00+00:00,rejection,short,1701.183,1701.734,1700.0810000000001,0.5509999999999309,12,london,2022-09-14 11:00:00+00:00,1700.0810000000001,tp,0,2.0,train,2022
2022-09-14 12:15:00+00:00,2022-09-14 12:30:00+00:00,rejection,short,1703.444,1704.988,1700.3559999999998,1.5440000000000964,12,london,2022-09-14 13:30:00+00:00,1700.3559999999998,tp,4,2.0,train,2022
2022-09-15 07:00:00+00:00,2022-09-15 07:15:00+00:00,sweep_reclaim,short,1697.298,1698.038,1695.818,0.7400000000000091,12,london,2022-09-15 08:00:00+00:00,1695.818,tp,3,2.0,train,2022
2022-09-16 08:15:00+00:00,2022-09-16 08:30:00+00:00,sweep_reclaim,short,1665.326,1666.318,1663.342,0.9919999999999618,12,london,2022-09-16 08:30:00+00:00,1666.318,sl,0,-1.0,train,2022
2022-09-16 08:30:00+00:00,2022-09-16 08:45:00+00:00,rejection,short,1665.354,1667.564,1660.934,2.2100000000000364,12,london,2022-09-16 11:45:00+00:00,1664.378,timeout,12,0.4416289592760619,train,2022
2022-09-16 12:15:00+00:00,2022-09-16 12:30:00+00:00,rejection,short,1663.338,1664.658,1660.698,1.3199999999999363,12,london,2022-09-16 13:30:00+00:00,1660.698,tp,4,2.0,train,2022
2022-09-21 07:15:00+00:00,2022-09-21 07:30:00+00:00,sweep_reclaim,short,1665.678,1666.598,1663.8380000000004,0.9199999999998454,12,london,2022-09-21 07:45:00+00:00,1663.8380000000004,tp,1,2.0,train,2022
2022-09-21 07:45:00+00:00,2022-09-21 08:00:00+00:00,rejection,short,1664.025,1667.371,1657.333,3.3460000000000036,12,london,2022-09-21 11:00:00+00:00,1663.528,timeout,12,0.14853556485357752,train,2022
2022-09-21 11:30:00+00:00,2022-09-21 11:45:00+00:00,rejection,short,1661.948,1664.208,1657.428,2.259999999999991,12,london,2022-09-21 12:30:00+00:00,1664.208,sl,3,-1.0,train,2022
2022-09-22 09:00:00+00:00,2022-09-22 09:15:00+00:00,rejection,short,1659.165,1659.895,1657.705,0.7300000000000182,12,london,2022-09-22 09:15:00+00:00,1659.895,sl,0,-1.0,train,2022
2022-09-22 09:15:00+00:00,2022-09-22 09:30:00+00:00,rejection,short,1658.738,1660.718,1654.778,1.9800000000000182,12,london,2022-09-22 10:00:00+00:00,1660.718,sl,2,-1.0,train,2022
2022-09-22 11:45:00+00:00,2022-09-22 12:00:00+00:00,rejection,short,1660.448,1660.915,1659.5140000000004,0.46699999999987085,12,london,2022-09-22 12:00:00+00:00,1660.915,sl,0,-1.0,train,2022
2022-09-22 12:00:00+00:00,2022-09-22 12:15:00+00:00,rejection,short,1660.225,1661.258,1658.1589999999997,1.0330000000001291,12,london,2022-09-22 12:15:00+00:00,1661.258,sl,0,-1.0,train,2022
2022-09-22 12:15:00+00:00,2022-09-22 12:30:00+00:00,rejection,short,1660.708,1661.568,1658.9880000000003,0.8599999999999,12,london,2022-09-22 12:45:00+00:00,1661.568,sl,1,-1.0,train,2022
2022-09-22 12:45:00+00:00,2022-09-22 13:00:00+00:00,rejection,short,1661.795,1662.268,1660.8490000000002,0.47299999999995634,12,london,2022-09-22 13:00:00+00:00,1662.268,sl,0,-1.0,train,2022
2022-09-23 07:30:00+00:00,2022-09-23 07:45:00+00:00,rejection,long,1672.982,1671.865,1675.216,1.1169999999999618,12,london,2022-09-23 08:30:00+00:00,1675.216,tp,3,2.0,train,2022
2022-09-23 09:00:00+00:00,2022-09-23 09:15:00+00:00,rejection,long,1672.498,1671.648,1674.1980000000003,0.8500000000001364,12,london,2022-09-23 09:15:00+00:00,1671.648,sl,0,-1.0,train,2022
2022-09-23 09:30:00+00:00,2022-09-23 09:45:00+00:00,rejection,long,1670.858,1670.728,1671.1179999999997,0.12999999999988177,12,london,2022-09-23 09:45:00+00:00,1670.728,sl,0,-1.0,train,2022
2022-09-26 07:15:00+00:00,2022-09-26 07:30:00+00:00,rejection,short,1643.685,1644.405,1642.245,0.7200000000000273,12,london,2022-09-26 07:30:00+00:00,1642.245,tp,0,2.0,train,2022
2022-09-26 08:15:00+00:00,2022-09-26 08:30:00+00:00,sweep_reclaim,short,1638.402,1643.618,1627.9700000000003,5.2159999999998945,12,london,2022-09-26 11:30:00+00:00,1639.295,timeout,12,-0.1712039877300704,train,2022
2022-09-27 07:45:00+00:00,2022-09-27 08:00:00+00:00,rejection,short,1628.925,1630.315,1626.1449999999998,1.3900000000001,12,london,2022-09-27 08:00:00+00:00,1630.315,sl,0,-1.0,train,2022
2022-09-27 08:15:00+00:00,2022-09-27 08:30:00+00:00,sweep_reclaim,short,1631.075,1631.241,1630.7430000000002,0.16599999999993997,12,london,2022-09-27 08:30:00+00:00,1631.241,sl,0,-1.0,train,2022
2022-09-27 08:45:00+00:00,2022-09-27 09:00:00+00:00,sweep_reclaim,short,1630.737,1632.615,1626.9810000000002,1.877999999999929,12,london,2022-09-27 12:00:00+00:00,1631.388,timeout,12,-0.3466453674120684,train,2022
2022-09-27 12:15:00+00:00,2022-09-27 12:30:00+00:00,rejection,short,1631.418,1632.135,1629.9839999999997,0.7170000000000982,12,london,2022-09-27 12:30:00+00:00,1632.135,sl,0,-1.0,train,2022
2022-09-28 07:30:00+00:00,2022-09-28 07:45:00+00:00,rejection,short,1628.834,1629.818,1626.8660000000002,0.9839999999999236,12,london,2022-09-28 07:45:00+00:00,1626.8660000000002,tp,0,2.0,train,2022
2022-09-28 08:30:00+00:00,2022-09-28 08:45:00+00:00,rejection,short,1624.663,1627.178,1619.6329999999998,2.5150000000001,12,london,2022-09-28 11:45:00+00:00,1624.655,timeout,12,0.003180914512937527,train,2022
2022-09-28 11:45:00+00:00,2022-09-28 12:00:00+00:00,rejection,short,1624.695,1625.568,1622.9489999999998,0.8730000000000473,12,london,2022-09-28 12:00:00+00:00,1622.9489999999998,tp,0,2.0,train,2022
2022-09-28 12:00:00+00:00,2022-09-28 12:15:00+00:00,compression_expansion,short,1623.708,1625.568,1619.9880000000003,1.8599999999999,12,london,2022-09-28 13:30:00+00:00,1619.9880000000003,tp,5,2.0,train,2022
2022-09-29 07:30:00+00:00,2022-09-29 07:45:00+00:00,sweep_reclaim,long,1655.465,1654.935,1656.5249999999999,0.5299999999999727,12,london,2022-09-29 07:45:00+00:00,1654.935,sl,0,-1.0,train,2022
2022-09-29 08:00:00+00:00,2022-09-29 08:15:00+00:00,sweep_reclaim,long,1654.765,1652.958,1658.3790000000001,1.8070000000000164,12,london,2022-09-29 08:30:00+00:00,1658.3790000000001,tp,1,2.0,train,2022
2022-09-29 09:30:00+00:00,2022-09-29 09:45:00+00:00,sweep_reclaim,long,1654.665,1653.018,1657.9589999999998,1.6469999999999345,12,london,2022-09-29 10:15:00+00:00,1653.018,sl,2,-1.0,train,2022
2022-09-29 11:30:00+00:00,2022-09-29 11:45:00+00:00,rejection,long,1653.665,1653.328,1654.339,0.3369999999999891,12,london,2022-09-29 11:45:00+00:00,1653.328,sl,0,-1.0,train,2022
2022-09-29 12:30:00+00:00,2022-09-29 12:45:00+00:00,sweep_reclaim,long,1650.025,1649.395,1651.2850000000003,0.6300000000001091,12,london,2022-09-29 12:45:00+00:00,1649.395,sl,0,-1.0,train,2022
2022-09-30 09:30:00+00:00,2022-09-30 09:45:00+00:00,sweep_reclaim,long,1660.868,1660.438,1661.7279999999996,0.4299999999998363,12,london,2022-09-30 09:45:00+00:00,1661.7279999999996,tp,0,2.0,train,2022
2022-09-30 10:45:00+00:00,2022-09-30 11:00:00+00:00,rejection,long,1662.898,1662.168,1664.358,0.7300000000000182,12,london,2022-09-30 11:00:00+00:00,1662.168,sl,0,-1.0,train,2022
2022-09-30 11:30:00+00:00,2022-09-30 11:45:00+00:00,rejection,long,1661.988,1661.088,1663.7880000000002,0.900000000000091,12,london,2022-09-30 12:15:00+00:00,1663.7880000000002,tp,2,2.0,train,2022
2022-10-04 08:00:00+00:00,2022-10-04 08:15:00+00:00,rejection,long,1698.378,1697.448,1700.2379999999996,0.9299999999998363,12,london,2022-10-04 08:15:00+00:00,1697.448,sl,0,-1.0,train,2022
2022-10-04 08:45:00+00:00,2022-10-04 09:00:00+00:00,sweep_reclaim,long,1696.478,1696.044,1697.346,0.4339999999999691,12,london,2022-10-04 09:00:00+00:00,1696.044,sl,0,-1.0,train,2022
2022-10-04 09:15:00+00:00,2022-10-04 09:30:00+00:00,sweep_reclaim,long,1696.288,1695.338,1698.188,0.9500000000000455,12,london,2022-10-04 10:30:00+00:00,1695.338,sl,4,-1.0,train,2022
2022-10-04 10:30:00+00:00,2022-10-04 10:45:00+00:00,rejection,long,1696.208,1695.414,1697.7960000000003,0.7940000000000964,12,london,2022-10-04 10:45:00+00:00,1697.7960000000003,tp,0,2.0,train,2022
2022-10-04 12:00:00+00:00,2022-10-04 12:15:00+00:00,rejection,long,1700.013,1697.294,1705.4509999999996,2.7189999999998236,12,london,2022-10-04 14:00:00+00:00,1705.4509999999996,tp,7,2.0,train,2022
2022-10-05 08:00:00+00:00,2022-10-05 08:15:00+00:00,sweep_reclaim,long,1722.964,1721.844,1725.2039999999997,1.1199999999998909,12,london,2022-10-05 08:30:00+00:00,1721.844,sl,1,-1.0,train,2022
2022-10-05 08:30:00+00:00,2022-10-05 08:45:00+00:00,sweep_reclaim,long,1722.698,1721.298,1725.4980000000003,1.400000000000091,12,london,2022-10-05 08:45:00+00:00,1721.298,sl,0,-1.0,train,2022
2022-10-05 10:00:00+00:00,2022-10-05 10:15:00+00:00,sweep_reclaim,long,1719.734,1718.584,1722.0339999999997,1.1499999999998636,12,london,2022-10-05 10:15:00+00:00,1718.584,sl,0,-1.0,train,2022
2022-10-05 11:00:00+00:00,2022-10-05 11:15:00+00:00,rejection,long,1719.534,1718.524,1721.5540000000005,1.0100000000002183,12,london,2022-10-05 11:30:00+00:00,1718.524,sl,1,-1.0,train,2022
2022-10-05 11:30:00+00:00,2022-10-05 11:45:00+00:00,sweep_reclaim,long,1718.728,1718.703,1718.7780000000002,0.02500000000009095,12,london,2022-10-05 11:45:00+00:00,1718.703,sl,0,-1.0,train,2022
2022-10-05 12:00:00+00:00,2022-10-05 12:15:00+00:00,sweep_reclaim,long,1718.664,1717.548,1720.896,1.1159999999999854,12,london,2022-10-05 12:15:00+00:00,1720.896,tp,0,2.0,train,2022
2022-10-05 12:15:00+00:00,2022-10-05 12:30:00+00:00,compression_expansion,long,1721.303,1717.408,1729.0930000000005,3.895000000000209,12,london,2022-10-05 15:00:00+00:00,1717.408,sl,10,-1.0,train,2022
2022-10-06 07:00:00+00:00,2022-10-06 07:15:00+00:00,rejection,long,1718.144,1716.934,1720.564,1.2100000000000364,12,london,2022-10-06 07:15:00+00:00,1720.564,tp,0,2.0,train,2022
2022-10-06 11:00:00+00:00,2022-10-06 11:15:00+00:00,rejection,long,1721.858,1721.468,1722.6379999999997,0.38999999999987267,12,london,2022-10-06 11:15:00+00:00,1721.468,sl,0,-1.0,train,2022
2022-10-06 12:15:00+00:00,2022-10-06 12:30:00+00:00,rejection,long,1722.488,1721.724,1724.0160000000003,0.7640000000001237,12,london,2022-10-06 12:45:00+00:00,1724.0160000000003,tp,1,2.0,train,2022
2022-10-10 08:15:00+00:00,2022-10-10 08:30:00+00:00,rejection,short,1693.104,1696.298,1686.7160000000001,3.19399999999996,12,london,2022-10-10 11:30:00+00:00,1686.7160000000001,tp,12,2.0,train,2022
2022-10-11 07:00:00+00:00,2022-10-11 07:15:00+00:00,rejection,short,1669.538,1669.788,1669.038,0.25,12,london,2022-10-11 07:15:00+00:00,1669.038,tp,0,2.0,train,2022
2022-10-11 08:15:00+00:00,2022-10-11 08:30:00+00:00,sweep_reclaim,short,1671.643,1672.808,1669.313,1.1649999999999636,12,london,2022-10-11 08:30:00+00:00,1672.808,sl,0,-1.0,train,2022
2022-10-11 10:00:00+00:00,2022-10-11 10:15:00+00:00,rejection,short,1665.715,1666.755,1663.6349999999995,1.040000000000191,12,london,2022-10-11 10:30:00+00:00,1666.755,sl,1,-1.0,train,2022
2022-10-11 11:00:00+00:00,2022-10-11 11:15:00+00:00,rejection,short,1664.148,1667.148,1658.148,3.0,12,london,2022-10-11 13:00:00+00:00,1667.148,sl,7,-1.0,train,2022
2022-10-12 08:30:00+00:00,2022-10-12 08:45:00+00:00,rejection,short,1663.415,1666.455,1657.335,3.0399999999999636,12,london,2022-10-12 11:15:00+00:00,1666.455,sl,10,-1.0,train,2022
2022-10-13 11:45:00+00:00,2022-10-13 12:00:00+00:00,rejection,short,1669.575,1669.695,1669.3350000000003,0.11999999999989086,12,london,2022-10-13 12:00:00+00:00,1669.695,sl,0,-1.0,train,2022
2022-10-14 08:00:00+00:00,2022-10-14 08:15:00+00:00,rejection,short,1661.648,1663.405,1658.1339999999998,1.7570000000000618,12,london,2022-10-14 08:45:00+00:00,1663.405,sl,2,-1.0,train,2022
2022-10-14 09:30:00+00:00,2022-10-14 09:45:00+00:00,rejection,short,1667.768,1668.838,1665.6280000000002,1.0699999999999363,12,london,2022-10-14 09:45:00+00:00,1668.838,sl,0,-1.0,train,2022
2022-10-14 09:45:00+00:00,2022-10-14 10:00:00+00:00,sweep_reclaim,short,1668.578,1668.838,1668.058,0.2599999999999909,12,london,2022-10-14 10:00:00+00:00,1668.838,sl,0,-1.0,train,2022
2022-10-17 07:15:00+00:00,2022-10-17 07:30:00+00:00,sweep_reclaim,short,1646.408,1647.568,1644.0879999999997,1.1600000000000819,12,london,2022-10-17 07:30:00+00:00,1647.568,sl,0,-1.0,train,2022
2022-10-17 11:15:00+00:00,2022-10-17 11:30:00+00:00,compression_expansion,short,1648.668,1650.806,1644.3919999999996,2.1380000000001473,12,london,2022-10-17 12:15:00+00:00,1650.806,sl,3,-1.0,train,2022
2022-10-18 08:15:00+00:00,2022-10-18 08:30:00+00:00,sweep_reclaim,short,1651.967,1653.057,1649.7870000000003,1.0899999999999181,12,london,2022-10-18 09:15:00+00:00,1649.7870000000003,tp,3,2.0,train,2022
2022-10-18 09:45:00+00:00,2022-10-18 10:00:00+00:00,rejection,short,1649.908,1651.048,1647.6279999999997,1.1400000000001,12,london,2022-10-18 10:00:00+00:00,1651.048,sl,0,-1.0,train,2022
2022-10-18 10:00:00+00:00,2022-10-18 10:15:00+00:00,rejection,short,1649.688,1651.108,1646.8480000000004,1.4199999999998454,12,london,2022-10-18 10:15:00+00:00,1651.108,sl,0,-1.0,train,2022
2022-10-19 10:00:00+00:00,2022-10-19 10:15:00+00:00,rejection,short,1649.757,1651.898,1645.4750000000004,2.140999999999849,12,london,2022-10-19 12:00:00+00:00,1645.4750000000004,tp,7,2.0,train,2022
2022-10-20 07:00:00+00:00,2022-10-20 07:15:00+00:00,rejection,short,1626.947,1628.027,1624.7869999999996,1.0800000000001546,12,london,2022-10-20 07:15:00+00:00,1628.027,sl,0,-1.0,train,2022
2022-10-20 07:30:00+00:00,2022-10-20 07:45:00+00:00,rejection,short,1628.318,1628.557,1627.84,0.23900000000003274,12,london,2022-10-20 07:45:00+00:00,1628.557,sl,0,-1.0,train,2022
2022-10-20 08:30:00+00:00,2022-10-20 08:45:00+00:00,rejection,short,1625.638,1628.598,1619.7179999999998,2.9600000000000364,12,london,2022-10-20 11:30:00+00:00,1628.598,sl,11,-1.0,train,2022
2022-10-20 12:30:00+00:00,2022-10-20 12:45:00+00:00,sweep_reclaim,short,1632.497,1634.698,1628.095,2.201000000000022,12,london,2022-10-20 14:15:00+00:00,1628.095,tp,6,2.0,train,2022
2022-10-21 08:00:00+00:00,2022-10-21 08:15:00+00:00,rejection,short,1626.768,1627.268,1625.768,0.5,12,london,2022-10-21 08:15:00+00:00,1627.268,sl,0,-1.0,train,2022
2022-10-21 09:00:00+00:00,2022-10-21 09:15:00+00:00,rejection,short,1626.918,1627.998,1624.7579999999996,1.0800000000001546,12,london,2022-10-21 10:45:00+00:00,1624.7579999999996,tp,6,2.0,train,2022
2022-10-21 11:00:00+00:00,2022-10-21 11:15:00+00:00,rejection,short,1620.647,1626.498,1608.9449999999997,5.851000000000113,12,london,2022-10-21 14:15:00+00:00,1618.797,timeout,12,0.31618526747562353,train,2022
2022-10-24 08:30:00+00:00,2022-10-24 08:45:00+00:00,rejection,long,1655.088,1654.548,1656.168,0.5399999999999636,12,london,2022-10-24 08:45:00+00:00,1656.168,tp,0,2.0,train,2022
2022-10-24 09:30:00+00:00,2022-10-24 09:45:00+00:00,sweep_reclaim,long,1653.857,1652.357,1656.857,1.5,12,london,2022-10-24 11:30:00+00:00,1656.857,tp,7,2.0,train,2022
2022-10-24 11:30:00+00:00,2022-10-24 11:45:00+00:00,compression_expansion,long,1656.537,1653.278,1663.055,3.2590000000000146,12,london,2022-10-24 14:15:00+00:00,1653.278,sl,10,-1.0,train,2022
2022-10-25 08:00:00+00:00,2022-10-25 08:15:00+00:00,rejection,long,1653.437,1651.977,1656.3569999999995,1.459999999999809,12,london,2022-10-25 08:15:00+00:00,1651.977,sl,0,-1.0,train,2022
2022-10-25 08:45:00+00:00,2022-10-25 09:00:00+00:00,rejection,long,1649.998,1648.858,1652.2780000000002,1.1400000000001,12,london,2022-10-25 09:30:00+00:00,1648.858,sl,2,-1.0,train,2022
2022-10-25 09:45:00+00:00,2022-10-25 10:00:00+00:00,sweep_reclaim,long,1648.877,1647.997,1650.6369999999997,0.8799999999998818,12,london,2022-10-25 10:30:00+00:00,1650.6369999999997,tp,2,2.0,train,2022
2022-10-25 10:30:00+00:00,2022-10-25 10:45:00+00:00,compression_expansion,long,1651.348,1648.448,1657.1479999999997,2.8999999999998636,12,london,2022-10-25 12:15:00+00:00,1648.448,sl,6,-1.0,train,2022
2022-10-26 07:30:00+00:00,2022-10-26 07:45:00+00:00,sweep_reclaim,long,1651.517,1650.838,1652.8750000000002,0.6790000000000873,12,london,2022-10-26 07:45:00+00:00,1650.838,sl,0,-1.0,train,2022
2022-10-26 08:00:00+00:00,2022-10-26 08:15:00+00:00,sweep_reclaim,long,1650.437,1650.168,1650.975,0.26900000000000546,12,london,2022-10-26 08:15:00+00:00,1650.168,sl,0,-1.0,train,2022
2022-10-26 08:15:00+00:00,2022-10-26 08:30:00+00:00,sweep_reclaim,long,1652.468,1649.648,1658.1080000000004,2.8200000000001637,12,london,2022-10-26 11:30:00+00:00,1656.598,timeout,12,1.4645390070920716,train,2022
2022-10-27 09:45:00+00:00,2022-10-27 10:00:00+00:00,sweep_reclaim,long,1662.948,1662.888,1663.0680000000004,0.060000000000172804,12,london,2022-10-27 10:00:00+00:00,1662.888,sl,0,-1.0,train,2022
2022-10-27 10:15:00+00:00,2022-10-27 10:30:00+00:00,rejection,long,1665.838,1662.107,1673.3,3.7309999999999945,12,london,2022-10-27 13:30:00+00:00,1664.238,timeout,12,-0.4288394532296734,train,2022
2022-10-31 09:45:00+00:00,2022-10-31 10:00:00+00:00,rejection,short,1642.618,1642.937,1641.98,0.31899999999996,12,london,2022-10-31 10:00:00+00:00,1641.98,tp,0,2.0,train,2022
2022-10-31 10:30:00+00:00,2022-10-31 10:45:00+00:00,rejection,short,1642.147,1642.678,1641.0849999999996,0.5310000000001764,12,london,2022-10-31 10:45:00+00:00,1642.678,sl,0,-1.0,train,2022
2022-10-31 12:00:00+00:00,2022-10-31 12:15:00+00:00,rejection,short,1643.817,1645.328,1640.795,1.5109999999999673,12,london,2022-10-31 12:15:00+00:00,1645.328,sl,0,-1.0,train,2022
2022-11-01 08:15:00+00:00,2022-11-01 08:30:00+00:00,sweep_reclaim,short,1633.487,1634.048,1632.3650000000002,0.5609999999999218,12,london,2022-11-01 08:30:00+00:00,1634.048,sl,0,-1.0,train,2022
2022-11-01 10:15:00+00:00,2022-11-01 10:30:00+00:00,rejection,short,1637.948,1639.948,1633.948,2.0,12,london,2022-11-01 12:45:00+00:00,1639.948,sl,9,-1.0,train,2022
2022-11-02 08:30:00+00:00,2022-11-02 08:45:00+00:00,rejection,long,1649.617,1648.837,1651.177,0.7799999999999727,12,london,2022-11-02 08:45:00+00:00,1648.837,sl,0,-1.0,train,2022
2022-11-02 11:30:00+00:00,2022-11-02 11:45:00+00:00,rejection,long,1650.128,1649.368,1651.648,0.7599999999999909,12,london,2022-11-02 12:00:00+00:00,1649.368,sl,1,-1.0,train,2022
2022-11-02 12:00:00+00:00,2022-11-02 12:15:00+00:00,rejection,long,1650.268,1649.267,1652.27,1.0009999999999764,12,london,2022-11-02 12:45:00+00:00,1652.27,tp,2,2.0,train,2022
2022-11-03 08:45:00+00:00,2022-11-03 09:00:00+00:00,rejection,short,1640.047,1640.858,1638.4250000000002,0.8109999999999218,12,london,2022-11-03 09:00:00+00:00,1638.4250000000002,tp,0,2.0,train,2022
2022-11-03 09:30:00+00:00,2022-11-03 09:45:00+00:00,rejection,short,1637.987,1640.587,1632.7870000000003,2.599999999999909,12,london,2022-11-03 12:45:00+00:00,1637.098,timeout,12,0.34192307692313645,train,2022
2022-11-03 12:45:00+00:00,2022-11-03 13:00:00+00:00,rejection,short,1637.108,1638.247,1634.8299999999997,1.1390000000001237,12,london,2022-11-03 13:15:00+00:00,1634.8299999999997,tp,1,2.0,train,2022
2022-11-04 07:00:00+00:00,2022-11-04 07:15:00+00:00,rejection,short,1629.467,1629.918,1628.5650000000005,0.45099999999979445,12,london,2022-11-04 07:15:00+00:00,1629.918,sl,0,-1.0,train,2022
2022-11-07 10:15:00+00:00,2022-11-07 10:30:00+00:00,rejection,long,1672.448,1670.268,1676.8080000000002,2.1800000000000637,12,london,2022-11-07 13:30:00+00:00,1670.718,timeout,12,-0.7935779816513613,train,2022
2022-11-08 07:15:00+00:00,2022-11-08 07:30:00+00:00,sweep_reclaim,long,1673.745,1673.298,1674.6389999999997,0.44699999999988904,12,london,2022-11-08 07:30:00+00:00,1674.6389999999997,tp,0,2.0,train,2022
2022-11-08 08:45:00+00:00,2022-11-08 09:00:00+00:00,rejection,long,1674.187,1673.167,1676.2269999999999,1.0199999999999818,12,london,2022-11-08 09:00:00+00:00,1673.167,sl,0,-1.0,train,2022
2022-11-08 09:00:00+00:00,2022-11-08 09:15:00+00:00,rejection,long,1673.998,1672.607,1676.7800000000002,1.3910000000000764,12,london,2022-11-08 09:15:00+00:00,1672.607,sl,0,-1.0,train,2022
2022-11-08 09:45:00+00:00,2022-11-08 10:00:00+00:00,sweep_reclaim,long,1672.907,1672.098,1674.5249999999999,0.8089999999999691,12,london,2022-11-08 11:30:00+00:00,1672.098,sl,6,-1.0,train,2022
2022-11-09 07:30:00+00:00,2022-11-09 07:45:00+00:00,rejection,long,1710.538,1709.848,1711.9180000000001,0.6900000000000546,12,london,2022-11-09 08:00:00+00:00,1709.848,sl,1,-1.0,train,2022
2022-11-09 08:30:00+00:00,2022-11-09 08:45:00+00:00,sweep_reclaim,long,1709.398,1707.828,1712.5379999999998,1.5699999999999363,12,london,2022-11-09 09:00:00+00:00,1707.828,sl,1,-1.0,train,2022
2022-11-09 10:00:00+00:00,2022-11-09 10:15:00+00:00,rejection,long,1708.578,1707.428,1710.8779999999997,1.1499999999998636,12,london,2022-11-09 10:15:00+00:00,1710.8779999999997,tp,0,2.0,train,2022
2022-11-09 11:30:00+00:00,2022-11-09 11:45:00+00:00,rejection,long,1708.318,1708.128,1708.698,0.19000000000005457,12,london,2022-11-09 11:45:00+00:00,1708.128,sl,0,-1.0,train,2022
2022-11-09 12:00:00+00:00,2022-11-09 12:15:00+00:00,rejection,long,1708.288,1707.448,1709.9679999999998,0.8399999999999181,12,london,2022-11-09 12:15:00+00:00,1707.448,sl,0,-1.0,train,2022
2022-11-09 12:30:00+00:00,2022-11-09 12:45:00+00:00,compression_expansion,long,1709.268,1707.408,1712.9880000000003,1.8600000000001273,12,london,2022-11-09 12:45:00+00:00,1707.408,sl,0,-1.0,train,2022
2022-11-09 12:45:00+00:00,2022-11-09 13:00:00+00:00,rejection,long,1708.998,1707.408,1712.1780000000003,1.5900000000001455,12,london,2022-11-09 14:15:00+00:00,1712.1780000000003,tp,5,2.0,train,2022
2022-11-10 10:00:00+00:00,2022-11-10 10:15:00+00:00,rejection,long,1708.117,1706.298,1711.7549999999999,1.81899999999996,12,london,2022-11-10 13:00:00+00:00,1711.7549999999999,tp,11,2.0,train,2022
2022-11-11 09:00:00+00:00,2022-11-11 09:15:00+00:00,sweep_reclaim,long,1748.038,1747.308,1749.498,0.7300000000000182,12,london,2022-11-11 09:30:00+00:00,1749.498,tp,1,2.0,train,2022
2022-11-11 10:15:00+00:00,2022-11-11 10:30:00+00:00,rejection,long,1752.248,1749.537,1757.67,2.7110000000000127,12,london,2022-11-11 12:30:00+00:00,1757.67,tp,8,2.0,train,2022
2022-11-14 08:45:00+00:00,2022-11-14 09:00:00+00:00,rejection,long,1763.128,1761.687,1766.01,1.441000000000031,12,london,2022-11-14 09:15:00+00:00,1761.687,sl,1,-1.0,train,2022
2022-11-14 09:30:00+00:00,2022-11-14 09:45:00+00:00,sweep_reclaim,long,1761.768,1760.738,1763.828,1.0299999999999727,12,london,2022-11-14 10:15:00+00:00,1763.828,tp,2,2.0,train,2022
2022-11-14 10:30:00+00:00,2022-11-14 10:45:00+00:00,rejection,long,1765.378,1761.448,1773.2379999999996,3.9299999999998363,12,london,2022-11-14 11:15:00+00:00,1761.448,sl,2,-1.0,train,2022
2022-11-14 11:45:00+00:00,2022-11-14 12:00:00+00:00,sweep_reclaim,long,1760.018,1759.338,1761.3780000000002,0.6800000000000637,12,london,2022-11-14 12:15:00+00:00,1761.3780000000002,tp,1,2.0,train,2022
2022-11-14 12:15:00+00:00,2022-11-14 12:30:00+00:00,rejection,long,1761.418,1759.198,1765.8579999999995,2.2199999999998,12,london,2022-11-14 12:30:00+00:00,1759.198,sl,0,-1.0,train,2022
2022-11-14 12:45:00+00:00,2022-11-14 13:00:00+00:00,rejection,long,1760.008,1759.057,1761.91,0.9510000000000218,12,london,2022-11-14 13:00:00+00:00,1759.057,sl,0,-1.0,train,2022
2022-11-15 07:00:00+00:00,2022-11-15 07:15:00+00:00,sweep_reclaim,long,1769.668,1769.458,1770.0879999999995,0.209999999999809,12,london,2022-11-15 07:15:00+00:00,1769.458,sl,0,-1.0,train,2022
2022-11-15 08:00:00+00:00,2022-11-15 08:15:00+00:00,sweep_reclaim,long,1768.618,1767.588,1770.6779999999999,1.0299999999999727,12,london,2022-11-15 08:15:00+00:00,1767.588,sl,0,-1.0,train,2022
2022-11-15 12:15:00+00:00,2022-11-15 12:30:00+00:00,compression_expansion,long,1772.638,1770.498,1776.9179999999997,2.1399999999998727,12,london,2022-11-15 13:00:00+00:00,1770.498,sl,2,-1.0,train,2022
2022-11-16 09:00:00+00:00,2022-11-16 09:15:00+00:00,sweep_reclaim,long,1775.028,1773.997,1777.09,1.030999999999949,12,london,2022-11-16 10:30:00+00:00,1773.997,sl,5,-1.0,train,2022
2022-11-16 10:45:00+00:00,2022-11-16 11:00:00+00:00,sweep_reclaim,long,1773.998,1773.418,1775.1580000000004,0.5800000000001546,12,london,2022-11-16 11:00:00+00:00,1773.418,sl,0,-1.0,train,2022
2022-11-18 07:00:00+00:00,2022-11-18 07:15:00+00:00,rejection,short,1760.067,1760.557,1759.087,0.4900000000000091,12,london,2022-11-18 07:15:00+00:00,1760.557,sl,0,-1.0,train,2022
2022-11-18 08:00:00+00:00,2022-11-18 08:15:00+00:00,sweep_reclaim,short,1762.728,1763.278,1761.6280000000002,0.5499999999999545,12,london,2022-11-18 08:15:00+00:00,1763.278,sl,0,-1.0,train,2022
2022-11-21 07:15:00+00:00,2022-11-21 07:30:00+00:00,sweep_reclaim,short,1750.988,1752.518,1747.928,1.5299999999999727,12,london,2022-11-21 08:15:00+00:00,1747.928,tp,3,2.0,train,2022
2022-11-21 11:15:00+00:00,2022-11-21 11:30:00+00:00,rejection,short,1746.508,1746.758,1746.008,0.25,12,london,2022-11-21 11:30:00+00:00,1746.008,tp,0,2.0,train,2022
2022-11-22 08:45:00+00:00,2022-11-22 09:00:00+00:00,sweep_reclaim,short,1743.417,1744.578,1741.0949999999998,1.1610000000000582,12,london,2022-11-22 11:00:00+00:00,1744.578,sl,8,-1.0,train,2022
2022-11-23 07:45:00+00:00,2022-11-23 08:00:00+00:00,rejection,short,1741.668,1742.738,1739.5279999999996,1.0700000000001637,12,london,2022-11-23 08:30:00+00:00,1739.5279999999996,tp,2,2.0,train,2022
2022-11-23 08:45:00+00:00,2022-11-23 09:00:00+00:00,rejection,short,1739.358,1742.108,1733.858,2.75,12,london,2022-11-23 11:15:00+00:00,1733.858,tp,9,2.0,train,2022
2022-11-23 12:00:00+00:00,2022-11-23 12:15:00+00:00,rejection,short,1734.318,1735.028,1732.898,0.7100000000000364,12,london,2022-11-23 12:30:00+00:00,1735.028,sl,1,-1.0,train,2022
2022-11-24 07:00:00+00:00,2022-11-24 07:15:00+00:00,compression_expansion,long,1752.568,1749.928,1757.8479999999997,2.6399999999998727,12,london,2022-11-24 10:15:00+00:00,1754.997,timeout,12,0.920075757575835,train,2022
2022-11-24 10:45:00+00:00,2022-11-24 11:00:00+00:00,rejection,long,1755.328,1754.928,1756.1279999999997,0.3999999999998636,12,london,2022-11-24 11:00:00+00:00,1756.1279999999997,tp,0,2.0,train,2022
2022-11-25 07:45:00+00:00,2022-11-25 08:00:00+00:00,sweep_reclaim,long,1753.138,1752.698,1754.0179999999996,0.4399999999998272,12,london,2022-11-25 08:00:00+00:00,1752.698,sl,0,-1.0,train,2022
2022-11-25 12:30:00+00:00,2022-11-25 12:45:00+00:00,rejection,long,1757.965,1757.627,1758.6409999999998,0.33799999999996544,12,london,2022-11-25 12:45:00+00:00,1757.627,sl,0,-1.0,train,2022
2022-11-29 07:30:00+00:00,2022-11-29 07:45:00+00:00,rejection,short,1741.417,1742.048,1740.1549999999997,0.6310000000000855,12,london,2022-11-29 07:45:00+00:00,1742.048,sl,0,-1.0,train,2022
2022-11-29 07:45:00+00:00,2022-11-29 08:00:00+00:00,rejection,short,1741.468,1742.408,1739.5880000000004,0.9399999999998272,12,london,2022-11-29 08:30:00+00:00,1742.408,sl,2,-1.0,train,2022
2022-11-29 09:00:00+00:00,2022-11-29 09:15:00+00:00,sweep_reclaim,short,1745.498,1745.748,1744.998,0.25,12,london,2022-11-29 09:15:00+00:00,1745.748,sl,0,-1.0,train,2022
2022-11-29 09:30:00+00:00,2022-11-29 09:45:00+00:00,sweep_reclaim,short,1746.228,1747.048,1744.5880000000002,0.8199999999999363,12,london,2022-11-29 10:00:00+00:00,1744.5880000000002,tp,1,2.0,train,2022
2022-11-30 12:15:00+00:00,2022-11-30 12:30:00+00:00,rejection,long,1754.918,1754.058,1756.6379999999997,0.8599999999999,12,london,2022-11-30 12:45:00+00:00,1754.058,sl,1,-1.0,train,2022
2022-12-01 08:45:00+00:00,2022-12-01 09:00:00+00:00,rejection,long,1776.998,1776.198,1778.598,0.7999999999999545,12,london,2022-12-01 09:00:00+00:00,1776.198,sl,0,-1.0,train,2022
2022-12-01 12:15:00+00:00,2022-12-01 12:30:00+00:00,rejection,long,1779.598,1778.238,1782.3179999999998,1.3599999999999,12,london,2022-12-01 12:45:00+00:00,1782.3179999999998,tp,1,2.0,train,2022
2022-12-01 12:45:00+00:00,2022-12-01 13:00:00+00:00,compression_expansion,long,1781.757,1779.007,1787.257,2.75,12,london,2022-12-01 14:30:00+00:00,1779.007,sl,6,-1.0,train,2022
2022-12-02 07:45:00+00:00,2022-12-02 08:00:00+00:00,rejection,long,1800.698,1800.428,1801.238,0.2699999999999818,12,london,2022-12-02 08:00:00+00:00,1800.428,sl,0,-1.0,train,2022
2022-12-02 08:15:00+00:00,2022-12-02 08:30:00+00:00,sweep_reclaim,long,1799.407,1799.228,1799.7649999999996,0.17899999999985994,12,london,2022-12-02 08:30:00+00:00,1799.228,sl,0,-1.0,train,2022
2022-12-02 08:30:00+00:00,2022-12-02 08:45:00+00:00,rejection,long,1799.307,1798.107,1801.707,1.2000000000000455,12,london,2022-12-02 08:45:00+00:00,1798.107,sl,0,-1.0,train,2022
2022-12-02 12:45:00+00:00,2022-12-02 13:00:00+00:00,rejection,long,1797.035,1796.657,1797.7910000000004,0.37800000000015643,12,london,2022-12-02 13:00:00+00:00,1796.657,sl,0,-1.0,train,2022
2022-12-05 07:45:00+00:00,2022-12-05 08:00:00+00:00,rejection,long,1799.428,1798.818,1800.6480000000004,0.6100000000001273,12,london,2022-12-05 08:00:00+00:00,1800.6480000000004,tp,0,2.0,train,2022
2022-12-05 12:30:00+00:00,2022-12-05 12:45:00+00:00,rejection,long,1808.458,1807.858,1809.6580000000004,0.6000000000001364,12,london,2022-12-05 12:45:00+00:00,1807.858,sl,0,-1.0,train,2022
2022-12-06 07:00:00+00:00,2022-12-06 07:15:00+00:00,rejection,short,1768.648,1770.148,1765.648,1.5,12,london,2022-12-06 07:30:00+00:00,1770.148,sl,1,-1.0,train,2022
2022-12-06 07:45:00+00:00,2022-12-06 08:00:00+00:00,sweep_reclaim,short,1769.558,1770.308,1768.058,0.75,12,london,2022-12-06 08:00:00+00:00,1770.308,sl,0,-1.0,train,2022
2022-12-06 09:30:00+00:00,2022-12-06 09:45:00+00:00,sweep_reclaim,short,1773.167,1775.548,1768.4049999999997,2.3810000000000855,12,london,2022-12-06 12:45:00+00:00,1769.608,timeout,12,1.4947501049978333,train,2022
2022-12-07 07:00:00+00:00,2022-12-07 07:15:00+00:00,rejection,short,1770.367,1771.008,1769.0849999999998,0.6410000000000764,12,london,2022-12-07 07:45:00+00:00,1771.008,sl,2,-1.0,train,2022
2022-12-07 09:15:00+00:00,2022-12-07 09:30:00+00:00,sweep_reclaim,short,1772.967,1773.648,1771.6050000000005,0.6809999999998126,12,london,2022-12-07 09:30:00+00:00,1773.648,sl,0,-1.0,train,2022
2022-12-07 10:00:00+00:00,2022-12-07 10:15:00+00:00,rejection,short,1773.228,1775.048,1769.5880000000002,1.8199999999999363,12,london,2022-12-07 13:15:00+00:00,1769.5880000000002,tp,12,2.0,train,2022
2022-12-08 09:00:00+00:00,2022-12-08 09:15:00+00:00,sweep_reclaim,long,1782.118,1781.388,1783.578,0.7300000000000182,12,london,2022-12-08 09:15:00+00:00,1783.578,tp,0,2.0,train,2022
2022-12-08 10:15:00+00:00,2022-12-08 10:30:00+00:00,sweep_reclaim,long,1782.768,1781.277,1785.75,1.4909999999999854,12,london,2022-12-08 13:30:00+00:00,1785.148,timeout,12,1.5962441314553353,train,2022
2022-12-09 07:30:00+00:00,2022-12-09 07:45:00+00:00,rejection,long,1788.908,1788.608,1789.5079999999998,0.2999999999999545,12,london,2022-12-09 07:45:00+00:00,1788.608,sl,0,-1.0,train,2022
2022-12-09 08:30:00+00:00,2022-12-09 08:45:00+00:00,rejection,long,1794.517,1788.368,1806.8150000000003,6.149000000000115,12,london,2022-12-09 11:45:00+00:00,1797.148,timeout,12,0.42787445113023403,train,2022
2022-12-09 11:45:00+00:00,2022-12-09 12:00:00+00:00,rejection,long,1797.198,1795.088,1801.4180000000003,2.1100000000001273,12,london,2022-12-09 13:00:00+00:00,1795.088,sl,4,-1.0,train,2022
2022-12-13 09:00:00+00:00,2022-12-13 09:15:00+00:00,sweep_reclaim,short,1783.938,1784.595,1782.6240000000003,0.6569999999999254,12,london,2022-12-13 09:15:00+00:00,1784.595,sl,0,-1.0,train,2022
2022-12-13 09:15:00+00:00,2022-12-13 09:30:00+00:00,sweep_reclaim,short,1784.085,1784.685,1782.8850000000002,0.599999999999909,12,london,2022-12-13 09:45:00+00:00,1784.685,sl,1,-1.0,train,2022
2022-12-13 11:45:00+00:00,2022-12-13 12:00:00+00:00,rejection,short,1781.535,1782.295,1780.015,0.7599999999999909,12,london,2022-12-13 12:00:00+00:00,1782.295,sl,0,-1.0,train,2022
2022-12-13 12:30:00+00:00,2022-12-13 12:45:00+00:00,rejection,short,1782.858,1783.065,1782.4439999999997,0.20700000000010732,12,london,2022-12-13 12:45:00+00:00,1783.065,sl,0,-1.0,train,2022
2022-12-14 07:00:00+00:00,2022-12-14 07:15:00+00:00,rejection,long,1809.885,1809.625,1810.405,0.2599999999999909,12,london,2022-12-14 07:15:00+00:00,1809.625,sl,0,-1.0,train,2022
2022-12-14 07:15:00+00:00,2022-12-14 07:30:00+00:00,sweep_reclaim,long,1810.145,1809.315,1811.8049999999998,0.8299999999999272,12,london,2022-12-14 07:30:00+00:00,1809.315,sl,0,-1.0,train,2022
2022-12-14 07:45:00+00:00,2022-12-14 08:00:00+00:00,sweep_reclaim,long,1809.448,1808.925,1810.4940000000004,0.5230000000001382,12,london,2022-12-14 08:00:00+00:00,1810.4940000000004,tp,0,2.0,train,2022
2022-12-14 08:15:00+00:00,2022-12-14 08:30:00+00:00,rejection,long,1811.748,1808.678,1817.888,3.0699999999999363,12,london,2022-12-14 11:30:00+00:00,1809.615,timeout,12,-0.694788273615662,train,2022
2022-12-14 11:45:00+00:00,2022-12-14 12:00:00+00:00,rejection,long,1809.435,1809.265,1809.7749999999996,0.16999999999984539,12,london,2022-12-14 12:00:00+00:00,1809.265,sl,0,-1.0,train,2022
2022-12-16 07:15:00+00:00,2022-12-16 07:30:00+00:00,rejection,short,1776.645,1776.735,1776.4650000000001,0.08999999999991815,12,london,2022-12-16 07:30:00+00:00,1776.735,sl,0,-1.0,train,2022
2022-12-16 08:15:00+00:00,2022-12-16 08:30:00+00:00,rejection,short,1777.755,1777.835,1777.5950000000003,0.07999999999992724,12,london,2022-12-16 08:30:00+00:00,1777.835,sl,0,-1.0,train,2022
2022-12-16 11:45:00+00:00,2022-12-16 12:00:00+00:00,rejection,short,1778.928,1779.615,1777.5540000000003,0.6869999999998981,12,london,2022-12-16 13:15:00+00:00,1779.615,sl,5,-1.0,train,2022
2022-12-19 08:30:00+00:00,2022-12-19 08:45:00+00:00,rejection,long,1794.335,1792.375,1798.255,1.9600000000000364,12,london,2022-12-19 11:00:00+00:00,1792.375,sl,9,-1.0,train,2022
2022-12-20 07:30:00+00:00,2022-12-20 07:45:00+00:00,rejection,short,1785.228,1787.575,1780.534,2.34699999999998,12,london,2022-12-20 08:45:00+00:00,1787.575,sl,4,-1.0,train,2022
2022-12-21 09:00:00+00:00,2022-12-21 09:15:00+00:00,sweep_reclaim,long,1816.255,1815.788,1817.1890000000003,0.4670000000000982,12,london,2022-12-21 09:15:00+00:00,1815.788,sl,0,-1.0,train,2022
2022-12-21 09:30:00+00:00,2022-12-21 09:45:00+00:00,rejection,long,1816.805,1815.565,1819.285,1.240000000000009,12,london,2022-12-21 10:15:00+00:00,1815.565,sl,2,-1.0,train,2022
2022-12-21 11:00:00+00:00,2022-12-21 11:15:00+00:00,sweep_reclaim,long,1815.085,1814.388,1816.4790000000003,0.6970000000001164,12,london,2022-12-21 11:15:00+00:00,1814.388,sl,0,-1.0,train,2022
2022-12-21 12:30:00+00:00,2022-12-21 12:45:00+00:00,sweep_reclaim,long,1813.925,1813.385,1815.0049999999999,0.5399999999999636,12,london,2022-12-21 12:45:00+00:00,1813.385,sl,0,-1.0,train,2022
2022-12-22 08:15:00+00:00,2022-12-22 08:30:00+00:00,rejection,long,1819.018,1815.865,1825.324,3.15300000000002,12,london,2022-12-22 11:30:00+00:00,1818.947,timeout,12,-0.02251823660010771,train,2022
2022-12-22 11:45:00+00:00,2022-12-22 12:00:00+00:00,rejection,long,1819.135,1818.665,1820.075,0.4700000000000273,12,london,2022-12-22 12:15:00+00:00,1820.075,tp,1,2.0,train,2022
2022-12-22 12:45:00+00:00,2022-12-22 13:00:00+00:00,rejection,long,1819.555,1819.198,1820.269,0.3569999999999709,12,london,2022-12-22 13:00:00+00:00,1819.198,sl,0,-1.0,train,2022
2022-12-23 07:30:00+00:00,2022-12-23 07:45:00+00:00,compression_expansion,short,1792.135,1794.575,1787.2549999999999,2.4400000000000546,12,london,2022-12-23 09:00:00+00:00,1794.575,sl,5,-1.0,train,2022
2022-12-23 09:15:00+00:00,2022-12-23 09:30:00+00:00,sweep_reclaim,short,1794.298,1795.195,1792.5040000000001,0.8969999999999345,12,london,2022-12-23 10:45:00+00:00,1792.5040000000001,tp,5,2.0,train,2022
2022-12-23 12:15:00+00:00,2022-12-23 12:30:00+00:00,rejection,short,1794.617,1795.105,1793.6409999999998,0.4880000000000564,12,london,2022-12-23 12:30:00+00:00,1795.105,sl,0,-1.0,train,2022
2022-12-29 07:30:00+00:00,2022-12-29 07:45:00+00:00,rejection,short,1805.535,1806.535,1803.535,1.0,12,london,2022-12-29 08:00:00+00:00,1806.535,sl,1,-1.0,train,2022
2022-12-30 07:15:00+00:00,2022-12-30 07:30:00+00:00,rejection,long,1815.185,1813.925,1817.705,1.259999999999991,12,london,2022-12-30 08:45:00+00:00,1817.705,tp,5,2.0,train,2022
2022-12-30 09:15:00+00:00,2022-12-30 09:30:00+00:00,rejection,long,1817.325,1816.875,1818.2250000000001,0.4500000000000455,12,london,2022-12-30 09:30:00+00:00,1816.875,sl,0,-1.0,train,2022
2022-12-30 09:30:00+00:00,2022-12-30 09:45:00+00:00,rejection,long,1816.895,1816.297,1818.091,0.5979999999999563,12,london,2022-12-30 09:45:00+00:00,1816.297,sl,0,-1.0,train,2022
2022-12-30 09:45:00+00:00,2022-12-30 10:00:00+00:00,rejection,long,1816.885,1815.727,1819.2009999999998,1.1579999999999018,12,london,2022-12-30 12:00:00+00:00,1815.727,sl,8,-1.0,train,2022
2023-01-03 07:30:00+00:00,2023-01-03 07:45:00+00:00,rejection,long,1831.608,1827.625,1839.5739999999998,3.9829999999999472,12,london,2023-01-03 08:15:00+00:00,1827.625,sl,2,-1.0,train,2023
2023-01-03 10:45:00+00:00,2023-01-03 11:00:00+00:00,rejection,long,1841.148,1839.148,1845.148,2.0,12,london,2023-01-03 12:30:00+00:00,1839.148,sl,6,-1.0,train,2023
2023-01-03 12:30:00+00:00,2023-01-03 12:45:00+00:00,rejection,long,1839.875,1839.768,1840.089,0.1069999999999709,12,london,2023-01-03 12:45:00+00:00,1839.768,sl,0,-1.0,train,2023
2023-01-03 12:45:00+00:00,2023-01-03 13:00:00+00:00,rejection,long,1840.128,1837.808,1844.7679999999998,2.3199999999999363,12,london,2023-01-03 14:30:00+00:00,1844.7679999999998,tp,6,2.0,train,2023
2023-01-04 07:00:00+00:00,2023-01-04 07:15:00+00:00,sweep_reclaim,long,1836.615,1836.318,1837.209,0.29700000000002547,12,london,2023-01-04 07:15:00+00:00,1837.209,tp,0,2.0,train,2023
2023-01-04 10:45:00+00:00,2023-01-04 11:00:00+00:00,rejection,long,1845.555,1845.048,1846.5690000000002,0.5070000000000618,12,london,2023-01-04 12:00:00+00:00,1846.5690000000002,tp,4,2.0,train,2023
2023-01-04 12:00:00+00:00,2023-01-04 12:15:00+00:00,rejection,long,1846.408,1845.458,1848.3079999999995,0.9499999999998181,12,london,2023-01-04 12:30:00+00:00,1845.458,sl,1,-1.0,train,2023
2023-01-05 08:45:00+00:00,2023-01-05 09:00:00+00:00,rejection,long,1858.015,1855.425,1863.1950000000004,2.5900000000001455,12,london,2023-01-05 09:15:00+00:00,1855.425,sl,1,-1.0,train,2023
2023-01-05 10:30:00+00:00,2023-01-05 10:45:00+00:00,rejection,long,1855.155,1855.068,1855.329,0.08699999999998909,12,london,2023-01-05 10:45:00+00:00,1855.068,sl,0,-1.0,train,2023
2023-01-05 11:45:00+00:00,2023-01-05 12:00:00+00:00,sweep_reclaim,long,1851.255,1850.855,1852.0550000000003,0.40000000000009095,12,london,2023-01-05 12:15:00+00:00,1852.0550000000003,tp,1,2.0,train,2023
2023-01-05 12:15:00+00:00,2023-01-05 12:30:00+00:00,rejection,long,1852.235,1850.097,1856.5109999999997,2.13799999999992,12,london,2023-01-05 15:00:00+00:00,1850.097,sl,10,-1.0,train,2023
2023-01-06 08:30:00+00:00,2023-01-06 08:45:00+00:00,rejection,short,1832.805,1834.915,1828.5850000000003,2.1099999999999,12,london,2023-01-06 09:00:00+00:00,1834.915,sl,1,-1.0,train,2023
2023-01-06 11:00:00+00:00,2023-01-06 11:15:00+00:00,rejection,short,1839.115,1840.755,1835.8349999999998,1.6400000000001,12,london,2023-01-06 13:00:00+00:00,1835.8349999999998,tp,7,2.0,train,2023
2023-01-09 09:30:00+00:00,2023-01-09 09:45:00+00:00,rejection,long,1877.108,1873.455,1884.414,3.65300000000002,12,london,2023-01-09 12:45:00+00:00,1877.315,timeout,12,0.05666575417468004,train,2023
2023-01-09 12:45:00+00:00,2023-01-09 13:00:00+00:00,rejection,long,1877.255,1874.678,1882.409,2.576999999999998,12,london,2023-01-09 14:45:00+00:00,1874.678,sl,7,-1.0,train,2023
2023-01-10 10:15:00+00:00,2023-01-10 10:30:00+00:00,rejection,long,1872.965,1870.895,1877.1049999999998,2.0699999999999363,12,london,2023-01-10 11:15:00+00:00,1870.895,sl,3,-1.0,train,2023
2023-01-11 07:30:00+00:00,2023-01-11 07:45:00+00:00,rejection,long,1876.755,1876.565,1877.1350000000002,0.19000000000005457,12,london,2023-01-11 07:45:00+00:00,1876.565,sl,0,-1.0,train,2023
2023-01-11 07:45:00+00:00,2023-01-11 08:00:00+00:00,rejection,long,1876.955,1875.675,1879.5149999999999,1.2799999999999727,12,london,2023-01-11 08:30:00+00:00,1875.675,sl,2,-1.0,train,2023
2023-01-11 08:45:00+00:00,2023-01-11 09:00:00+00:00,sweep_reclaim,long,1873.665,1872.848,1875.299,0.8170000000000073,12,london,2023-01-11 09:00:00+00:00,1872.848,sl,0,-1.0,train,2023
2023-01-11 12:00:00+00:00,2023-01-11 12:15:00+00:00,rejection,long,1877.615,1876.935,1878.9750000000001,0.6800000000000637,12,london,2023-01-11 12:15:00+00:00,1878.9750000000001,tp,0,2.0,train,2023
2023-01-11 12:15:00+00:00,2023-01-11 12:30:00+00:00,compression_expansion,long,1880.045,1876.815,1886.505,3.230000000000018,12,london,2023-01-11 15:30:00+00:00,1882.505,timeout,12,0.76160990712075,train,2023
2023-01-12 12:00:00+00:00,2023-01-12 12:15:00+00:00,compression_expansion,long,1884.348,1882.897,1887.25,1.4510000000000218,12,london,2023-01-12 13:30:00+00:00,1882.897,sl,5,-1.0,train,2023
2023-01-13 09:00:00+00:00,2023-01-13 09:15:00+00:00,rejection,long,1899.045,1896.035,1905.065,3.009999999999991,12,london,2023-01-13 09:30:00+00:00,1896.035,sl,1,-1.0,train,2023
2023-01-13 09:30:00+00:00,2023-01-13 09:45:00+00:00,rejection,long,1897.365,1896.485,1899.1250000000002,0.8800000000001091,12,london,2023-01-13 11:45:00+00:00,1896.485,sl,8,-1.0,train,2023
2023-01-16 07:30:00+00:00,2023-01-16 07:45:00+00:00,rejection,long,1918.155,1916.695,1921.075,1.4600000000000364,12,london,2023-01-16 08:30:00+00:00,1921.075,tp,3,2.0,train,2023
2023-01-16 11:30:00+00:00,2023-01-16 11:45:00+00:00,rejection,long,1924.977,1924.968,1924.9950000000001,0.009000000000014552,12,london,2023-01-16 11:45:00+00:00,1924.968,sl,0,-1.0,train,2023
2023-01-17 08:45:00+00:00,2023-01-17 09:00:00+00:00,rejection,long,1915.095,1914.085,1917.115,1.009999999999991,12,london,2023-01-17 09:00:00+00:00,1914.085,sl,0,-1.0,train,2023
2023-01-17 09:00:00+00:00,2023-01-17 09:15:00+00:00,rejection,long,1914.735,1913.025,1918.1549999999995,1.709999999999809,12,london,2023-01-17 09:30:00+00:00,1913.025,sl,1,-1.0,train,2023
2023-01-18 12:30:00+00:00,2023-01-18 12:45:00+00:00,rejection,short,1897.165,1899.535,1892.4249999999997,2.3700000000001182,12,london,2023-01-18 13:15:00+00:00,1899.535,sl,2,-1.0,train,2023
2023-01-19 07:45:00+00:00,2023-01-19 08:00:00+00:00,sweep_reclaim,short,1907.065,1908.405,1904.3850000000002,1.3399999999999181,12,london,2023-01-19 08:15:00+00:00,1904.3850000000002,tp,1,2.0,train,2023
2023-01-19 09:15:00+00:00,2023-01-19 09:30:00+00:00,rejection,short,1901.235,1903.735,1896.235,2.5,12,london,2023-01-19 09:45:00+00:00,1903.735,sl,1,-1.0,train,2023
2023-01-19 11:00:00+00:00,2023-01-19 11:15:00+00:00,sweep_reclaim,short,1909.048,1910.665,1905.814,1.6169999999999618,12,london,2023-01-19 11:30:00+00:00,1910.665,sl,1,-1.0,train,2023
2023-01-20 09:00:00+00:00,2023-01-20 09:15:00+00:00,rejection,long,1932.035,1929.267,1937.5710000000001,2.768000000000029,12,london,2023-01-20 09:45:00+00:00,1929.267,sl,2,-1.0,train,2023
2023-01-20 12:15:00+00:00,2023-01-20 12:30:00+00:00,sweep_reclaim,long,1924.255,1923.507,1925.7510000000002,0.7480000000000473,12,london,2023-01-20 12:30:00+00:00,1923.507,sl,0,-1.0,train,2023
2023-01-20 12:30:00+00:00,2023-01-20 12:45:00+00:00,sweep_reclaim,long,1924.135,1923.195,1926.015,0.9400000000000546,12,london,2023-01-20 12:45:00+00:00,1926.015,tp,0,2.0,train,2023
2023-01-23 07:00:00+00:00,2023-01-23 07:15:00+00:00,rejection,long,1927.348,1925.447,1931.15,1.9010000000000673,12,london,2023-01-23 08:00:00+00:00,1931.15,tp,3,2.0,train,2023
2023-01-23 10:15:00+00:00,2023-01-23 10:30:00+00:00,rejection,long,1932.725,1931.577,1935.0209999999997,1.1479999999999109,12,london,2023-01-23 10:45:00+00:00,1931.577,sl,1,-1.0,train,2023
2023-01-23 10:45:00+00:00,2023-01-23 11:00:00+00:00,rejection,long,1931.945,1931.788,1932.2589999999998,0.15699999999992542,12,london,2023-01-23 11:00:00+00:00,1931.788,sl,0,-1.0,train,2023
2023-01-23 12:30:00+00:00,2023-01-23 12:45:00+00:00,sweep_reclaim,long,1928.205,1927.095,1930.4249999999997,1.1099999999999,12,london,2023-01-23 12:45:00+00:00,1927.095,sl,0,-1.0,train,2023
2023-01-23 12:45:00+00:00,2023-01-23 13:00:00+00:00,sweep_reclaim,long,1927.765,1926.945,1929.4050000000004,0.8200000000001637,12,london,2023-01-23 13:00:00+00:00,1926.945,sl,0,-1.0,train,2023
2023-01-24 07:15:00+00:00,2023-01-24 07:30:00+00:00,rejection,long,1932.075,1931.155,1933.9150000000002,0.9200000000000728,12,london,2023-01-24 08:00:00+00:00,1931.155,sl,2,-1.0,train,2023
2023-01-24 09:30:00+00:00,2023-01-24 09:45:00+00:00,rejection,long,1934.878,1934.255,1936.1239999999996,0.6229999999998199,12,london,2023-01-24 10:45:00+00:00,1934.255,sl,4,-1.0,train,2023
2023-01-24 12:45:00+00:00,2023-01-24 13:00:00+00:00,rejection,long,1934.908,1932.405,1939.9139999999998,2.502999999999929,12,london,2023-01-24 14:00:00+00:00,1939.9139999999998,tp,4,2.0,train,2023
2023-01-25 08:30:00+00:00,2023-01-25 08:45:00+00:00,rejection,long,1937.838,1934.845,1943.8239999999998,2.992999999999938,12,london,2023-01-25 10:00:00+00:00,1934.845,sl,5,-1.0,train,2023
2023-01-25 10:30:00+00:00,2023-01-25 10:45:00+00:00,sweep_reclaim,long,1932.085,1929.815,1936.625,2.269999999999982,12,london,2023-01-25 11:00:00+00:00,1929.815,sl,1,-1.0,train,2023
2023-01-26 09:00:00+00:00,2023-01-26 09:15:00+00:00,rejection,long,1945.245,1942.415,1950.9049999999997,2.8299999999999272,12,london,2023-01-26 12:15:00+00:00,1945.925,timeout,12,0.24028268551239618,train,2023
2023-01-26 12:30:00+00:00,2023-01-26 12:45:00+00:00,rejection,long,1945.958,1945.905,1946.0640000000003,0.05300000000011096,12,london,2023-01-26 12:45:00+00:00,1945.905,sl,0,-1.0,train,2023
2023-01-27 08:45:00+00:00,2023-01-27 09:00:00+00:00,rejection,short,1930.768,1933.835,1924.634,3.0670000000000073,12,london,2023-01-27 10:45:00+00:00,1924.634,tp,7,2.0,train,2023
2023-01-27 11:00:00+00:00,2023-01-27 11:15:00+00:00,rejection,short,1923.925,1927.508,1916.7589999999998,3.5830000000000837,12,london,2023-01-27 14:15:00+00:00,1924.055,timeout,12,-0.03628244487862297,train,2023
2023-01-30 07:15:00+00:00,2023-01-30 07:30:00+00:00,rejection,short,1928.525,1928.895,1927.7850000000003,0.36999999999989086,12,london,2023-01-30 07:30:00+00:00,1928.895,sl,0,-1.0,train,2023
2023-01-30 10:30:00+00:00,2023-01-30 10:45:00+00:00,rejection,short,1924.875,1926.535,1921.5549999999998,1.6600000000000819,12,london,2023-01-30 11:00:00+00:00,1926.535,sl,1,-1.0,train,2023
2023-01-31 07:00:00+00:00,2023-01-31 07:15:00+00:00,rejection,short,1921.827,1922.648,1920.1850000000002,0.8209999999999127,12,london,2023-01-31 07:45:00+00:00,1922.648,sl,2,-1.0,train,2023
2023-01-31 08:30:00+00:00,2023-01-31 08:45:00+00:00,rejection,short,1922.995,1923.875,1921.2349999999997,0.8800000000001091,12,london,2023-01-31 08:45:00+00:00,1923.875,sl,0,-1.0,train,2023
2023-01-31 09:00:00+00:00,2023-01-31 09:15:00+00:00,sweep_reclaim,short,1924.675,1926.655,1920.715,1.9800000000000182,12,london,2023-01-31 11:15:00+00:00,1920.715,tp,8,2.0,train,2023
2023-01-31 11:15:00+00:00,2023-01-31 11:30:00+00:00,rejection,short,1920.565,1923.848,1913.9990000000003,3.2829999999999018,12,london,2023-01-31 13:15:00+00:00,1913.9990000000003,tp,7,2.0,train,2023
2023-02-01 08:30:00+00:00,2023-02-01 08:45:00+00:00,sweep_reclaim,long,1926.358,1926.248,1926.5779999999997,0.10999999999989996,12,london,2023-02-01 08:45:00+00:00,1926.5779999999997,tp,0,2.0,train,2023
2023-02-01 09:30:00+00:00,2023-02-01 09:45:00+00:00,sweep_reclaim,long,1925.245,1924.965,1925.8049999999998,0.2799999999999727,12,london,2023-02-01 09:45:00+00:00,1924.965,sl,0,-1.0,train,2023
2023-02-01 09:45:00+00:00,2023-02-01 10:00:00+00:00,sweep_reclaim,long,1925.085,1924.605,1926.045,0.4800000000000182,12,london,2023-02-01 10:00:00+00:00,1924.605,sl,0,-1.0,train,2023
2023-02-01 10:00:00+00:00,2023-02-01 10:15:00+00:00,rejection,long,1925.318,1924.418,1927.1180000000002,0.900000000000091,12,london,2023-02-01 11:00:00+00:00,1927.1180000000002,tp,3,2.0,train,2023
2023-02-02 08:00:00+00:00,2023-02-02 08:15:00+00:00,rejection,long,1953.355,1950.697,1958.6710000000003,2.658000000000129,12,london,2023-02-02 11:15:00+00:00,1951.995,timeout,12,-0.5116629044394512,train,2023
2023-02-02 11:45:00+00:00,2023-02-02 12:00:00+00:00,compression_expansion,long,1953.227,1951.605,1956.4710000000002,1.622000000000071,12,london,2023-02-02 13:30:00+00:00,1951.605,sl,6,-1.0,train,2023
2023-02-03 08:15:00+00:00,2023-02-03 08:30:00+00:00,sweep_reclaim,short,1916.355,1916.935,1915.1950000000002,0.5799999999999272,12,london,2023-02-03 08:30:00+00:00,1916.935,sl,0,-1.0,train,2023
2023-02-03 09:15:00+00:00,2023-02-03 09:30:00+00:00,sweep_reclaim,short,1916.965,1918.115,1914.6649999999997,1.150000000000091,12,london,2023-02-03 11:15:00+00:00,1914.6649999999997,tp,7,2.0,train,2023
2023-02-03 12:45:00+00:00,2023-02-03 13:00:00+00:00,rejection,short,1915.225,1916.165,1913.3449999999998,0.9400000000000546,12,london,2023-02-03 13:45:00+00:00,1916.165,sl,3,-1.0,train,2023
2023-02-06 08:00:00+00:00,2023-02-06 08:15:00+00:00,sweep_reclaim,short,1867.105,1867.375,1866.565,0.2699999999999818,12,london,2023-02-06 08:15:00+00:00,1867.375,sl,0,-1.0,train,2023
2023-02-06 08:30:00+00:00,2023-02-06 08:45:00+00:00,sweep_reclaim,short,1869.317,1869.975,1868.0010000000002,0.6579999999999018,12,london,2023-02-06 08:45:00+00:00,1869.975,sl,0,-1.0,train,2023
2023-02-06 09:00:00+00:00,2023-02-06 09:15:00+00:00,sweep_reclaim,short,1872.145,1872.175,1872.085,0.029999999999972715,12,london,2023-02-06 09:15:00+00:00,1872.175,sl,0,-1.0,train,2023
2023-02-06 09:30:00+00:00,2023-02-06 09:45:00+00:00,sweep_reclaim,short,1874.815,1874.855,1874.7350000000001,0.03999999999996362,12,london,2023-02-06 09:45:00+00:00,1874.855,sl,0,-1.0,train,2023
2023-02-06 11:45:00+00:00,2023-02-06 12:00:00+00:00,rejection,short,1876.905,1877.895,1874.925,0.9900000000000091,12,london,2023-02-06 12:00:00+00:00,1877.895,sl,0,-1.0,train,2023
2023-02-06 12:15:00+00:00,2023-02-06 12:30:00+00:00,sweep_reclaim,short,1876.535,1878.505,1872.595,1.9700000000000273,12,london,2023-02-06 13:30:00+00:00,1878.505,sl,4,-1.0,train,2023
2023-02-09 09:30:00+00:00,2023-02-09 09:45:00+00:00,sweep_reclaim,short,1879.025,1879.845,1877.3850000000002,0.8199999999999363,12,london,2023-02-09 09:45:00+00:00,1879.845,sl,0,-1.0,train,2023
2023-02-10 07:00:00+00:00,2023-02-10 07:15:00+00:00,compression_expansion,short,1861.105,1862.295,1858.725,1.1900000000000546,12,london,2023-02-10 08:00:00+00:00,1862.295,sl,3,-1.0,train,2023
2023-02-13 09:00:00+00:00,2023-02-13 09:15:00+00:00,rejection,short,1860.505,1861.585,1858.3450000000003,1.0799999999999272,12,london,2023-02-13 09:15:00+00:00,1861.585,sl,0,-1.0,train,2023
2023-02-13 09:15:00+00:00,2023-02-13 09:30:00+00:00,rejection,short,1861.075,1862.025,1859.175,0.9500000000000455,12,london,2023-02-13 10:00:00+00:00,1862.025,sl,2,-1.0,train,2023
2023-02-13 10:30:00+00:00,2023-02-13 10:45:00+00:00,rejection,short,1860.615,1862.215,1857.4150000000002,1.599999999999909,12,london,2023-02-13 12:00:00+00:00,1857.4150000000002,tp,5,2.0,train,2023
2023-02-14 07:00:00+00:00,2023-02-14 07:15:00+00:00,rejection,short,1854.175,1854.185,1854.155,0.009999999999990905,12,london,2023-02-14 07:15:00+00:00,1854.185,sl,0,-1.0,train,2023
2023-02-14 07:30:00+00:00,2023-02-14 07:45:00+00:00,sweep_reclaim,short,1855.425,1855.575,1855.1249999999998,0.15000000000009095,12,london,2023-02-14 07:45:00+00:00,1855.575,sl,0,-1.0,train,2023
2023-02-14 08:15:00+00:00,2023-02-14 08:30:00+00:00,rejection,short,1855.618,1856.488,1853.8779999999997,0.8700000000001182,12,london,2023-02-14 09:00:00+00:00,1856.488,sl,2,-1.0,train,2023
2023-02-14 09:45:00+00:00,2023-02-14 10:00:00+00:00,sweep_reclaim,short,1857.525,1857.915,1856.7450000000003,0.38999999999987267,12,london,2023-02-14 10:00:00+00:00,1857.915,sl,0,-1.0,train,2023
2023-02-15 07:00:00+00:00,2023-02-15 07:15:00+00:00,rejection,short,1854.405,1855.205,1852.805,0.7999999999999545,12,london,2023-02-15 07:45:00+00:00,1855.205,sl,2,-1.0,train,2023
2023-02-15 08:00:00+00:00,2023-02-15 08:15:00+00:00,rejection,short,1855.088,1855.418,1854.428,0.32999999999992724,12,london,2023-02-15 08:15:00+00:00,1855.418,sl,0,-1.0,train,2023
2023-02-15 08:15:00+00:00,2023-02-15 08:30:00+00:00,sweep_reclaim,short,1855.665,1855.718,1855.5589999999997,0.05300000000011096,12,london,2023-02-15 08:30:00+00:00,1855.718,sl,0,-1.0,train,2023
2023-02-15 10:30:00+00:00,2023-02-15 10:45:00+00:00,rejection,short,1851.375,1853.805,1846.5149999999999,2.4300000000000637,12,london,2023-02-15 11:15:00+00:00,1846.5149999999999,tp,2,2.0,train,2023
2023-02-15 12:00:00+00:00,2023-02-15 12:15:00+00:00,rejection,short,1847.395,1848.765,1844.6549999999997,1.3700000000001182,12,london,2023-02-15 13:15:00+00:00,1844.6549999999997,tp,4,2.0,train,2023
2023-02-16 07:15:00+00:00,2023-02-16 07:30:00+00:00,rejection,short,1837.005,1837.775,1835.4650000000001,0.7699999999999818,12,london,2023-02-16 08:00:00+00:00,1835.4650000000001,tp,2,2.0,train,2023
2023-02-16 09:15:00+00:00,2023-02-16 09:30:00+00:00,sweep_reclaim,short,1841.027,1842.155,1838.7710000000002,1.127999999999929,12,london,2023-02-16 09:45:00+00:00,1842.155,sl,1,-1.0,train,2023
2023-02-17 07:00:00+00:00,2023-02-17 07:15:00+00:00,compression_expansion,short,1833.135,1835.275,1828.8549999999998,2.1400000000001,12,london,2023-02-17 09:00:00+00:00,1828.8549999999998,tp,7,2.0,train,2023
2023-02-17 10:00:00+00:00,2023-02-17 10:15:00+00:00,rejection,short,1828.758,1830.545,1825.184,1.7870000000000346,12,london,2023-02-17 12:00:00+00:00,1825.184,tp,7,2.0,train,2023
2023-02-20 09:00:00+00:00,2023-02-20 09:15:00+00:00,rejection,long,1839.835,1837.898,1843.7090000000003,1.9370000000001255,12,london,2023-02-20 11:15:00+00:00,1843.7090000000003,tp,8,2.0,train,2023
2023-02-20 12:30:00+00:00,2023-02-20 12:45:00+00:00,rejection,long,1841.935,1841.718,1842.3689999999997,0.21699999999987085,12,london,2023-02-20 12:45:00+00:00,1841.718,sl,0,-1.0,train,2023
2023-02-22 08:00:00+00:00,2023-02-22 08:15:00+00:00,sweep_reclaim,short,1836.225,1836.458,1835.7589999999996,0.23300000000017462,12,london,2023-02-22 08:15:00+00:00,1836.458,sl,0,-1.0,train,2023
2023-02-22 08:15:00+00:00,2023-02-22 08:30:00+00:00,sweep_reclaim,short,1835.415,1836.968,1832.3089999999997,1.553000000000111,12,london,2023-02-22 08:30:00+00:00,1836.968,sl,0,-1.0,train,2023
2023-02-22 08:45:00+00:00,2023-02-22 09:00:00+00:00,sweep_reclaim,short,1836.225,1837.935,1832.8049999999998,1.7100000000000364,12,london,2023-02-22 12:00:00+00:00,1836.515,timeout,12,-0.16959064327496187,train,2023
2023-02-23 07:00:00+00:00,2023-02-23 07:15:00+00:00,compression_expansion,short,1824.195,1826.125,1820.3349999999998,1.9300000000000637,12,london,2023-02-23 08:00:00+00:00,1826.125,sl,3,-1.0,train,2023
2023-02-23 09:00:00+00:00,2023-02-23 09:15:00+00:00,sweep_reclaim,short,1826.915,1827.645,1825.455,0.7300000000000182,12,london,2023-02-23 09:30:00+00:00,1827.645,sl,1,-1.0,train,2023
2023-02-23 10:15:00+00:00,2023-02-23 10:30:00+00:00,sweep_reclaim,short,1829.505,1829.795,1828.9250000000002,0.2899999999999636,12,london,2023-02-23 10:30:00+00:00,1828.9250000000002,tp,0,2.0,train,2023
2023-02-23 10:45:00+00:00,2023-02-23 11:00:00+00:00,rejection,short,1827.815,1830.355,1822.7350000000001,2.5399999999999636,12,london,2023-02-23 13:30:00+00:00,1830.355,sl,10,-1.0,train,2023
2023-02-24 08:15:00+00:00,2023-02-24 08:30:00+00:00,sweep_reclaim,short,1824.868,1826.525,1821.5539999999996,1.6570000000001528,12,london,2023-02-24 09:15:00+00:00,1826.525,sl,3,-1.0,train,2023
2023-02-27 08:15:00+00:00,2023-02-27 08:30:00+00:00,sweep_reclaim,short,1813.025,1813.795,1811.4850000000001,0.7699999999999818,12,london,2023-02-27 09:00:00+00:00,1813.795,sl,2,-1.0,train,2023
2023-02-27 10:30:00+00:00,2023-02-27 10:45:00+00:00,rejection,short,1810.325,1812.445,1806.0850000000003,2.119999999999891,12,london,2023-02-27 13:45:00+00:00,1808.225,timeout,12,0.9905660377359644,train,2023
2023-03-01 07:30:00+00:00,2023-03-01 07:45:00+00:00,sweep_reclaim,long,1825.015,1824.625,1825.7950000000003,0.39000000000010004,12,london,2023-03-01 07:45:00+00:00,1824.625,sl,0,-1.0,train,2023
2023-03-01 09:15:00+00:00,2023-03-01 09:30:00+00:00,rejection,long,1828.465,1825.018,1835.3589999999997,3.446999999999889,12,london,2023-03-01 12:30:00+00:00,1831.815,timeout,12,0.9718595880476485,train,2023
2023-03-02 07:15:00+00:00,2023-03-02 07:30:00+00:00,sweep_reclaim,long,1836.605,1836.145,1837.525,0.4600000000000364,12,london,2023-03-02 07:30:00+00:00,1837.525,tp,0,2.0,train,2023
2023-03-02 08:15:00+00:00,2023-03-02 08:30:00+00:00,sweep_reclaim,long,1835.295,1835.035,1835.815,0.2599999999999909,12,london,2023-03-02 08:30:00+00:00,1835.035,sl,0,-1.0,train,2023
2023-03-03 08:45:00+00:00,2023-03-03 09:00:00+00:00,rejection,long,1840.095,1839.508,1841.269,0.5869999999999891,12,london,2023-03-03 09:00:00+00:00,1839.508,sl,0,-1.0,train,2023
2023-03-03 09:15:00+00:00,2023-03-03 09:30:00+00:00,rejection,long,1839.365,1838.025,1842.0449999999998,1.3399999999999181,12,london,2023-03-03 10:45:00+00:00,1838.025,sl,5,-1.0,train,2023
2023-03-03 12:15:00+00:00,2023-03-03 12:30:00+00:00,rejection,long,1838.745,1837.985,1840.2649999999999,0.7599999999999909,12,london,2023-03-03 12:30:00+00:00,1837.985,sl,0,-1.0,train,2023
2023-03-03 12:30:00+00:00,2023-03-03 12:45:00+00:00,rejection,long,1838.655,1838.115,1839.735,0.5399999999999636,12,london,2023-03-03 12:45:00+00:00,1838.115,sl,0,-1.0,train,2023
2023-03-06 08:30:00+00:00,2023-03-06 08:45:00+00:00,sweep_reclaim,long,1851.958,1850.918,1854.0380000000005,1.040000000000191,12,london,2023-03-06 10:00:00+00:00,1854.0380000000005,tp,5,2.0,train,2023
2023-03-06 11:45:00+00:00,2023-03-06 12:00:00+00:00,rejection,long,1854.908,1854.508,1855.7079999999996,0.3999999999998636,12,london,2023-03-06 12:00:00+00:00,1854.508,sl,0,-1.0,train,2023
2023-03-08 07:45:00+00:00,2023-03-08 08:00:00+00:00,rejection,short,1812.755,1814.045,1810.1750000000002,1.2899999999999636,12,london,2023-03-08 10:15:00+00:00,1810.1750000000002,tp,9,2.0,train,2023
2023-03-08 10:45:00+00:00,2023-03-08 11:00:00+00:00,rejection,short,1809.905,1811.475,1806.765,1.5699999999999363,12,london,2023-03-08 12:00:00+00:00,1811.475,sl,4,-1.0,train,2023
2023-03-08 12:15:00+00:00,2023-03-08 12:30:00+00:00,rejection,short,1811.125,1811.635,1810.105,0.5099999999999909,12,london,2023-03-08 12:45:00+00:00,1811.635,sl,1,-1.0,train,2023
2023-03-09 09:00:00+00:00,2023-03-09 09:15:00+00:00,rejection,short,1812.235,1815.035,1806.6349999999995,2.800000000000182,12,london,2023-03-09 12:15:00+00:00,1815.035,sl,12,-1.0,train,2023
2023-03-10 09:45:00+00:00,2023-03-10 10:00:00+00:00,sweep_reclaim,long,1829.985,1828.895,1832.1649999999997,1.0899999999999181,12,london,2023-03-10 10:00:00+00:00,1828.895,sl,0,-1.0,train,2023
2023-03-10 11:30:00+00:00,2023-03-10 11:45:00+00:00,sweep_reclaim,long,1829.015,1827.835,1831.3750000000002,1.1800000000000637,12,london,2023-03-10 13:15:00+00:00,1831.3750000000002,tp,6,2.0,train,2023
2023-03-13 11:15:00+00:00,2023-03-13 11:30:00+00:00,rejection,long,1882.945,1882.235,1884.365,0.7100000000000364,12,london,2023-03-13 11:45:00+00:00,1882.235,sl,1,-1.0,train,2023
2023-03-13 12:15:00+00:00,2023-03-13 12:30:00+00:00,rejection,long,1881.405,1881.015,1882.1849999999997,0.38999999999987267,12,london,2023-03-13 12:30:00+00:00,1881.015,sl,0,-1.0,train,2023
2023-03-14 07:15:00+00:00,2023-03-14 07:30:00+00:00,rejection,long,1910.895,1910.235,1912.2150000000001,0.6600000000000819,12,london,2023-03-14 08:00:00+00:00,1912.2150000000001,tp,2,2.0,train,2023
2023-03-14 09:00:00+00:00,2023-03-14 09:15:00+00:00,rejection,long,1906.855,1905.188,1910.1889999999999,1.6669999999999163,12,london,2023-03-14 09:30:00+00:00,1905.188,sl,1,-1.0,train,2023
2023-03-14 09:45:00+00:00,2023-03-14 10:00:00+00:00,sweep_reclaim,long,1905.275,1904.715,1906.3950000000004,0.5600000000001728,12,london,2023-03-14 10:00:00+00:00,1904.715,sl,0,-1.0,train,2023
2023-03-14 10:15:00+00:00,2023-03-14 10:30:00+00:00,sweep_reclaim,long,1906.305,1903.925,1911.0650000000003,2.380000000000109,12,london,2023-03-14 10:45:00+00:00,1903.925,sl,1,-1.0,train,2023
2023-03-14 12:00:00+00:00,2023-03-14 12:15:00+00:00,compression_expansion,long,1903.805,1901.715,1907.9850000000004,2.0900000000001455,12,london,2023-03-14 12:30:00+00:00,1901.715,sl,1,-1.0,train,2023
2023-03-17 08:00:00+00:00,2023-03-17 08:15:00+00:00,sweep_reclaim,long,1919.525,1919.055,1920.4650000000001,0.4700000000000273,12,london,2023-03-17 08:15:00+00:00,1919.055,sl,0,-1.0,train,2023
2023-03-17 08:15:00+00:00,2023-03-17 08:30:00+00:00,sweep_reclaim,long,1920.015,1918.248,1923.5490000000002,1.7670000000000528,12,london,2023-03-17 09:30:00+00:00,1923.5490000000002,tp,4,2.0,train,2023
2023-03-17 10:30:00+00:00,2023-03-17 10:45:00+00:00,rejection,long,1929.025,1926.365,1934.3450000000003,2.660000000000082,12,london,2023-03-17 13:45:00+00:00,1930.765,timeout,12,0.6541353383458479,train,2023
2023-03-20 08:30:00+00:00,2023-03-20 08:45:00+00:00,sweep_reclaim,long,1971.425,1968.255,1977.7649999999996,3.1699999999998454,12,london,2023-03-20 11:45:00+00:00,1973.805,timeout,12,0.7507886435331941,train,2023
2023-03-21 07:00:00+00:00,2023-03-21 07:15:00+00:00,rejection,long,1977.165,1976.985,1977.525,0.18000000000006366,12,london,2023-03-21 07:15:00+00:00,1976.985,sl,0,-1.0,train,2023
2023-03-21 07:15:00+00:00,2023-03-21 07:30:00+00:00,compression_expansion,long,1978.775,1976.195,1983.9350000000004,2.5800000000001546,12,london,2023-03-21 07:30:00+00:00,1976.195,sl,0,-1.0,train,2023
2023-03-21 07:30:00+00:00,2023-03-21 07:45:00+00:00,sweep_reclaim,long,1977.165,1976.195,1979.105,0.9700000000000273,12,london,2023-03-21 08:00:00+00:00,1979.105,tp,1,2.0,train,2023
2023-03-21 10:15:00+00:00,2023-03-21 10:30:00+00:00,rejection,long,1982.615,1979.675,1988.4950000000001,2.9400000000000546,12,london,2023-03-21 13:30:00+00:00,1979.675,sl,12,-1.0,train,2023
2023-03-22 08:30:00+00:00,2023-03-22 08:45:00+00:00,rejection,short,1944.505,1946.145,1941.2250000000004,1.6399999999998727,12,london,2023-03-22 09:15:00+00:00,1941.2250000000004,tp,2,2.0,train,2023
2023-03-22 11:30:00+00:00,2023-03-22 11:45:00+00:00,rejection,short,1938.605,1941.615,1932.585,3.009999999999991,12,london,2023-03-22 13:30:00+00:00,1941.615,sl,7,-1.0,train,2023
2023-03-23 07:30:00+00:00,2023-03-23 07:45:00+00:00,rejection,long,1970.985,1967.835,1977.2849999999996,3.1499999999998636,12,london,2023-03-23 08:45:00+00:00,1967.835,sl,4,-1.0,train,2023
2023-03-24 07:00:00+00:00,2023-03-24 07:15:00+00:00,rejection,long,1991.758,1990.515,1994.244,1.2429999999999382,12,london,2023-03-24 07:15:00+00:00,1990.515,sl,0,-1.0,train,2023
2023-03-24 08:45:00+00:00,2023-03-24 09:00:00+00:00,rejection,long,1992.585,1991.405,1994.9450000000002,1.1800000000000637,12,london,2023-03-24 09:00:00+00:00,1991.405,sl,0,-1.0,train,2023
2023-03-24 11:15:00+00:00,2023-03-24 11:30:00+00:00,rejection,long,1992.605,1990.285,1997.245,2.3199999999999363,12,london,2023-03-24 12:30:00+00:00,1990.285,sl,4,-1.0,train,2023
2023-03-28 07:00:00+00:00,2023-03-28 07:15:00+00:00,sweep_reclaim,short,1957.695,1957.965,1957.155,0.2699999999999818,12,london,2023-03-28 07:15:00+00:00,1957.965,sl,0,-1.0,train,2023
2023-03-28 07:45:00+00:00,2023-03-28 08:00:00+00:00,rejection,short,1958.315,1959.675,1955.5950000000003,1.3599999999999,12,london,2023-03-28 08:00:00+00:00,1959.675,sl,0,-1.0,train,2023
2023-03-28 08:45:00+00:00,2023-03-28 09:00:00+00:00,sweep_reclaim,short,1962.885,1963.245,1962.1650000000002,0.35999999999989996,12,london,2023-03-28 09:00:00+00:00,1963.245,sl,0,-1.0,train,2023
2023-03-28 09:45:00+00:00,2023-03-28 10:00:00+00:00,rejection,short,1960.485,1962.235,1956.985,1.75,12,london,2023-03-28 12:00:00+00:00,1956.985,tp,8,2.0,train,2023
2023-03-28 12:00:00+00:00,2023-03-28 12:15:00+00:00,compression_expansion,short,1956.935,1959.255,1952.2949999999996,2.3200000000001637,12,london,2023-03-28 12:30:00+00:00,1959.255,sl,1,-1.0,train,2023
2023-03-29 07:45:00+00:00,2023-03-29 08:00:00+00:00,sweep_reclaim,long,1970.945,1970.705,1971.425,0.2400000000000091,12,london,2023-03-29 08:00:00+00:00,1970.705,sl,0,-1.0,train,2023
2023-03-29 09:30:00+00:00,2023-03-29 09:45:00+00:00,rejection,long,1968.625,1967.368,1971.1390000000001,1.2570000000000618,12,london,2023-03-29 10:30:00+00:00,1967.368,sl,3,-1.0,train,2023
2023-03-29 11:00:00+00:00,2023-03-29 11:15:00+00:00,sweep_reclaim,long,1966.895,1965.955,1968.775,0.9400000000000546,12,london,2023-03-29 11:30:00+00:00,1968.775,tp,1,2.0,train,2023
2023-03-30 07:15:00+00:00,2023-03-30 07:30:00+00:00,compression_expansion,short,1962.465,1963.945,1959.5049999999999,1.4800000000000182,12,london,2023-03-30 08:15:00+00:00,1959.5049999999999,tp,3,2.0,train,2023
2023-03-31 07:15:00+00:00,2023-03-31 07:30:00+00:00,sweep_reclaim,long,1978.325,1977.734,1979.5070000000003,0.5910000000001219,12,london,2023-03-31 07:30:00+00:00,1977.734,sl,0,-1.0,train,2023
2023-03-31 07:30:00+00:00,2023-03-31 07:45:00+00:00,sweep_reclaim,long,1978.745,1977.655,1980.9249999999997,1.0899999999999181,12,london,2023-03-31 08:15:00+00:00,1980.9249999999997,tp,2,2.0,train,2023
2023-03-31 09:00:00+00:00,2023-03-31 09:15:00+00:00,rejection,long,1982.014,1980.355,1985.3319999999997,1.6589999999998781,12,london,2023-03-31 11:30:00+00:00,1980.355,sl,9,-1.0,train,2023
2023-04-03 07:00:00+00:00,2023-04-03 07:15:00+00:00,rejection,short,1957.185,1961.545,1948.4649999999997,4.360000000000127,12,london,2023-04-03 07:30:00+00:00,1961.545,sl,1,-1.0,train,2023
2023-04-03 08:30:00+00:00,2023-04-03 08:45:00+00:00,rejection,short,1961.495,1964.025,1956.4349999999995,2.5300000000002,12,london,2023-04-03 09:45:00+00:00,1956.4349999999995,tp,4,2.0,train,2023
2023-04-03 10:45:00+00:00,2023-04-03 11:00:00+00:00,rejection,short,1950.985,1953.675,1945.6049999999998,2.6900000000000546,12,london,2023-04-03 12:30:00+00:00,1953.675,sl,6,-1.0,train,2023
2023-04-04 07:00:00+00:00,2023-04-04 07:15:00+00:00,rejection,long,1985.148,1984.485,1986.474,0.6630000000000109,12,london,2023-04-04 07:15:00+00:00,1984.485,sl,0,-1.0,train,2023
2023-04-04 08:30:00+00:00,2023-04-04 08:45:00+00:00,sweep_reclaim,long,1981.298,1981.085,1981.724,0.21299999999996544,12,london,2023-04-04 08:45:00+00:00,1981.085,sl,0,-1.0,train,2023
2023-04-04 09:15:00+00:00,2023-04-04 09:30:00+00:00,rejection,long,1979.135,1977.715,1981.9750000000001,1.4200000000000728,12,london,2023-04-04 11:00:00+00:00,1977.715,sl,6,-1.0,train,2023
2023-04-04 11:45:00+00:00,2023-04-04 12:00:00+00:00,rejection,long,1980.265,1978.265,1984.265,2.0,12,london,2023-04-04 12:45:00+00:00,1978.265,sl,3,-1.0,train,2023
2023-04-05 08:30:00+00:00,2023-04-05 08:45:00+00:00,rejection,long,2021.525,2019.198,2026.179,2.326999999999998,12,london,2023-04-05 11:45:00+00:00,2023.168,timeout,12,0.7060593038245823,train,2023
2023-04-05 11:45:00+00:00,2023-04-05 12:00:00+00:00,rejection,long,2023.168,2022.575,2024.3539999999996,0.5929999999998472,12,london,2023-04-05 13:00:00+00:00,2024.3539999999996,tp,4,2.0,train,2023
2023-04-11 07:45:00+00:00,2023-04-11 08:00:00+00:00,sweep_reclaim,short,1993.584,1995.225,1990.3020000000004,1.640999999999849,12,london,2023-04-11 08:30:00+00:00,1990.3020000000004,tp,2,2.0,train,2023
2023-04-11 09:30:00+00:00,2023-04-11 09:45:00+00:00,sweep_reclaim,short,1995.335,1996.515,1992.975,1.1800000000000637,12,london,2023-04-11 09:45:00+00:00,1996.515,sl,0,-1.0,train,2023
2023-04-11 09:45:00+00:00,2023-04-11 10:00:00+00:00,sweep_reclaim,short,1995.965,1996.674,1994.5469999999998,0.70900000000006,12,london,2023-04-11 10:00:00+00:00,1996.674,sl,0,-1.0,train,2023
2023-04-12 07:15:00+00:00,2023-04-12 07:30:00+00:00,rejection,long,2004.945,2003.625,2007.5849999999998,1.3199999999999363,12,london,2023-04-12 08:30:00+00:00,2007.5849999999998,tp,4,2.0,train,2023
2023-04-13 08:15:00+00:00,2023-04-13 08:30:00+00:00,rejection,long,2018.098,2016.895,2020.504,1.2029999999999745,12,london,2023-04-13 08:30:00+00:00,2016.895,sl,0,-1.0,train,2023
2023-04-13 09:30:00+00:00,2023-04-13 09:45:00+00:00,rejection,long,2018.975,2017.035,2022.8549999999996,1.9399999999998272,12,london,2023-04-13 09:45:00+00:00,2017.035,sl,0,-1.0,train,2023
2023-04-14 09:30:00+00:00,2023-04-14 09:45:00+00:00,rejection,long,2046.758,2043.755,2052.764,3.002999999999929,12,london,2023-04-14 10:15:00+00:00,2043.755,sl,2,-1.0,train,2023
2023-04-14 10:15:00+00:00,2023-04-14 10:30:00+00:00,rejection,long,2044.805,2044.735,2044.9450000000004,0.07000000000016371,12,london,2023-04-14 10:30:00+00:00,2044.735,sl,0,-1.0,train,2023
2023-04-14 11:00:00+00:00,2023-04-14 11:15:00+00:00,rejection,long,2044.765,2042.884,2048.527,1.8810000000000855,12,london,2023-04-14 11:45:00+00:00,2042.884,sl,2,-1.0,train,2023
2023-04-17 08:00:00+00:00,2023-04-17 08:15:00+00:00,compression_expansion,short,1999.765,2004.558,1990.1790000000003,4.792999999999893,12,london,2023-04-17 09:00:00+00:00,2004.558,sl,3,-1.0,train,2023
2023-04-17 09:15:00+00:00,2023-04-17 09:30:00+00:00,sweep_reclaim,short,2004.735,2004.955,2004.2949999999998,0.22000000000002728,12,london,2023-04-17 09:30:00+00:00,2004.955,sl,0,-1.0,train,2023
2023-04-17 09:30:00+00:00,2023-04-17 09:45:00+00:00,rejection,short,2004.385,2006.198,2000.7589999999998,1.8130000000001019,12,london,2023-04-17 12:30:00+00:00,2006.198,sl,11,-1.0,train,2023
2023-04-18 09:00:00+00:00,2023-04-18 09:15:00+00:00,sweep_reclaim,short,1997.695,1998.945,1995.195,1.25,12,london,2023-04-18 10:00:00+00:00,1998.945,sl,3,-1.0,train,2023
2023-04-18 10:15:00+00:00,2023-04-18 10:30:00+00:00,sweep_reclaim,short,2000.585,2000.805,2000.145,0.22000000000002728,12,london,2023-04-18 10:30:00+00:00,2000.805,sl,0,-1.0,train,2023
2023-04-19 12:45:00+00:00,2023-04-19 13:00:00+00:00,compression_expansion,short,2001.505,2004.118,1996.2790000000005,2.612999999999829,12,london,2023-04-19 13:15:00+00:00,1996.2790000000005,tp,1,2.0,train,2023
2023-04-21 08:15:00+00:00,2023-04-21 08:30:00+00:00,rejection,long,2004.275,2001.765,2009.295,2.509999999999991,12,london,2023-04-21 08:45:00+00:00,2001.765,sl,1,-1.0,train,2023
2023-04-21 08:45:00+00:00,2023-04-21 09:00:00+00:00,sweep_reclaim,long,2002.265,2002.108,2002.5790000000004,0.1570000000001528,12,london,2023-04-21 09:00:00+00:00,2002.108,sl,0,-1.0,train,2023
2023-04-24 07:15:00+00:00,2023-04-24 07:30:00+00:00,rejection,short,1983.644,1985.298,1980.336,1.6539999999999964,12,london,2023-04-24 09:00:00+00:00,1980.336,tp,6,2.0,train,2023
2023-04-24 09:30:00+00:00,2023-04-24 09:45:00+00:00,rejection,short,1980.735,1982.205,1977.7949999999998,1.4700000000000273,12,london,2023-04-24 09:45:00+00:00,1982.205,sl,0,-1.0,train,2023
2023-04-24 10:30:00+00:00,2023-04-24 10:45:00+00:00,rejection,short,1980.675,1982.145,1977.735,1.4700000000000273,12,london,2023-04-24 12:15:00+00:00,1977.735,tp,6,2.0,train,2023
2023-04-24 12:15:00+00:00,2023-04-24 12:30:00+00:00,compression_expansion,short,1978.085,1980.525,1973.205,2.4400000000000546,12,london,2023-04-24 13:15:00+00:00,1980.525,sl,3,-1.0,train,2023
2023-04-25 09:00:00+00:00,2023-04-25 09:15:00+00:00,rejection,long,1997.625,1995.155,2002.565,2.4700000000000273,12,london,2023-04-25 09:45:00+00:00,1995.155,sl,2,-1.0,train,2023
2023-04-25 12:15:00+00:00,2023-04-25 12:30:00+00:00,sweep_reclaim,long,1992.765,1990.855,1996.5850000000003,1.9100000000000819,12,london,2023-04-25 13:15:00+00:00,1996.5850000000003,tp,3,2.0,train,2023
2023-04-26 08:30:00+00:00,2023-04-26 08:45:00+00:00,sweep_reclaim,long,1997.035,1997.014,1997.0770000000005,0.021000000000185537,12,london,2023-04-26 08:45:00+00:00,1997.014,sl,0,-1.0,train,2023
2023-04-26 10:45:00+00:00,2023-04-26 11:00:00+00:00,sweep_reclaim,long,1995.235,1994.455,1996.7949999999998,0.7799999999999727,12,london,2023-04-26 11:00:00+00:00,1994.455,sl,0,-1.0,train,2023
2023-04-26 11:00:00+00:00,2023-04-26 11:15:00+00:00,sweep_reclaim,long,1994.425,1993.415,1996.445,1.009999999999991,12,london,2023-04-26 12:30:00+00:00,1996.445,tp,5,2.0,train,2023
2023-04-27 12:00:00+00:00,2023-04-27 12:15:00+00:00,rejection,long,1999.845,1997.684,2004.1670000000001,2.161000000000058,12,london,2023-04-27 12:30:00+00:00,1997.684,sl,1,-1.0,train,2023
2023-04-27 12:30:00+00:00,2023-04-27 12:45:00+00:00,rejection,long,2000.085,1998.715,2002.8250000000003,1.3700000000001182,12,london,2023-04-27 13:00:00+00:00,1998.715,sl,1,-1.0,train,2023
2023-04-28 07:00:00+00:00,2023-04-28 07:15:00+00:00,rejection,short,1986.915,1987.535,1985.6749999999997,0.6200000000001182,12,london,2023-04-28 07:15:00+00:00,1985.6749999999997,tp,0,2.0,train,2023
2023-04-28 07:45:00+00:00,2023-04-28 08:00:00+00:00,rejection,short,1986.648,1987.415,1985.1139999999998,0.7670000000000528,12,london,2023-04-28 08:00:00+00:00,1985.1139999999998,tp,0,2.0,train,2023
2023-04-28 08:15:00+00:00,2023-04-28 08:30:00+00:00,rejection,short,1985.385,1987.295,1981.5649999999998,1.9100000000000819,12,london,2023-04-28 08:30:00+00:00,1987.295,sl,0,-1.0,train,2023
2023-04-28 10:00:00+00:00,2023-04-28 10:15:00+00:00,rejection,short,1989.898,1990.145,1989.4039999999998,0.24700000000007094,12,london,2023-04-28 10:15:00+00:00,1990.145,sl,0,-1.0,train,2023
2023-04-28 10:15:00+00:00,2023-04-28 10:30:00+00:00,rejection,short,1989.395,1990.725,1986.7350000000001,1.3299999999999272,12,london,2023-04-28 10:30:00+00:00,1990.725,sl,0,-1.0,train,2023
2023-04-28 10:30:00+00:00,2023-04-28 10:45:00+00:00,rejection,short,1988.545,1990.725,1984.1850000000004,2.1799999999998363,12,london,2023-04-28 13:00:00+00:00,1984.1850000000004,tp,9,2.0,train,2023
2023-05-01 08:30:00+00:00,2023-05-01 08:45:00+00:00,rejection,short,1984.085,1985.805,1980.645,1.7200000000000273,12,london,2023-05-01 10:45:00+00:00,1980.645,tp,8,2.0,train,2023
2023-05-02 08:00:00+00:00,2023-05-02 08:15:00+00:00,sweep_reclaim,short,1982.135,1983.455,1979.4950000000001,1.3199999999999363,12,london,2023-05-02 08:15:00+00:00,1983.455,sl,0,-1.0,train,2023
2023-05-02 08:45:00+00:00,2023-05-02 09:00:00+00:00,sweep_reclaim,short,1983.845,1984.825,1981.885,0.9800000000000182,12,london,2023-05-02 09:15:00+00:00,1981.885,tp,1,2.0,train,2023
2023-05-02 10:00:00+00:00,2023-05-02 10:15:00+00:00,rejection,short,1982.295,1982.985,1980.9150000000004,0.6899999999998272,12,london,2023-05-02 12:30:00+00:00,1982.985,sl,9,-1.0,train,2023
2023-05-03 08:45:00+00:00,2023-05-03 09:00:00+00:00,rejection,long,2016.985,2015.695,2019.5649999999998,1.2899999999999636,12,london,2023-05-03 12:00:00+00:00,2015.778,timeout,12,-0.9356589147286155,train,2023
2023-05-03 12:15:00+00:00,2023-05-03 12:30:00+00:00,rejection,long,2016.345,2015.778,2017.479,0.5670000000000073,12,london,2023-05-03 12:30:00+00:00,2015.778,sl,0,-1.0,train,2023
2023-05-04 08:30:00+00:00,2023-05-04 08:45:00+00:00,rejection,long,2049.855,2048.614,2052.337,1.2409999999999854,12,london,2023-05-04 08:45:00+00:00,2048.614,sl,0,-1.0,train,2023
2023-05-04 11:45:00+00:00,2023-05-04 12:00:00+00:00,rejection,long,2044.805,2040.945,2052.5250000000005,3.8600000000001273,12,london,2023-05-04 13:15:00+00:00,2040.945,sl,5,-1.0,train,2023
2023-05-05 07:45:00+00:00,2023-05-05 08:00:00+00:00,rejection,long,2049.195,2048.185,2051.2150000000006,1.0100000000002183,12,london,2023-05-05 08:15:00+00:00,2048.185,sl,1,-1.0,train,2023
2023-05-05 09:45:00+00:00,2023-05-05 10:00:00+00:00,sweep_reclaim,long,2047.565,2045.734,2051.2270000000003,1.831000000000131,12,london,2023-05-05 13:00:00+00:00,2045.734,sl,12,-1.0,train,2023
2023-05-08 10:00:00+00:00,2023-05-08 10:15:00+00:00,sweep_reclaim,short,2020.054,2021.145,2017.8720000000003,1.0909999999998945,12,london,2023-05-08 10:15:00+00:00,2021.145,sl,0,-1.0,train,2023
2023-05-08 11:30:00+00:00,2023-05-08 11:45:00+00:00,sweep_reclaim,short,2023.674,2023.924,2023.174,0.25,12,london,2023-05-08 11:45:00+00:00,2023.924,sl,0,-1.0,train,2023
2023-05-09 07:30:00+00:00,2023-05-09 07:45:00+00:00,rejection,short,2019.935,2021.595,2016.6149999999998,1.6600000000000819,12,london,2023-05-09 08:15:00+00:00,2021.595,sl,2,-1.0,train,2023
2023-05-09 10:00:00+00:00,2023-05-09 10:15:00+00:00,rejection,short,2023.475,2023.904,2022.6169999999997,0.4290000000000873,12,london,2023-05-09 10:15:00+00:00,2022.6169999999997,tp,0,2.0,train,2023
2023-05-10 07:00:00+00:00,2023-05-10 07:15:00+00:00,rejection,long,2037.024,2036.505,2038.0619999999994,0.5189999999997781,12,london,2023-05-10 07:15:00+00:00,2038.0619999999994,tp,0,2.0,train,2023
2023-05-10 11:00:00+00:00,2023-05-10 11:15:00+00:00,rejection,long,2031.535,2030.748,2033.1090000000002,0.7870000000000346,12,london,2023-05-10 11:45:00+00:00,2030.748,sl,2,-1.0,train,2023
2023-05-11 08:45:00+00:00,2023-05-11 09:00:00+00:00,rejection,long,2034.634,2033.408,2037.0860000000002,1.2260000000001128,12,london,2023-05-11 09:00:00+00:00,2033.408,sl,0,-1.0,train,2023
2023-05-11 09:45:00+00:00,2023-05-11 10:00:00+00:00,rejection,long,2032.034,2031.054,2033.9940000000001,0.9800000000000182,12,london,2023-05-11 11:15:00+00:00,2031.054,sl,5,-1.0,train,2023
2023-05-11 11:45:00+00:00,2023-05-11 12:00:00+00:00,sweep_reclaim,long,2030.505,2030.085,2031.3450000000003,0.42000000000007276,12,london,2023-05-11 12:15:00+00:00,2030.085,sl,1,-1.0,train,2023
2023-05-11 12:15:00+00:00,2023-05-11 12:30:00+00:00,sweep_reclaim,long,2031.365,2030.004,2034.0870000000002,1.3610000000001037,12,london,2023-05-11 13:45:00+00:00,2030.004,sl,5,-1.0,train,2023
2023-05-12 07:45:00+00:00,2023-05-12 08:00:00+00:00,sweep_reclaim,short,2015.815,2017.285,2012.875,1.4700000000000273,12,london,2023-05-12 08:30:00+00:00,2012.875,tp,2,2.0,train,2023
2023-05-12 09:15:00+00:00,2023-05-12 09:30:00+00:00,rejection,short,2011.544,2013.695,2007.2420000000004,2.15099999999984,12,london,2023-05-12 12:30:00+00:00,2011.735,timeout,12,-0.08879590887950617,train,2023
2023-05-15 07:15:00+00:00,2023-05-15 07:30:00+00:00,rejection,short,2009.634,2010.515,2007.8719999999998,0.8810000000000855,12,london,2023-05-15 08:00:00+00:00,2010.515,sl,2,-1.0,train,2023
2023-05-16 07:15:00+00:00,2023-05-16 07:30:00+00:00,rejection,short,2014.365,2015.535,2012.0249999999999,1.1700000000000728,12,london,2023-05-16 08:00:00+00:00,2015.535,sl,2,-1.0,train,2023
2023-05-17 07:45:00+00:00,2023-05-17 08:00:00+00:00,sweep_reclaim,short,1992.044,1992.585,1990.9620000000002,0.54099999999994,12,london,2023-05-17 08:15:00+00:00,1990.9620000000002,tp,1,2.0,train,2023
2023-05-17 09:30:00+00:00,2023-05-17 09:45:00+00:00,rejection,short,1991.868,1992.894,1989.8159999999998,1.0260000000000673,12,london,2023-05-17 10:00:00+00:00,1992.894,sl,1,-1.0,train,2023
2023-05-17 11:45:00+00:00,2023-05-17 12:00:00+00:00,rejection,short,1991.588,1992.054,1990.6559999999997,0.4660000000001219,12,london,2023-05-17 12:30:00+00:00,1990.6559999999997,tp,2,2.0,train,2023
2023-05-17 12:30:00+00:00,2023-05-17 12:45:00+00:00,compression_expansion,short,1988.054,1991.664,1980.8340000000003,3.6099999999999,12,london,2023-05-17 15:45:00+00:00,1987.745,timeout,12,0.0855955678670928,train,2023
2023-05-18 07:00:00+00:00,2023-05-18 07:15:00+00:00,rejection,short,1982.414,1983.495,1980.2520000000002,1.0809999999999036,12,london,2023-05-18 08:00:00+00:00,1983.495,sl,3,-1.0,train,2023
2023-05-18 08:00:00+00:00,2023-05-18 08:15:00+00:00,rejection,short,1983.025,1983.125,1982.8250000000003,0.09999999999990905,12,london,2023-05-18 08:15:00+00:00,1983.125,sl,0,-1.0,train,2023
2023-05-18 08:30:00+00:00,2023-05-18 08:45:00+00:00,sweep_reclaim,short,1983.975,1984.385,1983.1549999999997,0.41000000000008185,12,london,2023-05-18 08:45:00+00:00,1984.385,sl,0,-1.0,train,2023
2023-05-18 09:15:00+00:00,2023-05-18 09:30:00+00:00,sweep_reclaim,short,1984.514,1985.574,1982.3939999999996,1.0600000000001728,12,london,2023-05-18 10:30:00+00:00,1982.3939999999996,tp,4,2.0,train,2023
2023-05-19 07:30:00+00:00,2023-05-19 07:45:00+00:00,rejection,short,1959.035,1959.695,1957.7150000000004,0.6599999999998545,12,london,2023-05-19 08:00:00+00:00,1957.7150000000004,tp,1,2.0,train,2023
2023-05-19 10:15:00+00:00,2023-05-19 10:30:00+00:00,sweep_reclaim,short,1962.608,1963.205,1961.414,0.59699999999998,12,london,2023-05-19 10:30:00+00:00,1963.205,sl,0,-1.0,train,2023
2023-05-23 07:15:00+00:00,2023-05-23 07:30:00+00:00,rejection,short,1970.225,1970.445,1969.7849999999999,0.22000000000002728,12,london,2023-05-23 07:30:00+00:00,1970.445,sl,0,-1.0,train,2023
2023-05-23 07:30:00+00:00,2023-05-23 07:45:00+00:00,rejection,short,1970.555,1971.105,1969.4550000000002,0.5499999999999545,12,london,2023-05-23 08:00:00+00:00,1969.4550000000002,tp,1,2.0,train,2023
2023-05-23 11:00:00+00:00,2023-05-23 11:15:00+00:00,rejection,short,1962.525,1963.195,1961.1850000000004,0.6699999999998454,12,london,2023-05-23 11:15:00+00:00,1963.195,sl,0,-1.0,train,2023
2023-05-23 12:30:00+00:00,2023-05-23 12:45:00+00:00,rejection,short,1961.305,1963.995,1955.9250000000004,2.689999999999827,12,london,2023-05-23 13:30:00+00:00,1963.995,sl,3,-1.0,train,2023
2023-05-24 07:00:00+00:00,2023-05-24 07:15:00+00:00,rejection,long,1975.548,1975.028,1976.588,0.5199999999999818,12,london,2023-05-24 07:15:00+00:00,1975.028,sl,0,-1.0,train,2023
2023-05-24 07:15:00+00:00,2023-05-24 07:30:00+00:00,rejection,long,1976.065,1974.545,1979.105,1.5199999999999818,12,london,2023-05-24 08:00:00+00:00,1974.545,sl,2,-1.0,train,2023
2023-05-24 09:15:00+00:00,2023-05-24 09:30:00+00:00,rejection,long,1973.695,1972.945,1975.195,0.75,12,london,2023-05-24 10:00:00+00:00,1972.945,sl,2,-1.0,train,2023
2023-05-24 10:15:00+00:00,2023-05-24 10:30:00+00:00,sweep_reclaim,long,1975.115,1972.725,1979.8950000000002,2.3900000000001,12,london,2023-05-24 13:00:00+00:00,1979.8950000000002,tp,10,2.0,train,2023
2023-05-25 09:00:00+00:00,2023-05-25 09:15:00+00:00,rejection,short,1955.935,1958.455,1950.895,2.519999999999982,12,london,2023-05-25 09:45:00+00:00,1958.455,sl,2,-1.0,train,2023
2023-05-25 11:45:00+00:00,2023-05-25 12:00:00+00:00,rejection,short,1957.285,1957.655,1956.5450000000003,0.36999999999989086,12,london,2023-05-25 12:00:00+00:00,1957.655,sl,0,-1.0,train,2023
2023-05-25 12:15:00+00:00,2023-05-25 12:30:00+00:00,rejection,short,1957.388,1958.005,1956.1539999999995,0.6170000000001892,12,london,2023-05-25 12:45:00+00:00,1956.1539999999995,tp,1,2.0,train,2023
2023-05-26 09:45:00+00:00,2023-05-26 10:00:00+00:00,sweep_reclaim,short,1947.555,1948.295,1946.075,0.7400000000000091,12,london,2023-05-26 10:00:00+00:00,1946.075,tp,0,2.0,train,2023
2023-05-29 07:15:00+00:00,2023-05-29 07:30:00+00:00,compression_expansion,short,1941.715,1944.515,1936.1149999999996,2.800000000000182,12,london,2023-05-29 08:15:00+00:00,1944.515,sl,3,-1.0,train,2023
2023-05-29 09:00:00+00:00,2023-05-29 09:15:00+00:00,rejection,short,1942.745,1946.135,1935.9649999999997,3.3900000000001,12,london,2023-05-29 12:15:00+00:00,1945.375,timeout,12,-0.7758112094395373,train,2023
2023-05-30 08:15:00+00:00,2023-05-30 08:30:00+00:00,sweep_reclaim,short,1943.025,1943.235,1942.6050000000005,0.209999999999809,12,london,2023-05-30 08:30:00+00:00,1943.235,sl,0,-1.0,train,2023
2023-05-30 09:30:00+00:00,2023-05-30 09:45:00+00:00,rejection,short,1944.968,1945.875,1943.1540000000002,0.9069999999999254,12,london,2023-05-30 09:45:00+00:00,1945.875,sl,0,-1.0,train,2023
2023-05-30 09:45:00+00:00,2023-05-30 10:00:00+00:00,rejection,short,1945.385,1946.505,1943.1449999999998,1.1200000000001182,12,london,2023-05-30 10:30:00+00:00,1943.1449999999998,tp,2,2.0,train,2023
2023-05-30 11:45:00+00:00,2023-05-30 12:00:00+00:00,rejection,short,1939.068,1939.935,1937.334,0.8669999999999618,12,london,2023-05-30 12:15:00+00:00,1937.334,tp,1,2.0,train,2023
2023-05-31 07:00:00+00:00,2023-05-31 07:15:00+00:00,rejection,long,1958.784,1958.748,1958.8560000000002,0.03600000000005821,12,london,2023-05-31 07:15:00+00:00,1958.748,sl,0,-1.0,train,2023
2023-05-31 09:45:00+00:00,2023-05-31 10:00:00+00:00,sweep_reclaim,long,1955.595,1953.694,1959.3970000000002,1.9010000000000673,12,london,2023-05-31 12:00:00+00:00,1959.3970000000002,tp,8,2.0,train,2023
2023-06-01 09:15:00+00:00,2023-06-01 09:30:00+00:00,rejection,long,1965.185,1961.985,1971.585,3.2000000000000455,12,london,2023-06-01 12:30:00+00:00,1964.315,timeout,12,-0.271874999999962,train,2023
2023-06-02 08:45:00+00:00,2023-06-02 09:00:00+00:00,sweep_reclaim,long,1975.975,1974.248,1979.4289999999996,1.7269999999998618,12,london,2023-06-02 09:15:00+00:00,1979.4289999999996,tp,1,2.0,train,2023
2023-06-02 11:00:00+00:00,2023-06-02 11:15:00+00:00,rejection,long,1982.345,1981.305,1984.425,1.0399999999999636,12,london,2023-06-02 11:15:00+00:00,1981.305,sl,0,-1.0,train,2023
2023-06-02 11:45:00+00:00,2023-06-02 12:00:00+00:00,rejection,long,1980.185,1980.114,1980.3269999999998,0.07099999999991269,12,london,2023-06-02 12:00:00+00:00,1980.114,sl,0,-1.0,train,2023
2023-06-02 12:30:00+00:00,2023-06-02 12:45:00+00:00,rejection,long,1979.325,1978.758,1980.459,0.5670000000000073,12,london,2023-06-02 12:45:00+00:00,1978.758,sl,0,-1.0,train,2023
2023-06-05 09:15:00+00:00,2023-06-05 09:30:00+00:00,rejection,short,1946.704,1948.275,1943.5619999999997,1.57100000000014,12,london,2023-06-05 12:15:00+00:00,1943.5619999999997,tp,11,2.0,train,2023
2023-06-07 07:00:00+00:00,2023-06-07 07:15:00+00:00,rejection,long,1963.395,1962.995,1964.1950000000002,0.40000000000009095,12,london,2023-06-07 07:30:00+00:00,1964.1950000000002,tp,1,2.0,train,2023
2023-06-07 09:45:00+00:00,2023-06-07 10:00:00+00:00,rejection,long,1964.205,1962.955,1966.705,1.25,12,london,2023-06-07 11:00:00+00:00,1962.955,sl,4,-1.0,train,2023
2023-06-07 11:00:00+00:00,2023-06-07 11:15:00+00:00,rejection,long,1963.615,1962.965,1964.9150000000002,0.650000000000091,12,london,2023-06-07 12:15:00+00:00,1962.965,sl,4,-1.0,train,2023
2023-06-07 12:30:00+00:00,2023-06-07 12:45:00+00:00,rejection,long,1963.425,1962.628,1965.019,0.7970000000000255,12,london,2023-06-07 13:15:00+00:00,1962.628,sl,2,-1.0,train,2023
2023-06-08 08:15:00+00:00,2023-06-08 08:30:00+00:00,sweep_reclaim,short,1945.224,1946.495,1942.682,1.2709999999999582,12,london,2023-06-08 09:15:00+00:00,1946.495,sl,3,-1.0,train,2023
2023-06-08 09:15:00+00:00,2023-06-08 09:30:00+00:00,sweep_reclaim,short,1945.285,1946.165,1943.5250000000003,0.8799999999998818,12,london,2023-06-08 09:30:00+00:00,1946.165,sl,0,-1.0,train,2023
2023-06-08 09:30:00+00:00,2023-06-08 09:45:00+00:00,rejection,short,1945.725,1946.925,1943.3249999999998,1.2000000000000455,12,london,2023-06-08 10:15:00+00:00,1946.925,sl,2,-1.0,train,2023
2023-06-08 12:45:00+00:00,2023-06-08 13:00:00+00:00,sweep_reclaim,short,1946.815,1947.565,1945.315,0.75,12,london,2023-06-08 13:00:00+00:00,1945.315,tp,0,2.0,train,2023
2023-06-09 10:00:00+00:00,2023-06-09 10:15:00+00:00,rejection,long,1964.025,1963.355,1965.3650000000002,0.6700000000000728,12,london,2023-06-09 11:15:00+00:00,1963.355,sl,4,-1.0,train,2023
2023-06-09 11:45:00+00:00,2023-06-09 12:00:00+00:00,sweep_reclaim,long,1962.744,1962.528,1963.1759999999997,0.2159999999998945,12,london,2023-06-09 12:00:00+00:00,1963.1759999999997,tp,0,2.0,train,2023
2023-06-14 07:45:00+00:00,2023-06-14 08:00:00+00:00,sweep_reclaim,short,1944.355,1945.355,1942.355,1.0,12,london,2023-06-14 08:15:00+00:00,1945.355,sl,1,-1.0,train,2023
2023-06-14 08:45:00+00:00,2023-06-14 09:00:00+00:00,sweep_reclaim,short,1946.165,1946.694,1945.107,0.5289999999999964,12,london,2023-06-14 09:00:00+00:00,1946.694,sl,0,-1.0,train,2023
2023-06-14 09:00:00+00:00,2023-06-14 09:15:00+00:00,rejection,short,1946.664,1946.945,1946.102,0.28099999999994907,12,london,2023-06-14 09:15:00+00:00,1946.945,sl,0,-1.0,train,2023
2023-06-14 09:45:00+00:00,2023-06-14 10:00:00+00:00,sweep_reclaim,short,1947.204,1947.735,1946.142,0.5309999999999491,12,london,2023-06-14 10:45:00+00:00,1947.735,sl,3,-1.0,train,2023
2023-06-14 12:00:00+00:00,2023-06-14 12:15:00+00:00,sweep_reclaim,short,1948.555,1949.325,1947.015,0.7699999999999818,12,london,2023-06-14 12:30:00+00:00,1947.015,tp,1,2.0,train,2023
2023-06-15 09:30:00+00:00,2023-06-15 09:45:00+00:00,rejection,short,1933.705,1935.635,1929.8449999999998,1.9300000000000637,12,london,2023-06-15 10:00:00+00:00,1935.635,sl,1,-1.0,train,2023
2023-06-15 10:45:00+00:00,2023-06-15 11:00:00+00:00,rejection,short,1935.474,1935.995,1934.432,0.5209999999999582,12,london,2023-06-15 11:00:00+00:00,1934.432,tp,0,2.0,train,2023
2023-06-16 08:00:00+00:00,2023-06-16 08:15:00+00:00,sweep_reclaim,long,1957.005,1956.698,1957.6190000000001,0.30700000000001637,12,london,2023-06-16 08:15:00+00:00,1956.698,sl,0,-1.0,train,2023
2023-06-16 11:15:00+00:00,2023-06-16 11:30:00+00:00,rejection,long,1956.065,1955.925,1956.3450000000003,0.14000000000010004,12,london,2023-06-16 11:30:00+00:00,1955.925,sl,0,-1.0,train,2023
2023-06-16 12:30:00+00:00,2023-06-16 12:45:00+00:00,compression_expansion,long,1956.565,1954.545,1960.605,2.019999999999982,12,london,2023-06-16 13:30:00+00:00,1960.605,tp,3,2.0,train,2023
2023-06-20 07:15:00+00:00,2023-06-20 07:30:00+00:00,rejection,short,1951.975,1952.545,1950.8349999999996,0.5700000000001637,12,london,2023-06-20 07:30:00+00:00,1950.8349999999996,tp,0,2.0,train,2023
2023-06-20 08:15:00+00:00,2023-06-20 08:30:00+00:00,rejection,short,1950.345,1951.495,1948.0450000000003,1.1499999999998636,12,london,2023-06-20 08:30:00+00:00,1948.0450000000003,tp,0,2.0,train,2023
2023-06-20 12:15:00+00:00,2023-06-20 12:30:00+00:00,compression_expansion,short,1947.795,1951.025,1941.335,3.230000000000018,12,london,2023-06-20 13:30:00+00:00,1951.025,sl,4,-1.0,train,2023
2023-06-21 07:30:00+00:00,2023-06-21 07:45:00+00:00,rejection,short,1937.245,1937.885,1935.9649999999997,0.6400000000001,12,london,2023-06-21 07:45:00+00:00,1937.885,sl,0,-1.0,train,2023
2023-06-21 08:45:00+00:00,2023-06-21 09:00:00+00:00,rejection,short,1937.095,1937.595,1936.095,0.5,12,london,2023-06-21 09:00:00+00:00,1936.095,tp,0,2.0,train,2023
2023-06-21 09:45:00+00:00,2023-06-21 10:00:00+00:00,sweep_reclaim,short,1937.075,1938.145,1934.9350000000002,1.0699999999999363,12,london,2023-06-21 12:15:00+00:00,1934.9350000000002,tp,9,2.0,train,2023
2023-06-22 07:00:00+00:00,2023-06-22 07:15:00+00:00,rejection,short,1933.605,1933.975,1932.8650000000002,0.36999999999989086,12,london,2023-06-22 07:30:00+00:00,1932.8650000000002,tp,1,2.0,train,2023
2023-06-22 07:45:00+00:00,2023-06-22 08:00:00+00:00,rejection,short,1933.145,1933.915,1931.605,0.7699999999999818,12,london,2023-06-22 08:15:00+00:00,1931.605,tp,1,2.0,train,2023
2023-06-22 09:45:00+00:00,2023-06-22 10:00:00+00:00,rejection,short,1932.545,1933.265,1931.105,0.7200000000000273,12,london,2023-06-22 10:00:00+00:00,1933.265,sl,0,-1.0,train,2023
2023-06-22 10:15:00+00:00,2023-06-22 10:30:00+00:00,rejection,short,1932.724,1933.535,1931.1019999999996,0.8110000000001492,12,london,2023-06-22 10:45:00+00:00,1933.535,sl,1,-1.0,train,2023
2023-06-22 10:45:00+00:00,2023-06-22 11:00:00+00:00,rejection,short,1932.845,1934.165,1930.2050000000002,1.3199999999999363,12,london,2023-06-22 12:00:00+00:00,1930.2050000000002,tp,4,2.0,train,2023
2023-06-22 12:45:00+00:00,2023-06-22 13:00:00+00:00,rejection,short,1928.558,1929.705,1926.2640000000001,1.1469999999999345,12,london,2023-06-22 13:00:00+00:00,1929.705,sl,0,-1.0,train,2023
2023-06-23 09:30:00+00:00,2023-06-23 09:45:00+00:00,rejection,short,1911.805,1913.115,1909.1850000000002,1.3099999999999454,12,london,2023-06-23 11:30:00+00:00,1913.115,sl,7,-1.0,train,2023
2023-06-23 12:45:00+00:00,2023-06-23 13:00:00+00:00,rejection,short,1915.695,1917.905,1911.2749999999999,2.2100000000000364,12,london,2023-06-23 14:30:00+00:00,1917.905,sl,6,-1.0,train,2023
2023-06-27 07:45:00+00:00,2023-06-27 08:00:00+00:00,sweep_reclaim,short,1922.725,1923.675,1920.8249999999998,0.9500000000000455,12,london,2023-06-27 08:15:00+00:00,1923.675,sl,1,-1.0,train,2023
2023-06-28 07:00:00+00:00,2023-06-28 07:15:00+00:00,sweep_reclaim,short,1915.395,1915.535,1915.1149999999998,0.14000000000010004,12,london,2023-06-28 07:15:00+00:00,1915.535,sl,0,-1.0,train,2023
2023-06-28 10:00:00+00:00,2023-06-28 10:15:00+00:00,rejection,short,1915.065,1915.955,1913.2850000000003,0.8899999999998727,12,london,2023-06-28 10:30:00+00:00,1915.955,sl,1,-1.0,train,2023
2023-06-28 12:45:00+00:00,2023-06-28 13:00:00+00:00,rejection,short,1915.505,1915.715,1915.0850000000005,0.209999999999809,12,london,2023-06-28 13:00:00+00:00,1915.715,sl,0,-1.0,train,2023
2023-06-29 07:15:00+00:00,2023-06-29 07:30:00+00:00,compression_expansion,short,1907.974,1910.065,1903.7919999999997,2.091000000000122,12,london,2023-06-29 08:00:00+00:00,1910.065,sl,2,-1.0,train,2023
2023-06-29 08:30:00+00:00,2023-06-29 08:45:00+00:00,sweep_reclaim,short,1911.914,1911.995,1911.7520000000002,0.0809999999999036,12,london,2023-06-29 08:45:00+00:00,1911.995,sl,0,-1.0,train,2023
2023-06-29 09:45:00+00:00,2023-06-29 10:00:00+00:00,rejection,short,1905.655,1909.665,1897.635,4.009999999999991,12,london,2023-06-29 13:00:00+00:00,1903.455,timeout,12,0.5486284289276934,train,2023
2023-07-03 07:15:00+00:00,2023-07-03 07:30:00+00:00,sweep_reclaim,long,1918.405,1917.12,1920.9750000000001,1.2850000000000819,12,london,2023-07-03 08:00:00+00:00,1917.12,sl,2,-1.0,train,2023
2023-07-03 08:15:00+00:00,2023-07-03 08:30:00+00:00,sweep_reclaim,long,1916.945,1916.585,1917.6649999999997,0.35999999999989996,12,london,2023-07-03 08:30:00+00:00,1916.585,sl,0,-1.0,train,2023
2023-07-03 08:30:00+00:00,2023-07-03 08:45:00+00:00,sweep_reclaim,long,1917.145,1915.988,1919.4589999999998,1.1569999999999254,12,london,2023-07-03 09:45:00+00:00,1915.988,sl,4,-1.0,train,2023
2023-07-04 08:15:00+00:00,2023-07-04 08:30:00+00:00,rejection,long,1921.685,1920.775,1923.5049999999997,0.9099999999998545,12,london,2023-07-04 09:15:00+00:00,1920.775,sl,3,-1.0,train,2023
2023-07-04 11:30:00+00:00,2023-07-04 11:45:00+00:00,compression_expansion,long,1923.195,1922.675,1924.235,0.5199999999999818,12,london,2023-07-04 12:00:00+00:00,1924.235,tp,1,2.0,train,2023
2023-07-06 08:15:00+00:00,2023-07-06 08:30:00+00:00,sweep_reclaim,short,1917.575,1917.688,1917.349,0.11300000000005639,12,london,2023-07-06 08:30:00+00:00,1917.688,sl,0,-1.0,train,2023
2023-07-06 10:30:00+00:00,2023-07-06 10:45:00+00:00,rejection,short,1918.494,1918.945,1917.5919999999999,0.45100000000002183,12,london,2023-07-06 11:00:00+00:00,1918.945,sl,1,-1.0,train,2023
2023-07-06 11:00:00+00:00,2023-07-06 11:15:00+00:00,rejection,short,1917.964,1919.014,1915.864,1.0499999999999545,12,london,2023-07-06 12:15:00+00:00,1919.014,sl,4,-1.0,train,2023
2023-07-07 12:30:00+00:00,2023-07-07 12:45:00+00:00,sweep_reclaim,short,1913.095,1913.585,1912.115,0.4900000000000091,12,london,2023-07-07 12:45:00+00:00,1913.585,sl,0,-1.0,train,2023
2023-07-10 10:45:00+00:00,2023-07-10 11:00:00+00:00,sweep_reclaim,long,1923.695,1923.355,1924.3749999999998,0.33999999999991815,12,london,2023-07-10 11:15:00+00:00,1923.355,sl,1,-1.0,train,2023
2023-07-10 11:15:00+00:00,2023-07-10 11:30:00+00:00,rejection,long,1923.625,1922.435,1926.005,1.1900000000000546,12,london,2023-07-10 11:45:00+00:00,1922.435,sl,1,-1.0,train,2023
2023-07-10 12:30:00+00:00,2023-07-10 12:45:00+00:00,sweep_reclaim,long,1920.614,1920.075,1921.692,0.5389999999999873,12,london,2023-07-10 12:45:00+00:00,1920.075,sl,0,-1.0,train,2023
2023-07-10 12:45:00+00:00,2023-07-10 13:00:00+00:00,sweep_reclaim,long,1921.245,1919.965,1923.8049999999998,1.2799999999999727,12,london,2023-07-10 13:15:00+00:00,1919.965,sl,1,-1.0,train,2023
2023-07-11 11:15:00+00:00,2023-07-11 11:30:00+00:00,rejection,long,1926.975,1926.055,1928.8149999999996,0.9199999999998454,12,london,2023-07-11 11:45:00+00:00,1928.8149999999996,tp,1,2.0,train,2023
2023-07-11 12:00:00+00:00,2023-07-11 12:15:00+00:00,rejection,long,1929.325,1926.735,1934.5050000000003,2.5900000000001455,12,london,2023-07-11 13:45:00+00:00,1934.5050000000003,tp,6,2.0,train,2023
2023-07-12 08:00:00+00:00,2023-07-12 08:15:00+00:00,rejection,long,1935.975,1933.995,1939.935,1.9800000000000182,12,london,2023-07-12 09:30:00+00:00,1939.935,tp,5,2.0,train,2023
2023-07-12 10:45:00+00:00,2023-07-12 11:00:00+00:00,rejection,long,1939.325,1937.624,1942.727,1.7010000000000218,12,london,2023-07-12 11:30:00+00:00,1937.624,sl,2,-1.0,train,2023
2023-07-12 12:15:00+00:00,2023-07-12 12:30:00+00:00,rejection,long,1938.885,1937.578,1941.499,1.3070000000000164,12,london,2023-07-12 13:30:00+00:00,1937.578,sl,4,-1.0,train,2023
2023-07-13 07:15:00+00:00,2023-07-13 07:30:00+00:00,compression_expansion,long,1958.435,1957.328,1960.649,1.106999999999971,12,london,2023-07-13 07:30:00+00:00,1957.328,sl,0,-1.0,train,2023
2023-07-13 08:00:00+00:00,2023-07-13 08:15:00+00:00,rejection,long,1957.285,1956.765,1958.325,0.5199999999999818,12,london,2023-07-13 08:15:00+00:00,1958.325,tp,0,2.0,train,2023
2023-07-13 08:30:00+00:00,2023-07-13 08:45:00+00:00,rejection,long,1958.005,1956.375,1961.2650000000003,1.6300000000001091,12,london,2023-07-13 10:00:00+00:00,1961.2650000000003,tp,5,2.0,train,2023
2023-07-13 10:45:00+00:00,2023-07-13 11:00:00+00:00,rejection,long,1960.675,1959.665,1962.695,1.009999999999991,12,london,2023-07-13 11:00:00+00:00,1959.665,sl,0,-1.0,train,2023
2023-07-13 11:00:00+00:00,2023-07-13 11:15:00+00:00,rejection,long,1960.295,1958.695,1963.4950000000003,1.6000000000001364,12,london,2023-07-13 12:00:00+00:00,1958.695,sl,3,-1.0,train,2023
2023-07-13 12:15:00+00:00,2023-07-13 12:30:00+00:00,sweep_reclaim,long,1956.945,1956.555,1957.7249999999997,0.38999999999987267,12,london,2023-07-13 12:30:00+00:00,1956.555,sl,0,-1.0,train,2023
2023-07-13 12:30:00+00:00,2023-07-13 12:45:00+00:00,rejection,long,1957.365,1955.205,1961.6850000000002,2.160000000000082,12,london,2023-07-13 13:00:00+00:00,1955.205,sl,1,-1.0,train,2023
2023-07-14 07:15:00+00:00,2023-07-14 07:30:00+00:00,rejection,long,1960.135,1959.718,1960.9689999999998,0.4169999999999163,12,london,2023-07-14 07:30:00+00:00,1959.718,sl,0,-1.0,train,2023
2023-07-14 08:00:00+00:00,2023-07-14 08:15:00+00:00,sweep_reclaim,long,1958.975,1958.628,1959.6689999999999,0.34699999999998,12,london,2023-07-14 08:15:00+00:00,1958.628,sl,0,-1.0,train,2023
2023-07-14 08:15:00+00:00,2023-07-14 08:30:00+00:00,rejection,long,1959.095,1958.248,1960.789,0.84699999999998,12,london,2023-07-14 08:45:00+00:00,1960.789,tp,1,2.0,train,2023
2023-07-14 09:00:00+00:00,2023-07-14 09:15:00+00:00,rejection,long,1962.645,1958.785,1970.3649999999998,3.8599999999999,12,london,2023-07-14 12:15:00+00:00,1960.825,timeout,12,-0.47150259067357086,train,2023
2023-07-14 12:15:00+00:00,2023-07-14 12:30:00+00:00,rejection,long,1960.805,1960.035,1962.345,0.7699999999999818,12,london,2023-07-14 12:30:00+00:00,1960.035,sl,0,-1.0,train,2023
2023-07-14 12:30:00+00:00,2023-07-14 12:45:00+00:00,rejection,long,1960.475,1959.565,1962.2949999999996,0.9099999999998545,12,london,2023-07-14 12:45:00+00:00,1959.565,sl,0,-1.0,train,2023
2023-07-18 08:00:00+00:00,2023-07-18 08:15:00+00:00,rejection,long,1955.695,1954.635,1957.8149999999998,1.0599999999999454,12,london,2023-07-18 08:30:00+00:00,1957.8149999999998,tp,1,2.0,train,2023
2023-07-18 09:15:00+00:00,2023-07-18 09:30:00+00:00,rejection,long,1957.285,1955.045,1961.765,2.240000000000009,12,london,2023-07-18 12:30:00+00:00,1961.335,timeout,12,1.8080357142856867,train,2023
2023-07-18 12:45:00+00:00,2023-07-18 13:00:00+00:00,rejection,long,1961.095,1959.535,1964.215,1.5599999999999454,12,london,2023-07-18 13:00:00+00:00,1959.535,sl,0,-1.0,train,2023
2023-07-19 12:00:00+00:00,2023-07-19 12:15:00+00:00,rejection,long,1974.815,1973.965,1976.5150000000003,0.8500000000001364,12,london,2023-07-19 12:45:00+00:00,1976.5150000000003,tp,2,2.0,train,2023
2023-07-20 07:00:00+00:00,2023-07-20 07:15:00+00:00,compression_expansion,long,1978.105,1976.955,1980.4050000000002,1.150000000000091,12,london,2023-07-20 08:15:00+00:00,1980.4050000000002,tp,4,2.0,train,2023
2023-07-20 09:00:00+00:00,2023-07-20 09:15:00+00:00,rejection,long,1984.835,1980.075,1994.355,4.759999999999991,12,london,2023-07-20 12:15:00+00:00,1983.905,timeout,12,-0.19537815126051794,train,2023
2023-07-21 07:30:00+00:00,2023-07-21 07:45:00+00:00,rejection,short,1972.098,1972.595,1971.1039999999998,0.49700000000007094,12,london,2023-07-21 07:45:00+00:00,1972.595,sl,0,-1.0,train,2023
2023-07-21 08:45:00+00:00,2023-07-21 09:00:00+00:00,sweep_reclaim,short,1972.975,1973.008,1972.9089999999997,0.03300000000012915,12,london,2023-07-21 09:00:00+00:00,1972.9089999999997,tp,0,2.0,train,2023
2023-07-21 12:15:00+00:00,2023-07-21 12:30:00+00:00,rejection,short,1969.795,1970.895,1967.5950000000003,1.099999999999909,12,london,2023-07-21 13:15:00+00:00,1970.895,sl,3,-1.0,train,2023
2023-07-24 07:00:00+00:00,2023-07-24 07:15:00+00:00,rejection,short,1960.928,1961.864,1959.0560000000003,0.9359999999999218,12,london,2023-07-24 07:45:00+00:00,1961.864,sl,2,-1.0,train,2023
2023-07-24 09:00:00+00:00,2023-07-24 09:15:00+00:00,rejection,short,1961.075,1962.335,1958.555,1.259999999999991,12,london,2023-07-24 12:15:00+00:00,1961.425,timeout,12,-0.2777777777777076,train,2023
2023-07-25 07:00:00+00:00,2023-07-25 07:15:00+00:00,rejection,short,1954.115,1954.325,1953.695,0.21000000000003638,12,london,2023-07-25 07:15:00+00:00,1954.325,sl,0,-1.0,train,2023
2023-07-25 09:15:00+00:00,2023-07-25 09:30:00+00:00,sweep_reclaim,short,1961.925,1962.775,1960.2249999999997,0.8500000000001364,12,london,2023-07-25 09:45:00+00:00,1962.775,sl,1,-1.0,train,2023
2023-07-25 09:45:00+00:00,2023-07-25 10:00:00+00:00,sweep_reclaim,short,1962.495,1962.825,1961.8349999999996,0.3300000000001546,12,london,2023-07-25 10:00:00+00:00,1962.825,sl,0,-1.0,train,2023
2023-07-26 08:45:00+00:00,2023-07-26 09:00:00+00:00,sweep_reclaim,long,1962.675,1962.545,1962.9349999999997,0.12999999999988177,12,london,2023-07-26 09:00:00+00:00,1962.545,sl,0,-1.0,train,2023
2023-07-26 09:45:00+00:00,2023-07-26 10:00:00+00:00,rejection,long,1963.145,1962.635,1964.165,0.5099999999999909,12,london,2023-07-26 10:00:00+00:00,1964.165,tp,0,2.0,train,2023
2023-07-26 10:45:00+00:00,2023-07-26 11:00:00+00:00,rejection,long,1963.795,1963.315,1964.755,0.4800000000000182,12,london,2023-07-26 11:45:00+00:00,1963.315,sl,3,-1.0,train,2023
2023-07-26 11:45:00+00:00,2023-07-26 12:00:00+00:00,rejection,long,1963.435,1963.335,1963.6349999999998,0.09999999999990905,12,london,2023-07-26 12:00:00+00:00,1963.335,sl,0,-1.0,train,2023
2023-07-26 12:30:00+00:00,2023-07-26 12:45:00+00:00,rejection,long,1962.915,1962.295,1964.1549999999997,0.6199999999998909,12,london,2023-07-26 12:45:00+00:00,1964.1549999999997,tp,0,2.0,train,2023
2023-07-27 07:15:00+00:00,2023-07-27 07:30:00+00:00,rejection,long,1972.175,1971.635,1973.2549999999999,0.5399999999999636,12,london,2023-07-27 07:30:00+00:00,1971.635,sl,0,-1.0,train,2023
2023-07-27 10:15:00+00:00,2023-07-27 10:30:00+00:00,rejection,long,1979.145,1978.895,1979.645,0.25,12,london,2023-07-27 10:30:00+00:00,1978.895,sl,0,-1.0,train,2023
2023-07-27 11:15:00+00:00,2023-07-27 11:30:00+00:00,rejection,long,1977.605,1976.628,1979.5590000000002,0.9770000000000891,12,london,2023-07-27 12:00:00+00:00,1976.628,sl,2,-1.0,train,2023
2023-07-27 12:45:00+00:00,2023-07-27 13:00:00+00:00,rejection,long,1975.825,1975.595,1976.285,0.2300000000000182,12,london,2023-07-27 13:00:00+00:00,1975.595,sl,0,-1.0,train,2023
2023-07-28 08:00:00+00:00,2023-07-28 08:15:00+00:00,rejection,short,1946.875,1947.385,1945.855,0.5099999999999909,12,london,2023-07-28 08:15:00+00:00,1947.385,sl,0,-1.0,train,2023
2023-07-28 10:45:00+00:00,2023-07-28 11:00:00+00:00,sweep_reclaim,short,1951.985,1954.455,1947.0449999999998,2.4700000000000273,12,london,2023-07-28 11:00:00+00:00,1954.455,sl,0,-1.0,train,2023
2023-07-28 11:15:00+00:00,2023-07-28 11:30:00+00:00,sweep_reclaim,short,1954.675,1954.825,1954.3749999999998,0.15000000000009095,12,london,2023-07-28 11:30:00+00:00,1954.825,sl,0,-1.0,train,2023
2023-07-28 11:30:00+00:00,2023-07-28 11:45:00+00:00,sweep_reclaim,short,1953.085,1955.915,1947.4250000000002,2.8299999999999272,12,london,2023-07-28 14:45:00+00:00,1950.175,timeout,12,1.0282685512368044,train,2023
2023-07-31 10:45:00+00:00,2023-07-31 11:00:00+00:00,compression_expansion,short,1954.975,1957.378,1950.1689999999999,2.40300000000002,12,london,2023-07-31 14:00:00+00:00,1954.055,timeout,12,0.38285476487716924,train,2023
2023-08-01 08:00:00+00:00,2023-08-01 08:15:00+00:00,sweep_reclaim,long,1963.335,1962.968,1964.069,0.3669999999999618,12,london,2023-08-01 08:15:00+00:00,1962.968,sl,0,-1.0,train,2023
2023-08-02 07:15:00+00:00,2023-08-02 07:30:00+00:00,rejection,short,1949.715,1952.705,1943.735,2.990000000000009,12,london,2023-08-02 10:30:00+00:00,1947.698,timeout,12,0.6745819397992706,train,2023
2023-08-02 11:00:00+00:00,2023-08-02 11:15:00+00:00,rejection,short,1948.835,1949.115,1948.275,0.2799999999999727,12,london,2023-08-02 11:15:00+00:00,1948.275,tp,0,2.0,train,2023
2023-08-02 11:45:00+00:00,2023-08-02 12:00:00+00:00,rejection,short,1946.925,1948.915,1942.945,1.990000000000009,12,london,2023-08-02 12:30:00+00:00,1948.915,sl,2,-1.0,train,2023
2023-08-02 12:30:00+00:00,2023-08-02 12:45:00+00:00,rejection,short,1948.205,1948.575,1947.4649999999997,0.37000000000011823,12,london,2023-08-02 12:45:00+00:00,1948.575,sl,0,-1.0,train,2023
2023-08-03 07:00:00+00:00,2023-08-03 07:15:00+00:00,rejection,short,1935.715,1936.025,1935.0949999999996,0.3100000000001728,12,london,2023-08-03 07:15:00+00:00,1936.025,sl,0,-1.0,train,2023
2023-08-03 09:00:00+00:00,2023-08-03 09:15:00+00:00,sweep_reclaim,short,1936.495,1938.255,1932.9749999999995,1.7600000000002183,12,london,2023-08-03 12:15:00+00:00,1932.9749999999995,tp,12,2.0,train,2023
2023-08-03 12:30:00+00:00,2023-08-03 12:45:00+00:00,rejection,short,1934.355,1934.955,1933.1550000000002,0.599999999999909,12,london,2023-08-03 12:45:00+00:00,1934.955,sl,0,-1.0,train,2023
2023-08-07 07:15:00+00:00,2023-08-07 07:30:00+00:00,compression_expansion,long,1944.915,1942.615,1949.5149999999999,2.2999999999999545,12,london,2023-08-07 08:15:00+00:00,1942.615,sl,3,-1.0,train,2023
2023-08-07 09:45:00+00:00,2023-08-07 10:00:00+00:00,sweep_reclaim,long,1940.765,1940.328,1941.6390000000004,0.4370000000001255,12,london,2023-08-07 10:00:00+00:00,1940.328,sl,0,-1.0,train,2023
2023-08-07 11:15:00+00:00,2023-08-07 11:30:00+00:00,sweep_reclaim,long,1938.365,1938.104,1938.887,0.26099999999996726,12,london,2023-08-07 11:30:00+00:00,1938.104,sl,0,-1.0,train,2023
2023-08-07 11:30:00+00:00,2023-08-07 11:45:00+00:00,sweep_reclaim,long,1938.035,1937.708,1938.689,0.3269999999999982,12,london,2023-08-07 11:45:00+00:00,1937.708,sl,0,-1.0,train,2023
2023-08-07 11:45:00+00:00,2023-08-07 12:00:00+00:00,rejection,long,1938.345,1937.395,1940.2450000000001,0.9500000000000455,12,london,2023-08-07 12:15:00+00:00,1937.395,sl,1,-1.0,train,2023
2023-08-09 10:15:00+00:00,2023-08-09 10:30:00+00:00,sweep_reclaim,short,1928.545,1930.615,1924.4050000000002,2.0699999999999363,12,london,2023-08-09 11:00:00+00:00,1930.615,sl,2,-1.0,train,2023
2023-08-10 07:15:00+00:00,2023-08-10 07:30:00+00:00,rejection,short,1916.135,1916.758,1914.889,0.6230000000000473,12,london,2023-08-10 08:00:00+00:00,1916.758,sl,2,-1.0,train,2023
2023-08-10 09:00:00+00:00,2023-08-10 09:15:00+00:00,sweep_reclaim,short,1917.375,1918.585,1914.955,1.2100000000000364,12,london,2023-08-10 09:30:00+00:00,1918.585,sl,1,-1.0,train,2023
2023-08-11 08:15:00+00:00,2023-08-11 08:30:00+00:00,sweep_reclaim,short,1914.735,1915.055,1914.0949999999996,0.3200000000001637,12,london,2023-08-11 08:30:00+00:00,1915.055,sl,0,-1.0,train,2023
2023-08-11 08:30:00+00:00,2023-08-11 08:45:00+00:00,rejection,short,1914.435,1915.595,1912.1149999999998,1.1600000000000819,12,london,2023-08-11 09:00:00+00:00,1915.595,sl,1,-1.0,train,2023
2023-08-11 09:00:00+00:00,2023-08-11 09:15:00+00:00,sweep_reclaim,short,1915.215,1915.455,1914.735,0.2400000000000091,12,london,2023-08-11 09:15:00+00:00,1915.455,sl,0,-1.0,train,2023
2023-08-11 09:30:00+00:00,2023-08-11 09:45:00+00:00,sweep_reclaim,short,1914.164,1915.725,1911.0420000000001,1.5609999999999218,12,london,2023-08-11 12:45:00+00:00,1915.228,timeout,12,-0.681614349775869,train,2023
2023-08-14 09:00:00+00:00,2023-08-14 09:15:00+00:00,rejection,short,1911.535,1911.865,1910.8750000000002,0.32999999999992724,12,london,2023-08-14 09:15:00+00:00,1910.8750000000002,tp,0,2.0,train,2023
2023-08-14 10:30:00+00:00,2023-08-14 10:45:00+00:00,rejection,short,1912.475,1912.625,1912.1749999999997,0.15000000000009095,12,london,2023-08-14 10:45:00+00:00,1912.625,sl,0,-1.0,train,2023
2023-08-14 11:30:00+00:00,2023-08-14 11:45:00+00:00,rejection,short,1912.525,1912.915,1911.7450000000003,0.38999999999987267,12,london,2023-08-14 12:00:00+00:00,1911.7450000000003,tp,1,2.0,train,2023
2023-08-14 12:45:00+00:00,2023-08-14 13:00:00+00:00,sweep_reclaim,short,1913.105,1914.015,1911.2849999999999,0.9100000000000819,12,london,2023-08-14 14:15:00+00:00,1911.2849999999999,tp,5,2.0,train,2023
2023-08-15 07:30:00+00:00,2023-08-15 07:45:00+00:00,rejection,short,1905.895,1908.005,1901.6749999999997,2.1100000000001273,12,london,2023-08-15 09:00:00+00:00,1908.005,sl,5,-1.0,train,2023
2023-08-15 09:00:00+00:00,2023-08-15 09:15:00+00:00,sweep_reclaim,short,1905.935,1907.355,1903.0949999999998,1.4200000000000728,12,london,2023-08-15 10:45:00+00:00,1907.355,sl,6,-1.0,train,2023
2023-08-15 12:15:00+00:00,2023-08-15 12:30:00+00:00,rejection,short,1905.958,1907.015,1903.844,1.0570000000000164,12,london,2023-08-15 12:30:00+00:00,1907.015,sl,0,-1.0,train,2023
2023-08-15 12:30:00+00:00,2023-08-15 12:45:00+00:00,rejection,short,1905.445,1906.975,1902.385,1.5299999999999727,12,london,2023-08-15 13:30:00+00:00,1906.975,sl,3,-1.0,train,2023
2023-08-16 07:00:00+00:00,2023-08-16 07:15:00+00:00,rejection,short,1901.295,1901.825,1900.2350000000001,0.5299999999999727,12,london,2023-08-16 07:15:00+00:00,1901.825,sl,0,-1.0,train,2023
2023-08-16 07:30:00+00:00,2023-08-16 07:45:00+00:00,rejection,short,1901.855,1902.115,1901.335,0.2599999999999909,12,london,2023-08-16 07:45:00+00:00,1902.115,sl,0,-1.0,train,2023
2023-08-16 09:00:00+00:00,2023-08-16 09:15:00+00:00,sweep_reclaim,short,1902.925,1903.685,1901.405,0.7599999999999909,12,london,2023-08-16 09:15:00+00:00,1903.685,sl,0,-1.0,train,2023
2023-08-16 09:45:00+00:00,2023-08-16 10:00:00+00:00,sweep_reclaim,short,1904.125,1904.335,1903.705,0.21000000000003638,12,london,2023-08-16 10:00:00+00:00,1904.335,sl,0,-1.0,train,2023
2023-08-16 10:30:00+00:00,2023-08-16 10:45:00+00:00,sweep_reclaim,short,1904.555,1904.685,1904.2950000000003,0.12999999999988177,12,london,2023-08-16 10:45:00+00:00,1904.2950000000003,tp,0,2.0,train,2023
2023-08-16 11:00:00+00:00,2023-08-16 11:15:00+00:00,rejection,short,1904.005,1905.185,1901.6450000000004,1.1799999999998363,12,london,2023-08-16 12:45:00+00:00,1905.185,sl,6,-1.0,train,2023
2023-08-17 09:15:00+00:00,2023-08-17 09:30:00+00:00,rejection,short,1892.175,1892.895,1890.735,0.7200000000000273,12,london,2023-08-17 09:30:00+00:00,1892.895,sl,0,-1.0,train,2023
2023-08-17 12:00:00+00:00,2023-08-17 12:15:00+00:00,rejection,short,1893.505,1893.515,1893.4850000000001,0.009999999999990905,12,london,2023-08-17 12:15:00+00:00,1893.515,sl,0,-1.0,train,2023
2023-08-17 12:45:00+00:00,2023-08-17 13:00:00+00:00,rejection,short,1892.425,1893.835,1889.6049999999998,1.4100000000000819,12,london,2023-08-17 13:15:00+00:00,1893.835,sl,1,-1.0,train,2023
2023-08-18 07:30:00+00:00,2023-08-18 07:45:00+00:00,sweep_reclaim,short,1891.205,1891.575,1890.4649999999997,0.37000000000011823,12,london,2023-08-18 07:45:00+00:00,1891.575,sl,0,-1.0,train,2023
2023-08-18 08:45:00+00:00,2023-08-18 09:00:00+00:00,sweep_reclaim,short,1894.085,1894.745,1892.7650000000003,0.6599999999998545,12,london,2023-08-18 09:15:00+00:00,1894.745,sl,1,-1.0,train,2023
2023-08-21 07:45:00+00:00,2023-08-21 08:00:00+00:00,sweep_reclaim,short,1890.455,1890.825,1889.7149999999997,0.37000000000011823,12,london,2023-08-21 08:00:00+00:00,1889.7149999999997,tp,0,2.0,train,2023
2023-08-21 08:30:00+00:00,2023-08-21 08:45:00+00:00,rejection,short,1887.875,1890.485,1882.6550000000002,2.6099999999999,12,london,2023-08-21 09:45:00+00:00,1890.485,sl,4,-1.0,train,2023
2023-08-21 10:15:00+00:00,2023-08-21 10:30:00+00:00,sweep_reclaim,short,1892.145,1892.995,1890.4450000000002,0.849999999999909,12,london,2023-08-21 11:15:00+00:00,1892.995,sl,3,-1.0,train,2023
2023-08-21 11:45:00+00:00,2023-08-21 12:00:00+00:00,rejection,short,1892.705,1893.665,1890.7849999999999,0.9600000000000364,12,london,2023-08-21 12:15:00+00:00,1893.665,sl,1,-1.0,train,2023
2023-08-22 12:15:00+00:00,2023-08-22 12:30:00+00:00,compression_expansion,long,1895.728,1893.755,1899.674,1.9729999999999563,12,london,2023-08-22 13:30:00+00:00,1899.674,tp,4,2.0,train,2023
2023-08-23 09:30:00+00:00,2023-08-23 09:45:00+00:00,rejection,long,1901.345,1900.675,1902.6850000000002,0.6700000000000728,12,london,2023-08-23 10:00:00+00:00,1900.675,sl,1,-1.0,train,2023
2023-08-23 12:30:00+00:00,2023-08-23 12:45:00+00:00,rejection,long,1902.995,1902.575,1903.8349999999996,0.4199999999998454,12,london,2023-08-23 12:45:00+00:00,1903.8349999999996,tp,0,2.0,train,2023
2023-08-24 07:15:00+00:00,2023-08-24 07:30:00+00:00,rejection,long,1917.965,1916.838,1920.2189999999998,1.1269999999999527,12,london,2023-08-24 09:45:00+00:00,1920.2189999999998,tp,9,2.0,train,2023
2023-08-24 11:45:00+00:00,2023-08-24 12:00:00+00:00,rejection,long,1921.175,1920.418,1922.689,0.7570000000000618,12,london,2023-08-24 12:00:00+00:00,1920.418,sl,0,-1.0,train,2023
2023-08-24 12:00:00+00:00,2023-08-24 12:15:00+00:00,rejection,long,1921.445,1919.865,1924.6049999999998,1.5799999999999272,12,london,2023-08-24 15:00:00+00:00,1919.865,sl,11,-1.0,train,2023
2023-08-28 07:45:00+00:00,2023-08-28 08:00:00+00:00,rejection,long,1916.038,1914.695,1918.7240000000002,1.3430000000000746,12,london,2023-08-28 11:00:00+00:00,1916.035,timeout,12,-0.002233804914317865,train,2023
2023-08-28 11:45:00+00:00,2023-08-28 12:00:00+00:00,rejection,long,1915.375,1914.655,1916.815,0.7200000000000273,12,london,2023-08-28 12:30:00+00:00,1916.815,tp,2,2.0,train,2023
2023-08-29 07:15:00+00:00,2023-08-29 07:30:00+00:00,compression_expansion,long,1921.595,1920.728,1923.329,0.8669999999999618,12,london,2023-08-29 10:00:00+00:00,1923.329,tp,10,2.0,train,2023
2023-08-29 11:00:00+00:00,2023-08-29 11:15:00+00:00,rejection,long,1925.255,1924.525,1926.7150000000001,0.7300000000000182,12,london,2023-08-29 11:30:00+00:00,1924.525,sl,1,-1.0,train,2023
2023-08-29 12:00:00+00:00,2023-08-29 12:15:00+00:00,rejection,long,1924.355,1923.875,1925.315,0.4800000000000182,12,london,2023-08-29 12:15:00+00:00,1923.875,sl,0,-1.0,train,2023
2023-08-30 08:30:00+00:00,2023-08-30 08:45:00+00:00,rejection,long,1936.585,1935.688,1938.379,0.8969999999999345,12,london,2023-08-30 08:45:00+00:00,1935.688,sl,0,-1.0,train,2023
2023-08-30 10:00:00+00:00,2023-08-30 10:15:00+00:00,rejection,long,1936.715,1936.085,1937.9749999999997,0.6299999999998818,12,london,2023-08-30 10:30:00+00:00,1936.085,sl,1,-1.0,train,2023
2023-08-30 10:30:00+00:00,2023-08-30 10:45:00+00:00,rejection,long,1936.465,1936.035,1937.3249999999996,0.4299999999998363,12,london,2023-08-30 11:45:00+00:00,1936.035,sl,4,-1.0,train,2023
2023-08-30 12:00:00+00:00,2023-08-30 12:15:00+00:00,rejection,long,1936.245,1935.905,1936.9249999999997,0.33999999999991815,12,london,2023-08-30 12:45:00+00:00,1935.905,sl,2,-1.0,train,2023
2023-08-30 12:45:00+00:00,2023-08-30 13:00:00+00:00,rejection,long,1936.365,1935.955,1937.1850000000002,0.41000000000008185,12,london,2023-08-30 13:00:00+00:00,1935.955,sl,0,-1.0,train,2023
2023-08-31 08:45:00+00:00,2023-08-31 09:00:00+00:00,rejection,long,1947.315,1945.455,1951.0350000000003,1.8600000000001273,12,london,2023-08-31 10:00:00+00:00,1945.455,sl,4,-1.0,train,2023
2023-08-31 11:00:00+00:00,2023-08-31 11:15:00+00:00,rejection,long,1945.115,1944.548,1946.249,0.5670000000000073,12,london,2023-08-31 12:45:00+00:00,1944.548,sl,6,-1.0,train,2023
2023-09-04 11:30:00+00:00,2023-09-04 11:45:00+00:00,rejection,long,1944.758,1944.728,1944.818,0.029999999999972715,12,london,2023-09-04 11:45:00+00:00,1944.728,sl,0,-1.0,train,2023
2023-09-04 12:30:00+00:00,2023-09-04 12:45:00+00:00,compression_expansion,long,1945.328,1944.175,1947.634,1.15300000000002,12,london,2023-09-04 13:00:00+00:00,1944.175,sl,1,-1.0,train,2023
2023-09-05 08:00:00+00:00,2023-09-05 08:15:00+00:00,rejection,short,1937.525,1937.635,1937.3050000000003,0.10999999999989996,12,london,2023-09-05 08:15:00+00:00,1937.635,sl,0,-1.0,train,2023
2023-09-05 11:00:00+00:00,2023-09-05 11:15:00+00:00,rejection,short,1936.885,1937.295,1936.0649999999998,0.41000000000008185,12,london,2023-09-05 11:30:00+00:00,1937.295,sl,1,-1.0,train,2023
2023-09-05 12:00:00+00:00,2023-09-05 12:15:00+00:00,sweep_reclaim,short,1938.465,1938.595,1938.2049999999997,0.13000000000010914,12,london,2023-09-05 12:15:00+00:00,1938.595,sl,0,-1.0,train,2023
2023-09-05 12:15:00+00:00,2023-09-05 12:30:00+00:00,rejection,short,1938.395,1938.845,1937.495,0.4500000000000455,12,london,2023-09-05 12:30:00+00:00,1938.845,sl,0,-1.0,train,2023
2023-09-05 12:30:00+00:00,2023-09-05 12:45:00+00:00,sweep_reclaim,short,1937.978,1938.845,1936.2440000000001,0.8669999999999618,12,london,2023-09-05 13:15:00+00:00,1936.2440000000001,tp,2,2.0,train,2023
2023-09-06 07:00:00+00:00,2023-09-06 07:15:00+00:00,rejection,short,1926.465,1926.585,1926.2249999999997,0.12000000000011823,12,london,2023-09-06 07:15:00+00:00,1926.585,sl,0,-1.0,train,2023
2023-09-06 08:15:00+00:00,2023-09-06 08:30:00+00:00,rejection,short,1925.005,1926.365,1922.2850000000003,1.3599999999999,12,london,2023-09-06 10:00:00+00:00,1926.365,sl,6,-1.0,train,2023
2023-09-06 10:00:00+00:00,2023-09-06 10:15:00+00:00,rejection,short,1926.115,1926.275,1925.7949999999998,0.16000000000008185,12,london,2023-09-06 10:15:00+00:00,1925.7949999999998,tp,0,2.0,train,2023
2023-09-06 12:45:00+00:00,2023-09-06 13:00:00+00:00,sweep_reclaim,short,1927.505,1927.915,1926.6850000000004,0.4099999999998545,12,london,2023-09-06 13:00:00+00:00,1927.915,sl,0,-1.0,train,2023
2023-09-07 07:45:00+00:00,2023-09-07 08:00:00+00:00,rejection,short,1916.525,1916.915,1915.7450000000003,0.38999999999987267,12,london,2023-09-07 08:15:00+00:00,1916.915,sl,1,-1.0,train,2023
2023-09-07 10:15:00+00:00,2023-09-07 10:30:00+00:00,rejection,short,1919.655,1919.735,1919.4950000000001,0.07999999999992724,12,london,2023-09-07 10:30:00+00:00,1919.735,sl,0,-1.0,train,2023
2023-09-07 11:30:00+00:00,2023-09-07 11:45:00+00:00,rejection,short,1919.685,1920.425,1918.205,0.7400000000000091,12,london,2023-09-07 11:45:00+00:00,1918.205,tp,0,2.0,train,2023
2023-09-07 11:45:00+00:00,2023-09-07 12:00:00+00:00,compression_expansion,short,1918.245,1920.125,1914.4849999999997,1.8800000000001091,12,london,2023-09-07 15:00:00+00:00,1917.915,timeout,12,0.17553191489356812,train,2023
2023-09-11 09:15:00+00:00,2023-09-11 09:30:00+00:00,sweep_reclaim,short,1922.875,1923.145,1922.335,0.2699999999999818,12,london,2023-09-11 09:30:00+00:00,1923.145,sl,0,-1.0,train,2023
2023-09-11 09:45:00+00:00,2023-09-11 10:00:00+00:00,sweep_reclaim,short,1923.195,1923.655,1922.2749999999999,0.4600000000000364,12,london,2023-09-11 10:15:00+00:00,1922.2749999999999,tp,1,2.0,train,2023
2023-09-12 08:00:00+00:00,2023-09-12 08:15:00+00:00,rejection,short,1921.378,1922.525,1919.0839999999996,1.147000000000162,12,london,2023-09-12 08:15:00+00:00,1922.525,sl,0,-1.0,train,2023
2023-09-12 10:45:00+00:00,2023-09-12 11:00:00+00:00,sweep_reclaim,short,1923.675,1923.835,1923.3549999999998,0.16000000000008185,12,london,2023-09-12 11:00:00+00:00,1923.835,sl,0,-1.0,train,2023
2023-09-12 11:00:00+00:00,2023-09-12 11:15:00+00:00,sweep_reclaim,short,1923.655,1923.975,1923.015,0.31999999999993634,12,london,2023-09-12 11:15:00+00:00,1923.975,sl,0,-1.0,train,2023
2023-09-12 11:15:00+00:00,2023-09-12 11:30:00+00:00,sweep_reclaim,short,1922.475,1924.235,1918.955,1.759999999999991,12,london,2023-09-12 13:30:00+00:00,1918.955,tp,8,2.0,train,2023
2023-09-13 07:00:00+00:00,2023-09-13 07:15:00+00:00,rejection,short,1912.875,1913.235,1912.1550000000002,0.35999999999989996,12,london,2023-09-13 07:15:00+00:00,1913.235,sl,0,-1.0,train,2023
2023-09-13 08:30:00+00:00,2023-09-13 08:45:00+00:00,sweep_reclaim,short,1911.678,1913.355,1908.3240000000003,1.6769999999999072,12,london,2023-09-13 10:30:00+00:00,1908.3240000000003,tp,7,2.0,train,2023
2023-09-13 12:45:00+00:00,2023-09-13 13:00:00+00:00,rejection,short,1910.055,1911.875,1906.4150000000002,1.8199999999999363,12,london,2023-09-13 15:00:00+00:00,1911.875,sl,8,-1.0,train,2023
2023-09-14 08:15:00+00:00,2023-09-14 08:30:00+00:00,sweep_reclaim,short,1912.215,1912.815,1911.0149999999996,0.6000000000001364,12,london,2023-09-14 08:30:00+00:00,1911.0149999999996,tp,0,2.0,train,2023
2023-09-14 11:15:00+00:00,2023-09-14 11:30:00+00:00,rejection,short,1909.265,1909.905,1907.9850000000004,0.6399999999998727,12,london,2023-09-14 11:30:00+00:00,1909.905,sl,0,-1.0,train,2023
2023-09-14 11:45:00+00:00,2023-09-14 12:00:00+00:00,rejection,short,1909.485,1910.125,1908.2049999999997,0.6400000000001,12,london,2023-09-14 12:30:00+00:00,1910.125,sl,2,-1.0,train,2023
2023-09-18 07:00:00+00:00,2023-09-18 07:15:00+00:00,rejection,long,1923.345,1922.378,1925.2790000000002,0.9670000000000982,12,london,2023-09-18 08:15:00+00:00,1925.2790000000002,tp,4,2.0,train,2023
2023-09-18 09:30:00+00:00,2023-09-18 09:45:00+00:00,rejection,long,1926.165,1923.985,1930.525,2.1800000000000637,12,london,2023-09-18 12:45:00+00:00,1929.775,timeout,12,1.6559633027523035,train,2023
2023-09-18 12:45:00+00:00,2023-09-18 13:00:00+00:00,compression_expansion,long,1929.698,1927.708,1933.678,1.990000000000009,12,london,2023-09-18 14:45:00+00:00,1927.708,sl,7,-1.0,train,2023
2023-09-19 08:00:00+00:00,2023-09-19 08:15:00+00:00,rejection,long,1933.245,1932.845,1934.0449999999996,0.3999999999998636,12,london,2023-09-19 08:15:00+00:00,1932.845,sl,0,-1.0,train,2023
2023-09-19 08:45:00+00:00,2023-09-19 09:00:00+00:00,rejection,long,1932.585,1931.595,1934.565,0.9900000000000091,12,london,2023-09-19 11:30:00+00:00,1931.595,sl,10,-1.0,train,2023
2023-09-19 11:30:00+00:00,2023-09-19 11:45:00+00:00,rejection,long,1932.155,1931.928,1932.6089999999997,0.22699999999986176,12,london,2023-09-19 11:45:00+00:00,1931.928,sl,0,-1.0,train,2023
2023-09-19 12:15:00+00:00,2023-09-19 12:30:00+00:00,sweep_reclaim,long,1931.425,1931.015,1932.2449999999997,0.4099999999998545,12,london,2023-09-19 12:30:00+00:00,1931.015,sl,0,-1.0,train,2023
2023-09-19 12:30:00+00:00,2023-09-19 12:45:00+00:00,rejection,long,1931.065,1930.925,1931.3450000000003,0.14000000000010004,12,london,2023-09-19 12:45:00+00:00,1930.925,sl,0,-1.0,train,2023
2023-09-21 12:45:00+00:00,2023-09-21 13:00:00+00:00,sweep_reclaim,short,1928.175,1928.635,1927.2549999999999,0.4600000000000364,12,london,2023-09-21 13:00:00+00:00,1928.635,sl,0,-1.0,train,2023
2023-09-25 09:00:00+00:00,2023-09-25 09:15:00+00:00,rejection,short,1923.175,1924.595,1920.3349999999998,1.4200000000000728,12,london,2023-09-25 12:15:00+00:00,1923.055,timeout,12,0.08450704225343994,train,2023
2023-09-25 12:15:00+00:00,2023-09-25 12:30:00+00:00,rejection,short,1923.035,1923.555,1921.9950000000001,0.5199999999999818,12,london,2023-09-25 12:45:00+00:00,1921.9950000000001,tp,1,2.0,train,2023
2023-09-26 07:00:00+00:00,2023-09-26 07:15:00+00:00,compression_expansion,short,1916.155,1916.515,1915.4349999999997,0.36000000000012733,12,london,2023-09-26 07:30:00+00:00,1915.4349999999997,tp,1,2.0,train,2023
2023-09-26 09:00:00+00:00,2023-09-26 09:15:00+00:00,rejection,short,1914.845,1915.715,1913.1050000000002,0.8699999999998909,12,london,2023-09-26 11:00:00+00:00,1913.1050000000002,tp,7,2.0,train,2023
2023-09-26 12:30:00+00:00,2023-09-26 12:45:00+00:00,compression_expansion,short,1913.745,1915.075,1911.0849999999996,1.3300000000001546,12,london,2023-09-26 14:00:00+00:00,1911.0849999999996,tp,5,2.0,train,2023
2023-09-27 07:00:00+00:00,2023-09-27 07:15:00+00:00,sweep_reclaim,short,1901.595,1901.895,1900.9950000000001,0.2999999999999545,12,london,2023-09-27 07:15:00+00:00,1901.895,sl,0,-1.0,train,2023
2023-09-27 08:45:00+00:00,2023-09-27 09:00:00+00:00,sweep_reclaim,short,1901.655,1901.945,1901.075,0.2899999999999636,12,london,2023-09-27 09:00:00+00:00,1901.945,sl,0,-1.0,train,2023
2023-09-27 10:30:00+00:00,2023-09-27 10:45:00+00:00,rejection,short,1900.255,1900.835,1899.0950000000003,0.5799999999999272,12,london,2023-09-27 11:15:00+00:00,1899.0950000000003,tp,2,2.0,train,2023
2023-09-27 11:15:00+00:00,2023-09-27 11:30:00+00:00,compression_expansion,short,1898.085,1900.475,1893.3050000000003,2.3899999999998727,12,london,2023-09-27 14:30:00+00:00,1897.215,timeout,12,0.3640167364017425,train,2023
2023-09-28 07:30:00+00:00,2023-09-28 07:45:00+00:00,rejection,short,1876.918,1877.825,1875.1039999999996,0.9070000000001528,12,london,2023-09-28 08:30:00+00:00,1875.1039999999996,tp,3,2.0,train,2023
2023-09-28 09:00:00+00:00,2023-09-28 09:15:00+00:00,rejection,short,1874.105,1876.295,1869.725,2.1900000000000546,12,london,2023-09-28 12:15:00+00:00,1875.195,timeout,12,-0.4977168949771192,train,2023
2023-09-29 08:30:00+00:00,2023-09-29 08:45:00+00:00,rejection,short,1865.218,1865.715,1864.2240000000004,0.49699999999984357,12,london,2023-09-29 09:00:00+00:00,1865.715,sl,1,-1.0,train,2023
2023-09-29 12:00:00+00:00,2023-09-29 12:15:00+00:00,rejection,short,1864.715,1865.455,1863.235,0.7400000000000091,12,london,2023-09-29 12:45:00+00:00,1865.455,sl,2,-1.0,train,2023
2023-10-02 07:15:00+00:00,2023-10-02 07:30:00+00:00,rejection,short,1847.935,1848.465,1846.875,0.5299999999999727,12,london,2023-10-02 07:45:00+00:00,1846.875,tp,1,2.0,train,2023
2023-10-02 09:15:00+00:00,2023-10-02 09:30:00+00:00,rejection,short,1843.965,1845.865,1840.1649999999997,1.900000000000091,12,london,2023-10-02 12:30:00+00:00,1842.655,timeout,12,0.6894736842104646,train,2023
2023-10-03 07:00:00+00:00,2023-10-03 07:15:00+00:00,rejection,short,1824.185,1824.765,1823.0249999999996,0.5800000000001546,12,london,2023-10-03 07:15:00+00:00,1824.765,sl,0,-1.0,train,2023
2023-10-03 07:30:00+00:00,2023-10-03 07:45:00+00:00,rejection,short,1822.815,1826.825,1814.795,4.009999999999991,12,london,2023-10-03 10:45:00+00:00,1819.025,timeout,12,0.945137157107225,train,2023
2023-10-04 07:00:00+00:00,2023-10-04 07:15:00+00:00,rejection,short,1823.075,1824.835,1819.555,1.759999999999991,12,london,2023-10-04 07:45:00+00:00,1824.835,sl,2,-1.0,train,2023
2023-10-04 08:30:00+00:00,2023-10-04 08:45:00+00:00,rejection,short,1823.465,1824.738,1820.9189999999996,1.2730000000001382,12,london,2023-10-04 08:45:00+00:00,1820.9189999999996,tp,0,2.0,train,2023
2023-10-04 09:00:00+00:00,2023-10-04 09:15:00+00:00,rejection,short,1822.058,1824.218,1817.7379999999998,2.160000000000082,12,london,2023-10-04 12:15:00+00:00,1821.225,timeout,12,0.3856481481481723,train,2023
2023-10-09 08:45:00+00:00,2023-10-09 09:00:00+00:00,rejection,long,1848.785,1847.295,1851.765,1.490000000000009,12,london,2023-10-09 09:15:00+00:00,1851.765,tp,1,2.0,train,2023
2023-10-10 07:45:00+00:00,2023-10-10 08:00:00+00:00,rejection,long,1862.878,1861.505,1865.6239999999996,1.37299999999982,12,london,2023-10-10 11:00:00+00:00,1862.215,timeout,12,-0.4828841951930793,train,2023
2023-10-10 12:15:00+00:00,2023-10-10 12:30:00+00:00,rejection,long,1860.548,1860.505,1860.6339999999998,0.04299999999989268,12,london,2023-10-10 12:30:00+00:00,1860.6339999999998,tp,0,2.0,train,2023
2023-10-11 07:00:00+00:00,2023-10-11 07:15:00+00:00,rejection,long,1859.835,1859.798,1859.909,0.03700000000003456,12,london,2023-10-11 07:15:00+00:00,1859.798,sl,0,-1.0,train,2023
2023-10-11 08:15:00+00:00,2023-10-11 08:30:00+00:00,rejection,long,1861.605,1860.658,1863.4990000000003,0.9470000000001164,12,london,2023-10-11 08:30:00+00:00,1860.658,sl,0,-1.0,train,2023
2023-10-12 07:00:00+00:00,2023-10-12 07:15:00+00:00,rejection,long,1875.345,1874.775,1876.485,0.5699999999999363,12,london,2023-10-12 07:15:00+00:00,1874.775,sl,0,-1.0,train,2023
2023-10-12 12:45:00+00:00,2023-10-12 13:00:00+00:00,rejection,long,1879.295,1878.235,1881.4150000000004,1.0600000000001728,12,london,2023-10-12 13:45:00+00:00,1881.4150000000004,tp,3,2.0,train,2023
2023-10-13 11:45:00+00:00,2023-10-13 12:00:00+00:00,rejection,long,1876.295,1873.475,1881.9350000000004,2.8200000000001637,12,london,2023-10-13 14:45:00+00:00,1881.9350000000004,tp,11,2.0,train,2023
2023-10-16 07:00:00+00:00,2023-10-16 07:15:00+00:00,rejection,long,1925.335,1921.485,1933.0350000000003,3.8500000000001364,12,london,2023-10-16 08:00:00+00:00,1921.485,sl,3,-1.0,train,2023
2023-10-16 10:30:00+00:00,2023-10-16 10:45:00+00:00,sweep_reclaim,long,1919.445,1918.375,1921.5849999999998,1.0699999999999363,12,london,2023-10-16 13:00:00+00:00,1918.375,sl,9,-1.0,train,2023
2023-10-17 08:00:00+00:00,2023-10-17 08:15:00+00:00,rejection,long,1916.155,1914.275,1919.9149999999997,1.8799999999998818,12,london,2023-10-17 08:45:00+00:00,1914.275,sl,2,-1.0,train,2023
2023-10-18 11:00:00+00:00,2023-10-18 11:15:00+00:00,rejection,long,1937.535,1935.145,1942.3150000000003,2.3900000000001,12,london,2023-10-18 14:00:00+00:00,1935.145,sl,11,-1.0,train,2023
2023-10-19 07:00:00+00:00,2023-10-19 07:15:00+00:00,rejection,long,1951.155,1949.875,1953.715,1.2799999999999727,12,london,2023-10-19 07:45:00+00:00,1949.875,sl,2,-1.0,train,2023
2023-10-19 08:15:00+00:00,2023-10-19 08:30:00+00:00,rejection,long,1950.495,1948.545,1954.3949999999995,1.949999999999818,12,london,2023-10-19 08:45:00+00:00,1948.545,sl,1,-1.0,train,2023
2023-10-19 09:15:00+00:00,2023-10-19 09:30:00+00:00,rejection,long,1948.705,1946.205,1953.705,2.5,12,london,2023-10-19 10:45:00+00:00,1946.205,sl,5,-1.0,train,2023
2023-10-19 11:00:00+00:00,2023-10-19 11:15:00+00:00,sweep_reclaim,long,1946.285,1945.535,1947.785,0.75,12,london,2023-10-19 11:15:00+00:00,1945.535,sl,0,-1.0,train,2023
2023-10-19 11:15:00+00:00,2023-10-19 11:30:00+00:00,rejection,long,1946.145,1945.125,1948.185,1.0199999999999818,12,london,2023-10-19 12:00:00+00:00,1948.185,tp,2,2.0,train,2023
2023-10-19 12:15:00+00:00,2023-10-19 12:30:00+00:00,rejection,long,1947.925,1945.605,1952.5649999999998,2.3199999999999363,12,london,2023-10-19 13:15:00+00:00,1945.605,sl,3,-1.0,train,2023
2023-10-20 12:15:00+00:00,2023-10-20 12:30:00+00:00,rejection,long,1977.305,1976.465,1978.9850000000004,0.8400000000001455,12,london,2023-10-20 12:30:00+00:00,1978.9850000000004,tp,0,2.0,train,2023
2023-10-20 12:30:00+00:00,2023-10-20 12:45:00+00:00,compression_expansion,long,1979.405,1975.738,1986.7389999999998,3.6669999999999163,12,london,2023-10-20 13:45:00+00:00,1975.738,sl,4,-1.0,train,2023
2023-10-24 12:45:00+00:00,2023-10-24 13:00:00+00:00,rejection,long,1976.155,1975.365,1977.735,0.7899999999999636,12,london,2023-10-24 13:00:00+00:00,1975.365,sl,0,-1.0,train,2023
2023-10-25 12:15:00+00:00,2023-10-25 12:30:00+00:00,sweep_reclaim,long,1972.025,1971.708,1972.659,0.3170000000000073,12,london,2023-10-25 12:30:00+00:00,1972.659,tp,0,2.0,train,2023
2023-10-26 07:00:00+00:00,2023-10-26 07:15:00+00:00,rejection,long,1983.045,1981.405,1986.3250000000003,1.6400000000001,12,london,2023-10-26 08:30:00+00:00,1986.3250000000003,tp,5,2.0,train,2023
2023-10-26 10:15:00+00:00,2023-10-26 10:30:00+00:00,rejection,long,1984.735,1984.465,1985.2749999999999,0.2699999999999818,12,london,2023-10-26 10:30:00+00:00,1985.2749999999999,tp,0,2.0,train,2023
2023-10-26 11:00:00+00:00,2023-10-26 11:15:00+00:00,rejection,long,1987.255,1984.565,1992.6350000000002,2.6900000000000546,12,london,2023-10-26 13:15:00+00:00,1984.565,sl,8,-1.0,train,2023
2023-10-27 07:00:00+00:00,2023-10-27 07:15:00+00:00,rejection,long,1984.585,1984.405,1984.9450000000002,0.18000000000006366,12,london,2023-10-27 07:15:00+00:00,1984.405,sl,0,-1.0,train,2023
2023-10-27 07:45:00+00:00,2023-10-27 08:00:00+00:00,rejection,long,1983.825,1982.795,1985.885,1.0299999999999727,12,london,2023-10-27 08:30:00+00:00,1985.885,tp,2,2.0,train,2023
2023-10-27 08:45:00+00:00,2023-10-27 09:00:00+00:00,rejection,long,1984.565,1983.125,1987.4450000000002,1.4400000000000546,12,london,2023-10-27 09:15:00+00:00,1987.4450000000002,tp,1,2.0,train,2023
2023-10-27 09:45:00+00:00,2023-10-27 10:00:00+00:00,rejection,long,1987.705,1985.985,1991.145,1.7200000000000273,12,london,2023-10-27 13:00:00+00:00,1988.565,timeout,12,0.5000000000000661,train,2023
2023-10-30 07:30:00+00:00,2023-10-30 07:45:00+00:00,rejection,long,2004.025,2001.815,2008.4450000000002,2.2100000000000364,12,london,2023-10-30 10:30:00+00:00,2001.815,sl,11,-1.0,train,2023
2023-10-30 11:45:00+00:00,2023-10-30 12:00:00+00:00,sweep_reclaim,long,2001.515,2001.045,2002.4550000000002,0.4700000000000273,12,london,2023-10-30 12:15:00+00:00,2001.045,sl,1,-1.0,train,2023
2023-11-01 08:45:00+00:00,2023-11-01 09:00:00+00:00,rejection,short,1979.575,1981.275,1976.175,1.7000000000000455,12,london,2023-11-01 11:15:00+00:00,1976.175,tp,9,2.0,train,2023
2023-11-07 07:15:00+00:00,2023-11-07 07:30:00+00:00,rejection,short,1975.775,1977.665,1971.9950000000003,1.8899999999998727,12,london,2023-11-07 10:30:00+00:00,1973.345,timeout,12,1.285714285714406,train,2023
2023-11-07 11:45:00+00:00,2023-11-07 12:00:00+00:00,rejection,short,1971.658,1973.225,1968.524,1.5670000000000073,12,london,2023-11-07 12:45:00+00:00,1973.225,sl,3,-1.0,train,2023
2023-11-08 09:30:00+00:00,2023-11-08 09:45:00+00:00,sweep_reclaim,short,1969.215,1969.775,1968.0949999999996,0.5600000000001728,12,london,2023-11-08 10:00:00+00:00,1968.0949999999996,tp,1,2.0,train,2023
2023-11-08 10:30:00+00:00,2023-11-08 10:45:00+00:00,rejection,short,1967.825,1968.975,1965.5250000000003,1.1499999999998636,12,london,2023-11-08 12:45:00+00:00,1965.5250000000003,tp,8,2.0,train,2023
2023-11-08 12:45:00+00:00,2023-11-08 13:00:00+00:00,rejection,short,1965.225,1967.845,1959.9849999999997,2.6200000000001182,12,london,2023-11-08 13:30:00+00:00,1967.845,sl,2,-1.0,train,2023
2023-11-09 08:15:00+00:00,2023-11-09 08:30:00+00:00,sweep_reclaim,short,1951.725,1952.275,1950.6249999999995,0.5500000000001819,12,london,2023-11-09 08:30:00+00:00,1952.275,sl,0,-1.0,train,2023
2023-11-09 09:45:00+00:00,2023-11-09 10:00:00+00:00,rejection,short,1950.725,1952.825,1946.5249999999996,2.1000000000001364,12,london,2023-11-09 13:00:00+00:00,1949.908,timeout,12,0.3890476190475972,train,2023
2023-11-13 09:30:00+00:00,2023-11-13 09:45:00+00:00,rejection,short,1939.895,1941.205,1937.275,1.3099999999999454,12,london,2023-11-13 10:15:00+00:00,1937.275,tp,2,2.0,val,2023
2023-11-15 07:30:00+00:00,2023-11-15 07:45:00+00:00,sweep_reclaim,long,1962.075,1961.575,1963.075,0.5,12,london,2023-11-15 08:00:00+00:00,1963.075,tp,1,2.0,val,2023
2023-11-15 08:30:00+00:00,2023-11-15 08:45:00+00:00,sweep_reclaim,long,1962.395,1961.765,1963.6549999999997,0.6299999999998818,12,london,2023-11-15 09:15:00+00:00,1963.6549999999997,tp,2,2.0,val,2023
2023-11-15 09:45:00+00:00,2023-11-15 10:00:00+00:00,rejection,long,1963.995,1962.435,1967.1149999999998,1.5599999999999454,12,london,2023-11-15 11:15:00+00:00,1967.1149999999998,tp,5,2.0,val,2023
2023-11-15 11:30:00+00:00,2023-11-15 11:45:00+00:00,rejection,long,1967.095,1965.905,1969.4750000000001,1.1900000000000546,12,london,2023-11-15 12:30:00+00:00,1965.905,sl,3,-1.0,val,2023
2023-11-20 11:15:00+00:00,2023-11-20 11:30:00+00:00,rejection,long,1982.555,1980.455,1986.7550000000003,2.1000000000001364,12,london,2023-11-20 12:15:00+00:00,1980.455,sl,3,-1.0,val,2023
2023-11-21 08:15:00+00:00,2023-11-21 08:30:00+00:00,rejection,long,1986.685,1982.675,1994.705,4.009999999999991,12,london,2023-11-21 11:30:00+00:00,1992.355,timeout,12,1.4139650872818168,val,2023
2023-11-21 11:30:00+00:00,2023-11-21 11:45:00+00:00,rejection,long,1992.375,1991.688,1993.7489999999998,0.6869999999998981,12,london,2023-11-21 11:45:00+00:00,1991.688,sl,0,-1.0,val,2023
2023-11-22 08:15:00+00:00,2023-11-22 08:30:00+00:00,sweep_reclaim,long,1998.435,1996.865,2001.5749999999998,1.5699999999999363,12,london,2023-11-22 08:30:00+00:00,1996.865,sl,0,-1.0,val,2023
2023-11-22 09:15:00+00:00,2023-11-22 09:30:00+00:00,sweep_reclaim,long,1996.705,1995.858,1998.399,0.84699999999998,12,london,2023-11-22 09:30:00+00:00,1995.858,sl,0,-1.0,val,2023
2023-11-22 11:45:00+00:00,2023-11-22 12:00:00+00:00,compression_expansion,long,1998.655,1996.075,2003.8149999999998,2.5799999999999272,12,london,2023-11-22 15:00:00+00:00,2003.8149999999998,tp,12,2.0,val,2023
2023-11-23 11:30:00+00:00,2023-11-23 11:45:00+00:00,rejection,long,1996.755,1995.315,1999.6350000000002,1.4400000000000546,12,london,2023-11-23 11:45:00+00:00,1995.315,sl,0,-1.0,val,2023
2023-11-24 08:45:00+00:00,2023-11-24 09:00:00+00:00,rejection,long,1992.885,1992.615,1993.425,0.2699999999999818,12,london,2023-11-24 09:00:00+00:00,1992.615,sl,0,-1.0,val,2023
2023-11-24 09:00:00+00:00,2023-11-24 09:15:00+00:00,rejection,long,1992.855,1991.398,1995.7690000000002,1.4570000000001073,12,london,2023-11-24 12:15:00+00:00,1993.645,timeout,12,0.5422100205901891,val,2023
2023-11-27 10:00:00+00:00,2023-11-27 10:15:00+00:00,rejection,long,2010.895,2007.278,2018.129,3.616999999999962,12,london,2023-11-27 13:15:00+00:00,2010.865,timeout,12,-0.0082941664362657,val,2023
2023-11-28 07:45:00+00:00,2023-11-28 08:00:00+00:00,rejection,long,2016.545,2015.355,2018.9250000000002,1.1900000000000546,12,london,2023-11-28 08:30:00+00:00,2015.355,sl,2,-1.0,val,2023
2023-11-28 10:00:00+00:00,2023-11-28 10:15:00+00:00,rejection,long,2016.055,2014.355,2019.4550000000002,1.7000000000000455,12,london,2023-11-28 11:15:00+00:00,2014.355,sl,4,-1.0,val,2023
2023-11-29 09:00:00+00:00,2023-11-29 09:15:00+00:00,rejection,long,2048.655,2047.835,2050.2950000000005,0.8200000000001637,12,london,2023-11-29 09:15:00+00:00,2047.835,sl,0,-1.0,val,2023
2023-11-29 11:00:00+00:00,2023-11-29 11:15:00+00:00,rejection,long,2044.175,2043.754,2045.017,0.4210000000000491,12,london,2023-11-29 11:15:00+00:00,2043.754,sl,0,-1.0,val,2023
2023-11-29 12:00:00+00:00,2023-11-29 12:15:00+00:00,compression_expansion,long,2046.265,2043.148,2052.4990000000007,3.117000000000189,12,london,2023-11-29 13:15:00+00:00,2043.148,sl,4,-1.0,val,2023
2023-11-30 09:30:00+00:00,2023-11-30 09:45:00+00:00,sweep_reclaim,long,2043.475,2042.795,2044.8349999999996,0.6799999999998363,12,london,2023-11-30 10:00:00+00:00,2044.8349999999996,tp,1,2.0,val,2023
2023-11-30 10:45:00+00:00,2023-11-30 11:00:00+00:00,rejection,long,2044.995,2044.798,2045.3889999999997,0.19699999999988904,12,london,2023-11-30 11:00:00+00:00,2044.798,sl,0,-1.0,val,2023
2023-12-01 12:00:00+00:00,2023-12-01 12:15:00+00:00,rejection,long,2040.515,2038.768,2044.0090000000002,1.747000000000071,12,london,2023-12-01 15:15:00+00:00,2040.345,timeout,12,-0.0973096737264258,val,2023
2023-12-04 09:30:00+00:00,2023-12-04 09:45:00+00:00,rejection,long,2086.355,2084.175,2090.7149999999997,2.1799999999998363,12,london,2023-12-04 11:15:00+00:00,2084.175,sl,6,-1.0,val,2023
2023-12-04 11:45:00+00:00,2023-12-04 12:00:00+00:00,rejection,long,2084.995,2081.585,2091.8149999999996,3.4099999999998545,12,london,2023-12-04 13:45:00+00:00,2081.585,sl,7,-1.0,val,2023
2023-12-05 09:30:00+00:00,2023-12-05 09:45:00+00:00,rejection,short,2033.835,2036.815,2027.875,2.980000000000018,12,london,2023-12-05 10:30:00+00:00,2036.815,sl,3,-1.0,val,2023
2023-12-05 11:15:00+00:00,2023-12-05 11:30:00+00:00,rejection,short,2037.405,2037.685,2036.845,0.2799999999999727,12,london,2023-12-05 11:30:00+00:00,2036.845,tp,0,2.0,val,2023
2023-12-06 07:30:00+00:00,2023-12-06 07:45:00+00:00,sweep_reclaim,short,2019.765,2020.535,2018.2250000000001,0.7699999999999818,12,london,2023-12-06 07:45:00+00:00,2020.535,sl,0,-1.0,val,2023
2023-12-06 09:15:00+00:00,2023-12-06 09:30:00+00:00,rejection,short,2020.495,2021.535,2018.4149999999995,1.040000000000191,12,london,2023-12-06 09:30:00+00:00,2021.535,sl,0,-1.0,val,2023
2023-12-06 09:30:00+00:00,2023-12-06 09:45:00+00:00,rejection,short,2020.665,2022.145,2017.705,1.4800000000000182,12,london,2023-12-06 10:30:00+00:00,2022.145,sl,3,-1.0,val,2023
2023-12-06 10:30:00+00:00,2023-12-06 10:45:00+00:00,sweep_reclaim,short,2021.895,2021.995,2021.6950000000002,0.09999999999990905,12,london,2023-12-06 10:45:00+00:00,2021.995,sl,0,-1.0,val,2023
2023-12-07 07:00:00+00:00,2023-12-07 07:15:00+00:00,rejection,short,2027.045,2027.675,2025.7850000000003,0.6299999999998818,12,london,2023-12-07 07:30:00+00:00,2027.675,sl,1,-1.0,val,2023
2023-12-08 07:30:00+00:00,2023-12-08 07:45:00+00:00,rejection,short,2027.715,2028.825,2025.4949999999997,1.1100000000001273,12,london,2023-12-08 07:45:00+00:00,2028.825,sl,0,-1.0,val,2023
2023-12-08 11:15:00+00:00,2023-12-08 11:30:00+00:00,rejection,long,2031.525,2030.778,2033.0190000000002,0.7470000000000709,12,london,2023-12-08 11:45:00+00:00,2030.778,sl,1,-1.0,val,2023
2023-12-08 12:45:00+00:00,2023-12-08 13:00:00+00:00,rejection,long,2031.245,2030.825,2032.0849999999996,0.4199999999998454,12,london,2023-12-08 13:00:00+00:00,2030.825,sl,0,-1.0,val,2023
2023-12-11 07:45:00+00:00,2023-12-11 08:00:00+00:00,rejection,short,2005.615,2007.705,2001.4350000000002,2.089999999999918,12,london,2023-12-11 09:00:00+00:00,2001.4350000000002,tp,4,2.0,val,2023
2023-12-11 09:15:00+00:00,2023-12-11 09:30:00+00:00,rejection,short,2001.665,2004.035,1996.9249999999997,2.3700000000001182,12,london,2023-12-11 09:45:00+00:00,1996.9249999999997,tp,1,2.0,val,2023
2023-12-11 10:30:00+00:00,2023-12-11 10:45:00+00:00,rejection,short,1999.035,2000.115,1996.8750000000002,1.0799999999999272,12,london,2023-12-11 10:45:00+00:00,1996.8750000000002,tp,0,2.0,val,2023
2023-12-12 08:30:00+00:00,2023-12-12 08:45:00+00:00,rejection,short,1984.495,1986.235,1981.0149999999999,1.740000000000009,12,london,2023-12-12 11:00:00+00:00,1986.235,sl,9,-1.0,val,2023
2023-12-12 11:00:00+00:00,2023-12-12 11:15:00+00:00,rejection,short,1985.105,1986.195,1982.9250000000002,1.0899999999999181,12,london,2023-12-12 11:15:00+00:00,1986.195,sl,0,-1.0,val,2023
2023-12-13 07:00:00+00:00,2023-12-13 07:15:00+00:00,sweep_reclaim,short,1981.464,1982.225,1979.942,0.7609999999999673,12,london,2023-12-13 09:00:00+00:00,1979.942,tp,7,2.0,val,2023
2023-12-13 09:00:00+00:00,2023-12-13 09:15:00+00:00,rejection,short,1979.825,1981.405,1976.6650000000002,1.5799999999999272,12,london,2023-12-13 12:15:00+00:00,1978.695,timeout,12,0.7151898734178235,val,2023
2023-12-14 10:45:00+00:00,2023-12-14 11:00:00+00:00,rejection,long,2032.915,2031.465,2035.815,1.4500000000000455,12,london,2023-12-14 11:00:00+00:00,2031.465,sl,0,-1.0,val,2023
2023-12-14 12:45:00+00:00,2023-12-14 13:00:00+00:00,compression_expansion,long,2033.245,2030.348,2039.0389999999998,2.8969999999999345,12,london,2023-12-14 14:45:00+00:00,2030.348,sl,7,-1.0,val,2023
2023-12-15 07:45:00+00:00,2023-12-15 08:00:00+00:00,rejection,long,2032.375,2031.385,2034.355,0.9900000000000091,12,london,2023-12-15 08:00:00+00:00,2031.385,sl,0,-1.0,val,2023
2023-12-15 08:00:00+00:00,2023-12-15 08:15:00+00:00,rejection,long,2032.915,2031.385,2035.975,1.5299999999999727,12,london,2023-12-15 09:30:00+00:00,2035.975,tp,5,2.0,val,2023
2023-12-15 09:45:00+00:00,2023-12-15 10:00:00+00:00,rejection,long,2037.205,2031.875,2047.8649999999998,5.329999999999927,12,london,2023-12-15 13:00:00+00:00,2034.485,timeout,12,-0.5103189493433516,val,2023
2023-12-19 09:30:00+00:00,2023-12-19 09:45:00+00:00,sweep_reclaim,long,2025.975,2024.635,2028.6549999999997,1.3399999999999181,12,london,2023-12-19 10:00:00+00:00,2024.635,sl,1,-1.0,val,2023
2023-12-19 10:45:00+00:00,2023-12-19 11:00:00+00:00,sweep_reclaim,long,2023.715,2023.558,2024.0289999999998,0.15699999999992542,12,london,2023-12-19 11:00:00+00:00,2023.558,sl,0,-1.0,val,2023
2023-12-20 08:15:00+00:00,2023-12-20 08:30:00+00:00,sweep_reclaim,long,2039.055,2038.635,2039.8950000000002,0.42000000000007276,12,london,2023-12-20 08:30:00+00:00,2038.635,sl,0,-1.0,val,2023
2023-12-20 09:15:00+00:00,2023-12-20 09:30:00+00:00,sweep_reclaim,long,2037.695,2037.205,2038.675,0.4900000000000091,12,london,2023-12-20 09:30:00+00:00,2037.205,sl,0,-1.0,val,2023
2023-12-20 09:30:00+00:00,2023-12-20 09:45:00+00:00,rejection,long,2037.958,2036.605,2040.6640000000002,1.3530000000000655,12,london,2023-12-20 10:45:00+00:00,2040.6640000000002,tp,4,2.0,val,2023
2023-12-20 11:00:00+00:00,2023-12-20 11:15:00+00:00,rejection,long,2040.385,2039.185,2042.785,1.2000000000000455,12,london,2023-12-20 14:15:00+00:00,2041.875,timeout,12,1.2416666666666272,val,2023
2023-12-21 11:00:00+00:00,2023-12-21 11:15:00+00:00,rejection,long,2037.495,2035.385,2041.7149999999997,2.1099999999999,12,london,2023-12-21 13:00:00+00:00,2035.385,sl,7,-1.0,val,2023
2023-12-22 07:30:00+00:00,2023-12-22 07:45:00+00:00,rejection,long,2049.905,2048.815,2052.0850000000005,1.0900000000001455,12,london,2023-12-22 08:00:00+00:00,2048.815,sl,1,-1.0,val,2023
2023-12-22 09:00:00+00:00,2023-12-22 09:15:00+00:00,rejection,long,2049.265,2047.585,2052.6249999999995,1.6799999999998363,12,london,2023-12-22 10:45:00+00:00,2047.585,sl,6,-1.0,val,2023
2023-12-22 12:00:00+00:00,2023-12-22 12:15:00+00:00,rejection,long,2049.305,2048.885,2050.144999999999,0.419999999999618,12,london,2023-12-22 12:15:00+00:00,2048.885,sl,0,-1.0,val,2023
2023-12-22 12:30:00+00:00,2023-12-22 12:45:00+00:00,rejection,long,2048.828,2048.398,2049.6879999999996,0.4299999999998363,12,london,2023-12-22 12:45:00+00:00,2048.398,sl,0,-1.0,val,2023
2023-12-26 08:15:00+00:00,2023-12-26 08:30:00+00:00,rejection,long,2057.185,2053.598,2064.359,3.586999999999989,12,london,2023-12-26 09:30:00+00:00,2064.359,tp,4,2.0,val,2023
2023-12-26 10:30:00+00:00,2023-12-26 10:45:00+00:00,rejection,long,2064.055,2063.008,2066.149,1.0470000000000255,12,london,2023-12-26 12:45:00+00:00,2063.008,sl,8,-1.0,val,2023
2023-12-27 10:15:00+00:00,2023-12-27 10:30:00+00:00,rejection,long,2065.055,2064.795,2065.5749999999994,0.25999999999976353,12,london,2023-12-27 10:30:00+00:00,2065.5749999999994,tp,0,2.0,val,2023
2023-12-27 11:45:00+00:00,2023-12-27 12:00:00+00:00,rejection,long,2064.545,2063.995,2065.6450000000004,0.5500000000001819,12,london,2023-12-27 12:00:00+00:00,2065.6450000000004,tp,0,2.0,val,2023
2023-12-28 10:45:00+00:00,2023-12-28 11:00:00+00:00,rejection,long,2087.325,2085.885,2090.204999999999,1.4399999999995998,12,london,2023-12-28 11:15:00+00:00,2085.885,sl,1,-1.0,val,2023
2023-12-28 11:15:00+00:00,2023-12-28 11:30:00+00:00,rejection,long,2086.765,2086.205,2087.8849999999998,0.5599999999999454,12,london,2023-12-28 11:30:00+00:00,2086.205,sl,0,-1.0,val,2023
2023-12-28 11:30:00+00:00,2023-12-28 11:45:00+00:00,rejection,long,2086.625,2085.738,2088.3990000000003,0.887000000000171,12,london,2023-12-28 12:15:00+00:00,2085.738,sl,2,-1.0,val,2023
2024-01-03 07:00:00+00:00,2024-01-03 07:15:00+00:00,rejection,short,2059.175,2059.535,2058.455000000001,0.3599999999996726,12,london,2024-01-03 07:15:00+00:00,2059.535,sl,0,-1.0,val,2024
2024-01-03 08:15:00+00:00,2024-01-03 08:30:00+00:00,rejection,short,2060.565,2061.458,2058.779,0.8930000000000291,12,london,2024-01-03 08:30:00+00:00,2061.458,sl,0,-1.0,val,2024
2024-01-03 09:00:00+00:00,2024-01-03 09:15:00+00:00,sweep_reclaim,short,2061.745,2061.985,2061.2649999999994,0.24000000000023647,12,london,2024-01-03 09:15:00+00:00,2061.985,sl,0,-1.0,val,2024
2024-01-03 10:15:00+00:00,2024-01-03 10:30:00+00:00,sweep_reclaim,short,2063.885,2065.085,2061.4850000000006,1.199999999999818,12,london,2024-01-03 10:45:00+00:00,2065.085,sl,1,-1.0,val,2024
2024-01-03 11:45:00+00:00,2024-01-03 12:00:00+00:00,rejection,short,2064.975,2065.135,2064.6549999999993,0.16000000000030923,12,london,2024-01-03 12:00:00+00:00,2064.6549999999993,tp,0,2.0,val,2024
2024-01-04 07:00:00+00:00,2024-01-04 07:15:00+00:00,sweep_reclaim,short,2042.355,2043.595,2039.875,1.240000000000009,12,london,2024-01-04 09:15:00+00:00,2043.595,sl,8,-1.0,val,2024
2024-01-04 10:45:00+00:00,2024-01-04 11:00:00+00:00,sweep_reclaim,short,2045.548,2046.675,2043.294,1.1269999999999527,12,london,2024-01-04 11:15:00+00:00,2043.294,tp,1,2.0,val,2024
2024-01-05 08:30:00+00:00,2024-01-05 08:45:00+00:00,sweep_reclaim,short,2046.005,2047.955,2042.1050000000005,1.949999999999818,12,london,2024-01-05 11:45:00+00:00,2045.125,timeout,12,0.4512820512821493,val,2024
2024-01-08 09:30:00+00:00,2024-01-08 09:45:00+00:00,rejection,short,2042.505,2044.415,2038.6850000000004,1.9099999999998545,12,london,2024-01-08 10:45:00+00:00,2038.6850000000004,tp,4,2.0,val,2024
2024-01-08 11:30:00+00:00,2024-01-08 11:45:00+00:00,rejection,short,2036.108,2037.765,2032.7939999999996,1.6570000000001528,12,london,2024-01-08 12:45:00+00:00,2032.7939999999996,tp,4,2.0,val,2024
2024-01-08 12:45:00+00:00,2024-01-08 13:00:00+00:00,compression_expansion,short,2029.495,2036.045,2016.3949999999995,6.550000000000182,12,london,2024-01-08 16:00:00+00:00,2028.005,timeout,12,0.2274809160304947,val,2024
2024-01-09 07:45:00+00:00,2024-01-09 08:00:00+00:00,rejection,short,2034.095,2034.785,2032.715,0.6900000000000546,12,london,2024-01-09 08:00:00+00:00,2034.785,sl,0,-1.0,val,2024
2024-01-10 08:00:00+00:00,2024-01-10 08:15:00+00:00,rejection,short,2029.775,2031.025,2027.275,1.25,12,london,2024-01-10 08:15:00+00:00,2027.275,tp,0,2.0,val,2024
2024-01-10 09:15:00+00:00,2024-01-10 09:30:00+00:00,rejection,short,2031.295,2032.415,2029.0550000000003,1.1199999999998909,12,london,2024-01-10 09:30:00+00:00,2032.415,sl,0,-1.0,val,2024
2024-01-10 09:30:00+00:00,2024-01-10 09:45:00+00:00,sweep_reclaim,short,2031.935,2032.415,2030.975,0.4800000000000182,12,london,2024-01-10 09:45:00+00:00,2030.975,tp,0,2.0,val,2024
2024-01-10 11:45:00+00:00,2024-01-10 12:00:00+00:00,rejection,short,2029.648,2029.735,2029.474,0.08699999999998909,12,london,2024-01-10 12:00:00+00:00,2029.735,sl,0,-1.0,val,2024
2024-01-11 07:00:00+00:00,2024-01-11 07:15:00+00:00,sweep_reclaim,short,2026.545,2026.825,2025.9850000000001,0.2799999999999727,12,london,2024-01-11 07:15:00+00:00,2026.825,sl,0,-1.0,val,2024
2024-01-11 08:15:00+00:00,2024-01-11 08:30:00+00:00,sweep_reclaim,short,2027.575,2028.325,2026.075,0.75,12,london,2024-01-11 08:30:00+00:00,2028.325,sl,0,-1.0,val,2024
2024-01-15 07:15:00+00:00,2024-01-15 07:30:00+00:00,rejection,long,2046.795,2046.235,2047.9150000000004,0.5600000000001728,12,london,2024-01-15 07:30:00+00:00,2047.9150000000004,tp,0,2.0,val,2024
2024-01-15 09:15:00+00:00,2024-01-15 09:30:00+00:00,rejection,long,2050.705,2048.765,2054.585,1.9400000000000546,12,london,2024-01-15 09:30:00+00:00,2054.585,tp,0,2.0,val,2024
2024-01-15 12:15:00+00:00,2024-01-15 12:30:00+00:00,rejection,long,2054.258,2053.404,2055.9659999999994,0.8539999999998145,12,london,2024-01-15 13:30:00+00:00,2055.9659999999994,tp,4,2.0,val,2024
2024-01-17 08:00:00+00:00,2024-01-17 08:15:00+00:00,rejection,short,2028.055,2028.065,2028.035,0.009999999999990905,12,london,2024-01-17 08:15:00+00:00,2028.065,sl,0,-1.0,val,2024
2024-01-17 10:00:00+00:00,2024-01-17 10:15:00+00:00,rejection,short,2028.675,2031.535,2022.9549999999997,2.8600000000001273,12,london,2024-01-17 12:15:00+00:00,2022.9549999999997,tp,8,2.0,val,2024
2024-01-17 12:15:00+00:00,2024-01-17 12:30:00+00:00,compression_expansion,short,2020.495,2025.775,2009.9349999999995,5.2800000000002,12,london,2024-01-17 15:00:00+00:00,2025.775,sl,10,-1.0,val,2024
2024-01-18 08:15:00+00:00,2024-01-18 08:30:00+00:00,rejection,short,2009.965,2010.888,2008.119,0.9230000000000018,12,london,2024-01-18 08:30:00+00:00,2010.888,sl,0,-1.0,val,2024
2024-01-18 08:30:00+00:00,2024-01-18 08:45:00+00:00,rejection,short,2009.985,2011.105,2007.7449999999997,1.1200000000001182,12,london,2024-01-18 09:00:00+00:00,2011.105,sl,1,-1.0,val,2024
2024-01-18 10:30:00+00:00,2024-01-18 10:45:00+00:00,rejection,short,2006.905,2008.435,2003.845,1.5299999999999727,12,london,2024-01-18 10:45:00+00:00,2008.435,sl,0,-1.0,val,2024
2024-01-18 12:00:00+00:00,2024-01-18 12:15:00+00:00,rejection,short,2008.145,2008.705,2007.025,0.5599999999999454,12,london,2024-01-18 12:15:00+00:00,2007.025,tp,0,2.0,val,2024
2024-01-18 12:15:00+00:00,2024-01-18 12:30:00+00:00,compression_expansion,short,2006.255,2009.125,2000.5150000000003,2.869999999999891,12,london,2024-01-18 13:00:00+00:00,2009.125,sl,2,-1.0,val,2024
2024-01-22 08:45:00+00:00,2024-01-22 09:00:00+00:00,rejection,long,2030.648,2028.698,2034.5479999999995,1.949999999999818,12,london,2024-01-22 09:15:00+00:00,2028.698,sl,1,-1.0,val,2024
2024-01-22 11:00:00+00:00,2024-01-22 11:15:00+00:00,rejection,long,2026.935,2025.915,2028.975,1.0199999999999818,12,london,2024-01-22 11:15:00+00:00,2025.915,sl,0,-1.0,val,2024
2024-01-22 11:15:00+00:00,2024-01-22 11:30:00+00:00,rejection,long,2026.935,2025.915,2028.975,1.0199999999999818,12,london,2024-01-22 11:45:00+00:00,2025.915,sl,1,-1.0,val,2024
2024-01-23 10:15:00+00:00,2024-01-23 10:30:00+00:00,rejection,short,2022.135,2024.095,2018.215,1.9600000000000364,12,london,2024-01-23 10:30:00+00:00,2024.095,sl,0,-1.0,val,2024
2024-01-24 08:15:00+00:00,2024-01-24 08:30:00+00:00,rejection,long,2028.625,2026.895,2032.085,1.7300000000000182,12,london,2024-01-24 08:45:00+00:00,2026.895,sl,1,-1.0,val,2024
2024-01-24 09:00:00+00:00,2024-01-24 09:15:00+00:00,sweep_reclaim,long,2027.225,2026.585,2028.5049999999997,0.6399999999998727,12,london,2024-01-24 09:15:00+00:00,2026.585,sl,0,-1.0,val,2024
2024-01-25 08:15:00+00:00,2024-01-25 08:30:00+00:00,rejection,short,2015.015,2016.635,2011.7750000000003,1.6199999999998909,12,london,2024-01-25 08:45:00+00:00,2016.635,sl,1,-1.0,val,2024
2024-01-25 10:30:00+00:00,2024-01-25 10:45:00+00:00,rejection,short,2016.005,2016.575,2014.8650000000002,0.5699999999999363,12,london,2024-01-25 10:45:00+00:00,2016.575,sl,0,-1.0,val,2024
2024-01-25 10:45:00+00:00,2024-01-25 11:00:00+00:00,rejection,short,2015.625,2016.765,2013.3449999999998,1.1400000000001,12,london,2024-01-25 14:00:00+00:00,2014.995,timeout,12,0.5526315789474157,val,2024
2024-01-29 09:15:00+00:00,2024-01-29 09:30:00+00:00,rejection,long,2022.795,2022.505,2023.375,0.2899999999999636,12,london,2024-01-29 09:30:00+00:00,2022.505,sl,0,-1.0,val,2024
2024-01-29 10:45:00+00:00,2024-01-29 11:00:00+00:00,rejection,long,2025.625,2024.095,2028.685,1.5299999999999727,12,london,2024-01-29 14:00:00+00:00,2028.685,tp,12,2.0,val,2024
2024-01-30 08:00:00+00:00,2024-01-30 08:15:00+00:00,rejection,long,2033.875,2031.305,2039.0149999999999,2.5699999999999363,12,london,2024-01-30 08:30:00+00:00,2031.305,sl,1,-1.0,val,2024
2024-01-30 09:30:00+00:00,2024-01-30 09:45:00+00:00,rejection,long,2030.465,2029.965,2031.465,0.5,12,london,2024-01-30 10:00:00+00:00,2031.465,tp,1,2.0,val,2024
2024-01-30 10:00:00+00:00,2024-01-30 10:15:00+00:00,compression_expansion,long,2031.875,2029.745,2036.1350000000002,2.130000000000109,12,london,2024-01-30 13:15:00+00:00,2034.708,timeout,12,1.3300469483567787,val,2024
2024-02-01 12:15:00+00:00,2024-02-01 12:30:00+00:00,rejection,long,2045.258,2045.085,2045.604,0.17300000000000182,12,london,2024-02-01 12:30:00+00:00,2045.085,sl,0,-1.0,val,2024
2024-02-02 07:30:00+00:00,2024-02-02 07:45:00+00:00,rejection,long,2055.785,2054.555,2058.245,1.2300000000000182,12,london,2024-02-02 08:00:00+00:00,2054.555,sl,1,-1.0,val,2024
2024-02-02 09:00:00+00:00,2024-02-02 09:15:00+00:00,rejection,long,2054.575,2052.778,2058.169,1.7970000000000255,12,london,2024-02-02 09:15:00+00:00,2052.778,sl,0,-1.0,val,2024
2024-02-02 09:30:00+00:00,2024-02-02 09:45:00+00:00,sweep_reclaim,long,2052.825,2052.715,2053.044999999999,0.10999999999967258,12,london,2024-02-02 09:45:00+00:00,2052.715,sl,0,-1.0,val,2024
2024-02-02 12:45:00+00:00,2024-02-02 13:00:00+00:00,rejection,long,2055.935,2054.288,2059.229,1.6469999999999345,12,london,2024-02-02 13:30:00+00:00,2054.288,sl,2,-1.0,val,2024
2024-02-05 08:15:00+00:00,2024-02-05 08:30:00+00:00,rejection,short,2035.195,2035.735,2034.115,0.5399999999999636,12,london,2024-02-05 08:30:00+00:00,2035.735,sl,0,-1.0,val,2024
2024-02-05 10:15:00+00:00,2024-02-05 10:30:00+00:00,rejection,short,2032.575,2036.845,2024.035,4.269999999999982,12,london,2024-02-05 13:30:00+00:00,2029.965,timeout,12,0.6112412177986273,val,2024
2024-02-07 08:00:00+00:00,2024-02-07 08:15:00+00:00,sweep_reclaim,long,2035.125,2034.865,2035.645,0.2599999999999909,12,london,2024-02-07 08:15:00+00:00,2034.865,sl,0,-1.0,val,2024
2024-02-07 08:45:00+00:00,2024-02-07 09:00:00+00:00,sweep_reclaim,long,2035.085,2034.745,2035.7650000000003,0.3400000000001455,12,london,2024-02-07 09:00:00+00:00,2034.745,sl,0,-1.0,val,2024
2024-02-07 09:00:00+00:00,2024-02-07 09:15:00+00:00,rejection,long,2035.145,2034.155,2037.125,0.9900000000000091,12,london,2024-02-07 10:00:00+00:00,2034.155,sl,3,-1.0,val,2024
2024-02-07 10:00:00+00:00,2024-02-07 10:15:00+00:00,sweep_reclaim,long,2034.285,2034.205,2034.4450000000004,0.08000000000015461,12,london,2024-02-07 10:15:00+00:00,2034.205,sl,0,-1.0,val,2024
2024-02-07 10:15:00+00:00,2024-02-07 10:30:00+00:00,sweep_reclaim,long,2035.075,2033.975,2037.2750000000003,1.1000000000001364,12,london,2024-02-07 12:45:00+00:00,2033.975,sl,9,-1.0,val,2024
2024-02-08 08:00:00+00:00,2024-02-08 08:15:00+00:00,rejection,long,2037.498,2036.785,2038.924,0.7129999999999654,12,london,2024-02-08 08:45:00+00:00,2036.785,sl,2,-1.0,val,2024
2024-02-12 07:45:00+00:00,2024-02-12 08:00:00+00:00,rejection,short,2025.125,2025.865,2023.645,0.7400000000000091,12,london,2024-02-12 08:00:00+00:00,2025.865,sl,0,-1.0,val,2024
2024-02-12 08:45:00+00:00,2024-02-12 09:00:00+00:00,rejection,short,2024.255,2026.505,2019.755,2.25,12,london,2024-02-12 12:00:00+00:00,2022.965,timeout,12,0.5733333333334182,val,2024
2024-02-13 11:45:00+00:00,2024-02-13 12:00:00+00:00,rejection,short,2018.865,2019.515,2017.5649999999998,0.650000000000091,12,london,2024-02-13 12:15:00+00:00,2019.515,sl,1,-1.0,val,2024
2024-02-14 09:15:00+00:00,2024-02-14 09:30:00+00:00,rejection,short,1992.218,1992.794,1991.066,0.5760000000000218,12,london,2024-02-14 09:45:00+00:00,1991.066,tp,1,2.0,val,2024
2024-02-14 09:45:00+00:00,2024-02-14 10:00:00+00:00,rejection,short,1991.395,1993.515,1987.1549999999997,2.1200000000001182,12,london,2024-02-14 13:00:00+00:00,1992.858,timeout,12,-0.6900943396225867,val,2024
2024-02-15 11:45:00+00:00,2024-02-15 12:00:00+00:00,rejection,short,1991.535,1991.625,1991.3550000000002,0.08999999999991815,12,london,2024-02-15 12:00:00+00:00,1991.625,sl,0,-1.0,val,2024
2024-02-15 12:45:00+00:00,2024-02-15 13:00:00+00:00,rejection,short,1992.295,1992.585,1991.7150000000001,0.2899999999999636,12,london,2024-02-15 13:00:00+00:00,1991.7150000000001,tp,0,2.0,val,2024
2024-02-16 08:00:00+00:00,2024-02-16 08:15:00+00:00,sweep_reclaim,long,2003.058,2002.258,2004.658,0.7999999999999545,12,london,2024-02-16 08:45:00+00:00,2004.658,tp,2,2.0,val,2024
2024-02-16 10:30:00+00:00,2024-02-16 10:45:00+00:00,rejection,long,2004.335,2003.918,2005.1690000000003,0.4170000000001437,12,london,2024-02-16 11:00:00+00:00,2003.918,sl,1,-1.0,val,2024
2024-02-16 11:00:00+00:00,2024-02-16 11:15:00+00:00,rejection,long,2004.058,2003.825,2004.524,0.23299999999994725,12,london,2024-02-16 11:15:00+00:00,2003.825,sl,0,-1.0,val,2024
2024-02-16 11:30:00+00:00,2024-02-16 11:45:00+00:00,rejection,long,2003.665,2003.235,2004.525,0.43000000000006366,12,london,2024-02-16 12:00:00+00:00,2003.235,sl,1,-1.0,val,2024
2024-02-16 12:30:00+00:00,2024-02-16 12:45:00+00:00,rejection,long,2003.865,2003.158,2005.2790000000002,0.7070000000001073,12,london,2024-02-16 13:30:00+00:00,2003.158,sl,3,-1.0,val,2024
2024-02-19 09:15:00+00:00,2024-02-19 09:30:00+00:00,rejection,long,2020.345,2016.775,2027.485,3.5699999999999363,12,london,2024-02-19 12:30:00+00:00,2020.015,timeout,12,-0.09243697478989724,val,2024
2024-02-19 12:30:00+00:00,2024-02-19 12:45:00+00:00,compression_expansion,long,2020.005,2018.185,2023.6450000000004,1.8200000000001637,12,london,2024-02-19 15:45:00+00:00,2019.575,timeout,12,-0.23626373626375,val,2024
2024-02-20 07:00:00+00:00,2024-02-20 07:15:00+00:00,rejection,long,2016.055,2015.935,2016.2950000000003,0.12000000000011823,12,london,2024-02-20 07:15:00+00:00,2015.935,sl,0,-1.0,val,2024
2024-02-20 10:45:00+00:00,2024-02-20 11:00:00+00:00,rejection,long,2018.285,2016.955,2020.9450000000004,1.3300000000001546,12,london,2024-02-20 14:00:00+00:00,2019.755,timeout,12,1.1052631578946288,val,2024
2024-02-21 10:45:00+00:00,2024-02-21 11:00:00+00:00,rejection,long,2029.825,2027.855,2033.765,1.9700000000000273,12,london,2024-02-21 14:00:00+00:00,2029.665,timeout,12,-0.08121827411171555,val,2024
2024-02-22 11:15:00+00:00,2024-02-22 11:30:00+00:00,rejection,long,2026.505,2026.035,2027.4450000000002,0.4700000000000273,12,london,2024-02-22 11:30:00+00:00,2027.4450000000002,tp,0,2.0,val,2024
2024-02-23 09:00:00+00:00,2024-02-23 09:15:00+00:00,rejection,long,2026.795,2024.915,2030.5550000000003,1.8800000000001091,12,london,2024-02-23 10:00:00+00:00,2024.915,sl,3,-1.0,val,2024
2024-02-26 07:15:00+00:00,2024-02-26 07:30:00+00:00,rejection,long,2033.485,2033.378,2033.6989999999998,0.1069999999999709,12,london,2024-02-26 07:30:00+00:00,2033.378,sl,0,-1.0,val,2024
2024-02-26 08:15:00+00:00,2024-02-26 08:30:00+00:00,sweep_reclaim,long,2032.055,2029.795,2036.575,2.259999999999991,12,london,2024-02-26 11:30:00+00:00,2032.265,timeout,12,0.09292035398231735,val,2024
2024-02-27 07:00:00+00:00,2024-02-27 07:15:00+00:00,rejection,long,2031.665,2030.565,2033.8649999999998,1.099999999999909,12,london,2024-02-27 09:45:00+00:00,2033.8649999999998,tp,10,2.0,val,2024
2024-02-27 11:30:00+00:00,2024-02-27 11:45:00+00:00,rejection,long,2033.858,2032.485,2036.604,1.3730000000000473,12,london,2024-02-27 14:45:00+00:00,2035.875,timeout,12,1.4690458849235128,val,2024
2024-02-29 08:00:00+00:00,2024-02-29 08:15:00+00:00,rejection,long,2034.758,2034.108,2036.0580000000002,0.650000000000091,12,london,2024-02-29 08:45:00+00:00,2036.0580000000002,tp,2,2.0,val,2024
2024-02-29 09:15:00+00:00,2024-02-29 09:30:00+00:00,rejection,long,2036.235,2034.494,2039.7169999999999,1.7409999999999854,12,london,2024-02-29 12:30:00+00:00,2034.494,sl,12,-1.0,val,2024
2024-03-01 07:15:00+00:00,2024-03-01 07:30:00+00:00,sweep_reclaim,long,2043.735,2043.245,2044.715,0.4900000000000091,12,london,2024-03-01 07:30:00+00:00,2043.245,sl,0,-1.0,val,2024
2024-03-01 07:45:00+00:00,2024-03-01 08:00:00+00:00,rejection,long,2043.415,2042.765,2044.7149999999997,0.6499999999998636,12,london,2024-03-01 09:15:00+00:00,2044.7149999999997,tp,5,2.0,val,2024
2024-03-01 09:30:00+00:00,2024-03-01 09:45:00+00:00,rejection,long,2044.935,2043.855,2047.0949999999998,1.0799999999999272,12,london,2024-03-01 12:30:00+00:00,2043.855,sl,11,-1.0,val,2024
2024-03-01 12:30:00+00:00,2024-03-01 12:45:00+00:00,rejection,long,2044.795,2044.255,2045.875,0.5399999999999636,12,london,2024-03-01 13:15:00+00:00,2045.875,tp,2,2.0,val,2024
2024-03-04 07:15:00+00:00,2024-03-04 07:30:00+00:00,rejection,long,2083.055,2082.905,2083.354999999999,0.1499999999996362,12,london,2024-03-04 07:30:00+00:00,2083.354999999999,tp,0,2.0,val,2024
2024-03-04 11:30:00+00:00,2024-03-04 11:45:00+00:00,rejection,long,2080.595,2080.525,2080.734999999999,0.06999999999970896,12,london,2024-03-04 11:45:00+00:00,2080.734999999999,tp,0,2.0,val,2024
2024-03-04 12:00:00+00:00,2024-03-04 12:15:00+00:00,rejection,long,2080.815,2080.174,2082.097,0.6410000000000764,12,london,2024-03-04 12:45:00+00:00,2082.097,tp,2,2.0,val,2024
2024-03-05 08:45:00+00:00,2024-03-05 09:00:00+00:00,rejection,long,2112.505,2111.525,2114.465,0.9800000000000182,12,london,2024-03-05 09:00:00+00:00,2111.525,sl,0,-1.0,val,2024
2024-03-05 09:00:00+00:00,2024-03-05 09:15:00+00:00,rejection,long,2112.548,2110.375,2116.8939999999993,2.1729999999997744,12,london,2024-03-05 12:15:00+00:00,2115.845,timeout,12,1.5172572480443478,val,2024
2024-03-05 12:15:00+00:00,2024-03-05 12:30:00+00:00,rejection,long,2115.838,2114.098,2119.3180000000007,1.7400000000002365,12,london,2024-03-05 13:00:00+00:00,2119.3180000000007,tp,2,2.0,val,2024
2024-03-06 07:30:00+00:00,2024-03-06 07:45:00+00:00,sweep_reclaim,long,2126.635,2126.345,2127.215000000001,0.29000000000041837,12,london,2024-03-06 07:45:00+00:00,2126.345,sl,0,-1.0,val,2024
2024-03-06 07:45:00+00:00,2024-03-06 08:00:00+00:00,sweep_reclaim,long,2126.965,2126.185,2128.5250000000005,0.7800000000002001,12,london,2024-03-06 08:30:00+00:00,2126.185,sl,2,-1.0,val,2024
2024-03-06 08:45:00+00:00,2024-03-06 09:00:00+00:00,sweep_reclaim,long,2126.145,2125.355,2127.725,0.7899999999999636,12,london,2024-03-06 09:00:00+00:00,2125.355,sl,0,-1.0,val,2024
2024-03-06 09:45:00+00:00,2024-03-06 10:00:00+00:00,sweep_reclaim,long,2124.755,2124.128,2126.009,0.6269999999999527,12,london,2024-03-06 10:00:00+00:00,2126.009,tp,0,2.0,val,2024
2024-03-06 11:00:00+00:00,2024-03-06 11:15:00+00:00,sweep_reclaim,long,2124.835,2124.245,2126.0150000000003,0.5900000000001455,12,london,2024-03-06 11:15:00+00:00,2126.0150000000003,tp,0,2.0,val,2024
2024-03-06 11:45:00+00:00,2024-03-06 12:00:00+00:00,rejection,long,2125.595,2124.835,2127.1149999999993,0.7599999999997635,12,london,2024-03-06 12:30:00+00:00,2127.1149999999993,tp,2,2.0,val,2024
2024-03-07 07:30:00+00:00,2024-03-07 07:45:00+00:00,rejection,long,2148.685,2146.068,2153.9189999999994,2.6169999999997344,12,london,2024-03-07 08:15:00+00:00,2146.068,sl,2,-1.0,val,2024
2024-03-07 08:30:00+00:00,2024-03-07 08:45:00+00:00,rejection,long,2146.055,2145.224,2147.716999999999,0.8309999999996762,12,london,2024-03-07 08:45:00+00:00,2145.224,sl,0,-1.0,val,2024
2024-03-07 08:45:00+00:00,2024-03-07 09:00:00+00:00,rejection,long,2146.765,2144.048,2152.199,2.7170000000000982,12,london,2024-03-07 11:00:00+00:00,2152.199,tp,8,2.0,val,2024
2024-03-07 11:15:00+00:00,2024-03-07 11:30:00+00:00,compression_expansion,long,2155.665,2149.785,2167.425,5.880000000000109,12,london,2024-03-07 14:30:00+00:00,2155.595,timeout,12,-0.011904761904789526,val,2024
2024-03-08 07:15:00+00:00,2024-03-08 07:30:00+00:00,rejection,long,2161.195,2159.758,2164.069000000001,1.4370000000003529,12,london,2024-03-08 08:00:00+00:00,2159.758,sl,2,-1.0,val,2024
2024-03-08 08:00:00+00:00,2024-03-08 08:15:00+00:00,rejection,long,2161.215,2160.845,2161.955000000001,0.3700000000003456,12,london,2024-03-08 08:15:00+00:00,2160.845,sl,0,-1.0,val,2024
2024-03-08 09:15:00+00:00,2024-03-08 09:30:00+00:00,sweep_reclaim,long,2157.505,2157.445,2157.625,0.05999999999994543,12,london,2024-03-08 09:30:00+00:00,2157.445,sl,0,-1.0,val,2024
2024-03-08 10:15:00+00:00,2024-03-08 10:30:00+00:00,sweep_reclaim,long,2155.644,2154.885,2157.161999999999,0.7589999999995598,12,london,2024-03-08 10:45:00+00:00,2157.161999999999,tp,1,2.0,val,2024
2024-03-08 12:45:00+00:00,2024-03-08 13:00:00+00:00,rejection,long,2157.645,2156.425,2160.0849999999996,1.2199999999998,12,london,2024-03-08 13:15:00+00:00,2156.425,sl,1,-1.0,val,2024
2024-03-11 07:15:00+00:00,2024-03-11 07:30:00+00:00,rejection,long,2180.975,2180.885,2181.1549999999993,0.08999999999969077,12,london,2024-03-11 07:30:00+00:00,2181.1549999999993,tp,0,2.0,val,2024
2024-03-12 08:45:00+00:00,2024-03-12 09:00:00+00:00,sweep_reclaim,long,2181.205,2180.335,2182.9449999999997,0.8699999999998909,12,london,2024-03-12 09:00:00+00:00,2182.9449999999997,tp,0,2.0,val,2024
2024-03-12 09:30:00+00:00,2024-03-12 09:45:00+00:00,rejection,long,2180.465,2180.105,2181.1850000000004,0.36000000000012733,12,london,2024-03-12 09:45:00+00:00,2180.105,sl,0,-1.0,val,2024
2024-03-12 10:30:00+00:00,2024-03-12 10:45:00+00:00,sweep_reclaim,long,2177.898,2176.848,2179.9980000000005,1.050000000000182,12,london,2024-03-12 12:45:00+00:00,2176.848,sl,8,-1.0,val,2024
2024-03-13 07:00:00+00:00,2024-03-13 07:15:00+00:00,rejection,short,2156.915,2159.055,2152.635,2.1399999999998727,12,london,2024-03-13 07:15:00+00:00,2159.055,sl,0,-1.0,val,2024
2024-03-13 08:15:00+00:00,2024-03-13 08:30:00+00:00,rejection,short,2158.645,2160.395,2155.145,1.75,12,london,2024-03-13 09:45:00+00:00,2160.395,sl,5,-1.0,val,2024
2024-03-13 10:00:00+00:00,2024-03-13 10:15:00+00:00,sweep_reclaim,short,2160.028,2160.735,2158.613999999999,0.7070000000003347,12,london,2024-03-13 10:45:00+00:00,2158.613999999999,tp,2,2.0,val,2024
2024-03-13 11:15:00+00:00,2024-03-13 11:30:00+00:00,rejection,short,2158.785,2160.615,2155.125,1.8299999999999272,12,london,2024-03-13 13:15:00+00:00,2160.615,sl,7,-1.0,val,2024
2024-03-14 11:45:00+00:00,2024-03-14 12:00:00+00:00,sweep_reclaim,long,2171.525,2171.015,2172.5450000000005,0.5100000000002183,12,london,2024-03-14 12:15:00+00:00,2171.015,sl,1,-1.0,val,2024
2024-03-15 07:00:00+00:00,2024-03-15 07:15:00+00:00,rejection,short,2161.235,2161.745,2160.2150000000006,0.5099999999997635,12,london,2024-03-15 07:15:00+00:00,2161.745,sl,0,-1.0,val,2024
2024-03-15 07:15:00+00:00,2024-03-15 07:30:00+00:00,rejection,short,2160.875,2162.035,2158.5550000000003,1.1599999999998545,12,london,2024-03-15 07:45:00+00:00,2162.035,sl,1,-1.0,val,2024
2024-03-15 09:00:00+00:00,2024-03-15 09:15:00+00:00,rejection,short,2162.275,2165.875,2155.0750000000003,3.599999999999909,12,london,2024-03-15 12:15:00+00:00,2164.005,timeout,12,-0.4805555555555727,val,2024
2024-03-18 08:00:00+00:00,2024-03-18 08:15:00+00:00,rejection,short,2155.765,2156.335,2154.6249999999995,0.5700000000001637,12,london,2024-03-18 08:15:00+00:00,2154.6249999999995,tp,0,2.0,val,2024
2024-03-18 09:15:00+00:00,2024-03-18 09:30:00+00:00,rejection,short,2151.935,2153.195,2149.4149999999995,1.2600000000002183,12,london,2024-03-18 09:30:00+00:00,2153.195,sl,0,-1.0,val,2024
2024-03-18 10:45:00+00:00,2024-03-18 11:00:00+00:00,rejection,short,2146.775,2148.015,2144.2950000000005,1.2399999999997817,12,london,2024-03-18 11:30:00+00:00,2148.015,sl,2,-1.0,val,2024
2024-03-18 11:30:00+00:00,2024-03-18 11:45:00+00:00,rejection,short,2146.825,2147.715,2145.044999999999,0.8900000000003274,12,london,2024-03-18 12:15:00+00:00,2147.715,sl,2,-1.0,val,2024
2024-03-18 12:45:00+00:00,2024-03-18 13:00:00+00:00,rejection,short,2146.895,2148.165,2144.355,1.2699999999999818,12,london,2024-03-18 13:15:00+00:00,2148.165,sl,1,-1.0,val,2024
2024-03-21 08:15:00+00:00,2024-03-21 08:30:00+00:00,compression_expansion,long,2208.745,2192.365,2241.505,16.38000000000011,12,london,2024-03-21 11:30:00+00:00,2203.245,timeout,12,-0.3357753357753335,val,2024
2024-03-21 12:00:00+00:00,2024-03-21 12:15:00+00:00,rejection,long,2203.295,2201.735,2206.415,1.5599999999999454,12,london,2024-03-21 13:15:00+00:00,2206.415,tp,4,2.0,val,2024
2024-03-25 07:15:00+00:00,2024-03-25 07:30:00+00:00,sweep_reclaim,short,2166.985,2168.795,2163.3650000000002,1.8099999999999454,12,london,2024-03-25 08:15:00+00:00,2168.795,sl,3,-1.0,val,2024
2024-03-26 10:45:00+00:00,2024-03-26 11:00:00+00:00,rejection,short,2170.755,2171.085,2170.0950000000003,0.32999999999992724,12,london,2024-03-26 11:00:00+00:00,2170.0950000000003,tp,0,2.0,val,2024
2024-03-26 12:45:00+00:00,2024-03-26 13:00:00+00:00,rejection,short,2171.815,2172.715,2170.015,0.900000000000091,12,london,2024-03-26 13:00:00+00:00,2172.715,sl,0,-1.0,val,2024
2024-03-27 07:45:00+00:00,2024-03-27 08:00:00+00:00,rejection,long,2177.335,2177.215,2177.575,0.11999999999989086,12,london,2024-03-27 08:00:00+00:00,2177.575,tp,0,2.0,val,2024
2024-03-28 10:15:00+00:00,2024-03-28 10:30:00+00:00,rejection,long,2194.968,2193.165,2198.5739999999996,1.8029999999998836,12,london,2024-03-28 12:45:00+00:00,2198.5739999999996,tp,9,2.0,val,2024
2024-03-28 12:45:00+00:00,2024-03-28 13:00:00+00:00,compression_expansion,long,2198.815,2194.375,2207.695,4.440000000000055,12,london,2024-03-28 14:30:00+00:00,2194.375,sl,6,-1.0,val,2024
2024-04-01 07:15:00+00:00,2024-04-01 07:30:00+00:00,compression_expansion,long,2247.625,2241.025,2260.825,6.599999999999909,12,london,2024-04-01 10:30:00+00:00,2258.525,timeout,12,1.651515151515188,val,2024
2024-04-01 10:45:00+00:00,2024-04-01 11:00:00+00:00,compression_expansion,long,2262.375,2256.515,2274.0950000000003,5.860000000000127,12,london,2024-04-01 14:00:00+00:00,2259.405,timeout,12,-0.5068259385665077,val,2024
2024-04-02 08:15:00+00:00,2024-04-02 08:30:00+00:00,rejection,long,2249.325,2249.165,2249.6449999999995,0.15999999999985448,12,london,2024-04-02 08:30:00+00:00,2249.165,sl,0,-1.0,val,2024
2024-04-02 09:00:00+00:00,2024-04-02 09:15:00+00:00,rejection,long,2249.235,2246.585,2254.5350000000003,2.650000000000091,12,london,2024-04-02 10:00:00+00:00,2254.5350000000003,tp,3,2.0,val,2024
2024-04-03 07:00:00+00:00,2024-04-03 07:15:00+00:00,rejection,long,2280.875,2278.755,2285.115,2.119999999999891,12,london,2024-04-03 07:15:00+00:00,2285.115,tp,0,2.0,val,2024
2024-04-03 09:30:00+00:00,2024-04-03 09:45:00+00:00,rejection,long,2283.995,2280.735,2290.5149999999994,3.2599999999997635,12,london,2024-04-03 12:45:00+00:00,2284.195,timeout,12,0.06134969325162189,val,2024
2024-04-03 12:45:00+00:00,2024-04-03 13:00:00+00:00,rejection,long,2284.125,2280.804,2290.767,3.3209999999999127,12,london,2024-04-03 14:00:00+00:00,2280.804,sl,4,-1.0,val,2024
2024-04-04 08:45:00+00:00,2024-04-04 09:00:00+00:00,rejection,long,2300.525,2297.435,2306.7050000000004,3.0900000000001455,12,london,2024-04-04 12:00:00+00:00,2298.895,timeout,12,-0.5275080906148972,val,2024
2024-04-04 12:00:00+00:00,2024-04-04 12:15:00+00:00,rejection,long,2298.895,2298.395,2299.895,0.5,12,london,2024-04-04 12:15:00+00:00,2299.895,tp,0,2.0,val,2024
2024-04-08 10:45:00+00:00,2024-04-08 11:00:00+00:00,rejection,long,2343.685,2342.135,2346.7849999999994,1.5499999999997272,12,london,2024-04-08 11:00:00+00:00,2342.135,sl,0,-1.0,val,2024
2024-04-08 11:00:00+00:00,2024-04-08 11:15:00+00:00,rejection,long,2344.375,2340.908,2351.309,3.4670000000000982,12,london,2024-04-08 11:30:00+00:00,2340.908,sl,1,-1.0,val,2024
2024-04-09 07:00:00+00:00,2024-04-09 07:15:00+00:00,rejection,long,2339.165,2338.535,2340.425,0.6300000000001091,12,london,2024-04-09 07:15:00+00:00,2340.425,tp,0,2.0,val,2024
2024-04-09 07:30:00+00:00,2024-04-09 07:45:00+00:00,rejection,long,2339.985,2337.555,2344.8450000000007,2.430000000000291,12,london,2024-04-09 08:15:00+00:00,2344.8450000000007,tp,2,2.0,val,2024
2024-04-09 08:30:00+00:00,2024-04-09 08:45:00+00:00,rejection,long,2344.615,2337.725,2358.3949999999995,6.889999999999873,12,london,2024-04-09 11:45:00+00:00,2344.398,timeout,12,-0.031494920174114295,val,2024
2024-04-09 12:00:00+00:00,2024-04-09 12:15:00+00:00,rejection,long,2344.275,2343.785,2345.2550000000006,0.49000000000023647,12,london,2024-04-09 12:15:00+00:00,2345.2550000000006,tp,0,2.0,val,2024
2024-04-10 10:30:00+00:00,2024-04-10 10:45:00+00:00,rejection,long,2351.645,2350.765,2353.405,0.8800000000001091,12,london,2024-04-10 10:45:00+00:00,2350.765,sl,0,-1.0,val,2024
2024-04-10 10:45:00+00:00,2024-04-10 11:00:00+00:00,rejection,long,2351.875,2350.555,2354.5150000000003,1.3200000000001637,12,london,2024-04-10 11:45:00+00:00,2354.5150000000003,tp,3,2.0,val,2024
2024-04-11 07:30:00+00:00,2024-04-11 07:45:00+00:00,rejection,short,2334.585,2336.305,2331.1450000000004,1.7199999999998,12,london,2024-04-11 08:15:00+00:00,2336.305,sl,2,-1.0,val,2024
2024-04-11 08:45:00+00:00,2024-04-11 09:00:00+00:00,sweep_reclaim,short,2339.185,2341.345,2334.8650000000002,2.1599999999998545,12,london,2024-04-11 09:00:00+00:00,2341.345,sl,0,-1.0,val,2024
2024-04-11 09:00:00+00:00,2024-04-11 09:15:00+00:00,sweep_reclaim,short,2340.105,2341.395,2337.525,1.2899999999999636,12,london,2024-04-11 09:30:00+00:00,2341.395,sl,1,-1.0,val,2024
2024-04-12 07:30:00+00:00,2024-04-12 07:45:00+00:00,rejection,long,2375.825,2374.535,2378.4049999999997,1.2899999999999636,12,london,2024-04-12 08:00:00+00:00,2378.4049999999997,tp,1,2.0,val,2024
2024-04-12 08:00:00+00:00,2024-04-12 08:15:00+00:00,compression_expansion,long,2383.995,2374.485,2403.0149999999994,9.509999999999764,12,london,2024-04-12 11:15:00+00:00,2384.365,timeout,12,0.038906414300725556,val,2024
2024-04-12 12:45:00+00:00,2024-04-12 13:00:00+00:00,compression_expansion,long,2389.005,2383.325,2400.3650000000007,5.680000000000291,12,london,2024-04-12 15:00:00+00:00,2400.3650000000007,tp,8,2.0,val,2024
2024-04-16 07:30:00+00:00,2024-04-16 07:45:00+00:00,compression_expansion,long,2385.725,2380.045,2397.0849999999996,5.679999999999836,12,london,2024-04-16 08:15:00+00:00,2380.045,sl,2,-1.0,val,2024
2024-04-16 08:30:00+00:00,2024-04-16 08:45:00+00:00,sweep_reclaim,long,2382.318,2379.505,2387.9440000000004,2.813000000000102,12,london,2024-04-16 09:45:00+00:00,2379.505,sl,4,-1.0,val,2024
2024-04-16 10:15:00+00:00,2024-04-16 10:30:00+00:00,rejection,long,2386.245,2379.385,2399.9649999999992,6.859999999999673,12,london,2024-04-16 13:30:00+00:00,2380.795,timeout,12,-0.7944606413994283,val,2024
2024-04-17 08:45:00+00:00,2024-04-17 09:00:00+00:00,rejection,long,2382.655,2381.225,2385.515000000001,1.430000000000291,12,london,2024-04-17 09:30:00+00:00,2385.515000000001,tp,2,2.0,val,2024
2024-04-17 09:30:00+00:00,2024-04-17 09:45:00+00:00,rejection,long,2384.988,2381.675,2391.613999999999,3.312999999999647,12,london,2024-04-17 10:30:00+00:00,2381.675,sl,3,-1.0,val,2024
2024-04-17 11:45:00+00:00,2024-04-17 12:00:00+00:00,sweep_reclaim,long,2381.915,2381.115,2383.5150000000003,0.8000000000001819,12,london,2024-04-17 12:00:00+00:00,2381.115,sl,0,-1.0,val,2024
2024-04-17 12:15:00+00:00,2024-04-17 12:30:00+00:00,rejection,long,2381.275,2380.185,2383.4550000000004,1.0900000000001455,12,london,2024-04-17 12:30:00+00:00,2380.185,sl,0,-1.0,val,2024
2024-04-18 08:15:00+00:00,2024-04-18 08:30:00+00:00,rejection,short,2370.125,2370.655,2369.0649999999996,0.5300000000002001,12,london,2024-04-18 08:30:00+00:00,2369.0649999999996,tp,0,2.0,val,2024
2024-04-18 10:00:00+00:00,2024-04-18 10:15:00+00:00,sweep_reclaim,short,2373.835,2373.845,2373.8150000000005,0.009999999999763531,12,london,2024-04-18 10:15:00+00:00,2373.845,sl,0,-1.0,val,2024
2024-04-18 11:00:00+00:00,2024-04-18 11:15:00+00:00,rejection,short,2374.205,2375.205,2372.205,1.0,12,london,2024-04-18 11:30:00+00:00,2375.205,sl,1,-1.0,val,2024
2024-04-18 11:45:00+00:00,2024-04-18 12:00:00+00:00,rejection,short,2374.805,2375.225,2373.9649999999997,0.42000000000007276,12,london,2024-04-18 12:00:00+00:00,2375.225,sl,0,-1.0,val,2024
2024-04-19 09:00:00+00:00,2024-04-19 09:15:00+00:00,rejection,long,2412.095,2386.775,2462.734999999999,25.31999999999971,12,london,2024-04-19 10:30:00+00:00,2386.775,sl,5,-1.0,val,2024
2024-04-19 11:15:00+00:00,2024-04-19 11:30:00+00:00,rejection,long,2389.025,2385.305,2396.4650000000006,3.7200000000002547,12,london,2024-04-19 11:45:00+00:00,2385.305,sl,1,-1.0,val,2024
2024-04-22 12:45:00+00:00,2024-04-22 13:00:00+00:00,compression_expansion,short,2364.115,2370.175,2351.994999999999,6.0600000000004,12,london,2024-04-22 14:00:00+00:00,2351.994999999999,tp,4,2.0,val,2024
2024-04-23 07:30:00+00:00,2024-04-23 07:45:00+00:00,rejection,short,2331.095,2333.815,2325.6549999999993,2.7200000000002547,12,london,2024-04-23 08:15:00+00:00,2333.815,sl,2,-1.0,val,2024
2024-04-23 08:30:00+00:00,2024-04-23 08:45:00+00:00,sweep_reclaim,short,2327.885,2334.285,2315.085000000001,6.399999999999636,12,london,2024-04-23 08:45:00+00:00,2315.085000000001,tp,0,2.0,val,2024
2024-04-23 10:45:00+00:00,2024-04-23 11:00:00+00:00,rejection,short,2304.435,2304.715,2303.8749999999995,0.2800000000002001,12,london,2024-04-23 11:00:00+00:00,2303.8749999999995,tp,0,2.0,val,2024
2024-04-23 11:30:00+00:00,2024-04-23 11:45:00+00:00,rejection,short,2305.135,2306.765,2301.875000000001,1.6299999999996544,12,london,2024-04-23 11:45:00+00:00,2306.765,sl,0,-1.0,val,2024
2024-04-23 11:45:00+00:00,2024-04-23 12:00:00+00:00,rejection,short,2305.785,2306.985,2303.3849999999993,1.2000000000002728,12,london,2024-04-23 12:15:00+00:00,2306.985,sl,1,-1.0,val,2024
2024-04-23 12:30:00+00:00,2024-04-23 12:45:00+00:00,rejection,short,2310.135,2311.555,2307.295000000001,1.419999999999618,12,london,2024-04-23 12:45:00+00:00,2307.295000000001,tp,0,2.0,val,2024
2024-04-25 09:15:00+00:00,2024-04-25 09:30:00+00:00,sweep_reclaim,short,2319.205,2320.605,2316.4049999999997,1.400000000000091,12,london,2024-04-25 09:30:00+00:00,2320.605,sl,0,-1.0,val,2024
2024-04-25 11:15:00+00:00,2024-04-25 11:30:00+00:00,rejection,short,2313.615,2314.435,2311.9749999999995,0.8200000000001637,12,london,2024-04-25 11:45:00+00:00,2314.435,sl,1,-1.0,val,2024
2024-04-26 11:30:00+00:00,2024-04-26 11:45:00+00:00,compression_expansion,long,2336.335,2332.238,2344.5290000000005,4.097000000000207,12,london,2024-04-26 14:30:00+00:00,2344.5290000000005,tp,11,2.0,val,2024
2024-04-30 12:00:00+00:00,2024-04-30 12:15:00+00:00,rejection,short,2326.075,2328.475,2321.2749999999996,2.400000000000091,12,london,2024-04-30 13:15:00+00:00,2321.2749999999996,tp,4,2.0,val,2024
2024-05-01 08:15:00+00:00,2024-05-01 08:30:00+00:00,rejection,short,2286.965,2290.535,2279.8250000000007,3.569999999999709,12,london,2024-05-01 11:30:00+00:00,2284.515,timeout,12,0.6862745098040539,val,2024
2024-05-01 11:45:00+00:00,2024-05-01 12:00:00+00:00,rejection,short,2284.215,2284.705,2283.2350000000006,0.4899999999997817,12,london,2024-05-01 12:00:00+00:00,2283.2350000000006,tp,0,2.0,val,2024
2024-05-02 08:45:00+00:00,2024-05-02 09:00:00+00:00,rejection,long,2323.325,2322.165,2325.6449999999995,1.1599999999998545,12,london,2024-05-02 09:00:00+00:00,2322.165,sl,0,-1.0,val,2024
2024-05-02 10:15:00+00:00,2024-05-02 10:30:00+00:00,sweep_reclaim,long,2319.255,2318.665,2320.4350000000004,0.5900000000001455,12,london,2024-05-02 10:30:00+00:00,2318.665,sl,0,-1.0,val,2024
2024-05-02 10:30:00+00:00,2024-05-02 10:45:00+00:00,rejection,long,2319.865,2317.205,2325.1849999999995,2.6599999999998545,12,london,2024-05-02 12:15:00+00:00,2317.205,sl,6,-1.0,val,2024
2024-05-02 12:30:00+00:00,2024-05-02 12:45:00+00:00,sweep_reclaim,long,2315.055,2314.915,2315.3349999999996,0.13999999999987267,12,london,2024-05-02 12:45:00+00:00,2314.915,sl,0,-1.0,val,2024
2024-05-02 12:45:00+00:00,2024-05-02 13:00:00+00:00,rejection,long,2315.575,2312.878,2320.968999999999,2.6969999999996617,12,london,2024-05-02 13:15:00+00:00,2312.878,sl,1,-1.0,val,2024
2024-05-03 09:45:00+00:00,2024-05-03 10:00:00+00:00,rejection,short,2300.355,2302.885,2295.2949999999996,2.5300000000002,12,london,2024-05-03 11:15:00+00:00,2302.885,sl,5,-1.0,val,2024
2024-05-03 12:15:00+00:00,2024-05-03 12:30:00+00:00,sweep_reclaim,short,2307.498,2307.955,2306.5840000000003,0.45699999999987995,12,london,2024-05-03 12:30:00+00:00,2306.5840000000003,tp,0,2.0,val,2024
2024-05-06 07:45:00+00:00,2024-05-06 08:00:00+00:00,rejection,short,2293.285,2295.095,2289.665,1.8099999999999454,12,london,2024-05-06 08:00:00+00:00,2295.095,sl,0,-1.0,val,2024
2024-05-06 08:45:00+00:00,2024-05-06 09:00:00+00:00,sweep_reclaim,short,2307.155,2308.635,2304.195,1.4800000000000182,12,london,2024-05-06 09:00:00+00:00,2308.635,sl,0,-1.0,val,2024
2024-05-06 09:30:00+00:00,2024-05-06 09:45:00+00:00,rejection,short,2313.635,2315.215,2310.4750000000004,1.5799999999999272,12,london,2024-05-06 09:45:00+00:00,2310.4750000000004,tp,0,2.0,val,2024
2024-05-07 07:15:00+00:00,2024-05-07 07:30:00+00:00,rejection,long,2326.765,2324.225,2331.845,2.5399999999999636,12,london,2024-05-07 09:00:00+00:00,2324.225,sl,6,-1.0,val,2024
2024-05-07 09:30:00+00:00,2024-05-07 09:45:00+00:00,sweep_reclaim,long,2323.205,2319.628,2330.3589999999995,3.576999999999771,12,london,2024-05-07 12:45:00+00:00,2321.915,timeout,12,-0.3606374056472033,val,2024
2024-05-07 12:45:00+00:00,2024-05-07 13:00:00+00:00,rejection,long,2321.905,2321.118,2323.4790000000007,0.7870000000002619,12,london,2024-05-07 13:00:00+00:00,2321.118,sl,0,-1.0,val,2024
2024-05-09 09:30:00+00:00,2024-05-09 09:45:00+00:00,rejection,short,2309.275,2312.125,2303.5750000000003,2.849999999999909,12,london,2024-05-09 10:15:00+00:00,2312.125,sl,2,-1.0,val,2024
2024-05-09 10:30:00+00:00,2024-05-09 10:45:00+00:00,sweep_reclaim,short,2311.714,2312.258,2310.626,0.543999999999869,12,london,2024-05-09 10:45:00+00:00,2312.258,sl,0,-1.0,val,2024
2024-05-09 10:45:00+00:00,2024-05-09 11:00:00+00:00,sweep_reclaim,short,2311.705,2312.898,2309.3189999999995,1.193000000000211,12,london,2024-05-09 11:15:00+00:00,2312.898,sl,1,-1.0,val,2024
2024-05-09 11:30:00+00:00,2024-05-09 11:45:00+00:00,sweep_reclaim,short,2313.445,2314.115,2312.105000000001,0.669999999999618,12,london,2024-05-09 11:45:00+00:00,2314.115,sl,0,-1.0,val,2024
2024-05-10 07:15:00+00:00,2024-05-10 07:30:00+00:00,rejection,long,2346.835,2345.764,2348.977,1.0709999999999127,12,london,2024-05-10 08:15:00+00:00,2348.977,tp,3,2.0,val,2024
2024-05-10 09:45:00+00:00,2024-05-10 10:00:00+00:00,rejection,long,2349.175,2347.995,2351.5350000000008,1.180000000000291,12,london,2024-05-10 10:30:00+00:00,2351.5350000000008,tp,2,2.0,val,2024
2024-05-10 11:30:00+00:00,2024-05-10 11:45:00+00:00,rejection,long,2352.365,2351.678,2353.7389999999996,0.6869999999998981,12,london,2024-05-10 11:45:00+00:00,2353.7389999999996,tp,0,2.0,val,2024
2024-05-10 12:00:00+00:00,2024-05-10 12:15:00+00:00,rejection,long,2354.595,2351.115,2361.555,3.480000000000018,12,london,2024-05-10 13:30:00+00:00,2361.555,tp,5,2.0,val,2024
2024-05-13 07:15:00+00:00,2024-05-13 07:30:00+00:00,compression_expansion,long,2362.298,2359.625,2367.6439999999993,2.6729999999997744,12,london,2024-05-13 08:15:00+00:00,2359.625,sl,3,-1.0,val,2024
2024-05-13 08:45:00+00:00,2024-05-13 09:00:00+00:00,sweep_reclaim,long,2356.435,2355.178,2358.949,1.2570000000000618,12,london,2024-05-13 09:00:00+00:00,2358.949,tp,0,2.0,val,2024
2024-05-14 07:00:00+00:00,2024-05-14 07:15:00+00:00,sweep_reclaim,short,2338.065,2338.185,2337.8250000000003,0.11999999999989086,12,london,2024-05-14 07:15:00+00:00,2338.185,sl,0,-1.0,val,2024
2024-05-14 07:30:00+00:00,2024-05-14 07:45:00+00:00,sweep_reclaim,short,2338.115,2339.195,2335.954999999999,1.080000000000382,12,london,2024-05-14 07:45:00+00:00,2335.954999999999,tp,0,2.0,val,2024
2024-05-14 08:30:00+00:00,2024-05-14 08:45:00+00:00,sweep_reclaim,short,2338.305,2340.558,2333.7989999999995,2.2530000000001564,12,london,2024-05-14 09:00:00+00:00,2340.558,sl,1,-1.0,val,2024
2024-05-14 09:45:00+00:00,2024-05-14 10:00:00+00:00,rejection,short,2342.508,2343.875,2339.7739999999994,1.3670000000001892,12,london,2024-05-14 11:15:00+00:00,2343.875,sl,5,-1.0,val,2024
2024-05-15 10:30:00+00:00,2024-05-15 10:45:00+00:00,rejection,long,2358.865,2356.905,2362.784999999999,1.9599999999995816,12,london,2024-05-15 12:00:00+00:00,2356.905,sl,5,-1.0,val,2024
2024-05-15 12:30:00+00:00,2024-05-15 12:45:00+00:00,rejection,long,2356.455,2355.575,2358.215,0.8800000000001091,12,london,2024-05-15 13:00:00+00:00,2358.215,tp,1,2.0,val,2024
2024-05-16 11:15:00+00:00,2024-05-16 11:30:00+00:00,rejection,long,2388.785,2387.545,2391.2649999999994,1.2399999999997817,12,london,2024-05-16 11:45:00+00:00,2391.2649999999994,tp,1,2.0,val,2024
2024-05-16 12:00:00+00:00,2024-05-16 12:15:00+00:00,rejection,long,2391.935,2388.765,2398.275,3.1700000000000728,12,london,2024-05-16 13:15:00+00:00,2388.765,sl,4,-1.0,val,2024
2024-05-20 07:30:00+00:00,2024-05-20 07:45:00+00:00,compression_expansion,long,2421.765,2416.415,2432.4649999999997,5.349999999999909,12,london,2024-05-20 08:00:00+00:00,2432.4649999999997,tp,1,2.0,val,2024
2024-05-20 08:30:00+00:00,2024-05-20 08:45:00+00:00,rejection,long,2431.525,2422.925,2448.725,8.599999999999909,12,london,2024-05-20 11:45:00+00:00,2435.355,timeout,12,0.4453488372092986,val,2024
2024-05-20 12:15:00+00:00,2024-05-20 12:30:00+00:00,rejection,long,2438.875,2435.025,2446.575,3.849999999999909,12,london,2024-05-20 12:45:00+00:00,2446.575,tp,1,2.0,val,2024
2024-05-23 07:15:00+00:00,2024-05-23 07:30:00+00:00,rejection,short,2382.125,2382.635,2381.1049999999996,0.5100000000002183,12,london,2024-05-23 07:30:00+00:00,2382.635,sl,0,-1.0,val,2024
2024-05-23 10:15:00+00:00,2024-05-23 10:30:00+00:00,rejection,short,2368.275,2373.025,2358.775,4.75,12,london,2024-05-23 11:15:00+00:00,2373.025,sl,3,-1.0,val,2024
2024-05-24 07:00:00+00:00,2024-05-24 07:15:00+00:00,compression_expansion,short,2331.825,2332.685,2330.1049999999996,0.8600000000001273,12,london,2024-05-24 07:30:00+00:00,2330.1049999999996,tp,1,2.0,val,2024
2024-05-24 08:00:00+00:00,2024-05-24 08:15:00+00:00,rejection,short,2329.075,2330.995,2325.2349999999997,1.9200000000000728,12,london,2024-05-24 08:30:00+00:00,2330.995,sl,1,-1.0,val,2024
2024-05-24 09:00:00+00:00,2024-05-24 09:15:00+00:00,sweep_reclaim,short,2333.385,2334.675,2330.8050000000003,1.2899999999999636,12,london,2024-05-24 09:30:00+00:00,2330.8050000000003,tp,1,2.0,val,2024
2024-05-24 10:00:00+00:00,2024-05-24 10:15:00+00:00,rejection,short,2329.625,2332.685,2323.505,3.0599999999999454,12,london,2024-05-24 11:15:00+00:00,2332.685,sl,4,-1.0,val,2024
2024-05-24 11:45:00+00:00,2024-05-24 12:00:00+00:00,rejection,short,2332.835,2333.875,2330.755,1.0399999999999636,12,london,2024-05-24 12:00:00+00:00,2333.875,sl,0,-1.0,val,2024
2024-05-28 09:00:00+00:00,2024-05-28 09:15:00+00:00,rejection,long,2355.725,2349.145,2368.8849999999998,6.579999999999927,12,london,2024-05-28 12:15:00+00:00,2352.375,timeout,12,-0.5091185410334265,val,2024
2024-05-28 12:15:00+00:00,2024-05-28 12:30:00+00:00,compression_expansion,long,2352.508,2350.505,2356.513999999999,2.0029999999997017,12,london,2024-05-28 13:00:00+00:00,2350.505,sl,2,-1.0,val,2024
2024-05-29 07:00:00+00:00,2024-05-29 07:15:00+00:00,rejection,long,2360.075,2358.605,2363.0149999999994,1.4699999999998,12,london,2024-05-29 07:45:00+00:00,2358.605,sl,2,-1.0,val,2024
2024-05-29 08:00:00+00:00,2024-05-29 08:15:00+00:00,rejection,long,2357.685,2357.375,2358.305,0.30999999999994543,12,london,2024-05-29 08:15:00+00:00,2357.375,sl,0,-1.0,val,2024
2024-05-29 08:30:00+00:00,2024-05-29 08:45:00+00:00,rejection,long,2358.155,2356.235,2361.9950000000003,1.9200000000000728,12,london,2024-05-29 08:45:00+00:00,2356.235,sl,0,-1.0,val,2024
2024-05-29 11:15:00+00:00,2024-05-29 11:30:00+00:00,rejection,long,2358.315,2355.615,2363.7150000000006,2.700000000000273,12,london,2024-05-29 13:00:00+00:00,2355.615,sl,6,-1.0,val,2024
2024-05-30 08:00:00+00:00,2024-05-30 08:15:00+00:00,rejection,short,2336.228,2337.285,2334.1140000000005,1.056999999999789,12,london,2024-05-30 08:15:00+00:00,2337.285,sl,0,-1.0,val,2024
2024-05-30 08:30:00+00:00,2024-05-30 08:45:00+00:00,sweep_reclaim,short,2337.475,2339.328,2333.769,1.8530000000000655,12,london,2024-05-30 08:45:00+00:00,2333.769,tp,0,2.0,val,2024
2024-05-30 09:00:00+00:00,2024-05-30 09:15:00+00:00,rejection,short,2333.645,2339.758,2321.4190000000003,6.112999999999829,12,london,2024-05-30 12:15:00+00:00,2334.938,timeout,12,-0.21151644037300119,val,2024
2024-05-30 12:15:00+00:00,2024-05-30 12:30:00+00:00,rejection,short,2334.938,2337.035,2330.7440000000006,2.0969999999997526,12,london,2024-05-30 12:45:00+00:00,2330.7440000000006,tp,1,2.0,val,2024
2024-06-03 07:00:00+00:00,2024-06-03 07:15:00+00:00,rejection,short,2325.538,2326.155,2324.3039999999996,0.6170000000001892,12,london,2024-06-03 07:15:00+00:00,2326.155,sl,0,-1.0,val,2024
2024-06-03 07:30:00+00:00,2024-06-03 07:45:00+00:00,rejection,short,2324.985,2326.168,2322.619,1.1829999999999927,12,london,2024-06-03 08:00:00+00:00,2326.168,sl,1,-1.0,val,2024
2024-06-03 08:30:00+00:00,2024-06-03 08:45:00+00:00,sweep_reclaim,short,2328.315,2328.738,2327.4690000000005,0.42299999999977445,12,london,2024-06-03 08:45:00+00:00,2328.738,sl,0,-1.0,val,2024
2024-06-03 09:30:00+00:00,2024-06-03 09:45:00+00:00,rejection,short,2329.118,2330.945,2325.4639999999995,1.8270000000002256,12,london,2024-06-03 10:00:00+00:00,2325.4639999999995,tp,1,2.0,val,2024
2024-06-03 10:45:00+00:00,2024-06-03 11:00:00+00:00,rejection,short,2322.975,2328.015,2312.895,5.039999999999964,12,london,2024-06-03 14:00:00+00:00,2323.315,timeout,12,-0.06746031746034682,val,2024
2024-06-04 07:15:00+00:00,2024-06-04 07:30:00+00:00,rejection,long,2350.805,2349.655,2353.104999999999,1.1499999999996362,12,london,2024-06-04 08:15:00+00:00,2349.655,sl,3,-1.0,val,2024
2024-06-04 10:45:00+00:00,2024-06-04 11:00:00+00:00,rejection,long,2345.125,2344.785,2345.8050000000003,0.3400000000001455,12,london,2024-06-04 11:00:00+00:00,2344.785,sl,0,-1.0,val,2024
2024-06-04 11:45:00+00:00,2024-06-04 12:00:00+00:00,rejection,long,2348.215,2344.995,2354.6550000000007,3.2200000000002547,12,london,2024-06-04 14:00:00+00:00,2344.995,sl,8,-1.0,val,2024
2024-06-05 09:45:00+00:00,2024-06-05 10:00:00+00:00,sweep_reclaim,short,2331.708,2333.015,2329.0940000000005,1.306999999999789,12,london,2024-06-05 10:00:00+00:00,2333.015,sl,0,-1.0,val,2024
2024-06-05 10:30:00+00:00,2024-06-05 10:45:00+00:00,rejection,short,2334.795,2336.414,2331.557,1.6190000000001419,12,london,2024-06-05 10:45:00+00:00,2336.414,sl,0,-1.0,val,2024
2024-06-06 07:00:00+00:00,2024-06-06 07:15:00+00:00,rejection,long,2355.495,2355.395,2355.6949999999997,0.09999999999990905,12,london,2024-06-06 07:15:00+00:00,2355.395,sl,0,-1.0,val,2024
2024-06-06 07:45:00+00:00,2024-06-06 08:00:00+00:00,rejection,long,2355.138,2354.508,2356.398,0.6300000000001091,12,london,2024-06-06 08:15:00+00:00,2356.398,tp,1,2.0,val,2024
2024-06-06 12:00:00+00:00,2024-06-06 12:15:00+00:00,rejection,long,2369.668,2367.075,2374.8540000000007,2.593000000000302,12,london,2024-06-06 13:00:00+00:00,2367.075,sl,3,-1.0,val,2024
2024-06-07 09:15:00+00:00,2024-06-07 09:30:00+00:00,sweep_reclaim,long,2371.385,2370.038,2374.0790000000006,1.3470000000002074,12,london,2024-06-07 09:30:00+00:00,2370.038,sl,0,-1.0,val,2024
2024-06-07 12:00:00+00:00,2024-06-07 12:15:00+00:00,rejection,long,2386.345,2381.245,2396.5449999999996,5.099999999999909,12,london,2024-06-07 12:30:00+00:00,2381.245,sl,1,-1.0,val,2024
2024-06-10 07:15:00+00:00,2024-06-10 07:30:00+00:00,compression_expansion,short,2296.258,2300.038,2288.6979999999994,3.7800000000002,12,london,2024-06-10 09:15:00+00:00,2300.038,sl,7,-1.0,val,2024
2024-06-10 10:15:00+00:00,2024-06-10 10:30:00+00:00,rejection,short,2295.405,2298.445,2289.3250000000003,3.0399999999999636,12,london,2024-06-10 13:30:00+00:00,2291.535,timeout,12,1.2730263157896027,val,2024
2024-06-14 08:00:00+00:00,2024-06-14 08:15:00+00:00,sweep_reclaim,short,2304.725,2304.875,2304.4249999999997,0.15000000000009095,12,london,2024-06-14 08:15:00+00:00,2304.875,sl,0,-1.0,val,2024
2024-06-14 08:30:00+00:00,2024-06-14 08:45:00+00:00,sweep_reclaim,short,2303.595,2306.555,2297.6749999999997,2.9600000000000364,12,london,2024-06-14 09:00:00+00:00,2306.555,sl,1,-1.0,val,2024
2024-06-14 10:30:00+00:00,2024-06-14 10:45:00+00:00,sweep_reclaim,short,2307.035,2308.488,2304.129,1.4529999999999745,12,london,2024-06-14 11:15:00+00:00,2304.129,tp,2,2.0,val,2024
2024-06-17 07:30:00+00:00,2024-06-17 07:45:00+00:00,sweep_reclaim,long,2326.468,2325.355,2328.6939999999995,1.112999999999829,12,london,2024-06-17 08:00:00+00:00,2325.355,sl,1,-1.0,val,2024
2024-06-17 08:15:00+00:00,2024-06-17 08:30:00+00:00,sweep_reclaim,long,2326.125,2324.295,2329.785,1.8299999999999272,12,london,2024-06-17 09:15:00+00:00,2324.295,sl,3,-1.0,val,2024
2024-06-18 08:30:00+00:00,2024-06-18 08:45:00+00:00,rejection,long,2322.345,2320.935,2325.1649999999995,1.4099999999998545,12,london,2024-06-18 08:45:00+00:00,2320.935,sl,0,-1.0,val,2024
2024-06-18 10:15:00+00:00,2024-06-18 10:30:00+00:00,rejection,long,2324.205,2322.025,2328.5649999999996,2.1799999999998363,12,london,2024-06-18 12:00:00+00:00,2322.025,sl,6,-1.0,val,2024
2024-06-18 12:30:00+00:00,2024-06-18 12:45:00+00:00,rejection,long,2320.675,2319.605,2322.8150000000005,1.0700000000001637,12,london,2024-06-18 12:45:00+00:00,2322.8150000000005,tp,0,2.0,val,2024
2024-06-19 07:00:00+00:00,2024-06-19 07:15:00+00:00,rejection,long,2329.385,2328.405,2331.3450000000003,0.9800000000000182,12,london,2024-06-19 07:30:00+00:00,2328.405,sl,1,-1.0,val,2024
2024-06-19 09:15:00+00:00,2024-06-19 09:30:00+00:00,rejection,long,2330.028,2328.345,2333.394,1.6829999999999927,12,london,2024-06-19 10:45:00+00:00,2328.345,sl,5,-1.0,val,2024
2024-06-19 12:15:00+00:00,2024-06-19 12:30:00+00:00,compression_expansion,long,2328.318,2327.445,2330.0640000000003,0.8730000000000473,12,london,2024-06-19 12:45:00+00:00,2327.445,sl,1,-1.0,val,2024
2024-06-19 12:45:00+00:00,2024-06-19 13:00:00+00:00,rejection,long,2327.928,2326.858,2330.0679999999993,1.069999999999709,12,london,2024-06-19 13:15:00+00:00,2330.0679999999993,tp,1,2.0,val,2024
2024-06-20 07:00:00+00:00,2024-06-20 07:15:00+00:00,rejection,long,2329.165,2328.825,2329.8450000000003,0.3400000000001455,12,london,2024-06-20 07:15:00+00:00,2328.825,sl,0,-1.0,val,2024
2024-06-20 08:00:00+00:00,2024-06-20 08:15:00+00:00,compression_expansion,long,2330.435,2327.628,2336.0489999999995,2.806999999999789,12,london,2024-06-20 08:45:00+00:00,2336.0489999999995,tp,2,2.0,val,2024
2024-06-20 10:15:00+00:00,2024-06-20 10:30:00+00:00,rejection,long,2333.565,2332.695,2335.305,0.8699999999998909,12,london,2024-06-20 11:15:00+00:00,2335.305,tp,3,2.0,val,2024
2024-06-20 11:30:00+00:00,2024-06-20 11:45:00+00:00,compression_expansion,long,2338.818,2332.738,2350.978000000001,6.080000000000382,12,london,2024-06-20 14:45:00+00:00,2341.425,timeout,12,0.42878289473681036,val,2024
2024-06-21 08:45:00+00:00,2024-06-21 09:00:00+00:00,sweep_reclaim,long,2359.735,2359.398,2360.409,0.3369999999999891,12,london,2024-06-21 09:00:00+00:00,2359.398,sl,0,-1.0,val,2024
2024-06-21 11:30:00+00:00,2024-06-21 11:45:00+00:00,rejection,long,2361.448,2360.278,2363.788,1.1700000000000728,12,london,2024-06-21 12:45:00+00:00,2363.788,tp,4,2.0,val,2024
2024-06-24 09:00:00+00:00,2024-06-24 09:15:00+00:00,sweep_reclaim,short,2322.975,2325.495,2317.935,2.519999999999982,12,london,2024-06-24 10:15:00+00:00,2325.495,sl,4,-1.0,val,2024
2024-06-24 12:45:00+00:00,2024-06-24 13:00:00+00:00,compression_expansion,short,2324.168,2327.125,2318.2540000000004,2.95699999999988,12,london,2024-06-24 14:30:00+00:00,2327.125,sl,6,-1.0,val,2024
2024-06-26 07:00:00+00:00,2024-06-26 07:15:00+00:00,rejection,short,2319.618,2320.005,2318.8439999999996,0.387000000000171,12,london,2024-06-26 07:15:00+00:00,2320.005,sl,0,-1.0,val,2024
2024-06-26 07:30:00+00:00,2024-06-26 07:45:00+00:00,rejection,short,2320.328,2323.738,2313.5080000000003,3.4099999999998545,12,london,2024-06-26 08:45:00+00:00,2313.5080000000003,tp,4,2.0,val,2024
2024-06-26 11:15:00+00:00,2024-06-26 11:30:00+00:00,rejection,short,2316.645,2320.948,2308.039,4.302999999999884,12,london,2024-06-26 14:30:00+00:00,2314.945,timeout,12,0.3950732047408469,val,2024
2024-06-27 07:45:00+00:00,2024-06-27 08:00:00+00:00,sweep_reclaim,short,2299.438,2300.018,2298.2780000000002,0.5799999999999272,12,london,2024-06-27 08:00:00+00:00,2298.2780000000002,tp,0,2.0,val,2024
2024-06-27 09:30:00+00:00,2024-06-27 09:45:00+00:00,rejection,short,2298.288,2299.035,2296.7940000000003,0.7469999999998436,12,london,2024-06-27 10:00:00+00:00,2299.035,sl,1,-1.0,val,2024
2024-06-27 10:00:00+00:00,2024-06-27 10:15:00+00:00,rejection,short,2298.848,2299.098,2298.348,0.25,12,london,2024-06-27 10:15:00+00:00,2299.098,sl,0,-1.0,val,2024
2024-06-27 12:15:00+00:00,2024-06-27 12:30:00+00:00,rejection,short,2299.608,2300.565,2297.6940000000004,0.95699999999988,12,london,2024-06-27 13:00:00+00:00,2297.6940000000004,tp,2,2.0,val,2024
2024-06-28 11:30:00+00:00,2024-06-28 11:45:00+00:00,rejection,long,2320.385,2320.095,2320.965000000001,0.29000000000041837,12,london,2024-06-28 11:45:00+00:00,2320.095,sl,0,-1.0,val,2024
2024-06-28 12:30:00+00:00,2024-06-28 12:45:00+00:00,compression_expansion,long,2323.045,2320.178,2328.7790000000005,2.867000000000189,12,london,2024-06-28 15:30:00+00:00,2328.7790000000005,tp,11,2.0,val,2024
2024-07-02 07:00:00+00:00,2024-07-02 07:15:00+00:00,compression_expansion,long,2333.175,2331.825,2335.875000000001,1.3500000000003638,12,london,2024-07-02 07:30:00+00:00,2331.825,sl,1,-1.0,val,2024
2024-07-02 07:30:00+00:00,2024-07-02 07:45:00+00:00,rejection,long,2332.668,2331.564,2334.8760000000007,1.1040000000002692,12,london,2024-07-02 08:15:00+00:00,2331.564,sl,2,-1.0,val,2024
2024-07-02 08:30:00+00:00,2024-07-02 08:45:00+00:00,rejection,long,2332.025,2331.305,2333.4650000000006,0.7200000000002547,12,london,2024-07-02 09:00:00+00:00,2333.4650000000006,tp,1,2.0,val,2024
2024-07-03 07:15:00+00:00,2024-07-03 07:30:00+00:00,rejection,long,2331.325,2329.548,2334.879,1.7770000000000437,12,london,2024-07-03 08:00:00+00:00,2329.548,sl,2,-1.0,val,2024
2024-07-03 09:00:00+00:00,2024-07-03 09:15:00+00:00,rejection,long,2329.565,2328.335,2332.025,1.2300000000000182,12,london,2024-07-03 09:30:00+00:00,2328.335,sl,1,-1.0,val,2024
2024-07-03 09:45:00+00:00,2024-07-03 10:00:00+00:00,sweep_reclaim,long,2328.775,2327.785,2330.7550000000006,0.9900000000002365,12,london,2024-07-03 10:00:00+00:00,2327.785,sl,0,-1.0,val,2024
2024-07-03 10:00:00+00:00,2024-07-03 10:15:00+00:00,sweep_reclaim,long,2329.055,2327.735,2331.6949999999993,1.319999999999709,12,london,2024-07-03 11:00:00+00:00,2331.6949999999993,tp,3,2.0,val,2024
2024-07-03 12:15:00+00:00,2024-07-03 12:30:00+00:00,rejection,long,2334.865,2333.008,2338.5789999999997,1.856999999999971,12,london,2024-07-03 12:45:00+00:00,2333.008,sl,1,-1.0,val,2024
2024-07-04 07:45:00+00:00,2024-07-04 08:00:00+00:00,rejection,long,2357.678,2356.365,2360.304,1.3130000000001019,12,london,2024-07-04 08:15:00+00:00,2360.304,tp,1,2.0,val,2024
2024-07-04 10:45:00+00:00,2024-07-04 11:00:00+00:00,rejection,long,2359.755,2357.378,2364.509,2.3769999999999527,12,london,2024-07-04 11:00:00+00:00,2357.378,sl,0,-1.0,val,2024
2024-07-05 08:15:00+00:00,2024-07-05 08:30:00+00:00,rejection,long,2359.665,2357.415,2364.165,2.25,12,london,2024-07-05 08:30:00+00:00,2357.415,sl,0,-1.0,val,2024
2024-07-05 09:00:00+00:00,2024-07-05 09:15:00+00:00,rejection,long,2358.405,2357.015,2361.185000000001,1.3900000000003274,12,london,2024-07-05 09:30:00+00:00,2361.185000000001,tp,1,2.0,val,2024
2024-07-05 12:45:00+00:00,2024-07-05 13:00:00+00:00,rejection,long,2364.075,2362.478,2367.2689999999993,1.5969999999997526,12,london,2024-07-05 14:30:00+00:00,2362.478,sl,6,-1.0,val,2024
2024-07-08 07:15:00+00:00,2024-07-08 07:30:00+00:00,sweep_reclaim,long,2386.105,2384.698,2388.9190000000003,1.4070000000001528,12,london,2024-07-08 08:15:00+00:00,2384.698,sl,3,-1.0,val,2024
2024-07-08 08:15:00+00:00,2024-07-08 08:30:00+00:00,sweep_reclaim,long,2390.764,2385.335,2401.6220000000003,5.429000000000087,12,london,2024-07-08 08:45:00+00:00,2385.335,sl,1,-1.0,val,2024
2024-07-08 10:00:00+00:00,2024-07-08 10:15:00+00:00,sweep_reclaim,long,2383.255,2383.185,2383.3950000000004,0.07000000000016371,12,london,2024-07-08 10:15:00+00:00,2383.185,sl,0,-1.0,val,2024
2024-07-08 10:15:00+00:00,2024-07-08 10:30:00+00:00,sweep_reclaim,long,2383.065,2381.305,2386.5850000000005,1.7600000000002183,12,london,2024-07-08 11:00:00+00:00,2381.305,sl,2,-1.0,val,2024
2024-07-08 11:00:00+00:00,2024-07-08 11:15:00+00:00,sweep_reclaim,long,2382.698,2381.938,2384.2179999999994,0.7599999999997635,12,london,2024-07-08 11:15:00+00:00,2381.938,sl,0,-1.0,val,2024
2024-07-08 11:30:00+00:00,2024-07-08 11:45:00+00:00,rejection,long,2383.758,2380.535,2390.2039999999997,3.2229999999999563,12,london,2024-07-08 13:45:00+00:00,2380.535,sl,8,-1.0,val,2024
2024-07-09 07:30:00+00:00,2024-07-09 07:45:00+00:00,sweep_reclaim,short,2361.785,2363.405,2358.544999999999,1.6200000000003456,12,london,2024-07-09 08:15:00+00:00,2363.405,sl,2,-1.0,val,2024
2024-07-09 08:45:00+00:00,2024-07-09 09:00:00+00:00,sweep_reclaim,short,2363.765,2365.145,2361.0049999999997,1.3800000000001091,12,london,2024-07-09 09:15:00+00:00,2361.0049999999997,tp,1,2.0,val,2024
2024-07-09 10:00:00+00:00,2024-07-09 10:15:00+00:00,sweep_reclaim,short,2363.778,2366.225,2358.8839999999996,2.4470000000001164,12,london,2024-07-09 11:00:00+00:00,2366.225,sl,3,-1.0,val,2024
2024-07-09 11:15:00+00:00,2024-07-09 11:30:00+00:00,sweep_reclaim,short,2367.698,2367.825,2367.444,0.1269999999999527,12,london,2024-07-09 11:30:00+00:00,2367.825,sl,0,-1.0,val,2024
2024-07-09 11:30:00+00:00,2024-07-09 11:45:00+00:00,sweep_reclaim,short,2366.608,2368.455,2362.9140000000007,1.8469999999997526,12,london,2024-07-09 13:45:00+00:00,2362.9140000000007,tp,8,2.0,val,2024
2024-07-11 08:15:00+00:00,2024-07-11 08:30:00+00:00,rejection,long,2374.735,2372.395,2379.4150000000004,2.3400000000001455,12,london,2024-07-11 10:30:00+00:00,2379.4150000000004,tp,8,2.0,val,2024
2024-07-11 12:00:00+00:00,2024-07-11 12:15:00+00:00,rejection,long,2382.184,2379.445,2387.6620000000003,2.7390000000000327,12,london,2024-07-11 13:45:00+00:00,2379.445,sl,6,-1.0,val,2024
2024-07-12 07:45:00+00:00,2024-07-12 08:00:00+00:00,rejection,long,2412.865,2411.095,2416.4049999999997,1.7699999999999818,12,london,2024-07-12 08:00:00+00:00,2411.095,sl,0,-1.0,val,2024
2024-07-12 11:45:00+00:00,2024-07-12 12:00:00+00:00,rejection,long,2409.048,2408.035,2411.0739999999996,1.01299999999992,12,london,2024-07-12 12:15:00+00:00,2408.035,sl,1,-1.0,val,2024
2024-07-12 12:45:00+00:00,2024-07-12 13:00:00+00:00,sweep_reclaim,long,2409.085,2406.528,2414.1990000000005,2.5570000000002437,12,london,2024-07-12 13:00:00+00:00,2406.528,sl,0,-1.0,val,2024
2024-07-15 09:15:00+00:00,2024-07-15 09:30:00+00:00,rejection,long,2410.495,2405.785,2419.915,4.710000000000036,12,london,2024-07-15 12:30:00+00:00,2412.808,timeout,12,0.4910828025477885,val,2024
2024-07-15 12:30:00+00:00,2024-07-15 12:45:00+00:00,compression_expansion,long,2412.878,2410.495,2417.6440000000007,2.3830000000002656,12,london,2024-07-15 12:45:00+00:00,2410.495,sl,0,-1.0,val,2024
2024-07-16 07:00:00+00:00,2024-07-16 07:15:00+00:00,compression_expansion,long,2421.985,2421.228,2423.4990000000003,0.7570000000000618,12,london,2024-07-16 07:15:00+00:00,2421.228,sl,0,-1.0,val,2024
2024-07-16 07:15:00+00:00,2024-07-16 07:30:00+00:00,rejection,long,2421.928,2421.168,2423.4479999999994,0.7599999999997635,12,london,2024-07-16 07:30:00+00:00,2421.168,sl,0,-1.0,val,2024
2024-07-16 08:30:00+00:00,2024-07-16 08:45:00+00:00,rejection,long,2426.255,2420.125,2438.5150000000003,6.130000000000109,12,london,2024-07-16 11:45:00+00:00,2427.725,timeout,12,0.2398042414355259,val,2024
2024-07-17 10:45:00+00:00,2024-07-17 11:00:00+00:00,sweep_reclaim,long,2471.245,2464.475,2484.785,6.769999999999982,12,london,2024-07-17 13:15:00+00:00,2464.475,sl,9,-1.0,val,2024
2024-07-18 10:30:00+00:00,2024-07-18 10:45:00+00:00,rejection,long,2467.495,2463.058,2476.3689999999997,4.436999999999898,12,london,2024-07-18 13:45:00+00:00,2471.015,timeout,12,0.793328825783201,val,2024
2024-07-19 07:00:00+00:00,2024-07-19 07:15:00+00:00,compression_expansion,short,2439.055,2445.095,2426.975,6.039999999999964,12,london,2024-07-19 07:30:00+00:00,2426.975,tp,1,2.0,val,2024
2024-07-19 09:15:00+00:00,2024-07-19 09:30:00+00:00,rejection,short,2425.918,2427.845,2422.0640000000008,1.9269999999996799,12,london,2024-07-19 10:00:00+00:00,2427.845,sl,2,-1.0,val,2024
2024-07-19 11:00:00+00:00,2024-07-19 11:15:00+00:00,rejection,short,2428.398,2429.135,2426.924,0.73700000000008,12,london,2024-07-19 11:15:00+00:00,2429.135,sl,0,-1.0,val,2024
2024-07-22 07:00:00+00:00,2024-07-22 07:15:00+00:00,sweep_reclaim,short,2410.105,2411.535,2407.2450000000003,1.4299999999998363,12,london,2024-07-22 07:30:00+00:00,2407.2450000000003,tp,1,2.0,val,2024
2024-07-22 07:45:00+00:00,2024-07-22 08:00:00+00:00,rejection,short,2408.945,2410.475,2405.8850000000007,1.5299999999997453,12,london,2024-07-22 08:15:00+00:00,2405.8850000000007,tp,1,2.0,val,2024
2024-07-22 08:15:00+00:00,2024-07-22 08:30:00+00:00,compression_expansion,short,2408.225,2409.658,2405.359,1.4329999999999927,12,london,2024-07-22 08:30:00+00:00,2409.658,sl,0,-1.0,val,2024
2024-07-22 08:45:00+00:00,2024-07-22 09:00:00+00:00,sweep_reclaim,short,2408.358,2411.595,2401.884000000001,3.2369999999996253,12,london,2024-07-22 12:00:00+00:00,2405.675,timeout,12,0.8288538770467418,val,2024
2024-07-22 12:30:00+00:00,2024-07-22 12:45:00+00:00,rejection,short,2403.685,2407.175,2396.7049999999995,3.4900000000002365,12,london,2024-07-22 15:45:00+00:00,2401.648,timeout,12,0.5836676217764095,val,2024
2024-07-23 07:45:00+00:00,2024-07-23 08:00:00+00:00,rejection,short,2397.665,2397.815,2397.365,0.15000000000009095,12,london,2024-07-23 08:00:00+00:00,2397.815,sl,0,-1.0,val,2024
2024-07-25 08:15:00+00:00,2024-07-25 08:30:00+00:00,rejection,short,2395.735,2399.105,2388.9950000000003,3.369999999999891,12,london,2024-07-25 08:30:00+00:00,2388.9950000000003,tp,0,2.0,val,2024
2024-07-25 09:15:00+00:00,2024-07-25 09:30:00+00:00,rejection,short,2376.755,2389.125,2352.0150000000003,12.36999999999989,12,london,2024-07-25 12:30:00+00:00,2370.558,timeout,12,0.500970088924832,val,2024
2024-07-26 07:15:00+00:00,2024-07-26 07:30:00+00:00,rejection,short,2364.178,2364.655,2363.2239999999993,0.4770000000003165,12,london,2024-07-26 07:30:00+00:00,2364.655,sl,0,-1.0,val,2024
2024-07-29 07:00:00+00:00,2024-07-29 07:15:00+00:00,rejection,long,2397.725,2394.775,2403.6249999999995,2.949999999999818,12,london,2024-07-29 08:45:00+00:00,2394.775,sl,6,-1.0,val,2024
2024-07-29 09:00:00+00:00,2024-07-29 09:15:00+00:00,rejection,long,2392.955,2390.695,2397.4749999999995,2.2599999999997635,12,london,2024-07-29 12:15:00+00:00,2395.815,timeout,12,1.2654867256639055,val,2024
2024-07-30 07:15:00+00:00,2024-07-30 07:30:00+00:00,rejection,short,2380.838,2382.535,2377.444000000001,1.6969999999996617,12,london,2024-07-30 08:00:00+00:00,2382.535,sl,2,-1.0,val,2024
2024-07-30 08:15:00+00:00,2024-07-30 08:30:00+00:00,rejection,short,2380.065,2383.688,2372.819,3.6230000000000473,12,london,2024-07-30 10:15:00+00:00,2383.688,sl,7,-1.0,val,2024
2024-07-30 11:45:00+00:00,2024-07-30 12:00:00+00:00,sweep_reclaim,short,2386.065,2387.725,2382.7450000000003,1.6599999999998545,12,london,2024-07-30 12:45:00+00:00,2387.725,sl,3,-1.0,val,2024
2024-07-31 07:45:00+00:00,2024-07-31 08:00:00+00:00,rejection,long,2409.035,2407.765,2411.575,1.2699999999999818,12,london,2024-07-31 08:00:00+00:00,2407.765,sl,0,-1.0,val,2024
2024-07-31 09:30:00+00:00,2024-07-31 09:45:00+00:00,rejection,long,2406.505,2404.195,2411.125,2.3099999999999454,12,london,2024-07-31 09:45:00+00:00,2404.195,sl,0,-1.0,val,2024
2024-08-01 10:30:00+00:00,2024-08-01 10:45:00+00:00,rejection,long,2442.815,2437.218,2454.0090000000005,5.597000000000207,12,london,2024-08-01 13:45:00+00:00,2445.215,timeout,12,0.42880114346971626,val,2024
2024-08-02 08:30:00+00:00,2024-08-02 08:45:00+00:00,sweep_reclaim,long,2442.725,2437.024,2454.127,5.701000000000022,12,london,2024-08-02 09:30:00+00:00,2454.127,tp,3,2.0,val,2024
2024-08-02 09:45:00+00:00,2024-08-02 10:00:00+00:00,rejection,long,2451.515,2447.135,2460.274999999999,4.379999999999654,12,london,2024-08-02 12:30:00+00:00,2460.274999999999,tp,10,2.0,val,2024
2024-08-02 12:45:00+00:00,2024-08-02 13:00:00+00:00,rejection,long,2459.325,2457.525,2462.9249999999993,1.7999999999997272,12,london,2024-08-02 13:00:00+00:00,2462.9249999999993,tp,0,2.0,val,2024
2024-08-06 08:00:00+00:00,2024-08-06 08:15:00+00:00,sweep_reclaim,short,2414.675,2415.495,2413.0350000000008,0.819999999999709,12,london,2024-08-06 08:15:00+00:00,2415.495,sl,0,-1.0,val,2024
2024-08-06 09:30:00+00:00,2024-08-06 09:45:00+00:00,rejection,short,2410.465,2414.505,2402.385,4.039999999999964,12,london,2024-08-06 12:45:00+00:00,2405.185,timeout,12,1.3069306930693683,val,2024
2024-08-07 09:30:00+00:00,2024-08-07 09:45:00+00:00,rejection,short,2385.365,2386.415,2383.2649999999994,1.050000000000182,12,london,2024-08-07 09:45:00+00:00,2386.415,sl,0,-1.0,val,2024
2024-08-07 09:45:00+00:00,2024-08-07 10:00:00+00:00,rejection,short,2384.805,2386.745,2380.9249999999997,1.9400000000000546,12,london,2024-08-07 10:30:00+00:00,2386.745,sl,2,-1.0,val,2024
2024-08-07 10:30:00+00:00,2024-08-07 10:45:00+00:00,rejection,short,2385.985,2386.005,2385.945,0.01999999999998181,12,london,2024-08-07 10:45:00+00:00,2386.005,sl,0,-1.0,val,2024
2024-08-07 12:00:00+00:00,2024-08-07 12:15:00+00:00,sweep_reclaim,short,2393.295,2393.624,2392.6370000000006,0.3289999999997235,12,london,2024-08-07 12:15:00+00:00,2393.624,sl,0,-1.0,val,2024
2024-08-07 12:45:00+00:00,2024-08-07 13:00:00+00:00,sweep_reclaim,short,2392.585,2395.578,2386.599,2.992999999999938,12,london,2024-08-07 13:30:00+00:00,2395.578,sl,2,-1.0,val,2024
2024-08-08 07:45:00+00:00,2024-08-08 08:00:00+00:00,rejection,short,2386.613,2387.175,2385.488999999999,0.5620000000003529,12,london,2024-08-08 08:00:00+00:00,2387.175,sl,0,-1.0,val,2024
2024-08-08 08:15:00+00:00,2024-08-08 08:30:00+00:00,sweep_reclaim,short,2386.765,2388.725,2382.845,1.9600000000000364,12,london,2024-08-08 08:30:00+00:00,2388.725,sl,0,-1.0,val,2024
2024-08-08 09:30:00+00:00,2024-08-08 09:45:00+00:00,rejection,short,2387.738,2388.435,2386.3439999999996,0.6970000000001164,12,london,2024-08-08 09:45:00+00:00,2388.435,sl,0,-1.0,val,2024
2024-08-09 09:45:00+00:00,2024-08-09 10:00:00+00:00,rejection,long,2425.385,2424.115,2427.925000000001,1.2700000000004366,12,london,2024-08-09 10:00:00+00:00,2424.115,sl,0,-1.0,val,2024
2024-08-09 11:00:00+00:00,2024-08-09 11:15:00+00:00,sweep_reclaim,long,2420.818,2419.755,2422.9440000000004,1.0630000000001019,12,london,2024-08-09 11:45:00+00:00,2422.9440000000004,tp,2,2.0,val,2024
2024-08-12 07:15:00+00:00,2024-08-12 07:30:00+00:00,sweep_reclaim,long,2428.665,2427.215,2431.5649999999996,1.449999999999818,12,london,2024-08-12 07:30:00+00:00,2427.215,sl,0,-1.0,val,2024
2024-08-12 07:45:00+00:00,2024-08-12 08:00:00+00:00,sweep_reclaim,long,2428.485,2426.765,2431.9250000000006,1.7200000000002547,12,london,2024-08-12 08:45:00+00:00,2426.765,sl,3,-1.0,val,2024
2024-08-13 07:15:00+00:00,2024-08-13 07:30:00+00:00,rejection,long,2476.305,2473.708,2481.4989999999993,2.5969999999997526,12,london,2024-08-13 07:30:00+00:00,2473.708,sl,0,-1.0,val,2024
2024-08-13 08:00:00+00:00,2024-08-13 08:15:00+00:00,sweep_reclaim,long,2471.465,2468.865,2476.665000000001,2.600000000000364,12,london,2024-08-13 08:15:00+00:00,2468.865,sl,0,-1.0,val,2024
2024-08-13 08:30:00+00:00,2024-08-13 08:45:00+00:00,rejection,long,2464.625,2463.025,2467.825,1.599999999999909,12,london,2024-08-13 08:45:00+00:00,2463.025,sl,0,-1.0,val,2024
2024-08-13 08:45:00+00:00,2024-08-13 09:00:00+00:00,rejection,long,2464.178,2460.764,2471.0059999999994,3.41399999999976,12,london,2024-08-13 12:00:00+00:00,2460.764,sl,12,-1.0,val,2024
2024-08-15 09:30:00+00:00,2024-08-15 09:45:00+00:00,rejection,short,2451.415,2452.085,2450.075,0.6700000000000728,12,london,2024-08-15 09:45:00+00:00,2452.085,sl,0,-1.0,val,2024
2024-08-15 10:00:00+00:00,2024-08-15 10:15:00+00:00,rejection,short,2451.425,2452.435,2449.4050000000007,1.0099999999997635,12,london,2024-08-15 10:15:00+00:00,2452.435,sl,0,-1.0,val,2024
2024-08-15 10:30:00+00:00,2024-08-15 10:45:00+00:00,rejection,short,2452.175,2453.235,2450.0550000000003,1.0599999999999454,12,london,2024-08-15 11:00:00+00:00,2453.235,sl,1,-1.0,val,2024
2024-08-15 12:30:00+00:00,2024-08-15 12:45:00+00:00,rejection,short,2451.758,2454.605,2446.0639999999994,2.8470000000002074,12,london,2024-08-15 13:00:00+00:00,2454.605,sl,1,-1.0,val,2024
2024-08-16 11:00:00+00:00,2024-08-16 11:15:00+00:00,rejection,short,2452.565,2453.485,2450.725,0.9200000000000728,12,london,2024-08-16 11:45:00+00:00,2453.485,sl,2,-1.0,val,2024
2024-08-16 11:45:00+00:00,2024-08-16 12:00:00+00:00,rejection,short,2452.895,2453.168,2452.3489999999997,0.27300000000013824,12,london,2024-08-16 12:00:00+00:00,2453.168,sl,0,-1.0,val,2024
2024-08-16 12:15:00+00:00,2024-08-16 12:30:00+00:00,rejection,short,2452.695,2453.565,2450.9550000000004,0.8699999999998909,12,london,2024-08-16 12:30:00+00:00,2453.565,sl,0,-1.0,val,2024
2024-08-19 08:30:00+00:00,2024-08-19 08:45:00+00:00,sweep_reclaim,long,2497.485,2496.518,2499.4190000000003,0.9670000000000982,12,london,2024-08-19 08:45:00+00:00,2499.4190000000003,tp,0,2.0,val,2024
2024-08-19 12:00:00+00:00,2024-08-19 12:15:00+00:00,rejection,long,2500.245,2499.508,2501.719,0.73700000000008,12,london,2024-08-19 12:15:00+00:00,2499.508,sl,0,-1.0,val,2024
2024-08-20 08:45:00+00:00,2024-08-20 09:00:00+00:00,rejection,long,2504.525,2501.605,2510.3650000000002,2.9200000000000728,12,london,2024-08-20 09:00:00+00:00,2501.605,sl,0,-1.0,val,2024
2024-08-20 09:45:00+00:00,2024-08-20 10:00:00+00:00,rejection,long,2501.005,2498.558,2505.8990000000003,2.4470000000001164,12,london,2024-08-20 13:00:00+00:00,2499.305,timeout,12,-0.6947282386596616,val,2024
2024-08-21 08:00:00+00:00,2024-08-21 08:15:00+00:00,rejection,long,2514.078,2513.025,2516.1839999999997,1.0529999999998836,12,london,2024-08-21 08:15:00+00:00,2513.025,sl,0,-1.0,val,2024
2024-08-21 08:45:00+00:00,2024-08-21 09:00:00+00:00,sweep_reclaim,long,2514.425,2511.755,2519.7650000000003,2.6700000000000728,12,london,2024-08-21 09:15:00+00:00,2519.7650000000003,tp,1,2.0,val,2024
2024-08-21 11:15:00+00:00,2024-08-21 11:30:00+00:00,rejection,long,2517.158,2512.975,2525.524,4.182999999999993,12,london,2024-08-21 13:15:00+00:00,2512.975,sl,7,-1.0,val,2024
2024-08-22 07:00:00+00:00,2024-08-22 07:15:00+00:00,rejection,long,2512.995,2512.385,2514.2149999999992,0.6099999999996726,12,london,2024-08-22 07:15:00+00:00,2512.385,sl,0,-1.0,val,2024
2024-08-23 08:30:00+00:00,2024-08-23 08:45:00+00:00,rejection,short,2489.415,2491.295,2485.6549999999997,1.8800000000001091,12,london,2024-08-23 09:00:00+00:00,2491.295,sl,1,-1.0,val,2024
2024-08-23 10:45:00+00:00,2024-08-23 11:00:00+00:00,sweep_reclaim,short,2492.375,2493.015,2491.0950000000003,0.6399999999998727,12,london,2024-08-23 11:00:00+00:00,2493.015,sl,0,-1.0,val,2024
2024-08-23 11:15:00+00:00,2024-08-23 11:30:00+00:00,sweep_reclaim,short,2492.765,2493.885,2490.524999999999,1.1200000000003456,12,london,2024-08-23 12:15:00+00:00,2493.885,sl,3,-1.0,val,2024
2024-08-26 08:15:00+00:00,2024-08-26 08:30:00+00:00,rejection,long,2514.348,2512.285,2518.474,2.063000000000102,12,london,2024-08-26 08:45:00+00:00,2512.285,sl,1,-1.0,val,2024
2024-08-26 10:45:00+00:00,2024-08-26 11:00:00+00:00,sweep_reclaim,long,2511.235,2510.305,2513.0950000000007,0.930000000000291,12,london,2024-08-26 11:00:00+00:00,2510.305,sl,0,-1.0,val,2024
2024-08-26 12:15:00+00:00,2024-08-26 12:30:00+00:00,sweep_reclaim,long,2510.158,2508.775,2512.9239999999995,1.3829999999998108,12,london,2024-08-26 13:30:00+00:00,2512.9239999999995,tp,4,2.0,val,2024
2024-08-28 07:30:00+00:00,2024-08-28 07:45:00+00:00,rejection,long,2525.025,2524.015,2527.0450000000005,1.0100000000002183,12,london,2024-08-28 08:00:00+00:00,2524.015,sl,1,-1.0,val,2024
2024-08-28 09:45:00+00:00,2024-08-28 10:00:00+00:00,sweep_reclaim,long,2517.695,2515.515,2522.0550000000007,2.180000000000291,12,london,2024-08-28 10:15:00+00:00,2515.515,sl,1,-1.0,val,2024
2024-08-28 10:30:00+00:00,2024-08-28 10:45:00+00:00,sweep_reclaim,long,2514.955,2513.365,2518.135,1.5900000000001455,12,london,2024-08-28 11:30:00+00:00,2513.365,sl,3,-1.0,val,2024
2024-09-02 07:15:00+00:00,2024-09-02 07:30:00+00:00,rejection,short,2502.778,2503.595,2501.144,0.8170000000000073,12,london,2024-09-02 07:45:00+00:00,2503.595,sl,1,-1.0,val,2024
2024-09-02 11:15:00+00:00,2024-09-02 11:30:00+00:00,rejection,short,2496.445,2496.705,2495.9250000000006,0.25999999999976353,12,london,2024-09-02 11:30:00+00:00,2496.705,sl,0,-1.0,val,2024
2024-09-02 12:30:00+00:00,2024-09-02 12:45:00+00:00,rejection,short,2496.148,2497.435,2493.5740000000005,1.2869999999998072,12,london,2024-09-02 13:15:00+00:00,2497.435,sl,2,-1.0,val,2024
2024-09-03 07:30:00+00:00,2024-09-03 07:45:00+00:00,rejection,short,2496.045,2498.215,2491.705,2.1700000000000728,12,london,2024-09-03 08:15:00+00:00,2491.705,tp,2,2.0,val,2024
2024-09-03 12:00:00+00:00,2024-09-03 12:15:00+00:00,rejection,short,2495.645,2496.848,2493.239,1.2029999999999745,12,london,2024-09-03 13:00:00+00:00,2493.239,tp,3,2.0,val,2024
2024-09-06 07:15:00+00:00,2024-09-06 07:30:00+00:00,rejection,long,2517.155,2516.835,2517.7950000000005,0.3200000000001637,12,london,2024-09-06 07:30:00+00:00,2516.835,sl,0,-1.0,val,2024
2024-09-06 08:15:00+00:00,2024-09-06 08:30:00+00:00,rejection,long,2515.695,2515.405,2516.275,0.2899999999999636,12,london,2024-09-06 08:30:00+00:00,2515.405,sl,0,-1.0,val,2024
2024-09-06 08:45:00+00:00,2024-09-06 09:00:00+00:00,sweep_reclaim,long,2515.525,2513.855,2518.8650000000002,1.6700000000000728,12,london,2024-09-06 09:00:00+00:00,2513.855,sl,0,-1.0,val,2024
2024-09-06 09:15:00+00:00,2024-09-06 09:30:00+00:00,sweep_reclaim,long,2515.135,2513.318,2518.7690000000002,1.8170000000000073,12,london,2024-09-06 11:30:00+00:00,2518.7690000000002,tp,8,2.0,val,2024
2024-09-06 12:15:00+00:00,2024-09-06 12:30:00+00:00,compression_expansion,long,2519.785,2518.225,2522.9049999999997,1.5599999999999454,12,london,2024-09-06 13:45:00+00:00,2518.225,sl,5,-1.0,val,2024
2024-09-09 08:00:00+00:00,2024-09-09 08:15:00+00:00,rejection,short,2495.095,2497.955,2489.3749999999995,2.8600000000001273,12,london,2024-09-09 08:15:00+00:00,2497.955,sl,0,-1.0,val,2024
2024-09-09 08:15:00+00:00,2024-09-09 08:30:00+00:00,rejection,short,2495.888,2497.745,2492.174,1.856999999999971,12,london,2024-09-09 08:45:00+00:00,2497.745,sl,1,-1.0,val,2024
2024-09-09 11:00:00+00:00,2024-09-09 11:15:00+00:00,sweep_reclaim,short,2499.135,2499.595,2498.215000000001,0.45999999999958163,12,london,2024-09-09 11:45:00+00:00,2498.215000000001,tp,2,2.0,val,2024
2024-09-09 12:00:00+00:00,2024-09-09 12:15:00+00:00,rejection,short,2497.835,2498.978,2495.549,1.143000000000029,12,london,2024-09-09 12:45:00+00:00,2495.549,tp,2,2.0,val,2024
2024-09-09 12:45:00+00:00,2024-09-09 13:00:00+00:00,compression_expansion,short,2490.825,2497.905,2476.664999999999,7.080000000000382,12,london,2024-09-09 16:00:00+00:00,2492.785,timeout,12,-0.2768361581920806,val,2024
2024-09-10 10:00:00+00:00,2024-09-10 10:15:00+00:00,rejection,long,2502.985,2501.635,2505.685,1.349999999999909,12,london,2024-09-10 10:45:00+00:00,2501.635,sl,2,-1.0,val,2024
2024-09-10 10:45:00+00:00,2024-09-10 11:00:00+00:00,sweep_reclaim,long,2502.398,2501.955,2503.2840000000006,0.443000000000211,12,london,2024-09-10 11:00:00+00:00,2503.2840000000006,tp,0,2.0,val,2024
2024-09-11 07:30:00+00:00,2024-09-11 07:45:00+00:00,rejection,long,2518.095,2516.625,2521.0349999999994,1.4699999999998,12,london,2024-09-11 08:00:00+00:00,2516.625,sl,1,-1.0,val,2024
2024-09-11 08:15:00+00:00,2024-09-11 08:30:00+00:00,rejection,long,2516.938,2515.565,2519.684,1.3730000000000473,12,london,2024-09-11 08:45:00+00:00,2519.684,tp,1,2.0,val,2024
2024-09-11 10:15:00+00:00,2024-09-11 10:30:00+00:00,rejection,long,2518.245,2518.035,2518.665,0.21000000000003638,12,london,2024-09-11 10:30:00+00:00,2518.035,sl,0,-1.0,val,2024
2024-09-11 11:45:00+00:00,2024-09-11 12:00:00+00:00,rejection,long,2519.398,2518.455,2521.2840000000006,0.943000000000211,12,london,2024-09-11 12:15:00+00:00,2521.2840000000006,tp,1,2.0,val,2024
2024-09-12 11:30:00+00:00,2024-09-12 11:45:00+00:00,rejection,long,2516.575,2514.915,2519.8949999999995,1.6599999999998545,12,london,2024-09-12 13:00:00+00:00,2519.8949999999995,tp,5,2.0,val,2024
2024-09-13 07:00:00+00:00,2024-09-13 07:15:00+00:00,rejection,long,2557.854,2556.665,2560.2319999999995,1.1889999999998508,12,london,2024-09-13 07:15:00+00:00,2556.665,sl,0,-1.0,val,2024
2024-09-13 07:15:00+00:00,2024-09-13 07:30:00+00:00,rejection,long,2558.284,2556.538,2561.7760000000003,1.7460000000000946,12,london,2024-09-13 07:45:00+00:00,2561.7760000000003,tp,1,2.0,val,2024
2024-09-13 08:30:00+00:00,2024-09-13 08:45:00+00:00,rejection,long,2562.725,2557.855,2572.4649999999997,4.869999999999891,12,london,2024-09-13 11:45:00+00:00,2568.475,timeout,12,1.1806981519507451,val,2024
2024-09-13 12:15:00+00:00,2024-09-13 12:30:00+00:00,rejection,long,2568.085,2567.915,2568.425,0.17000000000007276,12,london,2024-09-13 12:30:00+00:00,2567.915,sl,0,-1.0,val,2024
2024-09-16 07:45:00+00:00,2024-09-16 08:00:00+00:00,rejection,long,2581.545,2578.715,2587.205,2.8299999999999272,12,london,2024-09-16 10:15:00+00:00,2587.205,tp,9,2.0,val,2024
2024-09-16 11:15:00+00:00,2024-09-16 11:30:00+00:00,rejection,long,2585.988,2585.215,2587.533999999999,0.7729999999996835,12,london,2024-09-16 11:30:00+00:00,2585.215,sl,0,-1.0,val,2024
2024-09-16 12:15:00+00:00,2024-09-16 12:30:00+00:00,rejection,long,2586.055,2584.825,2588.515,1.2300000000000182,12,london,2024-09-16 12:45:00+00:00,2588.515,tp,1,2.0,val,2024
2024-09-17 08:30:00+00:00,2024-09-17 08:45:00+00:00,sweep_reclaim,long,2580.005,2579.085,2581.8450000000003,0.9200000000000728,12,london,2024-09-17 08:45:00+00:00,2581.8450000000003,tp,0,2.0,val,2024
2024-09-17 09:00:00+00:00,2024-09-17 09:15:00+00:00,rejection,long,2582.834,2578.228,2592.0459999999994,4.605999999999767,12,london,2024-09-17 10:30:00+00:00,2578.228,sl,5,-1.0,val,2024
2024-09-18 07:15:00+00:00,2024-09-18 07:30:00+00:00,sweep_reclaim,short,2572.365,2574.405,2568.284999999999,2.0400000000004184,12,london,2024-09-18 08:00:00+00:00,2574.405,sl,2,-1.0,val,2024
2024-09-18 08:15:00+00:00,2024-09-18 08:30:00+00:00,sweep_reclaim,short,2574.264,2574.798,2573.196000000001,0.5339999999996508,12,london,2024-09-18 08:30:00+00:00,2574.798,sl,0,-1.0,val,2024
2024-09-18 08:30:00+00:00,2024-09-18 08:45:00+00:00,rejection,short,2573.655,2576.314,2568.337000000001,2.6589999999996508,12,london,2024-09-18 11:45:00+00:00,2570.715,timeout,12,1.105678826626717,val,2024
2024-09-18 12:30:00+00:00,2024-09-18 12:45:00+00:00,rejection,short,2566.115,2571.175,2555.994999999999,5.0600000000004,12,london,2024-09-18 15:00:00+00:00,2571.175,sl,9,-1.0,val,2024
2024-09-19 10:00:00+00:00,2024-09-19 10:15:00+00:00,sweep_reclaim,short,2563.805,2565.355,2560.7049999999995,1.550000000000182,12,london,2024-09-19 11:30:00+00:00,2560.7049999999995,tp,5,2.0,val,2024
2024-09-19 11:45:00+00:00,2024-09-19 12:00:00+00:00,rejection,short,2562.225,2563.755,2559.1649999999995,1.5300000000002,12,london,2024-09-19 12:00:00+00:00,2563.755,sl,0,-1.0,val,2024
2024-09-20 07:15:00+00:00,2024-09-20 07:30:00+00:00,rejection,long,2586.895,2586.365,2587.9550000000004,0.5300000000002001,12,london,2024-09-20 07:45:00+00:00,2587.9550000000004,tp,1,2.0,val,2024
2024-09-20 07:45:00+00:00,2024-09-20 08:00:00+00:00,rejection,long,2587.908,2585.965,2591.7939999999994,1.9429999999997563,12,london,2024-09-20 08:30:00+00:00,2585.965,sl,2,-1.0,val,2024
2024-09-23 08:15:00+00:00,2024-09-23 08:30:00+00:00,sweep_reclaim,long,2620.045,2617.175,2625.785,2.869999999999891,12,london,2024-09-23 08:30:00+00:00,2617.175,sl,0,-1.0,val,2024
2024-09-23 09:15:00+00:00,2024-09-23 09:30:00+00:00,rejection,long,2619.955,2617.905,2624.0549999999994,2.049999999999727,12,london,2024-09-23 09:45:00+00:00,2624.0549999999994,tp,1,2.0,val,2024
2024-09-23 12:45:00+00:00,2024-09-23 13:00:00+00:00,compression_expansion,long,2631.195,2626.695,2640.195,4.5,12,london,2024-09-23 13:30:00+00:00,2626.695,sl,2,-1.0,val,2024
2024-09-24 07:15:00+00:00,2024-09-24 07:30:00+00:00,rejection,long,2626.155,2624.408,2629.649000000001,1.7470000000002983,12,london,2024-09-24 08:00:00+00:00,2624.408,sl,2,-1.0,val,2024
2024-09-24 08:00:00+00:00,2024-09-24 08:15:00+00:00,sweep_reclaim,long,2625.375,2624.594,2626.937,0.7809999999999491,12,london,2024-09-24 08:15:00+00:00,2626.937,tp,0,2.0,val,2024
2024-09-24 09:30:00+00:00,2024-09-24 09:45:00+00:00,rejection,long,2627.835,2626.615,2630.2750000000005,1.2200000000002547,12,london,2024-09-24 10:15:00+00:00,2630.2750000000005,tp,2,2.0,val,2024
2024-09-24 11:15:00+00:00,2024-09-24 11:30:00+00:00,rejection,long,2633.958,2632.095,2637.6840000000007,1.8630000000002838,12,london,2024-09-24 12:00:00+00:00,2637.6840000000007,tp,2,2.0,val,2024
2024-09-25 09:45:00+00:00,2024-09-25 10:00:00+00:00,rejection,long,2663.185,2660.105,2669.345,3.0799999999999272,12,london,2024-09-25 10:00:00+00:00,2669.345,tp,0,2.0,val,2024
2024-09-25 10:45:00+00:00,2024-09-25 11:00:00+00:00,rejection,long,2661.725,2659.704,2665.7669999999994,2.020999999999731,12,london,2024-09-25 11:30:00+00:00,2659.704,sl,2,-1.0,val,2024
2024-09-26 07:15:00+00:00,2024-09-26 07:30:00+00:00,sweep_reclaim,long,2656.475,2655.865,2657.695,0.6100000000001273,12,london,2024-09-26 07:45:00+00:00,2657.695,tp,1,2.0,val,2024
2024-09-26 12:45:00+00:00,2024-09-26 13:00:00+00:00,rejection,long,2662.284,2659.645,2667.5620000000004,2.6390000000001237,12,london,2024-09-26 13:15:00+00:00,2659.645,sl,1,-1.0,val,2024
2024-09-27 07:30:00+00:00,2024-09-27 07:45:00+00:00,sweep_reclaim,long,2671.088,2670.145,2672.9740000000006,0.943000000000211,12,london,2024-09-27 07:45:00+00:00,2670.145,sl,0,-1.0,val,2024
2024-09-27 08:15:00+00:00,2024-09-27 08:30:00+00:00,sweep_reclaim,long,2670.344,2668.695,2673.642,1.6489999999998872,12,london,2024-09-27 08:45:00+00:00,2668.695,sl,1,-1.0,val,2024
2024-09-27 09:15:00+00:00,2024-09-27 09:30:00+00:00,rejection,long,2669.215,2666.075,2675.495000000001,3.1400000000003274,12,london,2024-09-27 12:30:00+00:00,2666.075,sl,12,-1.0,val,2024
2024-10-01 08:00:00+00:00,2024-10-01 08:15:00+00:00,sweep_reclaim,short,2635.988,2636.605,2634.7539999999995,0.6170000000001892,12,london,2024-10-01 08:15:00+00:00,2636.605,sl,0,-1.0,val,2024
2024-10-02 08:15:00+00:00,2024-10-02 08:30:00+00:00,sweep_reclaim,long,2657.425,2656.825,2658.625000000001,0.6000000000003638,12,london,2024-10-02 08:30:00+00:00,2658.625000000001,tp,0,2.0,val,2024
2024-10-02 10:15:00+00:00,2024-10-02 10:30:00+00:00,rejection,long,2660.115,2658.715,2662.914999999999,1.3999999999996362,12,london,2024-10-02 10:30:00+00:00,2658.715,sl,0,-1.0,val,2024
2024-10-03 08:45:00+00:00,2024-10-03 09:00:00+00:00,sweep_reclaim,long,2656.305,2656.195,2656.524999999999,0.10999999999967258,12,london,2024-10-03 09:00:00+00:00,2656.195,sl,0,-1.0,val,2024
2024-10-03 10:30:00+00:00,2024-10-03 10:45:00+00:00,sweep_reclaim,long,2654.635,2654.435,2655.0350000000008,0.20000000000027285,12,london,2024-10-03 10:45:00+00:00,2655.0350000000008,tp,0,2.0,val,2024
2024-10-04 12:45:00+00:00,2024-10-04 13:00:00+00:00,rejection,long,2667.275,2664.325,2673.1750000000006,2.950000000000273,12,london,2024-10-04 13:30:00+00:00,2664.325,sl,2,-1.0,val,2024
2024-10-07 07:00:00+00:00,2024-10-07 07:15:00+00:00,rejection,short,2650.155,2652.248,2645.9690000000005,2.092999999999847,12,london,2024-10-07 09:00:00+00:00,2645.9690000000005,tp,7,2.0,val,2024
2024-10-07 09:45:00+00:00,2024-10-07 10:00:00+00:00,rejection,short,2646.505,2648.495,2642.5250000000005,1.9899999999997817,12,london,2024-10-07 12:45:00+00:00,2642.5250000000005,tp,11,2.0,val,2024
2024-10-08 07:00:00+00:00,2024-10-08 07:15:00+00:00,rejection,short,2642.805,2644.748,2638.9189999999994,1.943000000000211,12,london,2024-10-08 07:45:00+00:00,2644.748,sl,2,-1.0,val,2024
2024-10-08 08:30:00+00:00,2024-10-08 08:45:00+00:00,rejection,short,2640.095,2644.755,2630.774999999999,4.660000000000309,12,london,2024-10-08 09:00:00+00:00,2644.755,sl,1,-1.0,val,2024
2024-10-08 12:30:00+00:00,2024-10-08 12:45:00+00:00,rejection,short,2642.965,2643.615,2641.665000000001,0.6499999999996362,12,london,2024-10-08 12:45:00+00:00,2643.615,sl,0,-1.0,val,2024
2024-10-09 08:30:00+00:00,2024-10-09 08:45:00+00:00,sweep_reclaim,short,2618.715,2622.508,2611.129000000001,3.7929999999996653,12,london,2024-10-09 09:00:00+00:00,2622.508,sl,1,-1.0,val,2024
2024-10-09 11:15:00+00:00,2024-10-09 11:30:00+00:00,rejection,short,2616.455,2618.025,2613.3149999999996,1.5700000000001637,12,london,2024-10-09 12:15:00+00:00,2618.025,sl,3,-1.0,val,2024
2024-10-09 12:45:00+00:00,2024-10-09 13:00:00+00:00,sweep_reclaim,short,2621.335,2622.435,2619.135,1.099999999999909,12,london,2024-10-09 13:00:00+00:00,2619.135,tp,0,2.0,val,2024
2024-10-10 07:45:00+00:00,2024-10-10 08:00:00+00:00,rejection,short,2609.235,2609.665,2608.3750000000005,0.4299999999998363,12,london,2024-10-10 08:00:00+00:00,2609.665,sl,0,-1.0,val,2024
2024-10-10 08:30:00+00:00,2024-10-10 08:45:00+00:00,sweep_reclaim,short,2609.505,2610.428,2607.6590000000006,0.9229999999997744,12,london,2024-10-10 08:45:00+00:00,2610.428,sl,0,-1.0,val,2024
2024-10-10 10:15:00+00:00,2024-10-10 10:30:00+00:00,sweep_reclaim,short,2615.108,2615.465,2614.3940000000002,0.3569999999999709,12,london,2024-10-10 10:30:00+00:00,2615.465,sl,0,-1.0,val,2024
2024-10-10 10:30:00+00:00,2024-10-10 10:45:00+00:00,rejection,short,2614.255,2616.785,2609.1950000000006,2.5299999999997453,12,london,2024-10-10 13:45:00+00:00,2611.655,timeout,12,1.0276679841897909,val,2024
2024-10-11 11:15:00+00:00,2024-10-11 11:30:00+00:00,rejection,long,2644.875,2640.755,2653.115,4.119999999999891,12,london,2024-10-11 13:45:00+00:00,2640.755,sl,9,-1.0,val,2024
2024-10-14 10:15:00+00:00,2024-10-14 10:30:00+00:00,rejection,long,2655.975,2648.105,2671.7149999999997,7.869999999999891,12,london,2024-10-14 13:30:00+00:00,2665.065,timeout,12,1.155019059720492,val,2024
2024-10-16 07:15:00+00:00,2024-10-16 07:30:00+00:00,sweep_reclaim,long,2659.858,2659.125,2661.3240000000005,0.7330000000001746,12,london,2024-10-16 08:00:00+00:00,2659.125,sl,2,-1.0,val,2024
2024-10-16 08:00:00+00:00,2024-10-16 08:15:00+00:00,sweep_reclaim,long,2661.235,2659.145,2665.4150000000004,2.0900000000001455,12,london,2024-10-16 08:45:00+00:00,2665.4150000000004,tp,2,2.0,val,2024
2024-10-16 08:45:00+00:00,2024-10-16 09:00:00+00:00,rejection,long,2664.418,2660.805,2671.6440000000007,3.6130000000002838,12,london,2024-10-16 12:00:00+00:00,2666.505,timeout,12,0.5776363133129878,val,2024
2024-10-16 12:00:00+00:00,2024-10-16 12:15:00+00:00,rejection,long,2666.465,2666.185,2667.0250000000005,0.2800000000002001,12,london,2024-10-16 12:15:00+00:00,2666.185,sl,0,-1.0,val,2024
2024-10-16 12:30:00+00:00,2024-10-16 12:45:00+00:00,rejection,long,2667.095,2665.475,2670.3349999999996,1.6199999999998909,12,london,2024-10-16 13:00:00+00:00,2670.3349999999996,tp,1,2.0,val,2024
2024-10-18 08:00:00+00:00,2024-10-18 08:15:00+00:00,rejection,long,2694.005,2693.455,2695.1050000000005,0.5500000000001819,12,london,2024-10-18 08:15:00+00:00,2695.1050000000005,tp,0,2.0,val,2024
2024-10-18 10:00:00+00:00,2024-10-18 10:15:00+00:00,rejection,long,2708.595,2706.218,2713.3489999999997,2.3769999999999527,12,london,2024-10-18 12:45:00+00:00,2713.3489999999997,tp,10,2.0,val,2024
2024-10-21 07:30:00+00:00,2024-10-21 07:45:00+00:00,rejection,long,2723.695,2722.158,2726.7690000000007,1.537000000000262,12,london,2024-10-21 08:00:00+00:00,2722.158,sl,1,-1.0,val,2024
2024-10-21 11:30:00+00:00,2024-10-21 11:45:00+00:00,rejection,long,2730.295,2730.175,2730.535,0.11999999999989086,12,london,2024-10-21 11:45:00+00:00,2730.175,sl,0,-1.0,val,2024
2024-10-22 09:45:00+00:00,2024-10-22 10:00:00+00:00,rejection,long,2729.375,2728.175,2731.7749999999996,1.199999999999818,12,london,2024-10-22 10:15:00+00:00,2731.7749999999996,tp,1,2.0,val,2024
2024-10-22 10:30:00+00:00,2024-10-22 10:45:00+00:00,rejection,long,2732.495,2728.258,2740.969,4.23700000000008,12,london,2024-10-22 13:45:00+00:00,2733.828,timeout,12,0.31460939343876765,val,2024
2024-10-23 09:15:00+00:00,2024-10-23 09:30:00+00:00,sweep_reclaim,long,2739.055,2737.835,2741.4949999999994,1.2199999999998,12,london,2024-10-23 10:45:00+00:00,2741.4949999999994,tp,5,2.0,val,2024
2024-10-24 07:00:00+00:00,2024-10-24 07:15:00+00:00,sweep_reclaim,short,2719.628,2721.625,2715.6340000000005,1.9969999999998436,12,london,2024-10-24 08:00:00+00:00,2721.625,sl,3,-1.0,val,2024
2024-10-24 08:15:00+00:00,2024-10-24 08:30:00+00:00,sweep_reclaim,short,2721.895,2722.135,2721.4149999999995,0.24000000000023647,12,london,2024-10-24 08:30:00+00:00,2722.135,sl,0,-1.0,val,2024
2024-10-24 08:45:00+00:00,2024-10-24 09:00:00+00:00,sweep_reclaim,short,2724.655,2726.665,2720.6350000000007,2.0099999999997635,12,london,2024-10-24 09:45:00+00:00,2720.6350000000007,tp,3,2.0,val,2024
2024-10-24 09:45:00+00:00,2024-10-24 10:00:00+00:00,rejection,short,2720.505,2724.305,2712.9050000000007,3.799999999999727,12,london,2024-10-24 11:30:00+00:00,2724.305,sl,6,-1.0,val,2024
2024-10-24 12:00:00+00:00,2024-10-24 12:15:00+00:00,sweep_reclaim,short,2726.075,2726.525,2725.1749999999993,0.45000000000027285,12,london,2024-10-24 12:15:00+00:00,2726.525,sl,0,-1.0,val,2024
2024-10-24 12:45:00+00:00,2024-10-24 13:00:00+00:00,sweep_reclaim,short,2727.255,2728.325,2725.1150000000007,1.069999999999709,12,london,2024-10-24 13:00:00+00:00,2728.325,sl,0,-1.0,val,2024
2024-10-25 07:30:00+00:00,2024-10-25 07:45:00+00:00,sweep_reclaim,long,2733.645,2733.355,2734.225,0.2899999999999636,12,london,2024-10-25 07:45:00+00:00,2733.355,sl,0,-1.0,val,2024
2024-10-25 08:00:00+00:00,2024-10-25 08:15:00+00:00,sweep_reclaim,long,2732.125,2731.875,2732.625,0.25,12,london,2024-10-25 08:15:00+00:00,2731.875,sl,0,-1.0,val,2024
2024-10-29 07:30:00+00:00,2024-10-29 07:45:00+00:00,rejection,long,2745.265,2741.715,2752.3649999999993,3.549999999999727,12,london,2024-10-29 09:00:00+00:00,2752.3649999999993,tp,5,2.0,val,2024
2024-10-29 09:30:00+00:00,2024-10-29 09:45:00+00:00,rejection,long,2756.145,2749.818,2768.7989999999995,6.326999999999771,12,london,2024-10-29 10:15:00+00:00,2749.818,sl,2,-1.0,val,2024
2024-10-30 10:15:00+00:00,2024-10-30 10:30:00+00:00,rejection,long,2780.358,2775.915,2789.2440000000006,4.443000000000211,12,london,2024-10-30 13:30:00+00:00,2786.195,timeout,12,1.3137519693899868,val,2024
2024-10-31 07:15:00+00:00,2024-10-31 07:30:00+00:00,compression_expansion,long,2787.135,2785.028,2791.349000000001,2.1070000000004256,12,london,2024-10-31 09:00:00+00:00,2785.028,sl,6,-1.0,val,2024
2024-10-31 09:00:00+00:00,2024-10-31 09:15:00+00:00,rejection,long,2785.665,2785.555,2785.885,0.11000000000012733,12,london,2024-10-31 09:15:00+00:00,2785.555,sl,0,-1.0,val,2024
2024-11-01 09:15:00+00:00,2024-11-01 09:30:00+00:00,sweep_reclaim,short,2746.545,2749.895,2739.8450000000003,3.349999999999909,12,london,2024-11-01 10:30:00+00:00,2749.895,sl,4,-1.0,val,2024
2024-11-01 10:45:00+00:00,2024-11-01 11:00:00+00:00,sweep_reclaim,short,2749.425,2750.035,2748.205000000001,0.6099999999996726,12,london,2024-11-01 11:00:00+00:00,2750.035,sl,0,-1.0,val,2024
2024-11-01 11:15:00+00:00,2024-11-01 11:30:00+00:00,sweep_reclaim,short,2751.395,2751.845,2750.4950000000003,0.4499999999998181,12,london,2024-11-01 11:45:00+00:00,2751.845,sl,1,-1.0,val,2024
2024-11-01 12:15:00+00:00,2024-11-01 12:30:00+00:00,sweep_reclaim,short,2752.345,2752.815,2751.4049999999993,0.47000000000025466,12,london,2024-11-01 12:30:00+00:00,2752.815,sl,0,-1.0,val,2024
2024-11-04 07:00:00+00:00,2024-11-04 07:15:00+00:00,rejection,short,2738.825,2740.215,2736.044999999999,1.3900000000003274,12,london,2024-11-04 08:00:00+00:00,2740.215,sl,3,-1.0,val,2024
2024-11-04 10:45:00+00:00,2024-11-04 11:00:00+00:00,sweep_reclaim,short,2740.815,2742.185,2738.0750000000003,1.3699999999998909,12,london,2024-11-04 12:15:00+00:00,2742.185,sl,5,-1.0,val,2024
2024-11-04 12:30:00+00:00,2024-11-04 12:45:00+00:00,sweep_reclaim,short,2740.355,2743.325,2734.4150000000004,2.9699999999998,12,london,2024-11-04 14:15:00+00:00,2743.325,sl,6,-1.0,val,2024
2024-11-05 07:00:00+00:00,2024-11-05 07:15:00+00:00,compression_expansion,short,2735.364,2737.135,2731.8219999999997,1.7710000000001855,12,london,2024-11-05 09:45:00+00:00,2731.8219999999997,tp,10,2.0,val,2024
2024-11-05 10:15:00+00:00,2024-11-05 10:30:00+00:00,rejection,short,2728.695,2734.165,2717.7550000000006,5.4699999999998,12,london,2024-11-05 10:45:00+00:00,2734.165,sl,1,-1.0,val,2024
2024-11-05 12:45:00+00:00,2024-11-05 13:00:00+00:00,rejection,short,2735.175,2736.395,2732.7350000000006,1.2199999999998,12,london,2024-11-05 13:00:00+00:00,2732.7350000000006,tp,0,2.0,val,2024
2024-11-06 12:30:00+00:00,2024-11-06 12:45:00+00:00,rejection,short,2737.945,2743.438,2726.9590000000003,5.492999999999938,12,london,2024-11-06 13:30:00+00:00,2726.9590000000003,tp,3,2.0,val,2024
2024-11-07 08:00:00+00:00,2024-11-07 08:15:00+00:00,rejection,short,2661.165,2664.075,2655.3450000000003,2.9099999999998545,12,london,2024-11-07 08:30:00+00:00,2655.3450000000003,tp,1,2.0,val,2024
2024-11-07 10:15:00+00:00,2024-11-07 10:30:00+00:00,rejection,short,2656.438,2657.748,2653.818,1.3099999999999454,12,london,2024-11-07 10:30:00+00:00,2657.748,sl,0,-1.0,val,2024
2024-11-07 11:00:00+00:00,2024-11-07 11:15:00+00:00,rejection,short,2659.045,2660.554,2656.027,1.5090000000000146,12,london,2024-11-07 11:45:00+00:00,2656.027,tp,2,2.0,val,2024
2024-11-11 08:00:00+00:00,2024-11-11 08:15:00+00:00,rejection,short,2683.985,2684.535,2682.8850000000007,0.5499999999997272,12,london,2024-11-11 08:15:00+00:00,2682.8850000000007,tp,0,2.0,val,2024
2024-11-11 12:15:00+00:00,2024-11-11 12:30:00+00:00,rejection,short,2671.395,2672.295,2669.595,0.900000000000091,12,london,2024-11-11 12:30:00+00:00,2669.595,tp,0,2.0,val,2024
2024-11-12 09:00:00+00:00,2024-11-12 09:15:00+00:00,sweep_reclaim,short,2624.495,2625.085,2623.3149999999996,0.5900000000001455,12,london,2024-11-12 09:15:00+00:00,2623.3149999999996,tp,0,2.0,val,2024
2024-11-12 10:15:00+00:00,2024-11-12 10:30:00+00:00,rejection,short,2621.778,2625.335,2614.6639999999993,3.5570000000002437,12,london,2024-11-12 12:30:00+00:00,2614.6639999999993,tp,8,2.0,test,2024
2024-11-13 07:00:00+00:00,2024-11-13 07:15:00+00:00,rejection,short,2598.045,2599.358,2595.419,1.3130000000001019,12,london,2024-11-13 07:30:00+00:00,2599.358,sl,1,-1.0,test,2024
2024-11-13 09:00:00+00:00,2024-11-13 09:15:00+00:00,sweep_reclaim,short,2607.555,2610.385,2601.894999999999,2.830000000000382,12,london,2024-11-13 10:00:00+00:00,2610.385,sl,3,-1.0,test,2024
2024-11-14 10:45:00+00:00,2024-11-14 11:00:00+00:00,rejection,short,2561.285,2564.985,2553.8849999999993,3.700000000000273,12,london,2024-11-14 12:00:00+00:00,2564.985,sl,4,-1.0,test,2024
2024-11-15 07:45:00+00:00,2024-11-15 08:00:00+00:00,rejection,short,2566.375,2567.215,2564.6949999999997,0.8400000000001455,12,london,2024-11-15 08:00:00+00:00,2567.215,sl,0,-1.0,test,2024
2024-11-19 12:15:00+00:00,2024-11-19 12:30:00+00:00,rejection,long,2622.635,2621.385,2625.135,1.25,12,london,2024-11-19 13:00:00+00:00,2621.385,sl,2,-1.0,test,2024
2024-11-20 08:00:00+00:00,2024-11-20 08:15:00+00:00,rejection,long,2638.905,2635.555,2645.605000000001,3.350000000000364,12,london,2024-11-20 11:15:00+00:00,2638.115,timeout,12,-0.23582089552248733,test,2024
2024-11-21 12:30:00+00:00,2024-11-21 12:45:00+00:00,rejection,long,2655.578,2655.245,2656.244,0.3330000000000837,12,london,2024-11-21 12:45:00+00:00,2655.245,sl,0,-1.0,test,2024
2024-11-21 12:45:00+00:00,2024-11-21 13:00:00+00:00,compression_expansion,long,2657.285,2654.435,2662.9849999999997,2.849999999999909,12,london,2024-11-21 14:30:00+00:00,2662.9849999999997,tp,6,2.0,test,2024
2024-11-22 07:15:00+00:00,2024-11-22 07:30:00+00:00,compression_expansion,long,2671.245,2668.575,2676.585,2.6700000000000728,12,london,2024-11-22 08:00:00+00:00,2676.585,tp,2,2.0,test,2024
2024-11-22 08:15:00+00:00,2024-11-22 08:30:00+00:00,rejection,long,2678.025,2671.355,2691.3650000000002,6.670000000000073,12,london,2024-11-22 11:30:00+00:00,2683.795,timeout,12,0.8650674662668544,test,2024
2024-11-25 09:30:00+00:00,2024-11-25 09:45:00+00:00,rejection,long,2701.255,2697.448,2708.8690000000006,3.8070000000002437,12,london,2024-11-25 09:45:00+00:00,2697.448,sl,0,-1.0,test,2024
2024-11-26 11:30:00+00:00,2024-11-26 11:45:00+00:00,rejection,short,2628.015,2631.298,2621.449,3.2829999999999018,12,london,2024-11-26 12:30:00+00:00,2621.449,tp,3,2.0,test,2024
2024-11-28 07:00:00+00:00,2024-11-28 07:15:00+00:00,rejection,short,2636.605,2637.295,2635.225,0.6900000000000546,12,london,2024-11-28 07:30:00+00:00,2637.295,sl,1,-1.0,test,2024
2024-11-28 12:00:00+00:00,2024-11-28 12:15:00+00:00,rejection,short,2630.095,2633.905,2622.474999999999,3.8100000000004,12,london,2024-11-28 13:00:00+00:00,2633.905,sl,3,-1.0,test,2024
2024-11-29 07:45:00+00:00,2024-11-29 08:00:00+00:00,rejection,short,2638.125,2638.765,2636.8450000000003,0.6399999999998727,12,london,2024-11-29 08:00:00+00:00,2636.8450000000003,tp,0,2.0,test,2024
2024-11-29 10:45:00+00:00,2024-11-29 11:00:00+00:00,rejection,long,2658.714,2654.695,2666.7519999999995,4.018999999999778,12,london,2024-11-29 14:00:00+00:00,2664.735,timeout,12,1.4981338641454387,test,2024
2024-12-03 10:00:00+00:00,2024-12-03 10:15:00+00:00,rejection,short,2636.665,2637.625,2634.745,0.9600000000000364,12,london,2024-12-03 10:15:00+00:00,2637.625,sl,0,-1.0,test,2024
2024-12-03 12:00:00+00:00,2024-12-03 12:15:00+00:00,rejection,short,2638.935,2642.315,2632.1749999999997,3.380000000000109,12,london,2024-12-03 13:15:00+00:00,2642.315,sl,4,-1.0,test,2024
2024-12-05 08:15:00+00:00,2024-12-05 08:30:00+00:00,sweep_reclaim,long,2650.265,2647.485,2655.8249999999994,2.7799999999997453,12,london,2024-12-05 08:45:00+00:00,2647.485,sl,1,-1.0,test,2024
2024-12-05 09:00:00+00:00,2024-12-05 09:15:00+00:00,sweep_reclaim,long,2647.275,2646.695,2648.435,0.5799999999999272,12,london,2024-12-05 09:15:00+00:00,2646.695,sl,0,-1.0,test,2024
2024-12-05 09:15:00+00:00,2024-12-05 09:30:00+00:00,sweep_reclaim,long,2646.925,2646.095,2648.585000000001,0.830000000000382,12,london,2024-12-05 09:30:00+00:00,2646.095,sl,0,-1.0,test,2024
2024-12-06 07:00:00+00:00,2024-12-06 07:15:00+00:00,sweep_reclaim,short,2632.515,2633.345,2630.855,0.8299999999999272,12,london,2024-12-06 08:00:00+00:00,2630.855,tp,3,2.0,test,2024
2024-12-06 08:45:00+00:00,2024-12-06 09:00:00+00:00,rejection,short,2619.835,2630.455,2598.5950000000003,10.61999999999989,12,london,2024-12-06 10:30:00+00:00,2630.455,sl,6,-1.0,test,2024
2024-12-06 11:30:00+00:00,2024-12-06 11:45:00+00:00,sweep_reclaim,short,2641.905,2642.925,2639.8650000000002,1.0199999999999818,12,london,2024-12-06 11:45:00+00:00,2642.925,sl,0,-1.0,test,2024
2024-12-06 11:45:00+00:00,2024-12-06 12:00:00+00:00,rejection,short,2642.325,2644.405,2638.164999999999,2.080000000000382,12,london,2024-12-06 12:45:00+00:00,2638.164999999999,tp,3,2.0,test,2024
2024-12-10 08:45:00+00:00,2024-12-10 09:00:00+00:00,rejection,long,2663.505,2662.785,2664.9450000000006,0.7200000000002547,12,london,2024-12-10 09:00:00+00:00,2662.785,sl,0,-1.0,test,2024
2024-12-10 11:00:00+00:00,2024-12-10 11:15:00+00:00,rejection,long,2670.125,2665.304,2679.767,4.820999999999913,12,london,2024-12-10 14:15:00+00:00,2668.405,timeout,12,-0.3567724538477144,test,2024
2024-12-11 07:15:00+00:00,2024-12-11 07:30:00+00:00,rejection,long,2694.744,2694.155,2695.922,0.5889999999999418,12,london,2024-12-11 07:30:00+00:00,2695.922,tp,0,2.0,test,2024
2024-12-11 08:15:00+00:00,2024-12-11 08:30:00+00:00,rejection,long,2699.825,2697.605,2704.2649999999994,2.2199999999998,12,london,2024-12-11 10:45:00+00:00,2697.605,sl,9,-1.0,test,2024
2024-12-11 12:00:00+00:00,2024-12-11 12:15:00+00:00,sweep_reclaim,long,2683.775,2683.575,2684.1750000000006,0.20000000000027285,12,london,2024-12-11 12:15:00+00:00,2683.575,sl,0,-1.0,test,2024
2024-12-12 07:00:00+00:00,2024-12-12 07:15:00+00:00,rejection,long,2719.115,2717.165,2723.0149999999994,1.949999999999818,12,london,2024-12-12 08:00:00+00:00,2723.0149999999994,tp,3,2.0,test,2024
2024-12-12 09:00:00+00:00,2024-12-12 09:15:00+00:00,rejection,long,2710.595,2697.885,2736.014999999999,12.709999999999582,12,london,2024-12-12 12:15:00+00:00,2713.425,timeout,12,0.2226593233674646,test,2024
2024-12-12 12:30:00+00:00,2024-12-12 12:45:00+00:00,rejection,long,2713.645,2711.075,2718.7850000000003,2.5700000000001637,12,london,2024-12-12 13:15:00+00:00,2711.075,sl,2,-1.0,test,2024
2024-12-13 08:30:00+00:00,2024-12-13 08:45:00+00:00,sweep_reclaim,short,2689.185,2690.735,2686.0849999999996,1.550000000000182,12,london,2024-12-13 08:45:00+00:00,2690.735,sl,0,-1.0,test,2024
2024-12-13 09:45:00+00:00,2024-12-13 10:00:00+00:00,rejection,short,2686.295,2689.828,2679.2290000000003,3.5329999999999018,12,london,2024-12-13 10:45:00+00:00,2689.828,sl,3,-1.0,test,2024
2024-12-16 08:45:00+00:00,2024-12-16 09:00:00+00:00,rejection,short,2652.215,2655.448,2645.7490000000007,3.23299999999972,12,london,2024-12-16 10:45:00+00:00,2655.448,sl,7,-1.0,test,2024
2024-12-16 10:45:00+00:00,2024-12-16 11:00:00+00:00,rejection,short,2653.214,2654.348,2650.946,1.1340000000000146,12,london,2024-12-16 12:15:00+00:00,2650.946,tp,5,2.0,test,2024
2024-12-16 12:15:00+00:00,2024-12-16 12:30:00+00:00,compression_expansion,short,2650.148,2653.595,2643.254000000001,3.4469999999996617,12,london,2024-12-16 13:15:00+00:00,2653.595,sl,3,-1.0,test,2024
2024-12-17 07:15:00+00:00,2024-12-17 07:30:00+00:00,rejection,short,2651.405,2652.475,2649.265000000001,1.069999999999709,12,london,2024-12-17 07:30:00+00:00,2652.475,sl,0,-1.0,test,2024
2024-12-19 09:00:00+00:00,2024-12-19 09:15:00+00:00,sweep_reclaim,short,2613.115,2617.905,2603.534999999999,4.790000000000418,12,london,2024-12-19 12:15:00+00:00,2609.605,timeout,12,0.7327766179539577,test,2024
2024-12-20 11:15:00+00:00,2024-12-20 11:30:00+00:00,rejection,short,2598.895,2599.065,2598.555,0.17000000000007276,12,london,2024-12-20 11:30:00+00:00,2599.065,sl,0,-1.0,test,2024
2024-12-23 07:00:00+00:00,2024-12-23 07:15:00+00:00,rejection,long,2624.198,2621.535,2629.524,2.663000000000011,12,london,2024-12-23 07:45:00+00:00,2621.535,sl,2,-1.0,test,2024
2024-12-23 10:45:00+00:00,2024-12-23 11:00:00+00:00,rejection,long,2624.755,2623.375,2627.5150000000003,1.3800000000001091,12,london,2024-12-23 11:00:00+00:00,2623.375,sl,0,-1.0,test,2024
2024-12-23 11:00:00+00:00,2024-12-23 11:15:00+00:00,rejection,long,2624.075,2622.175,2627.874999999999,1.8999999999996362,12,london,2024-12-23 12:30:00+00:00,2627.874999999999,tp,5,2.0,test,2024
2024-12-24 07:15:00+00:00,2024-12-24 07:30:00+00:00,rejection,short,2615.178,2616.975,2611.584,1.7970000000000255,12,london,2024-12-24 08:00:00+00:00,2616.975,sl,2,-1.0,test,2024
2024-12-24 08:15:00+00:00,2024-12-24 08:30:00+00:00,sweep_reclaim,short,2615.335,2617.655,2610.6949999999997,2.3200000000001637,12,london,2024-12-24 08:45:00+00:00,2617.655,sl,1,-1.0,test,2024
2024-12-24 12:45:00+00:00,2024-12-24 13:00:00+00:00,rejection,long,2619.598,2618.655,2621.4839999999995,0.9429999999997563,12,london,2024-12-24 13:00:00+00:00,2618.655,sl,0,-1.0,test,2024
2024-12-26 10:15:00+00:00,2024-12-26 10:30:00+00:00,rejection,long,2628.265,2625.685,2633.4249999999997,2.5799999999999272,12,london,2024-12-26 11:00:00+00:00,2625.685,sl,2,-1.0,test,2024
2024-12-26 11:00:00+00:00,2024-12-26 11:15:00+00:00,rejection,long,2626.775,2625.885,2628.555,0.8899999999998727,12,london,2024-12-26 11:45:00+00:00,2628.555,tp,2,2.0,test,2024
2024-12-26 12:15:00+00:00,2024-12-26 12:30:00+00:00,rejection,long,2626.915,2626.865,2627.0150000000003,0.0500000000001819,12,london,2024-12-26 12:30:00+00:00,2626.865,sl,0,-1.0,test,2024
2024-12-27 08:00:00+00:00,2024-12-27 08:15:00+00:00,rejection,long,2632.075,2631.255,2633.7149999999992,0.819999999999709,12,london,2024-12-27 08:15:00+00:00,2633.7149999999992,tp,0,2.0,test,2024
2024-12-27 09:45:00+00:00,2024-12-27 10:00:00+00:00,sweep_reclaim,long,2629.815,2629.625,2630.195,0.19000000000005457,12,london,2024-12-27 10:00:00+00:00,2630.195,tp,0,2.0,test,2024
2024-12-30 07:00:00+00:00,2024-12-30 07:15:00+00:00,sweep_reclaim,short,2623.825,2625.815,2619.8449999999993,1.9900000000002365,12,london,2024-12-30 08:30:00+00:00,2625.815,sl,5,-1.0,test,2024
2024-12-30 08:45:00+00:00,2024-12-30 09:00:00+00:00,sweep_reclaim,short,2625.165,2626.155,2623.1849999999995,0.9900000000002365,12,london,2024-12-30 09:15:00+00:00,2623.1849999999995,tp,1,2.0,test,2024
2024-12-31 08:45:00+00:00,2024-12-31 09:00:00+00:00,sweep_reclaim,short,2608.495,2611.185,2603.115,2.6900000000000546,12,london,2024-12-31 12:00:00+00:00,2606.848,timeout,12,0.6122676579925282,test,2024
2025-01-02 09:00:00+00:00,2025-01-02 09:15:00+00:00,rejection,long,2633.998,2629.405,2643.1839999999997,4.592999999999847,12,london,2025-01-02 12:15:00+00:00,2633.248,timeout,12,-0.1632919660352765,test,2025
2025-01-03 07:00:00+00:00,2025-01-03 07:15:00+00:00,rejection,long,2658.725,2657.945,2660.2849999999994,0.7799999999997453,12,london,2025-01-03 07:15:00+00:00,2660.2849999999994,tp,0,2.0,test,2025
2025-01-03 07:15:00+00:00,2025-01-03 07:30:00+00:00,compression_expansion,long,2660.615,2657.685,2666.4749999999995,2.9299999999998363,12,london,2025-01-03 08:45:00+00:00,2657.685,sl,5,-1.0,test,2025
2025-01-03 09:15:00+00:00,2025-01-03 09:30:00+00:00,sweep_reclaim,long,2659.905,2656.598,2666.5190000000007,3.3070000000002437,12,london,2025-01-03 12:30:00+00:00,2660.155,timeout,12,0.07559721802237121,test,2025
2025-01-07 08:15:00+00:00,2025-01-07 08:30:00+00:00,sweep_reclaim,short,2636.188,2637.675,2633.214,1.48700000000008,12,london,2025-01-07 08:30:00+00:00,2637.675,sl,0,-1.0,test,2025
2025-01-08 09:00:00+00:00,2025-01-08 09:15:00+00:00,rejection,long,2648.395,2646.975,2651.235,1.4200000000000728,12,london,2025-01-08 09:15:00+00:00,2646.975,sl,0,-1.0,test,2025
2025-01-08 09:15:00+00:00,2025-01-08 09:30:00+00:00,sweep_reclaim,long,2648.245,2646.975,2650.785,1.2699999999999818,12,london,2025-01-08 09:30:00+00:00,2646.975,sl,0,-1.0,test,2025
2025-01-08 09:45:00+00:00,2025-01-08 10:00:00+00:00,sweep_reclaim,long,2648.515,2646.248,2653.0489999999995,2.2669999999998254,12,london,2025-01-08 10:45:00+00:00,2646.248,sl,3,-1.0,test,2025
2025-01-08 10:45:00+00:00,2025-01-08 11:00:00+00:00,sweep_reclaim,long,2647.098,2646.485,2648.3239999999996,0.612999999999829,12,london,2025-01-08 11:00:00+00:00,2646.485,sl,0,-1.0,test,2025
2025-01-08 11:30:00+00:00,2025-01-08 11:45:00+00:00,rejection,long,2647.505,2646.398,2649.719,1.106999999999971,12,london,2025-01-08 11:45:00+00:00,2646.398,sl,0,-1.0,test,2025
2025-01-09 07:45:00+00:00,2025-01-09 08:00:00+00:00,rejection,long,2660.535,2659.305,2662.995,1.2300000000000182,12,london,2025-01-09 08:15:00+00:00,2659.305,sl,1,-1.0,test,2025
2025-01-09 09:30:00+00:00,2025-01-09 09:45:00+00:00,sweep_reclaim,long,2657.585,2656.738,2659.2790000000005,0.8470000000002074,12,london,2025-01-09 09:45:00+00:00,2656.738,sl,0,-1.0,test,2025
2025-01-09 09:45:00+00:00,2025-01-09 10:00:00+00:00,rejection,long,2657.665,2656.168,2660.6589999999997,1.4969999999998436,12,london,2025-01-09 10:15:00+00:00,2660.6589999999997,tp,1,2.0,test,2025
2025-01-10 07:00:00+00:00,2025-01-10 07:15:00+00:00,rejection,long,2669.725,2669.485,2670.2049999999995,0.23999999999978172,12,london,2025-01-10 07:15:00+00:00,2669.485,sl,0,-1.0,test,2025
2025-01-10 07:30:00+00:00,2025-01-10 07:45:00+00:00,rejection,long,2669.655,2668.325,2672.315000000001,1.330000000000382,12,london,2025-01-10 09:30:00+00:00,2672.315000000001,tp,7,2.0,test,2025
2025-01-10 10:15:00+00:00,2025-01-10 10:30:00+00:00,rejection,long,2673.525,2672.485,2675.605,1.0399999999999636,12,london,2025-01-10 11:45:00+00:00,2672.485,sl,5,-1.0,test,2025
2025-01-10 12:45:00+00:00,2025-01-10 13:00:00+00:00,rejection,long,2675.005,2671.405,2682.205,3.599999999999909,12,london,2025-01-10 16:00:00+00:00,2679.758,timeout,12,1.3202777777777284,test,2025
2025-01-13 10:15:00+00:00,2025-01-13 10:30:00+00:00,rejection,long,2687.695,2687.165,2688.7550000000006,0.5300000000002001,12,london,2025-01-13 10:30:00+00:00,2687.165,sl,0,-1.0,test,2025
2025-01-14 07:00:00+00:00,2025-01-14 07:15:00+00:00,sweep_reclaim,short,2667.299,2668.148,2665.6009999999997,0.8490000000001601,12,london,2025-01-14 07:15:00+00:00,2668.148,sl,0,-1.0,test,2025
2025-01-14 08:15:00+00:00,2025-01-14 08:30:00+00:00,sweep_reclaim,short,2670.095,2671.965,2666.354999999999,1.8700000000003456,12,london,2025-01-14 10:00:00+00:00,2671.965,sl,6,-1.0,test,2025
2025-01-15 10:15:00+00:00,2025-01-15 10:30:00+00:00,rejection,long,2674.005,2669.979,2682.0570000000007,4.026000000000295,12,london,2025-01-15 13:30:00+00:00,2682.0570000000007,tp,12,2.0,test,2025
2025-01-16 08:00:00+00:00,2025-01-16 08:15:00+00:00,rejection,long,2696.425,2692.945,2703.385,3.480000000000018,12,london,2025-01-16 11:15:00+00:00,2697.508,timeout,12,0.3112068965516159,test,2025
2025-01-16 11:15:00+00:00,2025-01-16 11:30:00+00:00,rejection,long,2697.428,2696.025,2700.2339999999995,1.4029999999997926,12,london,2025-01-16 12:15:00+00:00,2696.025,sl,3,-1.0,test,2025
2025-01-17 07:00:00+00:00,2025-01-17 07:15:00+00:00,rejection,long,2714.455,2712.195,2718.9749999999995,2.2599999999997635,12,london,2025-01-17 08:00:00+00:00,2712.195,sl,3,-1.0,test,2025
2025-01-17 09:15:00+00:00,2025-01-17 09:30:00+00:00,rejection,long,2715.855,2710.485,2726.595,5.369999999999891,12,london,2025-01-17 12:30:00+00:00,2713.465,timeout,12,-0.44506517690873765,test,2025
2025-01-21 07:30:00+00:00,2025-01-21 07:45:00+00:00,rejection,long,2710.355,2709.295,2712.475,1.0599999999999454,12,london,2025-01-21 07:45:00+00:00,2709.295,sl,0,-1.0,test,2025
2025-01-21 07:45:00+00:00,2025-01-21 08:00:00+00:00,rejection,long,2710.435,2709.305,2712.695,1.1300000000001091,12,london,2025-01-21 08:00:00+00:00,2709.305,sl,0,-1.0,test,2025
2025-01-21 09:00:00+00:00,2025-01-21 09:15:00+00:00,rejection,long,2717.675,2708.215,2736.5950000000003,9.460000000000036,12,london,2025-01-21 12:15:00+00:00,2727.459,timeout,12,1.034249471458733,test,2025
2025-01-22 07:30:00+00:00,2025-01-22 07:45:00+00:00,rejection,long,2744.148,2743.085,2746.2740000000003,1.0630000000001019,12,london,2025-01-22 08:00:00+00:00,2746.2740000000003,tp,1,2.0,test,2025
2025-01-22 08:45:00+00:00,2025-01-22 09:00:00+00:00,rejection,long,2748.565,2746.665,2752.3650000000002,1.900000000000091,12,london,2025-01-22 09:45:00+00:00,2746.665,sl,3,-1.0,test,2025
2025-01-22 10:15:00+00:00,2025-01-22 10:30:00+00:00,rejection,long,2749.065,2746.078,2755.039,2.98700000000008,12,london,2025-01-22 12:45:00+00:00,2755.039,tp,9,2.0,test,2025
2025-01-23 07:15:00+00:00,2025-01-23 07:30:00+00:00,sweep_reclaim,long,2754.378,2753.548,2756.038000000001,0.830000000000382,12,london,2025-01-23 08:15:00+00:00,2753.548,sl,3,-1.0,test,2025
2025-01-24 07:00:00+00:00,2025-01-24 07:15:00+00:00,rejection,long,2754.435,2753.448,2756.409,0.98700000000008,12,london,2025-01-24 07:15:00+00:00,2756.409,tp,0,2.0,test,2025
2025-01-24 07:15:00+00:00,2025-01-24 07:30:00+00:00,compression_expansion,long,2756.288,2753.448,2761.9680000000003,2.8400000000001455,12,london,2025-01-24 09:00:00+00:00,2761.9680000000003,tp,6,2.0,test,2025
2025-01-24 11:30:00+00:00,2025-01-24 11:45:00+00:00,rejection,long,2772.395,2771.275,2774.6349999999998,1.1199999999998909,12,london,2025-01-24 11:45:00+00:00,2771.275,sl,0,-1.0,test,2025
2025-01-28 09:15:00+00:00,2025-01-28 09:30:00+00:00,rejection,short,2739.535,2744.435,2729.7349999999997,4.900000000000091,12,london,2025-01-28 12:15:00+00:00,2744.435,sl,11,-1.0,test,2025
2025-01-29 08:00:00+00:00,2025-01-29 08:15:00+00:00,rejection,long,2764.405,2762.405,2768.405,2.0,12,london,2025-01-29 10:30:00+00:00,2762.405,sl,9,-1.0,test,2025
2025-01-29 10:30:00+00:00,2025-01-29 10:45:00+00:00,rejection,long,2763.095,2762.825,2763.6349999999998,0.2699999999999818,12,london,2025-01-29 10:45:00+00:00,2762.825,sl,0,-1.0,test,2025
2025-01-29 12:15:00+00:00,2025-01-29 12:30:00+00:00,sweep_reclaim,long,2762.465,2761.895,2763.6050000000005,0.5700000000001637,12,london,2025-01-29 12:30:00+00:00,2761.895,sl,0,-1.0,test,2025
2025-01-30 08:30:00+00:00,2025-01-30 08:45:00+00:00,rejection,long,2760.405,2758.785,2763.645000000001,1.6200000000003456,12,london,2025-01-30 11:45:00+00:00,2760.685,timeout,12,0.17283950617264543,test,2025
2025-01-31 08:15:00+00:00,2025-01-31 08:30:00+00:00,rejection,long,2795.965,2794.265,2799.3650000000007,1.7000000000002728,12,london,2025-01-31 11:30:00+00:00,2794.765,timeout,12,-0.7058823529412237,test,2025
2025-01-31 12:00:00+00:00,2025-01-31 12:15:00+00:00,rejection,long,2795.675,2794.455,2798.1150000000007,1.2200000000002547,12,london,2025-01-31 12:45:00+00:00,2794.455,sl,2,-1.0,test,2025
2025-02-04 08:15:00+00:00,2025-02-04 08:30:00+00:00,rejection,long,2816.965,2814.565,2821.7650000000003,2.400000000000091,12,london,2025-02-04 08:45:00+00:00,2821.7650000000003,tp,1,2.0,test,2025
2025-02-04 11:30:00+00:00,2025-02-04 11:45:00+00:00,rejection,long,2819.645,2817.295,2824.345,2.349999999999909,12,london,2025-02-04 12:15:00+00:00,2817.295,sl,2,-1.0,test,2025
2025-02-04 12:30:00+00:00,2025-02-04 12:45:00+00:00,rejection,long,2816.895,2813.125,2824.435,3.769999999999982,12,london,2025-02-04 13:15:00+00:00,2813.125,sl,2,-1.0,test,2025
2025-02-05 08:15:00+00:00,2025-02-05 08:30:00+00:00,rejection,long,2846.435,2843.758,2851.789,2.6770000000001346,12,london,2025-02-05 08:30:00+00:00,2843.758,sl,0,-1.0,test,2025
2025-02-05 10:15:00+00:00,2025-02-05 10:30:00+00:00,rejection,long,2852.355,2847.585,2861.895,4.769999999999982,12,london,2025-02-05 13:30:00+00:00,2860.655,timeout,12,1.7400419287212188,test,2025
2025-02-06 09:30:00+00:00,2025-02-06 09:45:00+00:00,rejection,long,2870.675,2868.085,2875.8550000000005,2.5900000000001455,12,london,2025-02-06 10:30:00+00:00,2868.085,sl,3,-1.0,test,2025
2025-02-06 12:15:00+00:00,2025-02-06 12:30:00+00:00,rejection,long,2869.115,2867.948,2871.4489999999996,1.1669999999999163,12,london,2025-02-06 12:45:00+00:00,2867.948,sl,1,-1.0,test,2025
2025-02-07 11:00:00+00:00,2025-02-07 11:15:00+00:00,rejection,long,2867.875,2866.925,2869.7749999999996,0.9499999999998181,12,london,2025-02-07 11:15:00+00:00,2866.925,sl,0,-1.0,test,2025
2025-02-07 11:15:00+00:00,2025-02-07 11:30:00+00:00,rejection,long,2867.985,2865.728,2872.4990000000003,2.257000000000062,12,london,2025-02-07 12:15:00+00:00,2865.728,sl,3,-1.0,test,2025
2025-02-10 09:45:00+00:00,2025-02-10 10:00:00+00:00,rejection,long,2873.845,2871.115,2879.305,2.730000000000018,12,london,2025-02-10 12:00:00+00:00,2879.305,tp,8,2.0,test,2025
2025-02-10 12:45:00+00:00,2025-02-10 13:00:00+00:00,rejection,long,2878.515,2877.635,2880.274999999999,0.8799999999996544,12,london,2025-02-10 13:00:00+00:00,2877.635,sl,0,-1.0,test,2025
2025-02-11 10:15:00+00:00,2025-02-11 10:30:00+00:00,rejection,long,2915.625,2905.015,2936.8450000000003,10.610000000000127,12,london,2025-02-11 13:30:00+00:00,2922.705,timeout,12,0.6672950047125205,test,2025
2025-02-13 07:30:00+00:00,2025-02-13 07:45:00+00:00,rejection,long,2906.935,2901.975,2916.855,4.960000000000036,12,london,2025-02-13 08:30:00+00:00,2901.975,sl,3,-1.0,test,2025
2025-02-13 10:15:00+00:00,2025-02-13 10:30:00+00:00,rejection,long,2909.475,2906.408,2915.609,3.0670000000000073,12,london,2025-02-13 10:30:00+00:00,2915.609,tp,0,2.0,test,2025
2025-02-13 10:30:00+00:00,2025-02-13 10:45:00+00:00,compression_expansion,long,2914.098,2906.408,2929.478,7.690000000000055,12,london,2025-02-13 13:45:00+00:00,2913.855,timeout,12,-0.03159947984394492,test,2025
2025-02-14 07:30:00+00:00,2025-02-14 07:45:00+00:00,rejection,long,2928.395,2927.298,2930.5890000000004,1.0970000000002074,12,london,2025-02-14 08:15:00+00:00,2930.5890000000004,tp,2,2.0,test,2025
2025-02-14 12:15:00+00:00,2025-02-14 12:30:00+00:00,rejection,long,2928.765,2925.485,2935.3249999999994,3.2799999999997453,12,london,2025-02-14 13:45:00+00:00,2935.3249999999994,tp,5,2.0,test,2025
2025-02-17 07:45:00+00:00,2025-02-17 08:00:00+00:00,rejection,short,2883.785,2887.995,2875.365,4.210000000000036,12,london,2025-02-17 08:15:00+00:00,2887.995,sl,1,-1.0,test,2025
2025-02-17 11:00:00+00:00,2025-02-17 11:15:00+00:00,sweep_reclaim,short,2903.115,2904.065,2901.2149999999992,0.9500000000002728,12,london,2025-02-17 11:15:00+00:00,2904.065,sl,0,-1.0,test,2025
2025-02-17 11:15:00+00:00,2025-02-17 11:30:00+00:00,sweep_reclaim,short,2903.365,2904.465,2901.164999999999,1.1000000000003638,12,london,2025-02-17 11:30:00+00:00,2904.465,sl,0,-1.0,test,2025
2025-02-17 11:30:00+00:00,2025-02-17 11:45:00+00:00,sweep_reclaim,short,2903.495,2904.525,2901.4349999999995,1.0300000000002,12,london,2025-02-17 11:45:00+00:00,2901.4349999999995,tp,0,2.0,test,2025
2025-02-17 11:45:00+00:00,2025-02-17 12:00:00+00:00,compression_expansion,short,2899.385,2904.775,2888.6050000000005,5.389999999999873,12,london,2025-02-17 12:30:00+00:00,2904.775,sl,2,-1.0,test,2025
2025-02-18 08:00:00+00:00,2025-02-18 08:15:00+00:00,sweep_reclaim,short,2898.398,2900.035,2895.1240000000007,1.6369999999997162,12,london,2025-02-18 08:15:00+00:00,2895.1240000000007,tp,0,2.0,test,2025
2025-02-18 09:30:00+00:00,2025-02-18 09:45:00+00:00,rejection,short,2897.165,2898.145,2895.205,0.9800000000000182,12,london,2025-02-18 09:45:00+00:00,2898.145,sl,0,-1.0,test,2025
2025-02-19 08:30:00+00:00,2025-02-19 08:45:00+00:00,rejection,long,2932.155,2927.575,2941.315000000001,4.580000000000382,12,london,2025-02-19 10:00:00+00:00,2927.575,sl,5,-1.0,test,2025
2025-02-19 10:15:00+00:00,2025-02-19 10:30:00+00:00,rejection,long,2927.855,2924.0,2935.565,3.855000000000018,12,london,2025-02-19 13:15:00+00:00,2935.565,tp,11,2.0,test,2025
2025-02-20 07:15:00+00:00,2025-02-20 07:30:00+00:00,compression_expansion,long,2939.385,2933.495,2951.165000000001,5.890000000000327,12,london,2025-02-20 10:30:00+00:00,2942.615,timeout,12,0.5483870967740889,test,2025
2025-02-20 10:45:00+00:00,2025-02-20 11:00:00+00:00,rejection,long,2942.265,2940.455,2945.8849999999998,1.8099999999999454,12,london,2025-02-20 11:00:00+00:00,2940.455,sl,0,-1.0,test,2025
2025-02-20 11:30:00+00:00,2025-02-20 11:45:00+00:00,rejection,long,2940.445,2939.678,2941.9790000000007,0.7670000000002801,12,london,2025-02-20 11:45:00+00:00,2939.678,sl,0,-1.0,test,2025
2025-02-20 11:45:00+00:00,2025-02-20 12:00:00+00:00,rejection,long,2940.795,2939.355,2943.675,1.4400000000000546,12,london,2025-02-20 12:00:00+00:00,2939.355,sl,0,-1.0,test,2025
2025-02-24 10:30:00+00:00,2025-02-24 10:45:00+00:00,sweep_reclaim,short,2941.305,2943.125,2937.6649999999995,1.8200000000001637,12,london,2025-02-24 10:45:00+00:00,2943.125,sl,0,-1.0,test,2025
2025-02-24 10:45:00+00:00,2025-02-24 11:00:00+00:00,sweep_reclaim,short,2940.798,2944.225,2933.9439999999995,3.4270000000001346,12,london,2025-02-24 14:00:00+00:00,2938.935,timeout,12,0.5436241610737542,test,2025
2025-02-25 09:15:00+00:00,2025-02-25 09:30:00+00:00,rejection,long,2950.355,2944.995,2961.0750000000003,5.360000000000127,12,london,2025-02-25 10:30:00+00:00,2944.995,sl,4,-1.0,test,2025
2025-02-26 09:45:00+00:00,2025-02-26 10:00:00+00:00,rejection,short,2917.435,2919.955,2912.395,2.519999999999982,12,london,2025-02-26 10:00:00+00:00,2919.955,sl,0,-1.0,test,2025
2025-02-27 10:15:00+00:00,2025-02-27 10:30:00+00:00,rejection,short,2907.205,2913.215,2895.1849999999995,6.010000000000218,12,london,2025-02-27 12:15:00+00:00,2895.1849999999995,tp,7,2.0,test,2025
2025-02-28 07:00:00+00:00,2025-02-28 07:15:00+00:00,rejection,short,2875.545,2878.095,2870.4450000000006,2.549999999999727,12,london,2025-02-28 07:30:00+00:00,2878.095,sl,1,-1.0,test,2025
2025-02-28 08:00:00+00:00,2025-02-28 08:15:00+00:00,rejection,short,2877.425,2880.125,2872.0250000000005,2.699999999999818,12,london,2025-02-28 08:15:00+00:00,2880.125,sl,0,-1.0,test,2025
2025-02-28 08:15:00+00:00,2025-02-28 08:30:00+00:00,rejection,short,2879.198,2880.125,2877.3439999999996,0.9270000000001346,12,london,2025-02-28 08:30:00+00:00,2880.125,sl,0,-1.0,test,2025
2025-02-28 10:15:00+00:00,2025-02-28 10:30:00+00:00,rejection,short,2872.808,2876.518,2865.388,3.7100000000000364,12,london,2025-02-28 10:45:00+00:00,2865.388,tp,1,2.0,test,2025
2025-02-28 11:00:00+00:00,2025-02-28 11:15:00+00:00,rejection,short,2864.665,2873.355,2847.285,8.690000000000055,12,london,2025-02-28 14:15:00+00:00,2862.325,timeout,12,0.26927502876871473,test,2025
2025-03-04 08:30:00+00:00,2025-03-04 08:45:00+00:00,rejection,long,2885.165,2882.495,2890.505,2.6700000000000728,12,london,2025-03-04 10:30:00+00:00,2890.505,tp,7,2.0,test,2025
2025-03-05 07:15:00+00:00,2025-03-05 07:30:00+00:00,rejection,long,2913.905,2913.448,2914.819000000001,0.4570000000003347,12,london,2025-03-05 07:30:00+00:00,2914.819000000001,tp,0,2.0,test,2025
2025-03-05 08:30:00+00:00,2025-03-05 08:45:00+00:00,sweep_reclaim,long,2908.985,2904.128,2918.699,4.856999999999971,12,london,2025-03-05 09:45:00+00:00,2904.128,sl,4,-1.0,test,2025
2025-03-05 09:45:00+00:00,2025-03-05 10:00:00+00:00,sweep_reclaim,long,2907.785,2905.545,2912.2649999999994,2.2399999999997817,12,london,2025-03-05 10:00:00+00:00,2905.545,sl,0,-1.0,test,2025
2025-03-06 08:00:00+00:00,2025-03-06 08:15:00+00:00,rejection,long,2917.375,2917.305,2917.5150000000003,0.07000000000016371,12,london,2025-03-06 08:15:00+00:00,2917.305,sl,0,-1.0,test,2025
2025-03-06 08:15:00+00:00,2025-03-06 08:30:00+00:00,rejection,long,2918.385,2915.695,2923.7650000000003,2.6900000000000546,12,london,2025-03-06 09:00:00+00:00,2923.7650000000003,tp,2,2.0,test,2025
2025-03-06 12:30:00+00:00,2025-03-06 12:45:00+00:00,sweep_reclaim,long,2917.235,2915.225,2921.2550000000006,2.0100000000002183,12,london,2025-03-06 13:00:00+00:00,2915.225,sl,1,-1.0,test,2025
2025-03-10 07:45:00+00:00,2025-03-10 08:00:00+00:00,rejection,long,2914.955,2913.528,2917.809,1.4270000000001346,12,london,2025-03-10 08:00:00+00:00,2913.528,sl,0,-1.0,test,2025
2025-03-10 08:00:00+00:00,2025-03-10 08:15:00+00:00,rejection,long,2914.355,2913.528,2916.0090000000005,0.8270000000002256,12,london,2025-03-10 08:15:00+00:00,2916.0090000000005,tp,0,2.0,test,2025
2025-03-10 09:30:00+00:00,2025-03-10 09:45:00+00:00,rejection,long,2910.485,2909.708,2912.039,0.7770000000000437,12,london,2025-03-10 09:45:00+00:00,2912.039,tp,0,2.0,test,2025
2025-03-11 09:45:00+00:00,2025-03-11 10:00:00+00:00,rejection,short,2896.415,2898.778,2891.6890000000003,2.362999999999829,12,london,2025-03-11 10:00:00+00:00,2898.778,sl,0,-1.0,test,2025
2025-03-11 10:00:00+00:00,2025-03-11 10:15:00+00:00,sweep_reclaim,short,2898.245,2898.778,2897.179,0.5329999999999018,12,london,2025-03-11 10:15:00+00:00,2898.778,sl,0,-1.0,test,2025
2025-03-12 07:30:00+00:00,2025-03-12 07:45:00+00:00,sweep_reclaim,long,2914.245,2913.295,2916.1449999999995,0.9499999999998181,12,london,2025-03-12 07:45:00+00:00,2913.295,sl,0,-1.0,test,2025
2025-03-12 08:15:00+00:00,2025-03-12 08:30:00+00:00,sweep_reclaim,long,2912.555,2911.875,2913.9149999999995,0.6799999999998363,12,london,2025-03-12 08:30:00+00:00,2913.9149999999995,tp,0,2.0,test,2025
2025-03-12 09:15:00+00:00,2025-03-12 09:30:00+00:00,rejection,long,2915.045,2913.755,2917.625,1.2899999999999636,12,london,2025-03-12 09:45:00+00:00,2917.625,tp,1,2.0,test,2025
2025-03-12 10:00:00+00:00,2025-03-12 10:15:00+00:00,rejection,long,2916.915,2914.595,2921.5550000000003,2.3200000000001637,12,london,2025-03-12 11:00:00+00:00,2914.595,sl,3,-1.0,test,2025
2025-03-12 11:30:00+00:00,2025-03-12 11:45:00+00:00,rejection,long,2914.955,2913.485,2917.8949999999995,1.4699999999998,12,london,2025-03-12 12:15:00+00:00,2913.485,sl,2,-1.0,test,2025
2025-03-13 07:00:00+00:00,2025-03-13 07:15:00+00:00,rejection,long,2937.855,2934.435,2944.695,3.4200000000000728,12,london,2025-03-13 10:00:00+00:00,2944.695,tp,11,2.0,test,2025
2025-03-13 10:15:00+00:00,2025-03-13 10:30:00+00:00,rejection,long,2944.225,2939.175,2954.3249999999994,5.049999999999727,12,london,2025-03-13 12:30:00+00:00,2939.175,sl,8,-1.0,test,2025
2025-03-14 07:30:00+00:00,2025-03-14 07:45:00+00:00,rejection,long,2986.215,2985.098,2988.4490000000005,1.1170000000001892,12,london,2025-03-14 07:45:00+00:00,2985.098,sl,0,-1.0,test,2025
2025-03-14 09:00:00+00:00,2025-03-14 09:15:00+00:00,rejection,long,2987.365,2981.475,2999.1449999999995,5.889999999999873,12,london,2025-03-14 12:15:00+00:00,2984.795,timeout,12,-0.43633276740233695,test,2025
2025-03-17 10:45:00+00:00,2025-03-17 11:00:00+00:00,sweep_reclaim,long,2987.205,2985.855,2989.9049999999997,1.349999999999909,12,london,2025-03-17 11:15:00+00:00,2985.855,sl,1,-1.0,test,2025
2025-03-18 08:45:00+00:00,2025-03-18 09:00:00+00:00,rejection,long,3004.398,2999.265,3014.6640000000007,5.133000000000266,12,london,2025-03-18 10:30:00+00:00,3014.6640000000007,tp,6,2.0,test,2025
2025-03-19 08:00:00+00:00,2025-03-19 08:15:00+00:00,rejection,long,3032.225,3030.258,3036.159,1.9670000000000982,12,london,2025-03-19 08:15:00+00:00,3030.258,sl,0,-1.0,test,2025
2025-03-19 08:30:00+00:00,2025-03-19 08:45:00+00:00,sweep_reclaim,long,3028.968,3028.725,3029.4539999999997,0.24299999999993815,12,london,2025-03-19 08:45:00+00:00,3028.725,sl,0,-1.0,test,2025
2025-03-19 09:00:00+00:00,2025-03-19 09:15:00+00:00,sweep_reclaim,long,3029.445,3027.338,3033.659,2.106999999999971,12,london,2025-03-19 10:15:00+00:00,3033.659,tp,4,2.0,test,2025
2025-03-19 10:15:00+00:00,2025-03-19 10:30:00+00:00,rejection,long,3034.195,3030.465,3041.655,3.730000000000018,12,london,2025-03-19 12:45:00+00:00,3041.655,tp,9,2.0,test,2025
2025-03-20 07:15:00+00:00,2025-03-20 07:30:00+00:00,compression_expansion,long,3051.198,3048.895,3055.8039999999996,2.3029999999998836,12,london,2025-03-20 08:30:00+00:00,3055.8039999999996,tp,4,2.0,test,2025
2025-03-20 09:30:00+00:00,2025-03-20 09:45:00+00:00,rejection,long,3051.245,3048.105,3057.5249999999996,3.1399999999998727,12,london,2025-03-20 09:45:00+00:00,3048.105,sl,0,-1.0,test,2025
2025-03-20 10:30:00+00:00,2025-03-20 10:45:00+00:00,rejection,long,3048.635,3044.768,3056.3690000000006,3.867000000000189,12,london,2025-03-20 11:45:00+00:00,3056.3690000000006,tp,4,2.0,test,2025
2025-03-21 07:30:00+00:00,2025-03-21 07:45:00+00:00,rejection,long,3044.355,3043.465,3046.1349999999998,0.8899999999998727,12,london,2025-03-21 07:45:00+00:00,3043.465,sl,0,-1.0,test,2025
2025-03-24 07:15:00+00:00,2025-03-24 07:30:00+00:00,rejection,short,3023.205,3025.765,3018.085,2.5599999999999454,12,london,2025-03-24 08:00:00+00:00,3018.085,tp,2,2.0,test,2025
2025-03-24 10:30:00+00:00,2025-03-24 10:45:00+00:00,rejection,short,3016.975,3018.435,3014.055,1.4600000000000364,12,london,2025-03-24 11:30:00+00:00,3018.435,sl,3,-1.0,test,2025
2025-03-24 11:30:00+00:00,2025-03-24 11:45:00+00:00,rejection,short,3018.015,3018.365,3017.315,0.34999999999990905,12,london,2025-03-24 11:45:00+00:00,3017.315,tp,0,2.0,test,2025
2025-03-25 07:45:00+00:00,2025-03-25 08:00:00+00:00,rejection,short,3010.835,3011.635,3009.2349999999997,0.8000000000001819,12,london,2025-03-25 08:00:00+00:00,3011.635,sl,0,-1.0,test,2025
2025-03-25 08:15:00+00:00,2025-03-25 08:30:00+00:00,rejection,short,3012.665,3014.715,3008.5649999999996,2.050000000000182,12,london,2025-03-25 09:15:00+00:00,3008.5649999999996,tp,3,2.0,test,2025
2025-03-25 11:15:00+00:00,2025-03-25 11:30:00+00:00,sweep_reclaim,short,3014.805,3016.085,3012.2449999999994,1.2800000000002,12,london,2025-03-25 11:45:00+00:00,3016.085,sl,1,-1.0,test,2025
2025-03-26 10:45:00+00:00,2025-03-26 11:00:00+00:00,rejection,long,3018.365,3017.905,3019.284999999999,0.45999999999958163,12,london,2025-03-26 11:00:00+00:00,3017.905,sl,0,-1.0,test,2025
2025-03-26 12:15:00+00:00,2025-03-26 12:30:00+00:00,compression_expansion,short,3015.085,3015.535,3014.1850000000004,0.4499999999998181,12,london,2025-03-26 12:30:00+00:00,3015.535,sl,0,-1.0,test,2025
2025-03-27 09:00:00+00:00,2025-03-27 09:15:00+00:00,rejection,long,3024.198,3024.058,3024.4779999999996,0.13999999999987267,12,london,2025-03-27 09:15:00+00:00,3024.058,sl,0,-1.0,test,2025
2025-03-27 10:00:00+00:00,2025-03-27 10:15:00+00:00,rejection,long,3031.085,3025.805,3041.6450000000004,5.2800000000002,12,london,2025-03-27 13:15:00+00:00,3029.155,timeout,12,-0.3655303030302582,test,2025
2025-03-28 08:30:00+00:00,2025-03-28 08:45:00+00:00,rejection,long,3066.795,3061.445,3077.495,5.349999999999909,12,london,2025-03-28 11:45:00+00:00,3072.958,timeout,12,1.1519626168224515,test,2025
2025-03-28 12:30:00+00:00,2025-03-28 12:45:00+00:00,compression_expansion,long,3076.745,3072.305,3085.625,4.440000000000055,12,london,2025-03-28 14:15:00+00:00,3085.625,tp,6,2.0,test,2025
2025-03-31 07:15:00+00:00,2025-03-31 07:30:00+00:00,rejection,long,3087.685,3087.645,3087.765,0.03999999999996362,12,london,2025-03-31 07:30:00+00:00,3087.645,sl,0,-1.0,test,2025
2025-03-31 07:45:00+00:00,2025-03-31 08:00:00+00:00,rejection,long,3083.985,3082.415,3087.1250000000005,1.5700000000001637,12,london,2025-03-31 08:00:00+00:00,3082.415,sl,0,-1.0,test,2025
2025-03-31 10:00:00+00:00,2025-03-31 10:15:00+00:00,rejection,long,3106.645,3096.048,3127.8390000000004,10.597000000000207,12,london,2025-03-31 13:15:00+00:00,3122.805,timeout,12,1.5249598943096667,test,2025
2025-04-01 09:45:00+00:00,2025-04-01 10:00:00+00:00,rejection,long,3142.755,3132.758,3162.7490000000007,9.997000000000298,12,london,2025-04-01 13:00:00+00:00,3132.758,sl,12,-1.0,test,2025
2025-04-02 09:45:00+00:00,2025-04-02 10:00:00+00:00,rejection,long,3132.748,3130.545,3137.154,2.2029999999999745,12,london,2025-04-02 10:00:00+00:00,3130.545,sl,0,-1.0,test,2025
2025-04-02 12:45:00+00:00,2025-04-02 13:00:00+00:00,sweep_reclaim,long,3116.015,3111.958,3124.1289999999995,4.056999999999789,12,london,2025-04-02 15:00:00+00:00,3124.1289999999995,tp,8,2.0,test,2025
2025-04-03 08:30:00+00:00,2025-04-03 08:45:00+00:00,rejection,long,3152.545,3145.865,3165.9050000000007,6.680000000000291,12,london,2025-04-03 09:45:00+00:00,3145.865,sl,4,-1.0,test,2025
2025-04-03 10:00:00+00:00,2025-04-03 10:15:00+00:00,rejection,long,3147.205,3144.335,3152.9449999999997,2.869999999999891,12,london,2025-04-03 12:00:00+00:00,3144.335,sl,7,-1.0,test,2025
2025-04-04 07:15:00+00:00,2025-04-04 07:30:00+00:00,rejection,short,3112.205,3116.165,3104.285,3.9600000000000364,12,london,2025-04-04 09:30:00+00:00,3104.285,tp,8,2.0,test,2025
2025-04-07 07:30:00+00:00,2025-04-07 07:45:00+00:00,rejection,short,2980.685,3008.995,2924.065,28.309999999999945,12,london,2025-04-07 08:15:00+00:00,3008.995,sl,2,-1.0,test,2025
2025-04-07 09:00:00+00:00,2025-04-07 09:15:00+00:00,sweep_reclaim,short,3037.615,3054.645,3003.5549999999994,17.0300000000002,12,london,2025-04-07 09:15:00+00:00,3054.645,sl,0,-1.0,test,2025
2025-04-07 10:45:00+00:00,2025-04-07 11:00:00+00:00,rejection,short,3027.345,3030.948,3020.1389999999997,3.6030000000000655,12,london,2025-04-07 11:00:00+00:00,3020.1389999999997,tp,0,2.0,test,2025
2025-04-07 11:30:00+00:00,2025-04-07 11:45:00+00:00,rejection,short,3025.355,3031.598,3012.869,6.242999999999938,12,london,2025-04-07 11:45:00+00:00,3031.598,sl,0,-1.0,test,2025
2025-04-08 08:15:00+00:00,2025-04-08 08:30:00+00:00,sweep_reclaim,short,2989.785,2992.485,2984.3849999999993,2.700000000000273,12,london,2025-04-08 08:30:00+00:00,2992.485,sl,0,-1.0,test,2025
2025-04-08 08:45:00+00:00,2025-04-08 09:00:00+00:00,sweep_reclaim,short,2999.255,3000.715,2996.335,1.4600000000000364,12,london,2025-04-08 09:00:00+00:00,3000.715,sl,0,-1.0,test,2025
2025-04-08 10:30:00+00:00,2025-04-08 10:45:00+00:00,rejection,short,2995.035,3003.565,2977.9749999999995,8.5300000000002,12,london,2025-04-08 12:15:00+00:00,3003.565,sl,6,-1.0,test,2025
2025-04-09 07:15:00+00:00,2025-04-09 07:30:00+00:00,rejection,short,2977.735,2980.425,2972.355,2.6900000000000546,12,london,2025-04-09 07:30:00+00:00,2980.425,sl,0,-1.0,test,2025
2025-04-10 07:15:00+00:00,2025-04-10 07:30:00+00:00,rejection,long,3086.105,3081.965,3094.3849999999998,4.139999999999873,12,london,2025-04-10 07:30:00+00:00,3094.3849999999998,tp,0,2.0,test,2025
2025-04-10 08:30:00+00:00,2025-04-10 08:45:00+00:00,rejection,long,3087.345,3084.855,3092.3249999999994,2.4899999999997817,12,london,2025-04-10 08:45:00+00:00,3084.855,sl,0,-1.0,test,2025
2025-04-10 08:45:00+00:00,2025-04-10 09:00:00+00:00,rejection,long,3087.345,3082.395,3097.2449999999994,4.949999999999818,12,london,2025-04-10 09:00:00+00:00,3097.2449999999994,tp,0,2.0,test,2025
2025-04-10 10:15:00+00:00,2025-04-10 10:30:00+00:00,rejection,long,3122.685,3110.775,3146.5049999999997,11.909999999999854,12,london,2025-04-10 13:30:00+00:00,3121.215,timeout,12,-0.12342569269519882,test,2025
2025-04-11 08:30:00+00:00,2025-04-11 08:45:00+00:00,rejection,long,3211.769,3202.275,3230.756999999999,9.493999999999687,12,london,2025-04-11 11:45:00+00:00,3212.695,timeout,12,0.09753528544348179,test,2025
2025-04-11 12:15:00+00:00,2025-04-11 12:30:00+00:00,rejection,long,3208.625,3208.235,3209.4049999999997,0.38999999999987267,12,london,2025-04-11 12:30:00+00:00,3209.4049999999997,tp,0,2.0,test,2025
2025-04-14 11:00:00+00:00,2025-04-14 11:15:00+00:00,rejection,long,3232.495,3228.715,3240.0549999999994,3.7799999999997453,12,london,2025-04-14 12:00:00+00:00,3228.715,sl,3,-1.0,test,2025
2025-04-14 12:30:00+00:00,2025-04-14 12:45:00+00:00,rejection,long,3224.965,3223.665,3227.5650000000005,1.300000000000182,12,london,2025-04-14 12:45:00+00:00,3223.665,sl,0,-1.0,test,2025
2025-04-15 09:30:00+00:00,2025-04-15 09:45:00+00:00,rejection,long,3220.425,3218.455,3224.3650000000007,1.9700000000002547,12,london,2025-04-15 10:00:00+00:00,3224.3650000000007,tp,1,2.0,test,2025
2025-04-15 11:00:00+00:00,2025-04-15 11:15:00+00:00,compression_expansion,long,3229.045,3223.325,3240.4850000000006,5.720000000000255,12,london,2025-04-15 12:45:00+00:00,3223.325,sl,6,-1.0,test,2025
2025-04-16 10:30:00+00:00,2025-04-16 10:45:00+00:00,compression_expansion,long,3275.385,3265.905,3294.3450000000003,9.480000000000018,12,london,2025-04-16 13:45:00+00:00,3294.3450000000003,tp,12,2.0,test,2025
2025-04-17 08:45:00+00:00,2025-04-17 09:00:00+00:00,rejection,long,3341.955,3338.005,3349.8549999999996,3.949999999999818,12,london,2025-04-17 09:00:00+00:00,3338.005,sl,0,-1.0,test,2025
2025-04-17 11:15:00+00:00,2025-04-17 11:30:00+00:00,rejection,long,3342.695,3338.755,3350.5750000000003,3.9400000000000546,12,london,2025-04-17 11:45:00+00:00,3338.755,sl,1,-1.0,test,2025
2025-04-21 07:00:00+00:00,2025-04-21 07:15:00+00:00,rejection,long,3348.975,3343.365,3360.195,5.610000000000127,12,london,2025-04-21 07:45:00+00:00,3360.195,tp,2,2.0,test,2025
2025-04-21 08:30:00+00:00,2025-04-21 08:45:00+00:00,rejection,long,3373.065,3364.635,3389.9249999999997,8.429999999999836,12,london,2025-04-21 11:45:00+00:00,3375.135,timeout,12,0.24555160142351173,test,2025
2025-04-21 12:45:00+00:00,2025-04-21 13:00:00+00:00,rejection,long,3383.325,3375.415,3399.1449999999995,7.9099999999998545,12,london,2025-04-21 16:00:00+00:00,3392.985,timeout,12,1.221238938053159,test,2025
2025-04-22 09:15:00+00:00,2025-04-22 09:30:00+00:00,rejection,long,3450.725,3437.355,3477.4649999999997,13.36999999999989,12,london,2025-04-22 10:15:00+00:00,3477.4649999999997,tp,3,2.0,test,2025
2025-04-22 12:45:00+00:00,2025-04-22 13:00:00+00:00,compression_expansion,long,3488.145,3477.175,3510.0849999999996,10.9699999999998,12,london,2025-04-22 13:45:00+00:00,3477.175,sl,3,-1.0,test,2025
2025-04-23 09:00:00+00:00,2025-04-23 09:15:00+00:00,sweep_reclaim,short,3376.695,3386.025,3358.0350000000003,9.329999999999927,12,london,2025-04-23 09:45:00+00:00,3358.0350000000003,tp,2,2.0,test,2025
2025-04-23 12:30:00+00:00,2025-04-23 12:45:00+00:00,compression_expansion,short,3342.045,3347.605,3330.925,5.559999999999945,12,london,2025-04-23 12:45:00+00:00,3330.925,tp,0,2.0,test,2025
2025-04-23 12:45:00+00:00,2025-04-23 13:00:00+00:00,compression_expansion,short,3322.795,3349.055,3270.2750000000005,26.259999999999764,12,london,2025-04-23 16:00:00+00:00,3321.285,timeout,12,0.05750190403656633,test,2025
2025-04-24 07:45:00+00:00,2025-04-24 08:00:00+00:00,rejection,short,3332.615,3337.555,3322.7349999999997,4.940000000000055,12,london,2025-04-24 08:00:00+00:00,3337.555,sl,0,-1.0,test,2025
2025-04-28 10:00:00+00:00,2025-04-28 10:15:00+00:00,rejection,short,3281.465,3282.975,3278.4450000000006,1.5099999999997635,12,london,2025-04-28 10:15:00+00:00,3282.975,sl,0,-1.0,test,2025
2025-04-28 11:15:00+00:00,2025-04-28 11:30:00+00:00,rejection,short,3290.025,3294.175,3281.725,4.150000000000091,12,london,2025-04-28 12:00:00+00:00,3294.175,sl,2,-1.0,test,2025
2025-04-29 07:15:00+00:00,2025-04-29 07:30:00+00:00,rejection,long,3337.945,3333.515,3346.8050000000007,4.430000000000291,12,london,2025-04-29 07:30:00+00:00,3333.515,sl,0,-1.0,test,2025
2025-04-29 08:15:00+00:00,2025-04-29 08:30:00+00:00,sweep_reclaim,long,3328.835,3326.765,3332.9750000000004,2.0700000000001637,12,london,2025-04-29 08:30:00+00:00,3332.9750000000004,tp,0,2.0,test,2025
2025-04-29 09:30:00+00:00,2025-04-29 09:45:00+00:00,rejection,long,3331.275,3322.525,3348.775,8.75,12,london,2025-04-29 10:00:00+00:00,3322.525,sl,1,-1.0,test,2025
2025-04-29 10:30:00+00:00,2025-04-29 10:45:00+00:00,sweep_reclaim,long,3314.065,3312.855,3316.485,1.2100000000000364,12,london,2025-04-29 10:45:00+00:00,3316.485,tp,0,2.0,test,2025
2025-04-30 09:30:00+00:00,2025-04-30 09:45:00+00:00,rejection,short,3310.825,3316.465,3299.544999999999,5.640000000000327,12,london,2025-04-30 12:45:00+00:00,3308.795,timeout,12,0.35992907801411833,test,2025
2025-05-01 10:00:00+00:00,2025-05-01 10:15:00+00:00,rejection,short,3240.095,3251.295,3217.6949999999993,11.200000000000273,12,london,2025-05-01 13:15:00+00:00,3235.715,timeout,12,0.3910714285713882,test,2025
2025-05-06 08:00:00+00:00,2025-05-06 08:15:00+00:00,sweep_reclaim,long,3335.615,3323.245,3360.3549999999996,12.36999999999989,12,london,2025-05-06 08:15:00+00:00,3360.3549999999996,tp,0,2.0,test,2025
2025-05-06 09:00:00+00:00,2025-05-06 09:15:00+00:00,rejection,long,3378.185,3354.705,3425.145,23.480000000000018,12,london,2025-05-06 10:00:00+00:00,3354.705,sl,3,-1.0,test,2025
2025-05-06 10:15:00+00:00,2025-05-06 10:30:00+00:00,rejection,long,3359.285,3353.959,3369.937,5.326000000000022,12,london,2025-05-06 10:30:00+00:00,3369.937,tp,0,2.0,test,2025
2025-05-08 10:15:00+00:00,2025-05-08 10:30:00+00:00,rejection,long,3404.985,3401.655,3411.645,3.3299999999999272,12,london,2025-05-08 10:30:00+00:00,3401.655,sl,0,-1.0,test,2025
2025-05-08 12:30:00+00:00,2025-05-08 12:45:00+00:00,sweep_reclaim,long,3374.565,3373.155,3377.3849999999998,1.4099999999998545,12,london,2025-05-08 12:45:00+00:00,3373.155,sl,0,-1.0,test,2025
2025-05-09 12:15:00+00:00,2025-05-09 12:30:00+00:00,sweep_reclaim,short,3326.575,3327.155,3325.414999999999,0.580000000000382,12,london,2025-05-09 12:30:00+00:00,3325.414999999999,tp,0,2.0,test,2025
2025-05-12 08:00:00+00:00,2025-05-12 08:15:00+00:00,rejection,short,3275.385,3287.235,3251.6850000000004,11.849999999999909,12,london,2025-05-12 11:15:00+00:00,3281.565,timeout,12,-0.5215189873417624,test,2025
2025-05-12 12:45:00+00:00,2025-05-12 13:00:00+00:00,compression_expansion,short,3270.635,3278.885,3254.135,8.25,12,london,2025-05-12 13:15:00+00:00,3278.885,sl,1,-1.0,test,2025
2025-05-13 08:15:00+00:00,2025-05-13 08:30:00+00:00,sweep_reclaim,short,3237.575,3241.855,3229.0149999999994,4.2800000000002,12,london,2025-05-13 08:30:00+00:00,3229.0149999999994,tp,0,2.0,test,2025
2025-05-13 12:30:00+00:00,2025-05-13 12:45:00+00:00,rejection,short,3256.765,3260.545,3249.2049999999995,3.7800000000002,12,london,2025-05-13 13:15:00+00:00,3249.2049999999995,tp,2,2.0,test,2025
2025-05-14 10:00:00+00:00,2025-05-14 10:15:00+00:00,rejection,short,3232.115,3238.505,3219.334999999999,6.390000000000327,12,london,2025-05-14 13:15:00+00:00,3232.375,timeout,12,-0.04068857589987558,test,2025
2025-05-15 07:00:00+00:00,2025-05-15 07:15:00+00:00,sweep_reclaim,short,3184.0,3186.735,3178.5299999999997,2.7350000000001273,12,london,2025-05-15 08:00:00+00:00,3186.735,sl,3,-1.0,test,2025
2025-05-15 08:15:00+00:00,2025-05-15 08:30:00+00:00,sweep_reclaim,short,3185.185,3189.915,3175.725,4.730000000000018,12,london,2025-05-15 09:00:00+00:00,3175.725,tp,2,2.0,test,2025
2025-05-15 10:45:00+00:00,2025-05-15 11:00:00+00:00,rejection,short,3153.475,3156.645,3147.1349999999998,3.1700000000000728,12,london,2025-05-15 11:15:00+00:00,3147.1349999999998,tp,1,2.0,test,2025
2025-05-15 12:30:00+00:00,2025-05-15 12:45:00+00:00,rejection,short,3139.625,3142.505,3133.865,2.880000000000109,12,london,2025-05-15 12:45:00+00:00,3133.865,tp,0,2.0,test,2025
2025-05-16 07:00:00+00:00,2025-05-16 07:15:00+00:00,rejection,long,3238.985,3237.065,3242.8250000000003,1.9200000000000728,12,london,2025-05-16 07:15:00+00:00,3237.065,sl,0,-1.0,test,2025
2025-05-16 07:15:00+00:00,2025-05-16 07:30:00+00:00,rejection,long,3238.755,3236.165,3243.9350000000004,2.5900000000001455,12,london,2025-05-16 07:30:00+00:00,3236.165,sl,0,-1.0,test,2025
2025-05-16 09:00:00+00:00,2025-05-16 09:15:00+00:00,sweep_reclaim,long,3224.265,3219.225,3234.345,5.039999999999964,12,london,2025-05-16 09:45:00+00:00,3219.225,sl,2,-1.0,test,2025
2025-05-16 11:45:00+00:00,2025-05-16 12:00:00+00:00,rejection,long,3217.095,3211.515,3228.2549999999997,5.579999999999927,12,london,2025-05-16 13:15:00+00:00,3228.2549999999997,tp,5,2.0,test,2025
2025-05-19 09:45:00+00:00,2025-05-19 10:00:00+00:00,rejection,long,3222.645,3217.075,3233.7850000000003,5.570000000000164,12,london,2025-05-19 10:45:00+00:00,3217.075,sl,3,-1.0,test,2025
2025-05-19 11:15:00+00:00,2025-05-19 11:30:00+00:00,sweep_reclaim,long,3211.555,3207.755,3219.1549999999993,3.799999999999727,12,london,2025-05-19 12:15:00+00:00,3219.1549999999993,tp,3,2.0,test,2025
2025-05-19 12:30:00+00:00,2025-05-19 12:45:00+00:00,rejection,long,3218.005,3213.475,3227.0650000000005,4.5300000000002,12,london,2025-05-19 13:15:00+00:00,3227.0650000000005,tp,2,2.0,test,2025
2025-05-21 09:15:00+00:00,2025-05-21 09:30:00+00:00,rejection,long,3296.735,3286.185,3317.8350000000005,10.550000000000182,12,london,2025-05-21 12:30:00+00:00,3303.255,timeout,12,0.6180094786729734,test,2025
2025-05-22 07:00:00+00:00,2025-05-22 07:15:00+00:00,rejection,long,3320.725,3319.428,3323.319,1.2970000000000255,12,london,2025-05-22 07:15:00+00:00,3323.319,tp,0,2.0,test,2025
2025-05-22 08:45:00+00:00,2025-05-22 09:00:00+00:00,rejection,long,3341.575,3320.145,3384.4349999999995,21.429999999999836,12,london,2025-05-22 12:00:00+00:00,3338.248,timeout,12,-0.15524965002332228,test,2025
2025-05-23 12:45:00+00:00,2025-05-23 13:00:00+00:00,rejection,long,3319.645,3312.248,3334.439,7.3969999999999345,12,london,2025-05-23 16:00:00+00:00,3325.498,timeout,12,0.7912667297553221,test,2025
2025-05-26 07:30:00+00:00,2025-05-26 07:45:00+00:00,sweep_reclaim,long,3337.495,3333.245,3345.995,4.25,12,london,2025-05-26 07:45:00+00:00,3333.245,sl,0,-1.0,test,2025
2025-05-26 08:15:00+00:00,2025-05-26 08:30:00+00:00,rejection,long,3339.925,3332.418,3354.9390000000003,7.507000000000062,12,london,2025-05-26 09:45:00+00:00,3354.9390000000003,tp,5,2.0,test,2025
2025-05-26 11:45:00+00:00,2025-05-26 12:00:00+00:00,rejection,long,3349.985,3346.875,3356.2050000000004,3.1100000000001273,12,london,2025-05-26 12:30:00+00:00,3346.875,sl,2,-1.0,test,2025
2025-05-27 07:45:00+00:00,2025-05-27 08:00:00+00:00,rejection,long,3344.898,3343.498,3347.6980000000003,1.400000000000091,12,london,2025-05-27 08:00:00+00:00,3343.498,sl,0,-1.0,test,2025
2025-05-27 08:00:00+00:00,2025-05-27 08:15:00+00:00,rejection,long,3345.848,3342.205,3353.134,3.643000000000029,12,london,2025-05-27 08:15:00+00:00,3342.205,sl,0,-1.0,test,2025
2025-05-27 09:45:00+00:00,2025-05-27 10:00:00+00:00,rejection,long,3342.585,3334.805,3358.1450000000004,7.7800000000002,12,london,2025-05-27 12:00:00+00:00,3334.805,sl,8,-1.0,test,2025
2025-05-29 07:15:00+00:00,2025-05-29 07:30:00+00:00,rejection,short,3259.295,3268.095,3241.6950000000006,8.799999999999727,12,london,2025-05-29 08:00:00+00:00,3268.095,sl,2,-1.0,test,2025
2025-05-29 10:00:00+00:00,2025-05-29 10:15:00+00:00,rejection,short,3268.818,3270.898,3264.6580000000004,2.0799999999999272,12,london,2025-05-29 10:15:00+00:00,3270.898,sl,0,-1.0,test,2025
2025-05-30 07:45:00+00:00,2025-05-30 08:00:00+00:00,sweep_reclaim,long,3313.298,3311.848,3316.1979999999994,1.449999999999818,12,london,2025-05-30 08:00:00+00:00,3311.848,sl,0,-1.0,test,2025
2025-05-30 08:00:00+00:00,2025-05-30 08:15:00+00:00,sweep_reclaim,long,3314.448,3310.198,3322.948,4.25,12,london,2025-05-30 08:45:00+00:00,3310.198,sl,2,-1.0,test,2025
2025-05-30 09:00:00+00:00,2025-05-30 09:15:00+00:00,sweep_reclaim,long,3311.248,3309.498,3314.748,1.75,12,london,2025-05-30 09:15:00+00:00,3309.498,sl,0,-1.0,test,2025
2025-06-02 10:45:00+00:00,2025-06-02 11:00:00+00:00,rejection,long,3305.248,3304.045,3307.654,1.2029999999999745,12,london,2025-06-02 11:00:00+00:00,3307.654,tp,0,2.0,test,2025
2025-06-03 07:30:00+00:00,2025-06-03 07:45:00+00:00,rejection,long,3381.148,3379.748,3383.9480000000003,1.400000000000091,12,london,2025-06-03 07:45:00+00:00,3379.748,sl,0,-1.0,test,2025
2025-06-03 08:30:00+00:00,2025-06-03 08:45:00+00:00,sweep_reclaim,long,3368.385,3365.0,3375.1550000000007,3.3850000000002183,12,london,2025-06-03 09:00:00+00:00,3375.1550000000007,tp,1,2.0,test,2025
2025-06-03 11:00:00+00:00,2025-06-03 11:15:00+00:00,rejection,long,3362.795,3359.445,3369.495,3.349999999999909,12,london,2025-06-03 11:45:00+00:00,3359.445,sl,2,-1.0,test,2025
2025-06-03 11:45:00+00:00,2025-06-03 12:00:00+00:00,sweep_reclaim,long,3361.575,3360.755,3363.2149999999992,0.819999999999709,12,london,2025-06-03 12:00:00+00:00,3363.2149999999992,tp,0,2.0,test,2025
2025-06-04 12:00:00+00:00,2025-06-04 12:15:00+00:00,rejection,long,3355.548,3352.585,3361.4739999999993,2.962999999999738,12,london,2025-06-04 12:15:00+00:00,3352.585,sl,0,-1.0,test,2025
2025-06-04 12:15:00+00:00,2025-06-04 12:30:00+00:00,rejection,long,3354.248,3352.138,3358.4680000000003,2.1100000000001273,12,london,2025-06-04 12:30:00+00:00,3352.138,sl,0,-1.0,test,2025
2025-06-04 12:30:00+00:00,2025-06-04 12:45:00+00:00,rejection,long,3352.648,3351.118,3355.7080000000005,1.5300000000002,12,london,2025-06-04 12:45:00+00:00,3351.118,sl,0,-1.0,test,2025
2025-06-04 12:45:00+00:00,2025-06-04 13:00:00+00:00,rejection,long,3353.725,3349.248,3362.6789999999996,4.476999999999862,12,london,2025-06-04 13:00:00+00:00,3349.248,sl,0,-1.0,test,2025
2025-06-05 07:15:00+00:00,2025-06-05 07:30:00+00:00,rejection,long,3379.045,3374.085,3388.965,4.960000000000036,12,london,2025-06-05 07:45:00+00:00,3374.085,sl,1,-1.0,test,2025
2025-06-05 09:00:00+00:00,2025-06-05 09:15:00+00:00,sweep_reclaim,long,3373.915,3371.755,3378.2349999999997,2.1599999999998545,12,london,2025-06-05 09:15:00+00:00,3371.755,sl,0,-1.0,test,2025
2025-06-05 09:30:00+00:00,2025-06-05 09:45:00+00:00,sweep_reclaim,long,3372.375,3369.215,3378.6949999999997,3.1599999999998545,12,london,2025-06-05 09:45:00+00:00,3369.215,sl,0,-1.0,test,2025
2025-06-05 11:45:00+00:00,2025-06-05 12:00:00+00:00,rejection,long,3368.485,3363.615,3378.225000000001,4.870000000000346,12,london,2025-06-05 12:45:00+00:00,3363.615,sl,3,-1.0,test,2025
2025-06-06 09:45:00+00:00,2025-06-06 10:00:00+00:00,rejection,short,3362.815,3365.075,3358.2950000000005,2.2599999999997635,12,london,2025-06-06 10:00:00+00:00,3365.075,sl,0,-1.0,test,2025
2025-06-06 10:00:00+00:00,2025-06-06 10:15:00+00:00,rejection,short,3362.515,3365.048,3357.449,2.5329999999999018,12,london,2025-06-06 10:30:00+00:00,3365.048,sl,1,-1.0,test,2025
2025-06-09 08:15:00+00:00,2025-06-09 08:30:00+00:00,rejection,short,3303.875,3311.725,3288.175,7.849999999999909,12,london,2025-06-09 11:00:00+00:00,3311.725,sl,10,-1.0,test,2025
2025-06-09 11:00:00+00:00,2025-06-09 11:15:00+00:00,rejection,short,3309.548,3309.998,3308.6479999999992,0.45000000000027285,12,london,2025-06-09 11:15:00+00:00,3309.998,sl,0,-1.0,test,2025
2025-06-09 11:30:00+00:00,2025-06-09 11:45:00+00:00,rejection,short,3311.355,3311.865,3310.3350000000005,0.5099999999997635,12,london,2025-06-09 11:45:00+00:00,3311.865,sl,0,-1.0,test,2025
2025-06-09 11:45:00+00:00,2025-06-09 12:00:00+00:00,rejection,short,3311.245,3312.955,3307.825,1.7100000000000364,12,london,2025-06-09 12:45:00+00:00,3312.955,sl,3,-1.0,test,2025
2025-06-10 08:15:00+00:00,2025-06-10 08:30:00+00:00,rejection,short,3314.285,3322.435,3297.9849999999997,8.150000000000091,12,london,2025-06-10 11:30:00+00:00,3302.845,timeout,12,1.403680981595083,test,2025
2025-06-11 07:45:00+00:00,2025-06-11 08:00:00+00:00,sweep_reclaim,short,3332.448,3333.598,3330.1479999999997,1.150000000000091,12,london,2025-06-11 08:00:00+00:00,3333.598,sl,0,-1.0,test,2025
2025-06-11 11:30:00+00:00,2025-06-11 11:45:00+00:00,rejection,long,3340.765,3336.745,3348.805,4.019999999999982,12,london,2025-06-11 13:00:00+00:00,3336.745,sl,5,-1.0,test,2025
2025-06-12 07:00:00+00:00,2025-06-12 07:15:00+00:00,rejection,long,3366.135,3362.998,3372.4090000000006,3.137000000000171,12,london,2025-06-12 07:15:00+00:00,3362.998,sl,0,-1.0,test,2025
2025-06-12 07:45:00+00:00,2025-06-12 08:00:00+00:00,rejection,long,3367.188,3361.938,3377.688,5.25,12,london,2025-06-12 11:00:00+00:00,3372.545,timeout,12,1.0203809523809468,test,2025
2025-06-13 08:45:00+00:00,2025-06-13 09:00:00+00:00,rejection,long,3430.465,3413.468,3464.4590000000007,16.9970000000003,12,london,2025-06-13 12:00:00+00:00,3425.205,timeout,12,-0.3094663764193755,test,2025
2025-06-16 08:45:00+00:00,2025-06-16 09:00:00+00:00,rejection,long,3440.145,3433.165,3454.105,6.980000000000018,12,london,2025-06-16 10:45:00+00:00,3433.165,sl,7,-1.0,test,2025
2025-06-16 11:00:00+00:00,2025-06-16 11:15:00+00:00,sweep_reclaim,long,3432.515,3431.645,3434.2549999999997,0.8699999999998909,12,london,2025-06-16 11:15:00+00:00,3431.645,sl,0,-1.0,test,2025
2025-06-16 12:15:00+00:00,2025-06-16 12:30:00+00:00,rejection,long,3427.065,3426.705,3427.7850000000003,0.36000000000012733,12,london,2025-06-16 12:30:00+00:00,3426.705,sl,0,-1.0,test,2025
2025-06-16 12:30:00+00:00,2025-06-16 12:45:00+00:00,rejection,long,3429.005,3421.715,3443.585,7.289999999999964,12,london,2025-06-16 12:45:00+00:00,3421.715,sl,0,-1.0,test,2025
2025-06-17 07:15:00+00:00,2025-06-17 07:30:00+00:00,rejection,short,3398.865,3402.695,3391.204999999999,3.830000000000382,12,london,2025-06-17 07:45:00+00:00,3402.695,sl,1,-1.0,test,2025
2025-06-17 07:45:00+00:00,2025-06-17 08:00:00+00:00,sweep_reclaim,short,3399.668,3402.445,3394.114,2.7770000000000437,12,london,2025-06-17 08:00:00+00:00,3394.114,tp,0,2.0,test,2025
2025-06-17 08:45:00+00:00,2025-06-17 09:00:00+00:00,rejection,short,3397.098,3402.285,3386.724,5.186999999999898,12,london,2025-06-17 10:15:00+00:00,3386.724,tp,5,2.0,test,2025
2025-06-17 12:30:00+00:00,2025-06-17 12:45:00+00:00,rejection,short,3391.715,3396.065,3383.0150000000003,4.349999999999909,12,london,2025-06-17 13:45:00+00:00,3383.0150000000003,tp,4,2.0,test,2025
2025-06-19 08:00:00+00:00,2025-06-19 08:15:00+00:00,sweep_reclaim,short,3378.148,3382.345,3369.754000000001,4.196999999999662,12,london,2025-06-19 08:15:00+00:00,3382.345,sl,0,-1.0,test,2025
2025-06-19 08:15:00+00:00,2025-06-19 08:30:00+00:00,sweep_reclaim,short,3382.048,3383.135,3379.873999999999,1.0870000000004438,12,london,2025-06-19 08:30:00+00:00,3379.873999999999,tp,0,2.0,test,2025
2025-06-19 12:15:00+00:00,2025-06-19 12:30:00+00:00,compression_expansion,short,3373.435,3374.998,3370.3089999999997,1.5630000000001019,12,london,2025-06-19 12:45:00+00:00,3370.3089999999997,tp,1,2.0,test,2025
2025-06-20 07:15:00+00:00,2025-06-20 07:30:00+00:00,rejection,short,3367.635,3369.898,3363.1090000000004,2.26299999999992,12,london,2025-06-20 08:15:00+00:00,3363.1090000000004,tp,3,2.0,test,2025
2025-06-20 09:15:00+00:00,2025-06-20 09:30:00+00:00,rejection,short,3355.898,3364.175,3339.344,8.277000000000044,12,london,2025-06-20 12:30:00+00:00,3347.215,timeout,12,1.0490515887398753,test,2025
2025-06-20 12:30:00+00:00,2025-06-20 12:45:00+00:00,compression_expansion,short,3347.235,3357.365,3326.975000000001,10.129999999999654,12,london,2025-06-20 15:45:00+00:00,3351.805,timeout,12,-0.4511352418558603,test,2025
2025-06-23 09:30:00+00:00,2025-06-23 09:45:00+00:00,rejection,short,3362.215,3363.535,3359.5750000000007,1.319999999999709,12,london,2025-06-23 09:45:00+00:00,3363.535,sl,0,-1.0,test,2025
2025-06-23 09:45:00+00:00,2025-06-23 10:00:00+00:00,rejection,short,3361.935,3364.745,3356.315,2.8099999999999454,12,london,2025-06-23 10:15:00+00:00,3364.745,sl,1,-1.0,test,2025
2025-06-23 10:30:00+00:00,2025-06-23 10:45:00+00:00,rejection,short,3361.348,3366.185,3351.674,4.836999999999989,12,london,2025-06-23 12:45:00+00:00,3351.674,tp,8,2.0,test,2025
2025-06-24 08:30:00+00:00,2025-06-24 08:45:00+00:00,rejection,short,3348.615,3354.955,3335.9349999999995,6.3400000000001455,12,london,2025-06-24 10:45:00+00:00,3354.955,sl,8,-1.0,test,2025
2025-06-24 10:45:00+00:00,2025-06-24 11:00:00+00:00,rejection,short,3352.575,3354.555,3348.615,1.9800000000000182,12,london,2025-06-24 11:15:00+00:00,3348.615,tp,1,2.0,test,2025
2025-06-24 11:30:00+00:00,2025-06-24 11:45:00+00:00,rejection,short,3348.515,3353.305,3338.935,4.789999999999964,12,london,2025-06-24 12:30:00+00:00,3338.935,tp,3,2.0,test,2025
2025-06-25 08:30:00+00:00,2025-06-25 08:45:00+00:00,sweep_reclaim,short,3329.248,3331.055,3325.6340000000005,1.806999999999789,12,london,2025-06-25 08:45:00+00:00,3331.055,sl,0,-1.0,test,2025
2025-06-27 08:15:00+00:00,2025-06-27 08:30:00+00:00,rejection,short,3317.048,3318.748,3313.6479999999992,1.7000000000002728,12,london,2025-06-27 08:30:00+00:00,3318.748,sl,0,-1.0,test,2025
2025-06-27 09:00:00+00:00,2025-06-27 09:15:00+00:00,rejection,short,3315.148,3321.845,3301.754000000001,6.696999999999662,12,london,2025-06-27 10:30:00+00:00,3301.754000000001,tp,5,2.0,test,2025
2025-06-27 12:30:00+00:00,2025-06-27 12:45:00+00:00,rejection,short,3296.295,3297.048,3294.7890000000007,0.7529999999997017,12,london,2025-06-27 12:45:00+00:00,3297.048,sl,0,-1.0,test,2025
2025-06-30 08:00:00+00:00,2025-06-30 08:15:00+00:00,rejection,short,3264.198,3269.448,3253.698,5.25,12,london,2025-06-30 08:30:00+00:00,3269.448,sl,1,-1.0,test,2025
2025-06-30 09:45:00+00:00,2025-06-30 10:00:00+00:00,sweep_reclaim,short,3277.648,3282.345,3268.254000000001,4.696999999999662,12,london,2025-06-30 10:30:00+00:00,3282.345,sl,2,-1.0,test,2025
2025-06-30 11:00:00+00:00,2025-06-30 11:15:00+00:00,rejection,short,3278.865,3282.575,3271.4449999999997,3.7100000000000364,12,london,2025-06-30 12:00:00+00:00,3282.575,sl,3,-1.0,test,2025
2025-07-01 08:45:00+00:00,2025-07-01 09:00:00+00:00,rejection,long,3318.905,3313.955,3328.8050000000007,4.950000000000273,12,london,2025-07-01 12:00:00+00:00,3323.345,timeout,12,0.8969696969695666,test,2025
2025-07-01 12:15:00+00:00,2025-07-01 12:30:00+00:00,compression_expansion,long,3328.365,3321.735,3341.624999999999,6.629999999999654,12,london,2025-07-01 15:15:00+00:00,3341.624999999999,tp,11,2.0,test,2025
2025-07-02 07:15:00+00:00,2025-07-02 07:30:00+00:00,sweep_reclaim,long,3343.948,3336.675,3358.4939999999992,7.2729999999996835,12,london,2025-07-02 07:45:00+00:00,3336.675,sl,1,-1.0,test,2025
2025-07-02 09:00:00+00:00,2025-07-02 09:15:00+00:00,rejection,long,3332.548,3330.665,3336.3139999999994,1.8829999999998108,12,london,2025-07-02 09:15:00+00:00,3330.665,sl,0,-1.0,test,2025
2025-07-02 10:30:00+00:00,2025-07-02 10:45:00+00:00,rejection,long,3338.765,3333.365,3349.565,5.400000000000091,12,london,2025-07-02 13:30:00+00:00,3333.365,sl,11,-1.0,test,2025
2025-07-03 08:15:00+00:00,2025-07-03 08:30:00+00:00,sweep_reclaim,long,3345.955,3343.268,3351.3289999999997,2.686999999999898,12,london,2025-07-03 08:30:00+00:00,3343.268,sl,0,-1.0,test,2025
2025-07-03 11:00:00+00:00,2025-07-03 11:15:00+00:00,rejection,long,3347.955,3345.598,3352.669,2.356999999999971,12,london,2025-07-03 12:15:00+00:00,3352.669,tp,4,2.0,test,2025
2025-07-04 07:00:00+00:00,2025-07-04 07:15:00+00:00,sweep_reclaim,short,3329.848,3331.698,3326.148,1.849999999999909,12,london,2025-07-04 07:15:00+00:00,3326.148,tp,0,2.0,test,2025
2025-07-04 09:00:00+00:00,2025-07-04 09:15:00+00:00,rejection,short,3329.785,3334.075,3321.205,4.289999999999964,12,london,2025-07-04 10:45:00+00:00,3334.075,sl,6,-1.0,test,2025
2025-07-04 11:30:00+00:00,2025-07-04 11:45:00+00:00,sweep_reclaim,short,3340.215,3340.598,3339.4490000000005,0.3829999999998108,12,london,2025-07-04 11:45:00+00:00,3340.598,sl,0,-1.0,test,2025
2025-07-07 07:00:00+00:00,2025-07-07 07:15:00+00:00,rejection,short,3326.965,3331.395,3318.1050000000005,4.429999999999836,12,london,2025-07-07 08:15:00+00:00,3318.1050000000005,tp,4,2.0,test,2025
2025-07-07 10:30:00+00:00,2025-07-07 10:45:00+00:00,rejection,short,3311.235,3312.815,3308.0750000000003,1.5799999999999272,12,london,2025-07-07 10:45:00+00:00,3312.815,sl,0,-1.0,test,2025
2025-07-07 10:45:00+00:00,2025-07-07 11:00:00+00:00,rejection,short,3310.548,3315.095,3301.4539999999997,4.5470000000000255,12,london,2025-07-07 14:00:00+00:00,3308.515,timeout,12,0.44710798328565876,test,2025
2025-07-08 08:15:00+00:00,2025-07-08 08:30:00+00:00,sweep_reclaim,long,3332.498,3330.859,3335.7760000000003,1.6390000000001237,12,london,2025-07-08 08:30:00+00:00,3330.859,sl,0,-1.0,test,2025
2025-07-08 09:45:00+00:00,2025-07-08 10:00:00+00:00,rejection,long,3336.605,3332.548,3344.7190000000005,4.057000000000244,12,london,2025-07-08 10:15:00+00:00,3332.548,sl,1,-1.0,test,2025
2025-07-08 10:30:00+00:00,2025-07-08 10:45:00+00:00,rejection,long,3331.425,3330.899,3332.4770000000008,0.5260000000002947,12,london,2025-07-08 10:45:00+00:00,3330.899,sl,0,-1.0,test,2025
2025-07-08 11:30:00+00:00,2025-07-08 11:45:00+00:00,sweep_reclaim,long,3330.398,3329.689,3331.8160000000007,0.7090000000002874,12,london,2025-07-08 12:00:00+00:00,3329.689,sl,1,-1.0,test,2025
2025-07-08 12:00:00+00:00,2025-07-08 12:15:00+00:00,sweep_reclaim,long,3330.015,3328.975,3332.095,1.0399999999999636,12,london,2025-07-08 12:15:00+00:00,3332.095,tp,0,2.0,test,2025
2025-07-09 09:15:00+00:00,2025-07-09 09:30:00+00:00,rejection,short,3300.485,3307.048,3287.359000000001,6.562999999999647,12,london,2025-07-09 10:00:00+00:00,3287.359000000001,tp,2,2.0,test,2025
2025-07-09 11:00:00+00:00,2025-07-09 11:15:00+00:00,rejection,short,3292.335,3294.005,3288.995,1.6700000000000728,12,london,2025-07-09 11:15:00+00:00,3294.005,sl,0,-1.0,test,2025
2025-07-09 12:30:00+00:00,2025-07-09 12:45:00+00:00,compression_expansion,short,3291.885,3297.548,3280.559000000001,5.662999999999556,12,london,2025-07-09 15:45:00+00:00,3287.485,timeout,12,0.776973335687875,test,2025
2025-07-10 11:15:00+00:00,2025-07-10 11:30:00+00:00,sweep_reclaim,long,3315.805,3314.935,3317.5449999999996,0.8699999999998909,12,london,2025-07-10 11:45:00+00:00,3317.5449999999996,tp,1,2.0,test,2025
2025-07-11 10:45:00+00:00,2025-07-11 11:00:00+00:00,rejection,long,3335.305,3332.125,3341.6649999999995,3.1799999999998363,12,london,2025-07-11 11:30:00+00:00,3332.125,sl,2,-1.0,test,2025
2025-07-14 09:45:00+00:00,2025-07-14 10:00:00+00:00,sweep_reclaim,long,3356.645,3354.375,3361.185,2.269999999999982,12,london,2025-07-14 11:15:00+00:00,3354.375,sl,5,-1.0,test,2025
2025-07-14 11:30:00+00:00,2025-07-14 11:45:00+00:00,sweep_reclaim,long,3355.645,3354.135,3358.6649999999995,1.5099999999997635,12,london,2025-07-14 11:45:00+00:00,3358.6649999999995,tp,0,2.0,test,2025
2025-07-14 11:45:00+00:00,2025-07-14 12:00:00+00:00,compression_expansion,long,3360.495,3353.565,3374.3549999999996,6.929999999999836,12,london,2025-07-14 12:30:00+00:00,3353.565,sl,2,-1.0,test,2025
2025-07-15 11:30:00+00:00,2025-07-15 11:45:00+00:00,rejection,long,3360.285,3356.475,3367.9049999999997,3.8099999999999454,12,london,2025-07-15 14:45:00+00:00,3364.555,timeout,12,1.1207349081364941,test,2025
2025-07-16 08:45:00+00:00,2025-07-16 09:00:00+00:00,sweep_reclaim,short,3331.235,3334.085,3325.5350000000003,2.849999999999909,12,london,2025-07-16 10:00:00+00:00,3325.5350000000003,tp,4,2.0,test,2025
2025-07-16 11:00:00+00:00,2025-07-16 11:15:00+00:00,sweep_reclaim,short,3334.015,3334.655,3332.734999999999,0.6400000000003274,12,london,2025-07-16 11:15:00+00:00,3334.655,sl,0,-1.0,test,2025
2025-07-16 11:15:00+00:00,2025-07-16 11:30:00+00:00,rejection,short,3333.625,3334.915,3331.045,1.2899999999999636,12,london,2025-07-16 11:30:00+00:00,3334.915,sl,0,-1.0,test,2025
2025-07-16 12:45:00+00:00,2025-07-16 13:00:00+00:00,sweep_reclaim,short,3336.385,3339.455,3330.245000000001,3.069999999999709,12,london,2025-07-16 13:15:00+00:00,3339.455,sl,1,-1.0,test,2025
2025-07-17 07:30:00+00:00,2025-07-17 07:45:00+00:00,sweep_reclaim,long,3344.299,3342.948,3347.001,1.3510000000001128,12,london,2025-07-17 07:45:00+00:00,3342.948,sl,0,-1.0,test,2025
2025-07-17 08:15:00+00:00,2025-07-17 08:30:00+00:00,sweep_reclaim,long,3340.048,3339.495,3341.1539999999995,0.5529999999998836,12,london,2025-07-17 08:30:00+00:00,3339.495,sl,0,-1.0,test,2025
2025-07-17 08:45:00+00:00,2025-07-17 09:00:00+00:00,sweep_reclaim,long,3341.995,3337.275,3351.4349999999995,4.7199999999998,12,london,2025-07-17 10:30:00+00:00,3337.275,sl,6,-1.0,test,2025
2025-07-18 11:45:00+00:00,2025-07-18 12:00:00+00:00,rejection,short,3333.825,3336.315,3328.8449999999993,2.4900000000002365,12,london,2025-07-18 12:00:00+00:00,3336.315,sl,0,-1.0,test,2025
2025-07-22 08:15:00+00:00,2025-07-22 08:30:00+00:00,sweep_reclaim,long,3393.035,3392.245,3394.615,0.7899999999999636,12,london,2025-07-22 08:30:00+00:00,3392.245,sl,0,-1.0,test,2025
2025-07-22 08:30:00+00:00,2025-07-22 08:45:00+00:00,rejection,long,3392.398,3389.695,3397.804,2.7029999999999745,12,london,2025-07-22 08:45:00+00:00,3389.695,sl,0,-1.0,test,2025
2025-07-22 09:45:00+00:00,2025-07-22 10:00:00+00:00,rejection,long,3389.865,3385.098,3399.3989999999994,4.766999999999825,12,london,2025-07-22 13:00:00+00:00,3385.098,sl,12,-1.0,test,2025
2025-07-23 07:00:00+00:00,2025-07-23 07:15:00+00:00,sweep_reclaim,long,3428.005,3427.365,3429.2850000000008,0.6400000000003274,12,london,2025-07-23 07:15:00+00:00,3429.2850000000008,tp,0,2.0,test,2025
2025-07-23 07:45:00+00:00,2025-07-23 08:00:00+00:00,rejection,long,3432.235,3428.005,3440.695,4.230000000000018,12,london,2025-07-23 08:00:00+00:00,3428.005,sl,0,-1.0,test,2025
2025-07-23 08:30:00+00:00,2025-07-23 08:45:00+00:00,sweep_reclaim,long,3425.675,3423.005,3431.0150000000003,2.6700000000000728,12,london,2025-07-23 08:45:00+00:00,3423.005,sl,0,-1.0,test,2025
2025-07-23 09:45:00+00:00,2025-07-23 10:00:00+00:00,sweep_reclaim,long,3421.785,3419.845,3425.665,1.9400000000000546,12,london,2025-07-23 10:30:00+00:00,3425.665,tp,2,2.0,test,2025
2025-07-23 10:45:00+00:00,2025-07-23 11:00:00+00:00,rejection,long,3427.325,3422.545,3436.8849999999993,4.779999999999745,12,london,2025-07-23 11:15:00+00:00,3422.545,sl,1,-1.0,test,2025
2025-07-24 08:45:00+00:00,2025-07-24 09:00:00+00:00,rejection,short,3387.455,3393.165,3376.035,5.710000000000036,12,london,2025-07-24 10:15:00+00:00,3376.035,tp,5,2.0,test,2025
2025-07-24 11:15:00+00:00,2025-07-24 11:30:00+00:00,rejection,short,3383.395,3385.645,3378.895,2.25,12,london,2025-07-24 12:15:00+00:00,3378.895,tp,3,2.0,test,2025
2025-07-24 12:45:00+00:00,2025-07-24 13:00:00+00:00,compression_expansion,short,3376.048,3382.385,3363.373999999999,6.337000000000444,12,london,2025-07-24 16:00:00+00:00,3369.295,timeout,12,1.0656462048286617,test,2025
2025-07-25 08:00:00+00:00,2025-07-25 08:15:00+00:00,sweep_reclaim,short,3371.215,3372.685,3368.2750000000005,1.4699999999998,12,london,2025-07-25 08:30:00+00:00,3368.2750000000005,tp,1,2.0,test,2025
2025-07-25 10:15:00+00:00,2025-07-25 10:30:00+00:00,rejection,short,3361.285,3366.215,3351.4249999999993,4.930000000000291,12,london,2025-07-25 13:30:00+00:00,3355.785,timeout,12,1.1156186612575407,test,2025
2025-07-28 08:30:00+00:00,2025-07-28 08:45:00+00:00,rejection,short,3335.395,3338.545,3329.095,3.150000000000091,12,london,2025-07-28 10:30:00+00:00,3338.545,sl,7,-1.0,test,2025
2025-07-28 10:30:00+00:00,2025-07-28 10:45:00+00:00,sweep_reclaim,short,3336.595,3338.405,3332.974999999999,1.8100000000004002,12,london,2025-07-28 10:45:00+00:00,3338.405,sl,0,-1.0,test,2025
2025-07-28 12:00:00+00:00,2025-07-28 12:15:00+00:00,rejection,short,3339.698,3343.598,3331.8979999999997,3.900000000000091,12,london,2025-07-28 13:00:00+00:00,3343.598,sl,3,-1.0,test,2025
2025-07-29 07:00:00+00:00,2025-07-29 07:15:00+00:00,rejection,short,3311.825,3313.568,3308.338999999999,1.743000000000393,12,london,2025-07-29 07:15:00+00:00,3313.568,sl,0,-1.0,test,2025
2025-07-29 08:00:00+00:00,2025-07-29 08:15:00+00:00,rejection,short,3309.485,3311.925,3304.605,2.4400000000000546,12,london,2025-07-29 08:15:00+00:00,3311.925,sl,0,-1.0,test,2025
2025-07-29 10:45:00+00:00,2025-07-29 11:00:00+00:00,compression_expansion,short,3312.698,3318.638,3300.8179999999998,5.940000000000055,12,london,2025-07-29 13:00:00+00:00,3318.638,sl,8,-1.0,test,2025
2025-07-31 07:15:00+00:00,2025-07-31 07:30:00+00:00,compression_expansion,short,3283.848,3286.115,3279.3140000000003,2.2669999999998254,12,london,2025-07-31 07:30:00+00:00,3286.115,sl,0,-1.0,test,2025
2025-07-31 08:30:00+00:00,2025-07-31 08:45:00+00:00,sweep_reclaim,short,3286.175,3289.798,3278.929000000001,3.6229999999995925,12,london,2025-07-31 08:45:00+00:00,3289.798,sl,0,-1.0,test,2025
2025-07-31 09:15:00+00:00,2025-07-31 09:30:00+00:00,sweep_reclaim,short,3294.075,3294.915,3292.3949999999995,0.8400000000001455,12,london,2025-07-31 09:30:00+00:00,3294.915,sl,0,-1.0,test,2025
2025-07-31 10:15:00+00:00,2025-07-31 10:30:00+00:00,sweep_reclaim,short,3295.155,3297.915,3289.6350000000007,2.7599999999997635,12,london,2025-07-31 10:30:00+00:00,3297.915,sl,0,-1.0,test,2025
2025-07-31 11:00:00+00:00,2025-07-31 11:15:00+00:00,rejection,short,3295.548,3298.245,3290.1539999999995,2.6970000000001164,12,london,2025-07-31 12:00:00+00:00,3298.245,sl,3,-1.0,test,2025
2025-07-31 12:15:00+00:00,2025-07-31 12:30:00+00:00,sweep_reclaim,short,3296.298,3298.585,3291.7239999999993,2.287000000000262,12,london,2025-07-31 13:00:00+00:00,3298.585,sl,2,-1.0,test,2025
2025-08-01 10:45:00+00:00,2025-08-01 11:00:00+00:00,rejection,short,3291.395,3296.875,3280.435,5.480000000000018,12,london,2025-08-01 13:00:00+00:00,3296.875,sl,8,-1.0,test,2025
2025-08-04 10:30:00+00:00,2025-08-04 10:45:00+00:00,rejection,long,3356.675,3352.425,3365.175,4.25,12,london,2025-08-04 13:45:00+00:00,3360.748,timeout,12,0.9583529411764389,test,2025
2025-08-05 07:30:00+00:00,2025-08-05 07:45:00+00:00,rejection,long,3377.998,3375.628,3382.738,2.369999999999891,12,london,2025-08-05 09:30:00+00:00,3375.628,sl,7,-1.0,test,2025
2025-08-05 11:15:00+00:00,2025-08-05 11:30:00+00:00,sweep_reclaim,long,3372.125,3371.465,3373.4449999999997,0.6599999999998545,12,london,2025-08-05 11:30:00+00:00,3371.465,sl,0,-1.0,test,2025
2025-08-05 11:30:00+00:00,2025-08-05 11:45:00+00:00,rejection,long,3372.155,3371.048,3374.369000000001,1.1070000000004256,12,london,2025-08-05 11:45:00+00:00,3371.048,sl,0,-1.0,test,2025
2025-08-05 12:30:00+00:00,2025-08-05 12:45:00+00:00,sweep_reclaim,long,3370.545,3368.498,3374.639,2.0470000000000255,12,london,2025-08-05 13:30:00+00:00,3368.498,sl,3,-1.0,test,2025
2025-08-06 07:15:00+00:00,2025-08-06 07:30:00+00:00,rejection,long,3383.448,3381.635,3387.073999999999,1.8129999999996471,12,london,2025-08-06 07:45:00+00:00,3381.635,sl,1,-1.0,test,2025
2025-08-06 08:30:00+00:00,2025-08-06 08:45:00+00:00,sweep_reclaim,long,3378.875,3377.475,3381.675,1.400000000000091,12,london,2025-08-06 09:00:00+00:00,3377.475,sl,1,-1.0,test,2025
2025-08-06 10:00:00+00:00,2025-08-06 10:15:00+00:00,rejection,long,3376.598,3374.045,3381.7039999999997,2.5529999999998836,12,london,2025-08-06 10:45:00+00:00,3374.045,sl,2,-1.0,test,2025
2025-08-07 09:00:00+00:00,2025-08-07 09:15:00+00:00,rejection,long,3381.995,3374.765,3396.455,7.230000000000018,12,london,2025-08-07 12:15:00+00:00,3377.995,timeout,12,-0.5532503457814647,test,2025
2025-08-08 07:00:00+00:00,2025-08-08 07:15:00+00:00,rejection,long,3401.289,3394.709,3414.449000000001,6.580000000000382,12,london,2025-08-08 07:30:00+00:00,3394.709,sl,1,-1.0,test,2025
2025-08-08 08:30:00+00:00,2025-08-08 08:45:00+00:00,sweep_reclaim,long,3384.199,3381.919,3388.7590000000005,2.2800000000002,12,london,2025-08-08 08:45:00+00:00,3381.919,sl,0,-1.0,test,2025
2025-08-08 08:45:00+00:00,2025-08-08 09:00:00+00:00,sweep_reclaim,long,3383.329,3381.189,3387.609000000001,2.1400000000003274,12,london,2025-08-08 09:15:00+00:00,3387.609000000001,tp,1,2.0,test,2025
2025-08-12 07:00:00+00:00,2025-08-12 07:15:00+00:00,rejection,short,3348.325,3349.298,3346.379,0.9729999999999563,12,london,2025-08-12 07:15:00+00:00,3349.298,sl,0,-1.0,test,2025
2025-08-12 08:00:00+00:00,2025-08-12 08:15:00+00:00,rejection,short,3354.225,3355.098,3352.479,0.8730000000000473,12,london,2025-08-12 08:15:00+00:00,3355.098,sl,0,-1.0,test,2025
2025-08-12 12:30:00+00:00,2025-08-12 12:45:00+00:00,rejection,short,3353.068,3355.475,3348.254000000001,2.406999999999698,12,london,2025-08-12 13:00:00+00:00,3355.475,sl,1,-1.0,test,2025
2025-08-13 10:00:00+00:00,2025-08-13 10:15:00+00:00,sweep_reclaim,short,3350.995,3353.199,3346.5869999999995,2.2040000000001783,12,london,2025-08-13 12:45:00+00:00,3346.5869999999995,tp,10,2.0,test,2025
2025-08-14 08:45:00+00:00,2025-08-14 09:00:00+00:00,rejection,long,3366.798,3365.148,3370.097999999999,1.6499999999996362,12,london,2025-08-14 09:00:00+00:00,3370.097999999999,tp,0,2.0,test,2025
2025-08-14 09:15:00+00:00,2025-08-14 09:30:00+00:00,rejection,long,3368.348,3364.948,3375.148,3.400000000000091,12,london,2025-08-14 09:30:00+00:00,3364.948,sl,0,-1.0,test,2025
2025-08-14 11:45:00+00:00,2025-08-14 12:00:00+00:00,rejection,long,3361.225,3359.195,3365.2849999999994,2.0299999999997453,12,london,2025-08-14 12:15:00+00:00,3359.195,sl,1,-1.0,test,2025
2025-08-14 12:45:00+00:00,2025-08-14 13:00:00+00:00,rejection,long,3358.625,3357.645,3360.585,0.9800000000000182,12,london,2025-08-14 13:15:00+00:00,3357.645,sl,1,-1.0,test,2025
2025-08-15 08:00:00+00:00,2025-08-15 08:15:00+00:00,rejection,short,3335.315,3336.545,3332.855,1.2300000000000182,12,london,2025-08-15 08:15:00+00:00,3336.545,sl,0,-1.0,test,2025
2025-08-15 10:15:00+00:00,2025-08-15 10:30:00+00:00,sweep_reclaim,short,3340.395,3340.748,3339.689,0.3530000000000655,12,london,2025-08-15 10:30:00+00:00,3340.748,sl,0,-1.0,test,2025
2025-08-15 11:00:00+00:00,2025-08-15 11:15:00+00:00,sweep_reclaim,short,3343.625,3344.048,3342.7790000000005,0.42299999999977445,12,london,2025-08-15 11:15:00+00:00,3344.048,sl,0,-1.0,test,2025
2025-08-15 11:45:00+00:00,2025-08-15 12:00:00+00:00,sweep_reclaim,short,3344.705,3346.125,3341.865,1.4200000000000728,12,london,2025-08-15 12:15:00+00:00,3346.125,sl,1,-1.0,test,2025
2025-08-18 08:00:00+00:00,2025-08-18 08:15:00+00:00,sweep_reclaim,short,3341.125,3342.045,3339.285,0.9200000000000728,12,london,2025-08-18 08:15:00+00:00,3342.045,sl,0,-1.0,test,2025
2025-08-19 08:30:00+00:00,2025-08-19 08:45:00+00:00,rejection,short,3332.375,3335.705,3325.715,3.3299999999999272,12,london,2025-08-19 10:00:00+00:00,3335.705,sl,5,-1.0,test,2025
2025-08-19 11:30:00+00:00,2025-08-19 11:45:00+00:00,rejection,short,3336.175,3338.285,3331.955000000001,2.1099999999996726,12,london,2025-08-19 12:15:00+00:00,3338.285,sl,2,-1.0,test,2025
2025-08-20 07:45:00+00:00,2025-08-20 08:00:00+00:00,rejection,short,3313.115,3315.905,3307.534999999999,2.7900000000004184,12,london,2025-08-20 08:00:00+00:00,3315.905,sl,0,-1.0,test,2025
2025-08-20 08:30:00+00:00,2025-08-20 08:45:00+00:00,rejection,short,3312.015,3316.748,3302.5489999999995,4.733000000000175,12,london,2025-08-20 08:45:00+00:00,3316.748,sl,0,-1.0,test,2025
2025-08-20 09:00:00+00:00,2025-08-20 09:15:00+00:00,sweep_reclaim,short,3315.535,3317.498,3311.6089999999995,1.9630000000001928,12,london,2025-08-20 10:30:00+00:00,3317.498,sl,5,-1.0,test,2025
2025-08-20 12:15:00+00:00,2025-08-20 12:30:00+00:00,rejection,short,3319.145,3320.735,3315.9649999999997,1.5900000000001455,12,london,2025-08-20 12:45:00+00:00,3320.735,sl,1,-1.0,test,2025
2025-08-21 08:15:00+00:00,2025-08-21 08:30:00+00:00,sweep_reclaim,long,3344.248,3341.248,3350.248,3.0,12,london,2025-08-21 09:30:00+00:00,3341.248,sl,4,-1.0,test,2025
2025-08-21 09:30:00+00:00,2025-08-21 09:45:00+00:00,sweep_reclaim,long,3341.995,3341.348,3343.2889999999998,0.6469999999999345,12,london,2025-08-21 09:45:00+00:00,3341.348,sl,0,-1.0,test,2025
2025-08-21 09:45:00+00:00,2025-08-21 10:00:00+00:00,rejection,long,3342.755,3340.205,3347.8550000000005,2.550000000000182,12,london,2025-08-21 11:00:00+00:00,3340.205,sl,4,-1.0,test,2025
2025-08-21 11:30:00+00:00,2025-08-21 11:45:00+00:00,sweep_reclaim,long,3340.575,3338.998,3343.7289999999994,1.5769999999997708,12,london,2025-08-21 11:45:00+00:00,3338.998,sl,0,-1.0,test,2025
2025-08-25 08:00:00+00:00,2025-08-25 08:15:00+00:00,sweep_reclaim,long,3365.495,3363.595,3369.295,1.900000000000091,12,london,2025-08-25 08:45:00+00:00,3363.595,sl,2,-1.0,test,2025
2025-08-25 09:00:00+00:00,2025-08-25 09:15:00+00:00,sweep_reclaim,long,3362.048,3361.645,3362.8539999999994,0.40299999999979264,12,london,2025-08-25 09:15:00+00:00,3361.645,sl,0,-1.0,test,2025
2025-08-26 09:00:00+00:00,2025-08-26 09:15:00+00:00,rejection,long,3376.875,3371.265,3388.0950000000003,5.610000000000127,12,london,2025-08-26 10:15:00+00:00,3371.265,sl,4,-1.0,test,2025
2025-08-26 11:00:00+00:00,2025-08-26 11:15:00+00:00,rejection,long,3372.635,3369.548,3378.809000000001,3.087000000000444,12,london,2025-08-26 12:00:00+00:00,3378.809000000001,tp,3,2.0,test,2025
2025-08-27 07:30:00+00:00,2025-08-27 07:45:00+00:00,rejection,long,3392.215,3389.505,3397.635,2.7100000000000364,12,london,2025-08-27 07:45:00+00:00,3389.505,sl,0,-1.0,test,2025
2025-08-27 08:45:00+00:00,2025-08-27 09:00:00+00:00,sweep_reclaim,long,3386.085,3384.085,3390.085,2.0,12,london,2025-08-27 09:45:00+00:00,3384.085,sl,3,-1.0,test,2025
2025-08-27 10:45:00+00:00,2025-08-27 11:00:00+00:00,sweep_reclaim,long,3382.145,3381.555,3383.3250000000003,0.5900000000001455,12,london,2025-08-27 11:00:00+00:00,3381.555,sl,0,-1.0,test,2025
2025-08-28 09:15:00+00:00,2025-08-28 09:30:00+00:00,sweep_reclaim,long,3386.695,3385.245,3389.5950000000007,1.4500000000002728,12,london,2025-08-28 09:45:00+00:00,3385.245,sl,1,-1.0,test,2025
2025-08-28 09:45:00+00:00,2025-08-28 10:00:00+00:00,sweep_reclaim,long,3388.065,3384.465,3395.265,3.599999999999909,12,london,2025-08-28 13:00:00+00:00,3389.465,timeout,12,0.388888888888924,test,2025
2025-08-29 07:15:00+00:00,2025-08-29 07:30:00+00:00,compression_expansion,long,3417.265,3414.385,3423.024999999999,2.8799999999996544,12,london,2025-08-29 07:30:00+00:00,3414.385,sl,0,-1.0,test,2025
2025-08-29 08:45:00+00:00,2025-08-29 09:00:00+00:00,sweep_reclaim,long,3410.545,3409.435,3412.7650000000003,1.1100000000001273,12,london,2025-08-29 09:00:00+00:00,3409.435,sl,0,-1.0,test,2025
2025-08-29 09:00:00+00:00,2025-08-29 09:15:00+00:00,rejection,long,3410.665,3407.695,3416.6049999999996,2.9699999999998,12,london,2025-08-29 11:30:00+00:00,3407.695,sl,9,-1.0,test,2025
2025-08-29 12:30:00+00:00,2025-08-29 12:45:00+00:00,sweep_reclaim,long,3408.075,3407.165,3409.8949999999995,0.9099999999998545,12,london,2025-08-29 12:45:00+00:00,3409.8949999999995,tp,0,2.0,test,2025
2025-09-01 08:30:00+00:00,2025-09-01 08:45:00+00:00,sweep_reclaim,long,3439.295,3438.618,3440.6490000000003,0.6770000000001346,12,london,2025-09-01 08:45:00+00:00,3440.6490000000003,tp,0,2.0,test,2025
2025-09-02 10:45:00+00:00,2025-09-02 11:00:00+00:00,rejection,long,3492.465,3490.145,3497.1050000000005,2.3200000000001637,12,london,2025-09-02 11:45:00+00:00,3497.1050000000005,tp,3,2.0,test,2025
2025-09-03 08:30:00+00:00,2025-09-03 08:45:00+00:00,rejection,long,3539.155,3534.579,3548.3070000000002,4.576000000000022,12,london,2025-09-03 10:00:00+00:00,3534.579,sl,5,-1.0,test,2025
2025-09-04 07:15:00+00:00,2025-09-04 07:30:00+00:00,sweep_reclaim,long,3556.865,3554.7,3561.1949999999997,2.1649999999999636,12,london,2025-09-04 08:00:00+00:00,3561.1949999999997,tp,2,2.0,test,2025
2025-09-05 09:45:00+00:00,2025-09-05 10:00:00+00:00,rejection,long,3549.285,3548.128,3551.5989999999993,1.156999999999698,12,london,2025-09-05 10:00:00+00:00,3551.5989999999993,tp,0,2.0,test,2025
2025-09-05 11:45:00+00:00,2025-09-05 12:00:00+00:00,rejection,long,3558.325,3556.105,3562.7649999999994,2.2199999999998,12,london,2025-09-05 12:30:00+00:00,3556.105,sl,2,-1.0,test,2025
2025-09-08 07:15:00+00:00,2025-09-08 07:30:00+00:00,rejection,long,3589.298,3587.815,3592.263999999999,1.4829999999997199,12,london,2025-09-08 07:30:00+00:00,3587.815,sl,0,-1.0,test,2025
2025-09-08 12:45:00+00:00,2025-09-08 13:00:00+00:00,compression_expansion,long,3587.975,3581.055,3601.815,6.920000000000073,12,london,2025-09-08 14:15:00+00:00,3601.815,tp,5,2.0,test,2025
2025-09-09 08:45:00+00:00,2025-09-09 09:00:00+00:00,rejection,long,3645.025,3635.795,3663.485,9.230000000000018,12,london,2025-09-09 12:00:00+00:00,3655.175,timeout,12,1.0996749729144173,test,2025
2025-09-09 12:30:00+00:00,2025-09-09 12:45:00+00:00,rejection,long,3654.835,3653.765,3656.9750000000004,1.0700000000001637,12,london,2025-09-09 12:45:00+00:00,3656.9750000000004,tp,0,2.0,test,2025
2025-09-12 10:15:00+00:00,2025-09-12 10:30:00+00:00,rejection,long,3650.165,3645.965,3658.5649999999996,4.199999999999818,12,london,2025-09-12 13:30:00+00:00,3650.198,timeout,12,0.00785714285711981,test,2025
2025-09-15 12:30:00+00:00,2025-09-15 12:45:00+00:00,compression_expansion,long,3644.515,3642.295,3648.9549999999995,2.2199999999998,12,london,2025-09-15 13:15:00+00:00,3642.295,sl,2,-1.0,test,2025
2025-09-16 07:15:00+00:00,2025-09-16 07:30:00+00:00,compression_expansion,long,3679.965,3675.835,3688.2250000000004,4.130000000000109,12,london,2025-09-16 08:00:00+00:00,3688.2250000000004,tp,2,2.0,test,2025
2025-09-16 10:00:00+00:00,2025-09-16 10:15:00+00:00,sweep_reclaim,long,3678.265,3675.965,3682.8649999999993,2.299999999999727,12,london,2025-09-16 10:45:00+00:00,3682.8649999999993,tp,2,2.0,test,2025
2025-09-16 11:00:00+00:00,2025-09-16 11:15:00+00:00,rejection,long,3681.305,3680.035,3683.845,1.2699999999999818,12,london,2025-09-16 11:45:00+00:00,3680.035,sl,2,-1.0,test,2025
2025-09-16 11:45:00+00:00,2025-09-16 12:00:00+00:00,rejection,long,3682.715,3680.475,3687.1950000000006,2.2400000000002365,12,london,2025-09-16 13:00:00+00:00,3680.475,sl,4,-1.0,test,2025
2025-09-17 07:15:00+00:00,2025-09-17 07:30:00+00:00,rejection,long,3694.875,3692.515,3699.5950000000003,2.3600000000001273,12,london,2025-09-17 07:30:00+00:00,3692.515,sl,0,-1.0,test,2025
2025-09-18 08:45:00+00:00,2025-09-18 09:00:00+00:00,rejection,short,3653.958,3668.648,3624.578,14.690000000000055,12,london,2025-09-18 12:00:00+00:00,3653.748,timeout,12,0.014295439074202559,test,2025
2025-09-19 08:30:00+00:00,2025-09-19 08:45:00+00:00,rejection,short,3647.455,3651.005,3640.3549999999996,3.550000000000182,12,london,2025-09-19 09:00:00+00:00,3640.3549999999996,tp,1,2.0,test,2025
2025-09-22 07:30:00+00:00,2025-09-22 07:45:00+00:00,rejection,long,3690.045,3685.375,3699.385,4.670000000000073,12,london,2025-09-22 10:00:00+00:00,3685.375,sl,9,-1.0,test,2025
2025-09-22 10:00:00+00:00,2025-09-22 10:15:00+00:00,rejection,long,3687.685,3686.005,3691.0449999999996,1.6799999999998363,12,london,2025-09-22 10:30:00+00:00,3691.0449999999996,tp,1,2.0,test,2025
2025-09-22 10:30:00+00:00,2025-09-22 10:45:00+00:00,rejection,long,3691.235,3685.235,3703.235,6.0,12,london,2025-09-22 13:30:00+00:00,3703.235,tp,11,2.0,test,2025
2025-09-23 07:00:00+00:00,2025-09-23 07:15:00+00:00,rejection,long,3748.698,3742.075,3761.944,6.623000000000047,12,london,2025-09-23 09:15:00+00:00,3742.075,sl,8,-1.0,test,2025
2025-09-23 10:00:00+00:00,2025-09-23 10:15:00+00:00,sweep_reclaim,long,3741.785,3739.855,3745.6449999999995,1.9299999999998363,12,london,2025-09-23 10:15:00+00:00,3739.855,sl,0,-1.0,test,2025
2025-09-25 12:15:00+00:00,2025-09-25 12:30:00+00:00,rejection,short,3735.425,3740.575,3725.125000000001,5.149999999999636,12,london,2025-09-25 12:45:00+00:00,3740.575,sl,1,-1.0,test,2025
2025-09-25 12:45:00+00:00,2025-09-25 13:00:00+00:00,rejection,short,3737.335,3738.285,3735.4350000000004,0.9499999999998181,12,london,2025-09-25 13:00:00+00:00,3738.285,sl,0,-1.0,test,2025
2025-09-26 09:15:00+00:00,2025-09-26 09:30:00+00:00,rejection,short,3738.865,3744.055,3728.4849999999997,5.190000000000055,12,london,2025-09-26 10:45:00+00:00,3744.055,sl,5,-1.0,test,2025
2025-09-26 11:00:00+00:00,2025-09-26 11:15:00+00:00,rejection,short,3744.825,3745.225,3744.0249999999996,0.40000000000009095,12,london,2025-09-26 11:15:00+00:00,3745.225,sl,0,-1.0,test,2025
2025-09-26 11:30:00+00:00,2025-09-26 11:45:00+00:00,rejection,short,3745.165,3746.615,3742.2650000000003,1.449999999999818,12,london,2025-09-26 11:45:00+00:00,3746.615,sl,0,-1.0,test,2025
2025-09-26 11:45:00+00:00,2025-09-26 12:00:00+00:00,rejection,short,3744.625,3747.435,3739.005,2.8099999999999454,12,london,2025-09-26 12:00:00+00:00,3747.435,sl,0,-1.0,test,2025
2025-09-29 08:00:00+00:00,2025-09-29 08:15:00+00:00,rejection,long,3786.705,3772.455,3815.205,14.25,12,london,2025-09-29 08:30:00+00:00,3772.455,sl,1,-1.0,test,2025
2025-09-29 10:00:00+00:00,2025-09-29 10:15:00+00:00,rejection,long,3794.505,3785.848,3811.8190000000004,8.657000000000153,12,london,2025-09-29 12:15:00+00:00,3811.8190000000004,tp,8,2.0,test,2025
2025-09-29 12:30:00+00:00,2025-09-29 12:45:00+00:00,rejection,long,3806.075,3803.355,3811.5149999999994,2.7199999999998,12,london,2025-09-29 12:45:00+00:00,3803.355,sl,0,-1.0,test,2025
2025-09-30 07:45:00+00:00,2025-09-30 08:00:00+00:00,rejection,long,3838.655,3830.798,3854.369000000001,7.857000000000426,12,london,2025-09-30 10:15:00+00:00,3854.369000000001,tp,9,2.0,test,2025
2025-09-30 12:45:00+00:00,2025-09-30 13:00:00+00:00,rejection,long,3867.948,3862.315,3879.2139999999995,5.632999999999811,12,london,2025-09-30 13:30:00+00:00,3862.315,sl,2,-1.0,test,2025
2025-10-01 07:45:00+00:00,2025-10-01 08:00:00+00:00,rejection,long,3862.948,3860.515,3867.814,2.4329999999999927,12,london,2025-10-01 08:00:00+00:00,3860.515,sl,0,-1.0,test,2025
2025-10-01 08:45:00+00:00,2025-10-01 09:00:00+00:00,rejection,long,3865.965,3858.985,3879.925,6.980000000000018,12,london,2025-10-01 10:00:00+00:00,3858.985,sl,4,-1.0,test,2025
2025-10-01 10:00:00+00:00,2025-10-01 10:15:00+00:00,rejection,long,3864.985,3863.948,3867.0590000000007,1.037000000000262,12,london,2025-10-01 10:15:00+00:00,3863.948,sl,0,-1.0,test,2025
2025-10-01 10:30:00+00:00,2025-10-01 10:45:00+00:00,rejection,long,3863.305,3858.115,3873.685,5.190000000000055,12,london,2025-10-01 10:45:00+00:00,3858.115,sl,0,-1.0,test,2025
2025-10-01 10:45:00+00:00,2025-10-01 11:00:00+00:00,sweep_reclaim,long,3862.448,3858.678,3869.988,3.769999999999982,12,london,2025-10-01 11:15:00+00:00,3858.678,sl,1,-1.0,test,2025
2025-10-01 11:45:00+00:00,2025-10-01 12:00:00+00:00,rejection,long,3859.615,3858.125,3862.5949999999993,1.4899999999997817,12,london,2025-10-01 12:00:00+00:00,3862.5949999999993,tp,0,2.0,test,2025
2025-10-02 12:00:00+00:00,2025-10-02 12:15:00+00:00,rejection,long,3865.305,3863.445,3869.024999999999,1.8599999999996726,12,london,2025-10-02 12:30:00+00:00,3869.024999999999,tp,1,2.0,test,2025
2025-10-02 12:45:00+00:00,2025-10-02 13:00:00+00:00,rejection,long,3868.045,3865.195,3873.745,2.849999999999909,12,london,2025-10-02 13:30:00+00:00,3873.745,tp,2,2.0,test,2025
2025-10-03 11:30:00+00:00,2025-10-03 11:45:00+00:00,rejection,short,3844.225,3845.635,3841.4049999999993,1.4100000000003092,12,london,2025-10-03 11:45:00+00:00,3845.635,sl,0,-1.0,test,2025
2025-10-03 12:45:00+00:00,2025-10-03 13:00:00+00:00,rejection,short,3855.048,3855.185,3854.7739999999994,0.13700000000017099,12,london,2025-10-03 13:00:00+00:00,3855.185,sl,0,-1.0,test,2025
2025-10-06 09:30:00+00:00,2025-10-06 09:45:00+00:00,rejection,long,3921.555,3908.885,3946.894999999999,12.669999999999618,12,london,2025-10-06 12:45:00+00:00,3931.465,timeout,12,0.782162588792471,test,2025
2025-10-07 08:15:00+00:00,2025-10-07 08:30:00+00:00,sweep_reclaim,long,3961.845,3958.338,3968.858999999999,3.506999999999607,12,london,2025-10-07 08:30:00+00:00,3958.338,sl,0,-1.0,test,2025
2025-10-07 08:45:00+00:00,2025-10-07 09:00:00+00:00,rejection,long,3959.135,3955.585,3966.2350000000006,3.550000000000182,12,london,2025-10-07 09:45:00+00:00,3966.2350000000006,tp,3,2.0,test,2025
2025-10-07 09:45:00+00:00,2025-10-07 10:00:00+00:00,rejection,long,3965.775,3957.098,3983.1290000000004,8.677000000000135,12,london,2025-10-07 13:00:00+00:00,3963.075,timeout,12,-0.3111674541892625,test,2025
2025-10-08 08:45:00+00:00,2025-10-08 09:00:00+00:00,rejection,long,3994.345,3984.045,4014.9449999999993,10.299999999999727,12,london,2025-10-08 11:00:00+00:00,4014.9449999999993,tp,8,2.0,test,2025
2025-10-08 11:00:00+00:00,2025-10-08 11:15:00+00:00,rejection,long,4014.698,4008.698,4026.698,6.0,12,london,2025-10-08 12:00:00+00:00,4026.698,tp,3,2.0,test,2025
2025-10-09 12:15:00+00:00,2025-10-09 12:30:00+00:00,rejection,long,4037.275,4035.735,4040.355,1.5399999999999636,12,london,2025-10-09 12:45:00+00:00,4035.735,sl,1,-1.0,test,2025
2025-10-09 12:45:00+00:00,2025-10-09 13:00:00+00:00,compression_expansion,long,4038.198,4034.098,4046.3979999999997,4.099999999999909,12,london,2025-10-09 13:30:00+00:00,4034.098,sl,2,-1.0,test,2025
2025-10-10 07:00:00+00:00,2025-10-10 07:15:00+00:00,rejection,short,3986.859,3988.435,3983.707,1.5760000000000218,12,london,2025-10-10 07:15:00+00:00,3988.435,sl,0,-1.0,test,2025
2025-10-10 08:00:00+00:00,2025-10-10 08:15:00+00:00,sweep_reclaim,short,3989.295,3993.055,3981.7750000000005,3.7599999999997635,12,london,2025-10-10 08:30:00+00:00,3981.7750000000005,tp,1,2.0,test,2025
2025-10-10 09:45:00+00:00,2025-10-10 10:00:00+00:00,rejection,short,3983.175,3985.298,3978.929000000001,2.1229999999995925,12,london,2025-10-10 10:00:00+00:00,3978.929000000001,tp,0,2.0,test,2025
2025-10-13 08:30:00+00:00,2025-10-13 08:45:00+00:00,rejection,long,4045.035,4035.445,4064.2149999999992,9.58999999999969,12,london,2025-10-13 11:45:00+00:00,4056.655,timeout,12,1.2116788321168634,test,2025
2025-10-13 12:00:00+00:00,2025-10-13 12:15:00+00:00,rejection,long,4057.765,4052.665,4067.9649999999997,5.099999999999909,12,london,2025-10-13 12:30:00+00:00,4067.9649999999997,tp,1,2.0,test,2025
2025-10-13 12:30:00+00:00,2025-10-13 12:45:00+00:00,compression_expansion,long,4070.505,4054.309,4102.897,16.195999999999913,12,london,2025-10-13 15:45:00+00:00,4073.505,timeout,12,0.18523092121511583,test,2025
2025-10-14 07:45:00+00:00,2025-10-14 08:00:00+00:00,rejection,long,4127.935,4119.065,4145.675000000002,8.8700000000008,12,london,2025-10-14 08:30:00+00:00,4145.675000000002,tp,2,2.0,test,2025
2025-10-14 09:00:00+00:00,2025-10-14 09:15:00+00:00,rejection,long,4139.298,4134.725,4148.443999999999,4.572999999999411,12,london,2025-10-14 09:45:00+00:00,4148.443999999999,tp,2,2.0,test,2025
2025-10-14 11:30:00+00:00,2025-10-14 11:45:00+00:00,rejection,long,4163.385,4159.648,4170.859,3.73700000000008,12,london,2025-10-14 11:45:00+00:00,4159.648,sl,0,-1.0,test,2025
2025-10-14 11:45:00+00:00,2025-10-14 12:00:00+00:00,rejection,long,4163.508,4157.325,4175.874,6.182999999999993,12,london,2025-10-14 12:15:00+00:00,4175.874,tp,1,2.0,test,2025
2025-10-15 08:00:00+00:00,2025-10-15 08:15:00+00:00,rejection,long,4166.455,4153.465,4192.4349999999995,12.989999999999782,12,london,2025-10-15 11:15:00+00:00,4184.165,timeout,12,1.3633564280215809,test,2025
2025-10-15 11:45:00+00:00,2025-10-15 12:00:00+00:00,rejection,long,4179.515,4172.848,4192.849000000001,6.667000000000371,12,london,2025-10-15 12:30:00+00:00,4192.849000000001,tp,2,2.0,test,2025
2025-10-16 08:30:00+00:00,2025-10-16 08:45:00+00:00,rejection,long,4225.345,4210.075,4255.885000000001,15.270000000000437,12,london,2025-10-16 11:45:00+00:00,4231.115,timeout,12,0.3778650949573911,test,2025
2025-10-17 09:45:00+00:00,2025-10-17 10:00:00+00:00,rejection,long,4344.448,4317.965,4397.414000000001,26.483000000000175,12,london,2025-10-17 13:00:00+00:00,4367.995,timeout,12,0.8891364271419181,test,2025
2025-10-21 07:30:00+00:00,2025-10-21 07:45:00+00:00,compression_expansion,long,4370.385,4356.165,4398.825000000001,14.220000000000255,12,london,2025-10-21 08:30:00+00:00,4356.165,sl,3,-1.0,test,2025
2025-10-21 08:45:00+00:00,2025-10-21 09:00:00+00:00,rejection,long,4346.855,4341.225,4358.114999999998,5.6299999999992,12,london,2025-10-21 09:00:00+00:00,4341.225,sl,0,-1.0,test,2025
2025-10-21 09:00:00+00:00,2025-10-21 09:15:00+00:00,rejection,long,4347.315,4332.595,4376.754999999998,14.719999999999345,12,london,2025-10-21 12:15:00+00:00,4332.595,sl,12,-1.0,test,2025
2025-10-22 07:30:00+00:00,2025-10-22 07:45:00+00:00,rejection,short,4041.705,4123.105,3878.9050000000007,81.39999999999964,12,london,2025-10-22 10:45:00+00:00,4123.105,sl,12,-1.0,test,2025
2025-10-22 11:00:00+00:00,2025-10-22 11:15:00+00:00,sweep_reclaim,short,4130.045,4140.595,4108.945,10.550000000000182,12,london,2025-10-22 11:15:00+00:00,4108.945,tp,0,2.0,test,2025
2025-10-22 11:15:00+00:00,2025-10-22 11:30:00+00:00,compression_expansion,short,4124.255,4142.815,4087.135000000001,18.55999999999949,12,london,2025-10-22 12:30:00+00:00,4142.815,sl,4,-1.0,test,2025
2025-10-22 12:30:00+00:00,2025-10-22 12:45:00+00:00,sweep_reclaim,short,4138.429,4142.105,4131.077000000001,3.675999999999476,12,london,2025-10-22 13:00:00+00:00,4142.105,sl,1,-1.0,test,2025
2025-10-23 10:00:00+00:00,2025-10-23 10:15:00+00:00,rejection,short,4079.855,4084.698,4070.1690000000003,4.842999999999847,12,london,2025-10-23 10:15:00+00:00,4084.698,sl,0,-1.0,test,2025
2025-10-24 10:00:00+00:00,2025-10-24 10:15:00+00:00,rejection,short,4110.098,4117.105,4096.084000000001,7.006999999999607,12,london,2025-10-24 10:15:00+00:00,4117.105,sl,0,-1.0,test,2025
2025-10-27 08:00:00+00:00,2025-10-27 08:15:00+00:00,rejection,short,4076.665,4077.665,4074.665,1.0,12,london,2025-10-27 08:15:00+00:00,4077.665,sl,0,-1.0,test,2025
2025-10-27 08:30:00+00:00,2025-10-27 08:45:00+00:00,rejection,short,4090.415,4096.115,4079.0150000000003,5.699999999999818,12,london,2025-10-27 09:00:00+00:00,4079.0150000000003,tp,1,2.0,test,2025
2025-10-27 12:45:00+00:00,2025-10-27 13:00:00+00:00,rejection,short,4078.905,4084.295,4068.1250000000005,5.389999999999873,12,london,2025-10-27 13:15:00+00:00,4084.295,sl,1,-1.0,test,2025
2025-10-28 08:30:00+00:00,2025-10-28 08:45:00+00:00,sweep_reclaim,short,4008.535,4019.395,3986.8149999999996,10.860000000000127,12,london,2025-10-28 09:45:00+00:00,3986.8149999999996,tp,4,2.0,test,2025
2025-10-28 11:30:00+00:00,2025-10-28 11:45:00+00:00,compression_expansion,short,3970.705,3994.005,3924.1049999999996,23.300000000000182,12,london,2025-10-28 14:45:00+00:00,3924.1049999999996,tp,12,2.0,test,2025
2025-10-29 07:15:00+00:00,2025-10-29 07:30:00+00:00,sweep_reclaim,short,3960.635,3967.515,3946.875000000001,6.879999999999654,12,london,2025-10-29 07:30:00+00:00,3967.515,sl,0,-1.0,test,2025
2025-10-29 12:15:00+00:00,2025-10-29 12:30:00+00:00,rejection,short,3954.325,3959.775,3943.4249999999993,5.450000000000273,12,london,2025-10-29 12:30:00+00:00,3959.775,sl,0,-1.0,test,2025
2025-10-29 12:30:00+00:00,2025-10-29 12:45:00+00:00,rejection,short,3955.435,3963.075,3940.155,7.639999999999873,12,london,2025-10-29 12:45:00+00:00,3963.075,sl,0,-1.0,test,2025
2025-10-30 07:15:00+00:00,2025-10-30 07:30:00+00:00,rejection,short,3954.805,3954.815,3954.7849999999994,0.010000000000218279,12,london,2025-10-30 07:30:00+00:00,3954.815,sl,0,-1.0,test,2025
2025-10-30 07:30:00+00:00,2025-10-30 07:45:00+00:00,rejection,short,3956.265,3962.965,3942.8649999999993,6.700000000000273,12,london,2025-10-30 07:45:00+00:00,3942.8649999999993,tp,0,2.0,test,2025
2025-10-30 08:15:00+00:00,2025-10-30 08:30:00+00:00,rejection,short,3948.935,3957.665,3931.475,8.730000000000018,12,london,2025-10-30 08:45:00+00:00,3957.665,sl,1,-1.0,test,2025
2025-10-31 07:15:00+00:00,2025-10-31 07:30:00+00:00,rejection,long,4033.025,4026.248,4046.579,6.777000000000044,12,london,2025-10-31 07:30:00+00:00,4026.248,sl,0,-1.0,test,2025
2025-10-31 09:45:00+00:00,2025-10-31 10:00:00+00:00,sweep_reclaim,long,4008.385,4008.205,4008.745000000001,0.18000000000029104,12,london,2025-10-31 10:00:00+00:00,4008.205,sl,0,-1.0,test,2025
2025-11-03 12:15:00+00:00,2025-11-03 12:30:00+00:00,rejection,long,4006.178,4002.345,4013.844,3.8330000000000837,12,london,2025-11-03 12:30:00+00:00,4013.844,tp,0,2.0,test,2025
2025-11-04 09:00:00+00:00,2025-11-04 09:15:00+00:00,rejection,short,3984.205,3994.225,3964.165,10.019999999999982,12,london,2025-11-04 10:30:00+00:00,3994.225,sl,5,-1.0,test,2025
2025-11-04 10:45:00+00:00,2025-11-04 11:00:00+00:00,rejection,short,3993.555,3995.705,3989.2549999999997,2.150000000000091,12,london,2025-11-04 11:15:00+00:00,3989.2549999999997,tp,1,2.0,test,2025
2025-11-04 12:00:00+00:00,2025-11-04 12:15:00+00:00,rejection,short,3985.275,3993.245,3969.3350000000005,7.9699999999998,12,london,2025-11-04 13:15:00+00:00,3969.3350000000005,tp,4,2.0,test,2025
2025-11-05 08:45:00+00:00,2025-11-05 09:00:00+00:00,sweep_reclaim,short,3941.905,3948.345,3929.025000000001,6.4399999999996,12,london,2025-11-05 09:45:00+00:00,3948.345,sl,3,-1.0,test,2025
2025-11-05 10:30:00+00:00,2025-11-05 10:45:00+00:00,rejection,short,3952.575,3955.555,3946.615,2.980000000000018,12,london,2025-11-05 10:45:00+00:00,3955.555,sl,0,-1.0,test,2025
2025-11-05 11:00:00+00:00,2025-11-05 11:15:00+00:00,sweep_reclaim,short,3960.728,3961.135,3959.9139999999998,0.4070000000001528,12,london,2025-11-05 11:15:00+00:00,3961.135,sl,0,-1.0,test,2025
2025-11-05 11:15:00+00:00,2025-11-05 11:30:00+00:00,rejection,short,3961.025,3964.995,3953.0850000000005,3.9699999999998,12,london,2025-11-05 11:45:00+00:00,3964.995,sl,1,-1.0,test,2025
2025-11-06 09:45:00+00:00,2025-11-06 10:00:00+00:00,sweep_reclaim,short,3979.695,3979.975,3979.1350000000007,0.27999999999974534,12,london,2025-11-06 10:00:00+00:00,3979.975,sl,0,-1.0,test,2025
2025-11-06 11:15:00+00:00,2025-11-06 11:30:00+00:00,rejection,long,3986.305,3985.438,3988.0389999999993,0.8669999999997344,12,london,2025-11-06 11:30:00+00:00,3985.438,sl,0,-1.0,test,2025
2025-11-06 11:30:00+00:00,2025-11-06 11:45:00+00:00,rejection,long,3986.775,3984.448,3991.4290000000005,2.3270000000002256,12,london,2025-11-06 13:45:00+00:00,3984.448,sl,8,-1.0,test,2025
2025-11-07 09:00:00+00:00,2025-11-07 09:15:00+00:00,rejection,long,4001.565,3994.575,4015.5450000000005,6.9900000000002365,12,london,2025-11-07 09:30:00+00:00,3994.575,sl,1,-1.0,test,2025
2025-11-07 10:00:00+00:00,2025-11-07 10:15:00+00:00,rejection,long,3995.875,3991.265,4005.0950000000003,4.610000000000127,12,london,2025-11-07 10:15:00+00:00,3991.265,sl,0,-1.0,test,2025
2025-11-07 10:30:00+00:00,2025-11-07 10:45:00+00:00,rejection,long,3992.535,3987.925,4001.754999999999,4.609999999999673,12,london,2025-11-07 11:15:00+00:00,3987.925,sl,2,-1.0,test,2025
2025-11-07 11:15:00+00:00,2025-11-07 11:30:00+00:00,rejection,long,3991.205,3989.395,3994.825,1.8099999999999454,12,london,2025-11-07 11:30:00+00:00,3994.825,tp,0,2.0,test,2025
2025-11-07 12:30:00+00:00,2025-11-07 12:45:00+00:00,rejection,long,3995.695,3995.335,3996.4150000000004,0.36000000000012733,12,london,2025-11-07 12:45:00+00:00,3995.335,sl,0,-1.0,test,2025
2025-11-07 12:45:00+00:00,2025-11-07 13:00:00+00:00,rejection,long,3996.645,3991.765,4006.405,4.880000000000109,12,london,2025-11-07 14:00:00+00:00,4006.405,tp,4,2.0,test,2025
2025-11-10 07:45:00+00:00,2025-11-10 08:00:00+00:00,rejection,long,4017.465,4012.185,4028.0250000000005,5.2800000000002,12,london,2025-11-10 08:15:00+00:00,4028.0250000000005,tp,1,2.0,test,2025
2025-11-10 11:00:00+00:00,2025-11-10 11:15:00+00:00,rejection,long,4050.725,4044.685,4062.805,6.039999999999964,12,london,2025-11-10 12:45:00+00:00,4062.805,tp,6,2.0,test,2025
2025-11-11 08:30:00+00:00,2025-11-11 08:45:00+00:00,rejection,long,4137.945,4127.395,4159.044999999998,10.549999999999272,12,london,2025-11-11 11:45:00+00:00,4142.885,timeout,12,0.4682464454977109,test,2025
2025-11-12 08:45:00+00:00,2025-11-12 09:00:00+00:00,rejection,long,4132.845,4128.305,4141.925,4.539999999999964,12,london,2025-11-12 09:45:00+00:00,4128.305,sl,3,-1.0,test,2025
2025-11-12 10:00:00+00:00,2025-11-12 10:15:00+00:00,sweep_reclaim,long,4123.575,4120.585,4129.554999999999,2.9899999999997817,12,london,2025-11-12 10:15:00+00:00,4120.585,sl,0,-1.0,test,2025
2025-11-12 10:15:00+00:00,2025-11-12 10:30:00+00:00,sweep_reclaim,long,4122.795,4118.485,4131.415000000001,4.3100000000004,12,london,2025-11-12 10:30:00+00:00,4118.485,sl,0,-1.0,test,2025
2025-11-13 07:15:00+00:00,2025-11-13 07:30:00+00:00,sweep_reclaim,long,4188.195,4187.005,4190.574999999999,1.1899999999995998,12,london,2025-11-13 07:30:00+00:00,4190.574999999999,tp,0,2.0,test,2025
2025-11-13 10:00:00+00:00,2025-11-13 10:15:00+00:00,rejection,long,4191.975,4183.255,4209.415000000001,8.720000000000255,12,london,2025-11-13 11:00:00+00:00,4209.415000000001,tp,3,2.0,test,2025
2025-11-13 11:45:00+00:00,2025-11-13 12:00:00+00:00,rejection,long,4208.595,4206.375,4213.035000000001,2.2200000000002547,12,london,2025-11-13 12:00:00+00:00,4206.375,sl,0,-1.0,test,2025
2025-11-14 11:00:00+00:00,2025-11-14 11:15:00+00:00,rejection,long,4205.185,4204.665,4206.225000000001,0.5200000000004366,12,london,2025-11-14 11:15:00+00:00,4204.665,sl,0,-1.0,test,2025
2025-11-17 08:15:00+00:00,2025-11-17 08:30:00+00:00,rejection,short,4087.815,4091.735,4079.975,3.9200000000000728,12,london,2025-11-17 08:30:00+00:00,4091.735,sl,0,-1.0,test,2025
2025-11-17 10:30:00+00:00,2025-11-17 10:45:00+00:00,rejection,short,4078.345,4089.425,4056.184999999999,11.080000000000382,12,london,2025-11-17 12:45:00+00:00,4056.184999999999,tp,8,2.0,test,2025
2025-11-18 09:45:00+00:00,2025-11-18 10:00:00+00:00,rejection,short,4027.615,4034.225,4014.3949999999995,6.610000000000127,12,london,2025-11-18 10:15:00+00:00,4014.3949999999995,tp,1,2.0,test,2025
2025-11-20 08:00:00+00:00,2025-11-20 08:15:00+00:00,rejection,long,4105.135,4101.278,4112.849,3.856999999999971,12,london,2025-11-20 08:15:00+00:00,4101.278,sl,0,-1.0,test,2025
2025-11-20 08:45:00+00:00,2025-11-20 09:00:00+00:00,rejection,long,4094.795,4092.098,4100.189,2.6970000000001164,12,london,2025-11-20 09:00:00+00:00,4092.098,sl,0,-1.0,test,2025
2025-11-20 09:45:00+00:00,2025-11-20 10:00:00+00:00,rejection,long,4061.775,4039.998,4105.329,21.777000000000044,12,london,2025-11-20 13:00:00+00:00,4065.855,timeout,12,0.1873536299765771,test,2025
2025-11-21 10:45:00+00:00,2025-11-21 11:00:00+00:00,rejection,short,4053.115,4059.075,4041.1949999999997,5.960000000000036,12,london,2025-11-21 11:00:00+00:00,4059.075,sl,0,-1.0,test,2025
2025-11-21 11:15:00+00:00,2025-11-21 11:30:00+00:00,rejection,short,4054.145,4059.195,4044.0449999999996,5.050000000000182,12,london,2025-11-21 11:30:00+00:00,4059.195,sl,0,-1.0,test,2025
2025-11-24 09:45:00+00:00,2025-11-24 10:00:00+00:00,rejection,short,4046.295,4048.615,4041.6550000000007,2.319999999999709,12,london,2025-11-24 10:00:00+00:00,4041.6550000000007,tp,0,2.0,test,2025
2025-11-24 10:15:00+00:00,2025-11-24 10:30:00+00:00,rejection,short,4045.195,4051.385,4032.815,6.190000000000055,12,london,2025-11-24 10:45:00+00:00,4051.385,sl,1,-1.0,test,2025
2025-11-25 07:45:00+00:00,2025-11-25 08:00:00+00:00,rejection,long,4135.198,4133.905,4137.7840000000015,1.2930000000005748,12,london,2025-11-25 08:00:00+00:00,4133.905,sl,0,-1.0,test,2025
2025-11-25 08:30:00+00:00,2025-11-25 08:45:00+00:00,rejection,long,4128.745,4123.715,4138.804999999999,5.029999999999745,12,london,2025-11-25 08:45:00+00:00,4138.804999999999,tp,0,2.0,test,2025
2025-11-25 10:45:00+00:00,2025-11-25 11:00:00+00:00,rejection,long,4144.525,4139.215,4155.144999999999,5.309999999999491,12,london,2025-11-25 11:15:00+00:00,4139.215,sl,1,-1.0,test,2025
2025-11-26 08:00:00+00:00,2025-11-26 08:15:00+00:00,rejection,long,4141.035,4137.395,4148.314999999999,3.639999999999418,12,london,2025-11-26 08:45:00+00:00,4148.314999999999,tp,2,2.0,test,2025
2025-11-26 09:45:00+00:00,2025-11-26 10:00:00+00:00,rejection,long,4163.235,4147.475,4194.754999999998,15.759999999999309,12,london,2025-11-26 13:00:00+00:00,4161.565,timeout,12,-0.10596446700508541,test,2025
2025-11-28 07:00:00+00:00,2025-11-28 07:15:00+00:00,rejection,long,4163.365,4160.835,4168.424999999999,2.5299999999997453,12,london,2025-11-28 07:15:00+00:00,4168.424999999999,tp,0,2.0,test,2025
2025-11-28 08:30:00+00:00,2025-11-28 08:45:00+00:00,rejection,long,4189.065,4178.045,4211.104999999999,11.019999999999527,12,london,2025-11-28 11:30:00+00:00,4178.045,sl,11,-1.0,test,2025
