strategy,timeframe,direction,entry_time,exit_time,entry_price,exit_price,sl_price,tp_price,bars_held,reason,pnl_r
PEM,M15,short,2020-11-30 20:00:00+00:00,2020-11-30 20:30:00+00:00,1768.805,1772.648,1772.648,1761.1190000000004,3,sl,-1.0
PEM,M15,long,2020-12-01 11:45:00+00:00,2020-12-01 14:45:00+00:00,1786.018,1789.115,1782.685,1792.6840000000002,13,timeout,0.9291929192918998
PEM,M15,long,2020-12-03 10:45:00+00:00,2020-12-03 13:45:00+00:00,1833.855,1831.935,1827.469,1846.627,13,timeout,-0.3006576886940311
PEM,M15,long,2020-12-04 01:15:00+00:00,2020-12-04 04:15:00+00:00,1837.718,1840.688,1829.468,1854.218,13,timeout,0.3600000000000033
PEM,M15,long,2020-12-07 13:00:00+00:00,2020-12-07 15:30:00+00:00,1841.325,1834.505,1834.505,1854.965,11,sl,-1.0
PEM,M15,long,2020-12-07 21:15:00+00:00,2020-12-07 22:00:00+00:00,1838.948,1858.5140000000004,1829.165,1858.5140000000004,4,tp,2.0
PEM,M15,short,2020-12-08 18:30:00+00:00,2020-12-08 20:00:00+00:00,1861.738,1865.038,1865.038,1855.1380000000001,7,sl,-1.0
PEM,M15,short,2020-12-09 08:15:00+00:00,2020-12-09 10:45:00+00:00,1867.188,1859.7480000000005,1870.908,1859.7480000000005,11,tp,2.0
PEM,M15,short,2020-12-09 11:00:00+00:00,2020-12-09 14:00:00+00:00,1860.755,1860.635,1866.358,1849.5490000000004,13,timeout,0.021417097983244995
PEM,M15,short,2020-12-10 00:30:00+00:00,2020-12-10 03:30:00+00:00,1841.285,1833.315,1858.125,1807.6050000000002,13,timeout,0.47327790973872125
PEM,M15,short,2020-12-11 01:15:00+00:00,2020-12-11 04:15:00+00:00,1830.357,1834.758,1843.378,1804.315,13,timeout,-0.33799247369634294
PEM,M15,long,2020-12-11 17:00:00+00:00,2020-12-11 18:00:00+00:00,1836.565,1831.743,1831.743,1846.2090000000003,5,sl,-1.0
PEM,M15,long,2020-12-14 21:30:00+00:00,2020-12-14 23:45:00+00:00,1832.535,1823.345,1823.345,1850.9150000000002,10,sl,-1.0
PEM,M15,long,2020-12-15 11:30:00+00:00,2020-12-15 14:15:00+00:00,1834.568,1841.5939999999998,1831.055,1841.5939999999998,12,tp,2.0
PEM,M15,long,2020-12-16 01:45:00+00:00,2020-12-16 04:45:00+00:00,1852.458,1853.718,1847.518,1862.3380000000002,13,timeout,0.25506072874493463
PEM,M15,short,2020-12-17 00:00:00+00:00,2020-12-17 02:30:00+00:00,1854.235,1845.3089999999995,1858.698,1845.3089999999995,11,tp,2.0
PEM,M15,long,2020-12-17 16:00:00+00:00,2020-12-17 19:00:00+00:00,1881.542,1878.188,1869.798,1905.0299999999997,13,timeout,-0.2855926430517574
PEM,M15,long,2020-12-17 20:15:00+00:00,2020-12-17 23:15:00+00:00,1883.308,1888.508,1873.798,1902.328,13,timeout,0.5467928496319716
PEM,M15,short,2020-12-19 03:15:00+00:00,2020-12-21 06:30:00+00:00,1879.305,1884.758,1884.758,1868.3990000000001,11,sl,-1.0
PEM,M15,long,2020-12-21 13:45:00+00:00,2020-12-21 14:00:00+00:00,1906.338,1898.455,1898.455,1922.104,2,sl,-1.0
PEM,M15,short,2020-12-22 12:45:00+00:00,2020-12-22 15:45:00+00:00,1876.718,1872.748,1882.255,1865.644,13,timeout,0.7169947625067731
PEM,M15,short,2020-12-23 02:15:00+00:00,2020-12-23 06:00:00+00:00,1861.855,1860.038,1867.9,1849.7649999999999,13,timeout,0.30057899090156914
PEM,M15,short,2020-12-23 19:30:00+00:00,2020-12-23 20:45:00+00:00,1859.045,1868.865,1868.865,1839.4050000000002,6,sl,-1.0
PEM,M15,short,2020-12-24 21:45:00+00:00,2020-12-24 22:00:00+00:00,1871.925,1877.005,1877.005,1861.7649999999996,2,sl,-1.0
PEM,M15,long,2020-12-28 06:30:00+00:00,2020-12-28 09:30:00+00:00,1886.135,1897.508,1876.418,1905.5690000000002,13,timeout,1.1704229700524784
PEM,M15,long,2020-12-28 21:15:00+00:00,2020-12-29 00:15:00+00:00,1887.848,1877.108,1875.295,1912.9539999999997,13,timeout,-0.855572373137904
PEM,M15,short,2020-12-29 03:45:00+00:00,2020-12-29 07:15:00+00:00,1873.505,1877.708,1877.708,1865.0990000000002,12,sl,-1.0
PEM,M15,long,2020-12-29 07:45:00+00:00,2020-12-29 10:45:00+00:00,1879.138,1879.745,1874.845,1887.7239999999997,13,timeout,0.1413929652923331
PEM,M15,short,2020-12-29 18:00:00+00:00,2020-12-29 21:00:00+00:00,1876.558,1879.205,1882.925,1863.824,13,timeout,-0.41573739594784836
PEM,M15,long,2020-12-31 01:15:00+00:00,2020-12-31 04:15:00+00:00,1889.188,1891.958,1884.375,1898.8140000000003,13,timeout,0.5755246208186003
PEM,M15,short,2020-12-31 10:30:00+00:00,2020-12-31 13:30:00+00:00,1888.208,1887.768,1897.778,1869.0680000000002,13,timeout,0.04597701149425888
PEM,M15,long,2020-12-31 20:45:00+00:00,2020-12-31 23:45:00+00:00,1896.684,1894.798,1888.595,1912.8619999999999,13,timeout,-0.23315613796513548
PEM,M15,short,2021-01-01 01:45:00+00:00,2021-01-01 02:45:00+00:00,1891.845,1896.014,1896.014,1883.5070000000003,5,sl,-1.0
PEM,M15,long,2021-01-04 10:30:00+00:00,2021-01-04 13:30:00+00:00,1922.155,1924.205,1909.858,1946.749,13,timeout,0.1667073269903188
PEM,M15,long,2021-01-04 15:15:00+00:00,2021-01-04 15:30:00+00:00,1925.405,1931.579,1922.318,1931.579,2,tp,2.0
PEM,M15,long,2021-01-06 00:15:00+00:00,2021-01-06 03:15:00+00:00,1951.098,1950.795,1945.665,1961.964,13,timeout,-0.05577029265596981
PEM,M15,long,2021-01-06 06:45:00+00:00,2021-01-06 08:30:00+00:00,1951.385,1947.615,1947.615,1958.925,8,sl,-1.0
PEM,M15,short,2021-01-06 20:15:00+00:00,2021-01-06 23:15:00+00:00,1932.529,1904.308,1956.515,1884.5569999999998,13,timeout,1.1765613274410023
PEM,M15,long,2021-01-07 14:00:00+00:00,2021-01-07 17:00:00+00:00,1926.848,1916.258,1914.705,1951.134,13,timeout,-0.8721073869719091
PEM,M15,short,2021-01-08 12:15:00+00:00,2021-01-08 15:00:00+00:00,1908.905,1900.1589999999999,1913.278,1900.1589999999999,12,tp,2.0
PEM,M15,short,2021-01-09 01:45:00+00:00,2021-01-09 04:45:00+00:00,1834.538,1847.145,1862.228,1779.158,13,timeout,-0.4552907186709984
PEM,M15,long,2021-01-12 11:00:00+00:00,2021-01-12 14:00:00+00:00,1850.705,1859.008,1845.242,1861.6309999999999,13,timeout,1.519860882299133
PEM,M15,short,2021-01-12 21:00:00+00:00,2021-01-13 00:00:00+00:00,1845.218,1842.678,1862.648,1810.3580000000004,13,timeout,0.1457257601835908
PEM,M15,short,2021-01-13 00:45:00+00:00,2021-01-13 01:45:00+00:00,1840.258,1846.058,1846.058,1828.6580000000001,5,sl,-1.0
PEM,M15,long,2021-01-13 03:45:00+00:00,2021-01-13 07:30:00+00:00,1855.768,1858.358,1846.568,1874.1680000000001,13,timeout,0.2815217391304245
PEM,M15,long,2021-01-13 09:15:00+00:00,2021-01-13 12:15:00+00:00,1861.865,1859.578,1854.668,1876.2590000000002,13,timeout,-0.317771293594553
PEM,M15,long,2021-01-19 08:15:00+00:00,2021-01-19 11:15:00+00:00,1840.748,1838.115,1836.215,1849.8140000000003,13,timeout,-0.5808515332009625
PEM,M15,long,2021-01-19 18:30:00+00:00,2021-01-19 19:00:00+00:00,1844.828,1842.305,1842.305,1849.8739999999998,3,sl,-1.0
PEM,M15,long,2021-01-21 10:30:00+00:00,2021-01-21 13:30:00+00:00,1872.205,1873.275,1867.567,1881.4809999999998,13,timeout,0.2307028891764084
PEM,M15,long,2021-01-21 18:45:00+00:00,2021-01-21 20:00:00+00:00,1871.765,1869.786,1869.786,1875.7230000000002,6,sl,-1.0
PEM,M15,short,2021-01-22 13:45:00+00:00,2021-01-22 16:45:00+00:00,1859.015,1857.685,1864.035,1848.9750000000001,13,timeout,0.26494023904385644
PEM,M15,long,2021-01-23 00:30:00+00:00,2021-01-23 03:30:00+00:00,1856.335,1855.271,1851.475,1866.0550000000003,13,timeout,-0.21893004115227374
PEM,M15,short,2021-01-25 11:30:00+00:00,2021-01-25 14:30:00+00:00,1853.765,1851.935,1857.325,1846.6450000000002,13,timeout,0.514044943820276
PEM,M15,long,2021-01-25 18:15:00+00:00,2021-01-25 21:15:00+00:00,1862.755,1864.185,1852.412,1883.4410000000003,13,timeout,0.138257758870717
PEM,M15,long,2021-01-26 09:30:00+00:00,2021-01-26 12:30:00+00:00,1858.805,1856.925,1853.058,1870.2990000000002,13,timeout,-0.3271271967983445
PEM,M15,short,2021-01-26 17:15:00+00:00,2021-01-26 20:15:00+00:00,1852.425,1852.535,1857.345,1842.5849999999998,13,timeout,-0.02235772357726132
PEM,M15,long,2021-01-27 13:15:00+00:00,2021-01-27 15:30:00+00:00,1850.792,1845.347,1845.347,1861.6819999999998,10,sl,-1.0
PEM,M15,short,2021-01-27 18:45:00+00:00,2021-01-27 21:45:00+00:00,1843.175,1833.475,1849.575,1830.3749999999998,13,timeout,1.5156249999999856
PEM,M15,short,2021-01-28 13:30:00+00:00,2021-01-28 15:30:00+00:00,1835.515,1840.995,1840.995,1824.5550000000005,9,sl,-1.0
PEM,M15,short,2021-01-29 01:30:00+00:00,2021-01-29 02:15:00+00:00,1838.488,1843.165,1843.165,1829.1340000000002,4,sl,-1.0
PEM,M15,long,2021-01-29 12:45:00+00:00,2021-01-29 15:45:00+00:00,1845.315,1845.625,1840.945,1854.0550000000003,13,timeout,0.07093821510296042
PEM,M15,short,2021-02-02 07:30:00+00:00,2021-02-02 08:30:00+00:00,1856.835,1862.165,1862.165,1846.1750000000002,5,sl,-1.0
PEM,M15,short,2021-02-02 11:45:00+00:00,2021-02-02 14:45:00+00:00,1854.835,1850.318,1862.245,1840.0150000000003,13,timeout,0.6095816464237708
PEM,M15,short,2021-02-03 01:45:00+00:00,2021-02-03 04:45:00+00:00,1833.405,1838.005,1844.085,1812.0449999999998,13,timeout,-0.4307116104869016
PEM,M15,long,2021-02-03 08:45:00+00:00,2021-02-03 11:45:00+00:00,1840.791,1841.095,1837.555,1847.2629999999997,13,timeout,0.09394313967864615
PEM,M15,short,2021-02-04 12:45:00+00:00,2021-02-04 14:30:00+00:00,1820.063,1826.095,1826.095,1807.9990000000003,8,sl,-1.0
PEM,M15,long,2021-02-05 13:00:00+00:00,2021-02-05 15:15:00+00:00,1797.947,1806.1649999999997,1793.838,1806.1649999999997,10,tp,2.0
PEM,M15,long,2021-02-05 15:45:00+00:00,2021-02-05 18:45:00+00:00,1810.338,1805.238,1796.495,1838.0240000000001,13,timeout,-0.36841725059596053
PEM,M15,long,2021-02-06 00:30:00+00:00,2021-02-06 03:30:00+00:00,1814.703,1812.115,1806.175,1831.759,13,timeout,-0.3034709193245731
PEM,M15,long,2021-02-08 18:30:00+00:00,2021-02-08 20:00:00+00:00,1816.405,1824.499,1812.358,1824.499,7,tp,2.0
PEM,M15,long,2021-02-10 12:15:00+00:00,2021-02-10 13:15:00+00:00,1843.835,1841.907,1841.907,1847.6910000000003,5,sl,-1.0
PEM,M15,short,2021-02-11 12:15:00+00:00,2021-02-11 14:00:00+00:00,1835.672,1838.085,1838.085,1830.846,8,sl,-1.0
PEM,M15,short,2021-02-11 18:30:00+00:00,2021-02-11 19:15:00+00:00,1840.341,1843.105,1843.105,1834.8129999999996,4,sl,-1.0
PEM,M15,short,2021-02-12 00:30:00+00:00,2021-02-12 03:30:00+00:00,1827.565,1823.947,1837.995,1806.7050000000004,13,timeout,0.34688398849474805
PEM,M15,long,2021-02-15 09:00:00+00:00,2021-02-15 12:00:00+00:00,1824.565,1822.095,1819.995,1833.7050000000004,13,timeout,-0.5404814004376234
PEM,M15,short,2021-02-15 21:30:00+00:00,2021-02-16 00:30:00+00:00,1817.155,1818.028,1823.655,1804.155,13,timeout,-0.1343076923076996
PEM,M15,short,2021-02-16 01:00:00+00:00,2021-02-16 07:30:00+00:00,1817.715,1820.735,1820.735,1811.675,8,sl,-1.0
PEM,M15,long,2021-02-16 11:15:00+00:00,2021-02-16 12:45:00+00:00,1825.615,1820.855,1820.855,1835.135,7,sl,-1.0
PEM,M15,short,2021-02-17 23:30:00+00:00,2021-02-18 00:00:00+00:00,1770.435,1779.565,1779.565,1752.1749999999997,3,sl,-1.0
PEM,M15,short,2021-02-18 02:00:00+00:00,2021-02-18 05:00:00+00:00,1771.735,1775.785,1780.068,1755.0689999999997,13,timeout,-0.486019440777648
PEM,M15,long,2021-02-18 08:00:00+00:00,2021-02-18 11:00:00+00:00,1780.055,1782.975,1775.895,1788.3750000000002,13,timeout,0.7019230769230259
PEM,M15,long,2021-02-19 13:30:00+00:00,2021-02-19 16:30:00+00:00,1776.935,1773.995,1765.862,1799.0809999999997,13,timeout,-0.26551070170686264
PEM,M15,short,2021-02-19 17:30:00+00:00,2021-02-19 20:15:00+00:00,1769.925,1774.875,1774.875,1760.0249999999999,12,sl,-1.0
PEM,M15,long,2021-02-22 08:30:00+00:00,2021-02-22 09:15:00+00:00,1787.825,1783.905,1783.905,1795.6650000000002,4,sl,-1.0
PEM,M15,long,2021-02-22 12:30:00+00:00,2021-02-22 13:15:00+00:00,1786.131,1791.5230000000004,1783.435,1791.5230000000004,4,tp,2.0
PEM,M15,long,2021-02-23 19:30:00+00:00,2021-02-23 21:45:00+00:00,1812.188,1805.465,1805.465,1825.6340000000005,10,sl,-1.0
PEM,M15,short,2021-02-24 20:45:00+00:00,2021-02-24 21:45:00+00:00,1801.559,1785.157,1809.76,1785.157,5,tp,2.0
PEM,M15,short,2021-02-25 15:45:00+00:00,2021-02-25 18:45:00+00:00,1789.405,1785.425,1796.475,1775.265,13,timeout,0.5629420084865706
PEM,M15,short,2021-02-25 19:00:00+00:00,2021-02-25 22:00:00+00:00,1785.455,1780.191,1794.965,1766.435,13,timeout,0.5535226077812725
PEM,M15,short,2021-02-26 07:45:00+00:00,2021-02-26 10:45:00+00:00,1768.075,1772.505,1779.415,1745.3950000000002,13,timeout,-0.39065255731923243
PEM,M15,short,2021-02-26 13:00:00+00:00,2021-02-26 16:00:00+00:00,1762.065,1768.895,1768.895,1748.4050000000002,13,sl,-1.0
PEM,M15,long,2021-03-01 07:45:00+00:00,2021-03-01 10:45:00+00:00,1740.965,1750.735,1735.615,1751.6649999999997,13,timeout,1.826168224299093
PEM,M15,short,2021-03-01 18:45:00+00:00,2021-03-01 20:30:00+00:00,1743.095,1734.2549999999999,1747.515,1734.2549999999999,8,tp,2.0
PEM,M15,short,2021-03-02 00:30:00+00:00,2021-03-02 03:30:00+00:00,1729.615,1721.615,1740.825,1707.195,13,timeout,0.7136485280999085
PEM,M15,long,2021-03-02 20:30:00+00:00,2021-03-02 20:45:00+00:00,1734.966,1727.666,1727.666,1749.5659999999998,2,sl,-1.0
PEM,M15,short,2021-03-03 09:45:00+00:00,2021-03-03 12:45:00+00:00,1731.725,1732.235,1735.616,1723.9429999999998,13,timeout,-0.1310717039321462
PEM,M15,long,2021-03-04 19:45:00+00:00,2021-03-04 21:00:00+00:00,1718.995,1713.354,1713.354,1730.2769999999996,6,sl,-1.0
PEM,M15,short,2021-03-05 07:45:00+00:00,2021-03-05 10:45:00+00:00,1691.879,1694.285,1718.434,1638.7689999999998,13,timeout,-0.0906044059499217
PEM,M15,long,2021-03-06 00:45:00+00:00,2021-03-06 03:45:00+00:00,1701.389,1698.348,1694.085,1715.9969999999996,13,timeout,-0.4163472070098574
PEM,M15,long,2021-03-08 06:30:00+00:00,2021-03-08 09:30:00+00:00,1708.435,1711.421,1696.865,1731.5749999999998,13,timeout,0.25808124459810894
PEM,M15,short,2021-03-08 14:30:00+00:00,2021-03-08 17:30:00+00:00,1701.928,1693.024,1714.168,1677.4480000000005,13,timeout,0.7274509803921881
PEM,M15,short,2021-03-10 18:00:00+00:00,2021-03-10 20:30:00+00:00,1712.368,1715.668,1715.668,1705.768,11,sl,-1.0
PEM,M15,long,2021-03-11 00:30:00+00:00,2021-03-11 03:30:00+00:00,1718.859,1725.424,1710.494,1735.589,13,timeout,0.7848176927674893
PEM,M15,long,2021-03-11 12:45:00+00:00,2021-03-11 15:45:00+00:00,1733.255,1739.378,1724.748,1750.2690000000002,13,timeout,0.7197601974843982
PEM,M15,short,2021-03-15 12:45:00+00:00,2021-03-15 15:45:00+00:00,1723.318,1725.949,1727.905,1714.144,13,timeout,-0.5735775016350756
PEM,M15,long,2021-03-15 18:45:00+00:00,2021-03-15 19:15:00+00:00,1730.258,1728.358,1728.358,1734.0580000000002,3,sl,-1.0
PEM,M15,long,2021-03-16 18:15:00+00:00,2021-03-16 19:00:00+00:00,1733.994,1730.898,1730.898,1740.186,4,sl,-1.0
PEM,M15,long,2021-03-17 11:45:00+00:00,2021-03-17 14:45:00+00:00,1737.118,1734.468,1733.445,1744.464,13,timeout,-0.7214810781377246
PEM,M15,long,2021-03-18 01:30:00+00:00,2021-03-18 05:15:00+00:00,1741.774,1748.734,1727.135,1771.0519999999997,13,timeout,0.47544231163331413
PEM,M15,long,2021-03-18 05:45:00+00:00,2021-03-18 08:45:00+00:00,1749.025,1751.518,1743.634,1759.8070000000002,13,timeout,0.4624373956594144
PEM,M15,short,2021-03-18 17:30:00+00:00,2021-03-18 20:30:00+00:00,1734.338,1721.968,1750.748,1701.5179999999998,13,timeout,0.7538086532601967
PEM,M15,short,2021-03-19 08:30:00+00:00,2021-03-19 10:30:00+00:00,1728.774,1734.858,1734.858,1716.6059999999998,9,sl,-1.0
PEM,M15,short,2021-03-19 12:45:00+00:00,2021-03-19 13:00:00+00:00,1730.914,1734.258,1734.258,1724.2259999999999,2,sl,-1.0
PEM,M15,long,2021-03-19 23:15:00+00:00,2021-03-20 02:15:00+00:00,1740.178,1741.868,1734.328,1751.8780000000004,13,timeout,0.2888888888888526
PEM,M15,long,2021-03-24 20:00:00+00:00,2021-03-24 20:45:00+00:00,1732.448,1730.018,1730.018,1737.3080000000002,4,sl,-1.0
PEM,M15,long,2021-03-24 23:15:00+00:00,2021-03-25 02:15:00+00:00,1734.085,1734.308,1729.865,1742.525,13,timeout,0.05284360189572391
PEM,M15,short,2021-03-25 18:00:00+00:00,2021-03-25 20:30:00+00:00,1730.578,1733.768,1733.768,1724.1979999999999,11,sl,-1.0
PEM,M15,short,2021-03-26 00:15:00+00:00,2021-03-26 03:15:00+00:00,1727.965,1727.695,1737.108,1709.6789999999999,13,timeout,0.029530788581426333
PEM,M15,short,2021-03-29 12:15:00+00:00,2021-03-29 15:15:00+00:00,1727.675,1725.139,1730.978,1721.0689999999997,13,timeout,0.7677868604299041
PEM,M15,short,2021-03-31 02:00:00+00:00,2021-03-31 05:45:00+00:00,1681.608,1684.84,1687.558,1669.7079999999999,13,timeout,-0.5431932773109154
PEM,M15,long,2021-03-31 18:00:00+00:00,2021-03-31 18:45:00+00:00,1688.368,1684.625,1684.625,1695.8539999999998,4,sl,-1.0
PEM,M15,long,2021-03-31 23:30:00+00:00,2021-04-01 02:30:00+00:00,1709.188,1707.538,1702.675,1722.2140000000004,13,timeout,-0.2533394748963694
PEM,M15,long,2021-04-01 10:30:00+00:00,2021-04-01 13:30:00+00:00,1712.985,1712.728,1709.138,1720.6789999999999,13,timeout,-0.06680530283333398
PEM,M15,long,2021-04-06 12:30:00+00:00,2021-04-06 14:00:00+00:00,1735.548,1732.518,1732.518,1741.608,7,sl,-1.0
PEM,M15,long,2021-04-06 18:30:00+00:00,2021-04-06 20:45:00+00:00,1733.718,1739.2240000000004,1730.965,1739.2240000000004,10,tp,2.0
PEM,M15,short,2021-04-07 08:45:00+00:00,2021-04-07 11:45:00+00:00,1739.268,1738.475,1744.228,1729.348,13,timeout,0.15987903225808756
PEM,M15,long,2021-04-08 12:00:00+00:00,2021-04-08 15:00:00+00:00,1739.678,1745.448,1734.655,1749.7240000000004,13,timeout,1.1487159068285533
PEM,M15,long,2021-04-08 18:45:00+00:00,2021-04-08 21:45:00+00:00,1749.018,1758.448,1742.878,1761.2980000000002,13,timeout,1.5358306188924935
PEM,M15,short,2021-04-09 12:00:00+00:00,2021-04-09 13:30:00+00:00,1751.725,1748.185,1753.495,1748.185,7,tp,2.0
PEM,M15,short,2021-04-09 19:30:00+00:00,2021-04-09 20:00:00+00:00,1744.188,1735.688,1748.438,1735.688,3,tp,2.0
PEM,M15,short,2021-04-12 12:45:00+00:00,2021-04-12 13:30:00+00:00,1735.985,1739.908,1739.908,1728.139,4,sl,-1.0
PEM,M15,short,2021-04-13 02:00:00+00:00,2021-04-13 05:45:00+00:00,1727.758,1732.165,1735.488,1712.298,13,timeout,-0.5701164294954612
PEM,M15,long,2021-04-14 00:45:00+00:00,2021-04-14 03:45:00+00:00,1746.698,1745.348,1727.665,1784.7640000000004,13,timeout,-0.07092943834393566
PEM,M15,short,2021-04-14 12:30:00+00:00,2021-04-14 13:15:00+00:00,1742.548,1744.758,1744.758,1738.128,4,sl,-1.0
PEM,M15,long,2021-04-15 12:00:00+00:00,2021-04-15 13:15:00+00:00,1739.468,1742.986,1737.709,1742.986,6,tp,2.0
PEM,M15,short,2021-04-19 23:15:00+00:00,2021-04-20 02:15:00+00:00,1771.868,1770.625,1787.718,1740.1679999999997,13,timeout,0.07842271293374936
PEM,M15,long,2021-04-20 18:15:00+00:00,2021-04-20 19:45:00+00:00,1771.538,1767.235,1767.235,1780.1440000000002,7,sl,-1.0
PEM,M15,long,2021-04-21 18:45:00+00:00,2021-04-21 21:00:00+00:00,1782.708,1792.0880000000002,1778.018,1792.0880000000002,10,tp,2.0
PEM,M15,short,2021-04-22 11:45:00+00:00,2021-04-22 14:45:00+00:00,1790.992,1792.825,1794.715,1783.546,13,timeout,-0.4923448831587712
PEM,M15,short,2021-04-22 16:00:00+00:00,2021-04-22 18:00:00+00:00,1790.038,1783.6840000000002,1793.215,1783.6840000000002,9,tp,2.0
PEM,M15,short,2021-04-22 19:30:00+00:00,2021-04-22 22:30:00+00:00,1783.758,1779.288,1788.298,1774.678,13,timeout,0.9845814977973707
PEM,M15,long,2021-04-23 06:30:00+00:00,2021-04-23 09:30:00+00:00,1784.905,1787.757,1779.435,1795.845,13,timeout,0.5213893967093373
PEM,M15,short,2021-04-23 13:00:00+00:00,2021-04-23 13:15:00+00:00,1783.565,1785.268,1785.268,1780.159,2,sl,-1.0
PEM,M15,short,2021-04-26 13:30:00+00:00,2021-04-26 16:30:00+00:00,1779.488,1779.888,1782.638,1773.1880000000003,13,timeout,-0.12698412698408917
PEM,M15,short,2021-04-28 13:00:00+00:00,2021-04-28 16:00:00+00:00,1768.765,1769.298,1772.175,1761.9450000000004,13,timeout,-0.15630498533722126
PEM,M15,short,2021-04-29 01:15:00+00:00,2021-04-29 01:15:00+00:00,1771.248,1775.758,1775.758,1762.228,1,sl,-1.0
PEM,M15,long,2021-04-29 07:30:00+00:00,2021-04-29 10:30:00+00:00,1784.798,1785.938,1779.898,1794.5980000000002,13,timeout,0.2326530612245059
PEM,M15,short,2021-04-30 17:30:00+00:00,2021-04-30 17:45:00+00:00,1767.255,1769.338,1769.338,1763.0890000000004,2,sl,-1.0
PEM,M15,long,2021-05-01 01:00:00+00:00,2021-05-01 04:00:00+00:00,1770.108,1768.428,1765.575,1779.1739999999998,13,timeout,-0.37061548643279785
PEM,M15,long,2021-05-03 10:45:00+00:00,2021-05-03 13:45:00+00:00,1774.178,1778.488,1771.575,1779.3840000000002,13,timeout,1.6557817902419658
PEM,M15,long,2021-05-03 17:45:00+00:00,2021-05-03 20:30:00+00:00,1779.425,1789.5049999999999,1774.385,1789.5049999999999,12,tp,2.0
PEM,M15,short,2021-05-04 10:45:00+00:00,2021-05-04 12:30:00+00:00,1789.098,1784.458,1791.418,1784.458,8,tp,2.0
PEM,M15,short,2021-05-04 12:45:00+00:00,2021-05-04 15:15:00+00:00,1783.938,1789.358,1789.358,1773.0980000000004,11,sl,-1.0
PEM,M15,long,2021-05-05 10:00:00+00:00,2021-05-05 13:00:00+00:00,1781.755,1778.695,1776.658,1791.9490000000005,13,timeout,-0.6003531489111337
PEM,M15,long,2021-05-05 19:00:00+00:00,2021-05-05 19:30:00+00:00,1779.075,1775.615,1775.615,1785.9950000000001,3,sl,-1.0
PEM,M15,long,2021-05-10 13:00:00+00:00,2021-05-10 16:00:00+00:00,1837.928,1835.918,1831.095,1851.5940000000003,13,timeout,-0.29416069076543155
PEM,M15,short,2021-05-11 11:15:00+00:00,2021-05-11 12:30:00+00:00,1834.828,1837.288,1837.288,1829.908,6,sl,-1.0
PEM,M15,long,2021-05-11 17:45:00+00:00,2021-05-11 19:30:00+00:00,1840.855,1835.018,1835.018,1852.529,8,sl,-1.0
PEM,M15,long,2021-05-11 23:30:00+00:00,2021-05-12 02:30:00+00:00,1834.398,1836.585,1827.848,1847.4979999999998,13,timeout,0.3338931297710138
PEM,M15,long,2021-05-12 13:45:00+00:00,2021-05-12 16:45:00+00:00,1832.808,1833.646,1827.925,1842.574,13,timeout,0.1716158099528894
PEM,M15,long,2021-05-12 17:30:00+00:00,2021-05-12 19:30:00+00:00,1835.178,1830.255,1830.255,1845.0240000000001,9,sl,-1.0
PEM,M15,short,2021-05-13 03:45:00+00:00,2021-05-13 07:30:00+00:00,1815.418,1814.945,1824.768,1796.7179999999996,13,timeout,0.05058823529411224
PEM,M15,short,2021-05-13 10:15:00+00:00,2021-05-13 13:15:00+00:00,1819.788,1819.015,1822.258,1814.848,13,timeout,0.312955465587005
PEM,M15,long,2021-05-13 23:15:00+00:00,2021-05-14 02:15:00+00:00,1824.998,1825.126,1820.555,1833.884,13,timeout,0.028809363042973112
PEM,M15,short,2021-05-14 10:00:00+00:00,2021-05-14 12:45:00+00:00,1821.475,1824.808,1824.808,1814.8089999999997,12,sl,-1.0
PEM,M15,long,2021-05-17 12:00:00+00:00,2021-05-17 15:00:00+00:00,1853.025,1852.768,1851.125,1856.8250000000003,13,timeout,-0.13526315789476293
PEM,M15,short,2021-05-17 19:00:00+00:00,2021-05-17 19:30:00+00:00,1847.965,1850.098,1850.098,1843.6989999999998,3,sl,-1.0
PEM,M15,long,2021-05-18 07:15:00+00:00,2021-05-18 10:15:00+00:00,1868.255,1868.368,1865.335,1874.0950000000003,13,timeout,0.03869863013692678
PEM,M15,short,2021-05-18 18:45:00+00:00,2021-05-18 19:00:00+00:00,1865.915,1869.495,1869.495,1858.755,2,sl,-1.0
PEM,M15,short,2021-05-19 16:15:00+00:00,2021-05-19 19:15:00+00:00,1863.075,1862.095,1871.498,1846.229,13,timeout,0.11634809450314829
PEM,M15,short,2021-05-20 07:15:00+00:00,2021-05-20 08:00:00+00:00,1865.615,1871.564,1871.564,1853.7169999999999,4,sl,-1.0
PEM,M15,long,2021-05-20 21:00:00+00:00,2021-05-21 00:00:00+00:00,1875.405,1882.364,1866.618,1892.979,13,timeout,0.7919654034368991
PEM,M15,long,2021-05-21 16:30:00+00:00,2021-05-21 19:30:00+00:00,1876.998,1884.458,1873.268,1884.458,13,tp,2.0
PEM,M15,long,2021-05-22 01:00:00+00:00,2021-05-22 04:00:00+00:00,1876.885,1880.898,1872.458,1885.7389999999998,13,timeout,0.9064829455613291
PEM,M15,long,2021-05-24 07:15:00+00:00,2021-05-24 08:00:00+00:00,1883.205,1879.998,1879.998,1889.6189999999997,4,sl,-1.0
PEM,M15,short,2021-05-24 16:15:00+00:00,2021-05-24 19:15:00+00:00,1877.395,1882.418,1886.878,1858.429,13,timeout,-0.5296846989349298
PEM,M15,short,2021-05-25 06:45:00+00:00,2021-05-25 09:45:00+00:00,1877.755,1876.388,1881.455,1870.3550000000005,13,timeout,0.36945945945952874
PEM,M15,short,2021-05-27 01:15:00+00:00,2021-05-27 05:00:00+00:00,1893.108,1895.998,1904.808,1869.7079999999999,13,timeout,-0.2470085470085546
PEM,M15,short,2021-05-27 08:15:00+00:00,2021-05-27 10:00:00+00:00,1893.358,1896.448,1896.448,1887.1779999999997,8,sl,-1.0
PEM,M15,long,2021-05-27 12:00:00+00:00,2021-05-27 15:00:00+00:00,1898.425,1899.268,1894.488,1906.2989999999998,13,timeout,0.21412242824488098
PEM,M15,short,2021-05-27 18:45:00+00:00,2021-05-27 19:45:00+00:00,1893.0,1897.245,1897.245,1884.5100000000002,5,sl,-1.0
PEM,M15,long,2021-05-28 00:45:00+00:00,2021-05-28 03:45:00+00:00,1895.598,1896.948,1890.128,1906.538,13,timeout,0.24680073126144966
PEM,M15,long,2021-06-01 13:30:00+00:00,2021-06-01 15:45:00+00:00,1913.115,1906.878,1906.878,1925.5890000000002,10,sl,-1.0
PEM,M15,short,2021-06-03 11:45:00+00:00,2021-06-03 13:45:00+00:00,1904.068,1895.9080000000001,1908.148,1895.9080000000001,9,tp,2.0
PEM,M15,short,2021-06-03 17:00:00+00:00,2021-06-03 17:00:00+00:00,1892.748,1894.845,1894.845,1888.554,1,sl,-1.0
PEM,M15,long,2021-06-04 19:45:00+00:00,2021-06-04 22:45:00+00:00,1878.898,1892.208,1868.668,1899.358,13,timeout,1.301075268817219
PEM,M15,long,2021-06-07 18:45:00+00:00,2021-06-07 21:45:00+00:00,1887.815,1891.898,1882.738,1897.969,13,timeout,0.8042150876501591
PEM,M15,short,2021-06-08 11:30:00+00:00,2021-06-08 12:15:00+00:00,1895.618,1897.268,1897.268,1892.3179999999998,4,sl,-1.0
PEM,M15,long,2021-06-08 19:15:00+00:00,2021-06-08 20:00:00+00:00,1899.268,1893.595,1893.595,1910.614,4,sl,-1.0
PEM,M15,short,2021-06-10 12:00:00+00:00,2021-06-10 13:30:00+00:00,1885.218,1887.878,1887.878,1879.8980000000004,7,sl,-1.0
PEM,M15,short,2021-06-10 18:30:00+00:00,2021-06-10 19:15:00+00:00,1878.448,1872.9340000000004,1881.205,1872.9340000000004,4,tp,2.0
PEM,M15,long,2021-06-11 12:30:00+00:00,2021-06-11 12:45:00+00:00,1900.285,1898.588,1898.588,1903.6790000000003,2,sl,-1.0
PEM,M15,short,2021-06-11 18:15:00+00:00,2021-06-11 21:15:00+00:00,1890.968,1881.308,1900.398,1872.1080000000004,13,timeout,1.0243902439024655
PEM,M15,short,2021-06-14 07:30:00+00:00,2021-06-14 10:30:00+00:00,1871.778,1863.808,1877.458,1860.418,13,timeout,1.4031690140844961
PEM,M15,long,2021-06-15 11:30:00+00:00,2021-06-15 14:30:00+00:00,1865.124,1867.648,1860.628,1874.1160000000002,13,timeout,0.561387900355835
PEM,M15,short,2021-06-15 15:30:00+00:00,2021-06-15 18:30:00+00:00,1863.488,1863.398,1867.998,1854.468,13,timeout,0.019955654102027872
PEM,M15,short,2021-06-15 23:30:00+00:00,2021-06-16 02:30:00+00:00,1855.578,1858.345,1861.408,1843.9180000000001,13,timeout,-0.4746140651801179
PEM,M15,long,2021-06-16 12:00:00+00:00,2021-06-16 14:15:00+00:00,1860.178,1857.258,1857.258,1866.0180000000003,10,sl,-1.0
PEM,M15,long,2021-06-16 23:15:00+00:00,2021-06-17 01:00:00+00:00,1860.145,1855.395,1855.395,1869.645,8,sl,-1.0
PEM,M15,short,2021-06-17 01:30:00+00:00,2021-06-17 05:15:00+00:00,1834.638,1811.628,1860.288,1783.3379999999997,13,timeout,0.8970760233918094
PEM,M15,short,2021-06-17 12:45:00+00:00,2021-06-17 14:45:00+00:00,1818.538,1805.998,1824.808,1805.998,9,tp,2.0
PEM,M15,short,2021-06-17 18:00:00+00:00,2021-06-17 21:00:00+00:00,1798.048,1780.398,1811.558,1771.028,13,timeout,1.3064396743153297
PEM,M15,short,2021-06-19 03:30:00+00:00,2021-06-21 07:15:00+00:00,1762.805,1770.985,1773.758,1740.8990000000001,13,timeout,-0.746827353236543
PEM,M15,short,2021-06-21 12:30:00+00:00,2021-06-21 13:15:00+00:00,1771.368,1776.018,1776.018,1762.0679999999998,4,sl,-1.0
PEM,M15,short,2021-06-21 19:45:00+00:00,2021-06-21 22:15:00+00:00,1776.018,1784.108,1784.108,1759.8380000000002,11,sl,-1.0
PEM,M15,short,2021-06-22 23:00:00+00:00,2021-06-23 02:00:00+00:00,1775.935,1779.688,1785.548,1756.7089999999998,13,timeout,-0.39040882138771815
PEM,M15,short,2021-06-23 03:15:00+00:00,2021-06-23 07:00:00+00:00,1775.088,1777.528,1780.748,1763.7679999999998,13,timeout,-0.4310954063604274
PEM,M15,short,2021-06-23 12:45:00+00:00,2021-06-23 14:00:00+00:00,1778.368,1782.758,1782.758,1769.5879999999997,6,sl,-1.0
PEM,M15,long,2021-06-23 18:00:00+00:00,2021-06-23 18:30:00+00:00,1783.378,1781.628,1781.628,1786.878,3,sl,-1.0
PEM,M15,short,2021-06-24 02:30:00+00:00,2021-06-24 06:15:00+00:00,1776.878,1776.938,1783.768,1763.0979999999997,13,timeout,-0.008708272859241209
PEM,M15,long,2021-06-24 16:00:00+00:00,2021-06-24 19:00:00+00:00,1781.798,1787.068,1774.968,1795.4579999999999,13,timeout,0.7715959004392442
PEM,M15,short,2021-06-24 23:30:00+00:00,2021-06-25 02:30:00+00:00,1777.838,1775.318,1780.108,1773.298,13,timeout,1.1101321585903092
PEM,M15,long,2021-06-25 09:45:00+00:00,2021-06-25 12:45:00+00:00,1778.868,1779.148,1774.438,1787.7279999999996,13,timeout,0.06320541760721965
PEM,M15,long,2021-06-28 12:45:00+00:00,2021-06-28 15:15:00+00:00,1783.668,1778.408,1778.408,1794.1879999999999,11,sl,-1.0
PEM,M15,short,2021-06-28 15:45:00+00:00,2021-06-28 18:45:00+00:00,1776.118,1776.078,1783.768,1760.8179999999998,13,timeout,0.005228758169929823
PEM,M15,short,2021-06-29 11:45:00+00:00,2021-06-29 12:15:00+00:00,1773.798,1775.778,1775.778,1769.838,3,sl,-1.0
PEM,M15,short,2021-06-29 18:15:00+00:00,2021-06-29 19:30:00+00:00,1768.518,1774.888,1774.888,1755.7780000000002,6,sl,-1.0
PEM,M15,short,2021-06-30 02:30:00+00:00,2021-06-30 06:15:00+00:00,1761.708,1761.658,1765.361,1754.402,13,timeout,0.01368738023547266
PEM,M15,short,2021-06-30 10:45:00+00:00,2021-06-30 13:00:00+00:00,1761.788,1756.288,1764.538,1756.288,10,tp,2.0
PEM,M15,short,2021-07-01 22:45:00+00:00,2021-07-02 00:30:00+00:00,1769.758,1775.338,1775.338,1758.5980000000002,8,sl,-1.0
PEM,M15,long,2021-07-03 01:15:00+00:00,2021-07-05 05:00:00+00:00,1788.108,1787.448,1781.358,1801.608,13,timeout,-0.09777777777775622
PEM,M15,short,2021-07-05 11:15:00+00:00,2021-07-05 13:45:00+00:00,1785.198,1788.388,1788.388,1778.8180000000004,11,sl,-1.0
PEM,M15,long,2021-07-06 19:15:00+00:00,2021-07-06 20:15:00+00:00,1810.298,1806.768,1806.768,1817.358,5,sl,-1.0
PEM,M15,long,2021-07-07 17:15:00+00:00,2021-07-07 20:15:00+00:00,1806.118,1802.578,1797.678,1822.9979999999996,13,timeout,-0.41943127962085736
PEM,M15,short,2021-07-08 03:30:00+00:00,2021-07-08 07:15:00+00:00,1802.418,1803.518,1806.358,1794.5379999999998,13,timeout,-0.279187817258914
PEM,M15,long,2021-07-08 14:45:00+00:00,2021-07-08 17:45:00+00:00,1805.018,1812.848,1796.518,1822.018,13,timeout,0.9211764705882267
PEM,M15,short,2021-07-09 12:30:00+00:00,2021-07-09 15:30:00+00:00,1800.408,1802.578,1806.118,1788.9879999999998,13,timeout,-0.3800350262697126
PEM,M15,short,2021-07-09 18:45:00+00:00,2021-07-09 21:15:00+00:00,1799.228,1805.798,1805.798,1786.0880000000002,11,sl,-1.0
PEM,M15,short,2021-07-12 07:00:00+00:00,2021-07-12 07:30:00+00:00,1806.558,1808.838,1808.838,1801.998,3,sl,-1.0
PEM,M15,short,2021-07-14 00:45:00+00:00,2021-07-14 03:45:00+00:00,1808.698,1807.218,1814.838,1796.4180000000003,13,timeout,0.24104234527688093
PEM,M15,long,2021-07-15 01:00:00+00:00,2021-07-15 04:00:00+00:00,1825.158,1826.868,1821.248,1832.9779999999996,13,timeout,0.437340153452711
PEM,M15,short,2021-07-15 17:45:00+00:00,2021-07-15 20:45:00+00:00,1823.798,1824.728,1832.778,1805.838,13,timeout,-0.10356347438753472
PEM,M15,long,2021-07-16 06:30:00+00:00,2021-07-16 08:30:00+00:00,1831.198,1828.628,1828.628,1836.3380000000004,9,sl,-1.0
PEM,M15,short,2021-07-16 18:30:00+00:00,2021-07-16 19:45:00+00:00,1815.938,1823.288,1823.288,1801.2380000000003,6,sl,-1.0
PEM,M15,short,2021-07-19 13:15:00+00:00,2021-07-19 13:30:00+00:00,1811.048,1805.148,1813.998,1805.148,2,tp,2.0
PEM,M15,long,2021-07-20 07:45:00+00:00,2021-07-20 09:15:00+00:00,1813.595,1818.829,1810.978,1818.829,7,tp,2.0
PEM,M15,short,2021-07-20 22:15:00+00:00,2021-07-21 01:15:00+00:00,1809.138,1810.598,1823.898,1779.618,13,timeout,-0.09891598915989412
PEM,M15,short,2021-07-21 18:15:00+00:00,2021-07-21 21:15:00+00:00,1801.208,1804.508,1805.918,1791.7880000000005,13,timeout,-0.700636942675178
PEM,M15,short,2021-07-22 10:15:00+00:00,2021-07-22 13:15:00+00:00,1798.378,1798.388,1801.878,1791.378,13,timeout,-0.0028571428571402585
PEM,M15,short,2021-07-22 17:45:00+00:00,2021-07-22 18:45:00+00:00,1796.168,1797.708,1797.708,1793.0879999999995,5,sl,-1.0
PEM,M15,long,2021-07-22 22:30:00+00:00,2021-07-23 01:30:00+00:00,1804.228,1807.778,1801.818,1809.0480000000002,13,timeout,1.4730290456430846
PEM,M15,short,2021-07-23 17:30:00+00:00,2021-07-23 20:30:00+00:00,1798.298,1799.898,1804.888,1785.1180000000002,13,timeout,-0.24279210925643838
PEM,M15,short,2021-07-26 19:45:00+00:00,2021-07-26 22:45:00+00:00,1803.788,1799.258,1809.518,1792.328,13,timeout,0.7905759162303592
PEM,M15,short,2021-07-27 01:45:00+00:00,2021-07-27 05:30:00+00:00,1796.825,1797.548,1800.628,1789.2190000000003,13,timeout,-0.19011306863002325
PEM,M15,short,2021-07-27 12:15:00+00:00,2021-07-27 14:45:00+00:00,1797.578,1799.668,1799.668,1793.3980000000001,11,sl,-1.0
PEM,M15,long,2021-07-27 19:15:00+00:00,2021-07-27 19:30:00+00:00,1798.898,1804.1779999999997,1796.258,1804.1779999999997,2,tp,2.0
PEM,M15,long,2021-07-29 08:30:00+00:00,2021-07-29 11:30:00+00:00,1816.248,1814.868,1801.366,1846.0120000000002,13,timeout,-0.09272947184518905
PEM,M15,long,2021-07-29 18:45:00+00:00,2021-07-29 21:45:00+00:00,1827.698,1826.958,1820.538,1842.0180000000003,13,timeout,-0.10335195530726266
PEM,M15,long,2021-07-29 22:45:00+00:00,2021-07-30 01:45:00+00:00,1829.298,1830.198,1825.168,1837.5580000000002,13,timeout,0.21791767554481045
PEM,M15,short,2021-07-30 23:45:00+00:00,2021-07-31 02:45:00+00:00,1817.288,1814.128,1827.768,1796.328,13,timeout,0.3015267175572592
PEM,M15,short,2021-08-03 13:45:00+00:00,2021-08-03 14:30:00+00:00,1808.618,1811.538,1811.538,1802.7779999999998,4,sl,-1.0
PEM,M15,long,2021-08-04 19:00:00+00:00,2021-08-04 20:15:00+00:00,1818.308,1828.888,1813.018,1828.888,6,tp,2.0
PEM,M15,short,2021-08-06 10:00:00+00:00,2021-08-06 13:00:00+00:00,1800.495,1799.895,1802.178,1797.1289999999995,13,timeout,0.3565062388590794
PEM,M15,short,2021-08-06 17:45:00+00:00,2021-08-06 19:15:00+00:00,1797.598,1800.238,1800.238,1792.3179999999998,7,sl,-1.0
PEM,M15,long,2021-08-09 18:45:00+00:00,2021-08-09 20:00:00+00:00,1746.265,1738.968,1738.968,1760.8590000000002,6,sl,-1.0
PEM,M15,long,2021-08-10 23:15:00+00:00,2021-08-11 02:15:00+00:00,1730.688,1729.738,1724.768,1742.5280000000002,13,timeout,-0.1604729729729787
PEM,M15,long,2021-08-11 18:00:00+00:00,2021-08-11 19:30:00+00:00,1735.878,1742.298,1732.668,1742.298,7,tp,2.0
PEM,M15,long,2021-08-12 00:45:00+00:00,2021-08-12 03:45:00+00:00,1751.168,1752.148,1747.948,1757.6079999999995,13,timeout,0.3043478260869811
PEM,M15,long,2021-08-13 20:15:00+00:00,2021-08-13 22:45:00+00:00,1762.478,1775.688,1755.873,1775.688,11,tp,2.0
PEM,M15,long,2021-08-16 05:15:00+00:00,2021-08-16 08:15:00+00:00,1779.698,1781.698,1773.278,1792.5380000000002,13,timeout,0.3115264797507753
PEM,M15,short,2021-08-16 18:45:00+00:00,2021-08-16 19:30:00+00:00,1772.938,1776.548,1776.548,1765.7180000000003,4,sl,-1.0
PEM,M15,short,2021-08-17 22:30:00+00:00,2021-08-18 01:30:00+00:00,1782.618,1783.828,1793.888,1760.078,13,timeout,-0.10736468500443996
PEM,M15,long,2021-08-18 06:15:00+00:00,2021-08-18 09:15:00+00:00,1786.558,1788.758,1784.667,1790.3400000000001,13,timeout,1.1634056054997126
PEM,M15,long,2021-08-18 13:30:00+00:00,2021-08-18 15:15:00+00:00,1791.668,1788.598,1788.598,1797.8079999999998,8,sl,-1.0
PEM,M15,short,2021-08-20 01:45:00+00:00,2021-08-20 05:30:00+00:00,1777.608,1780.418,1783.888,1765.048,13,timeout,-0.4474522292993563
PEM,M15,short,2021-08-20 07:15:00+00:00,2021-08-20 08:00:00+00:00,1779.148,1781.298,1781.298,1774.8479999999997,4,sl,-1.0
PEM,M15,long,2021-08-20 08:30:00+00:00,2021-08-20 11:30:00+00:00,1782.788,1786.148,1779.478,1789.408,13,timeout,1.0151057401812553
PEM,M15,long,2021-08-23 17:30:00+00:00,2021-08-23 19:45:00+00:00,1788.275,1794.3490000000002,1785.238,1794.3490000000002,10,tp,2.0
PEM,M15,long,2021-08-24 17:00:00+00:00,2021-08-24 19:45:00+00:00,1803.028,1807.434,1800.825,1807.434,12,tp,2.0
PEM,M15,short,2021-08-26 10:00:00+00:00,2021-08-26 13:00:00+00:00,1787.928,1786.248,1790.948,1781.8880000000001,13,timeout,0.5562913907285012
PEM,M15,short,2021-08-26 13:30:00+00:00,2021-08-26 16:30:00+00:00,1786.148,1784.518,1788.248,1781.9479999999996,13,timeout,0.7761904761903695
PEM,M15,long,2021-08-27 13:00:00+00:00,2021-08-27 15:30:00+00:00,1801.738,1797.795,1797.795,1809.624,11,sl,-1.0
PEM,M15,short,2021-08-27 18:00:00+00:00,2021-08-27 19:45:00+00:00,1794.735,1797.365,1797.365,1789.4749999999997,8,sl,-1.0
PEM,M15,long,2021-08-27 23:15:00+00:00,2021-08-28 02:15:00+00:00,1813.718,1818.069,1805.855,1829.4440000000002,13,timeout,0.5533511382423826
PEM,M15,short,2021-09-01 08:00:00+00:00,2021-09-01 08:15:00+00:00,1812.728,1814.718,1814.718,1808.748,2,sl,-1.0
PEM,M15,long,2021-09-01 11:15:00+00:00,2021-09-01 14:15:00+00:00,1815.388,1814.548,1811.508,1823.1479999999997,13,timeout,-0.21649484536081023
PEM,M15,short,2021-09-02 23:15:00+00:00,2021-09-03 02:15:00+00:00,1809.018,1809.218,1813.288,1800.478,13,timeout,-0.04683840749415605
PEM,M15,long,2021-09-03 17:15:00+00:00,2021-09-03 19:30:00+00:00,1813.698,1818.5780000000002,1811.258,1818.5780000000002,10,tp,2.0
PEM,M15,long,2021-09-03 22:15:00+00:00,2021-09-04 01:15:00+00:00,1830.717,1830.804,1814.594,1862.9630000000002,13,timeout,0.005396018110772736
PEM,M15,short,2021-09-06 11:15:00+00:00,2021-09-06 13:45:00+00:00,1825.788,1828.008,1828.008,1821.348,11,sl,-1.0
PEM,M15,short,2021-09-06 17:00:00+00:00,2021-09-06 20:00:00+00:00,1823.618,1823.218,1826.285,1818.2839999999997,13,timeout,0.14998125234339785
PEM,M15,short,2021-09-07 11:45:00+00:00,2021-09-07 14:45:00+00:00,1821.475,1819.228,1826.718,1810.9889999999996,13,timeout,0.4285714285713852
PEM,M15,short,2021-09-07 23:45:00+00:00,2021-09-08 02:45:00+00:00,1794.558,1794.435,1821.738,1740.1979999999999,13,timeout,0.004525386313467513
PEM,M15,short,2021-09-08 12:45:00+00:00,2021-09-08 14:30:00+00:00,1797.065,1798.758,1798.758,1793.679,8,sl,-1.0
PEM,M15,long,2021-09-09 18:45:00+00:00,2021-09-09 19:45:00+00:00,1799.457,1794.257,1794.257,1809.8570000000002,5,sl,-1.0
PEM,M15,long,2021-09-10 10:00:00+00:00,2021-09-10 13:00:00+00:00,1797.834,1802.554,1792.418,1808.6660000000004,13,timeout,0.8714918759231687
PEM,M15,short,2021-09-11 01:30:00+00:00,2021-09-13 05:15:00+00:00,1788.418,1788.168,1797.784,1769.6859999999995,13,timeout,0.02669229126628169
PEM,M15,short,2021-09-13 07:15:00+00:00,2021-09-13 08:15:00+00:00,1787.064,1783.756,1788.718,1783.756,5,tp,2.0
PEM,M15,long,2021-09-13 19:30:00+00:00,2021-09-13 19:45:00+00:00,1791.094,1787.618,1787.618,1798.0460000000003,2,sl,-1.0
PEM,M15,short,2021-09-16 10:30:00+00:00,2021-09-16 12:45:00+00:00,1793.154,1787.946,1795.758,1787.946,10,tp,2.0
PEM,M15,short,2021-09-16 16:00:00+00:00,2021-09-16 19:00:00+00:00,1784.668,1772.3159999999996,1790.844,1772.3159999999996,13,tp,2.0
PEM,M15,long,2021-09-17 11:45:00+00:00,2021-09-17 13:00:00+00:00,1759.114,1762.726,1757.308,1762.726,6,tp,2.0
PEM,M15,long,2021-09-20 17:15:00+00:00,2021-09-20 20:15:00+00:00,1759.097,1757.988,1751.014,1775.2630000000001,13,timeout,-0.13720153408386887
PEM,M15,short,2021-09-23 08:00:00+00:00,2021-09-23 11:00:00+00:00,1764.998,1763.988,1769.348,1756.2980000000002,13,timeout,0.23218390804597977
PEM,M15,short,2021-09-24 03:15:00+00:00,2021-09-24 07:00:00+00:00,1748.044,1746.238,1771.827,1700.4780000000003,13,timeout,0.07593659336501062
PEM,M15,long,2021-09-27 07:45:00+00:00,2021-09-27 10:45:00+00:00,1752.684,1759.014,1748.094,1761.8639999999998,13,timeout,1.37908496732027
PEM,M15,short,2021-09-28 11:00:00+00:00,2021-09-28 13:30:00+00:00,1749.784,1742.9360000000001,1753.208,1742.9360000000001,11,tp,2.0
PEM,M15,short,2021-09-30 00:15:00+00:00,2021-09-30 03:15:00+00:00,1724.848,1725.505,1731.298,1711.9479999999999,13,timeout,-0.10186046511630203
PEM,M15,long,2021-09-30 10:45:00+00:00,2021-09-30 11:15:00+00:00,1734.136,1731.958,1731.958,1738.4919999999997,3,sl,-1.0
PEM,M15,long,2021-10-01 16:45:00+00:00,2021-10-01 19:15:00+00:00,1755.688,1751.245,1751.245,1764.5740000000005,11,sl,-1.0
PEM,M15,short,2021-10-04 14:00:00+00:00,2021-10-04 14:45:00+00:00,1758.638,1753.098,1761.408,1753.098,4,tp,2.0
PEM,M15,long,2021-10-04 23:45:00+00:00,2021-10-05 02:45:00+00:00,1768.168,1767.008,1762.565,1779.3739999999996,13,timeout,-0.20703194717113832
PEM,M15,short,2021-10-05 16:00:00+00:00,2021-10-05 19:00:00+00:00,1756.035,1757.328,1760.048,1748.0090000000002,13,timeout,-0.3222028407674853
PEM,M15,short,2021-10-07 09:30:00+00:00,2021-10-07 12:30:00+00:00,1760.015,1757.505,1763.435,1753.1750000000004,13,timeout,0.7339181286550013
PEM,M15,short,2021-10-07 13:00:00+00:00,2021-10-07 13:15:00+00:00,1756.778,1759.995,1759.995,1750.3440000000003,2,sl,-1.0
PEM,M15,long,2021-10-07 18:30:00+00:00,2021-10-07 19:30:00+00:00,1763.905,1759.51,1759.51,1772.695,5,sl,-1.0
PEM,M15,short,2021-10-08 02:00:00+00:00,2021-10-08 05:45:00+00:00,1755.528,1755.655,1758.918,1748.7480000000003,13,timeout,-0.03746312684364527
PEM,M15,short,2021-10-08 06:30:00+00:00,2021-10-08 08:00:00+00:00,1754.628,1756.298,1756.298,1751.2879999999998,7,sl,-1.0
PEM,M15,long,2021-10-08 16:45:00+00:00,2021-10-08 18:30:00+00:00,1757.568,1762.7740000000001,1754.965,1762.7740000000001,8,tp,2.0
PEM,M15,long,2021-10-08 19:45:00+00:00,2021-10-08 21:45:00+00:00,1767.648,1759.168,1759.168,1784.608,9,sl,-1.0
PEM,M15,short,2021-10-11 11:00:00+00:00,2021-10-11 14:00:00+00:00,1756.235,1754.238,1760.728,1747.2489999999996,13,timeout,0.44446917427103716
PEM,M15,short,2021-10-11 16:30:00+00:00,2021-10-11 19:15:00+00:00,1752.908,1757.038,1757.038,1744.6479999999997,12,sl,-1.0
PEM,M15,long,2021-10-12 18:15:00+00:00,2021-10-12 19:30:00+00:00,1762.308,1757.308,1757.308,1772.308,6,sl,-1.0
PEM,M15,long,2021-10-13 13:15:00+00:00,2021-10-13 15:15:00+00:00,1762.578,1766.458,1760.638,1766.458,9,tp,2.0
PEM,M15,long,2021-10-13 16:45:00+00:00,2021-10-13 19:45:00+00:00,1767.533,1762.168,1762.168,1778.263,13,sl,-1.0
PEM,M15,short,2021-10-15 12:30:00+00:00,2021-10-15 14:45:00+00:00,1793.268,1787.908,1795.948,1787.908,10,tp,2.0
PEM,M15,short,2021-10-15 23:15:00+00:00,2021-10-16 02:15:00+00:00,1767.574,1767.454,1778.778,1745.1660000000002,13,timeout,0.01071046054981424
PEM,M15,short,2021-10-18 10:45:00+00:00,2021-10-18 13:45:00+00:00,1768.004,1765.605,1771.458,1761.0959999999995,13,timeout,0.6945570353212981
PEM,M15,long,2021-10-19 11:30:00+00:00,2021-10-19 14:30:00+00:00,1775.458,1778.978,1771.654,1783.0660000000003,13,timeout,0.9253417455309939
PEM,M15,short,2021-10-19 23:45:00+00:00,2021-10-20 02:45:00+00:00,1767.448,1769.734,1782.858,1736.6280000000004,13,timeout,-0.1483452303698801
PEM,M15,long,2021-10-21 00:00:00+00:00,2021-10-21 03:00:00+00:00,1785.234,1785.698,1777.838,1800.0259999999998,13,timeout,0.0627366143861779
PEM,M15,long,2021-10-22 17:30:00+00:00,2021-10-22 19:00:00+00:00,1793.414,1791.614,1791.614,1797.014,7,sl,-1.0
PEM,M15,short,2021-10-23 01:15:00+00:00,2021-10-25 05:00:00+00:00,1792.094,1792.458,1798.478,1779.326,13,timeout,-0.05701754385965412
PEM,M15,long,2021-10-25 18:45:00+00:00,2021-10-25 21:00:00+00:00,1801.508,1807.6960000000001,1798.414,1807.6960000000001,10,tp,2.0
PEM,M15,long,2021-10-27 23:30:00+00:00,2021-10-28 02:30:00+00:00,1795.804,1795.068,1791.284,1804.844,13,timeout,-0.16283185840710324
PEM,M15,short,2021-10-29 12:00:00+00:00,2021-10-29 12:45:00+00:00,1794.004,1796.514,1796.514,1788.984,4,sl,-1.0
PEM,M15,long,2021-11-01 17:15:00+00:00,2021-11-01 18:15:00+00:00,1786.348,1783.488,1783.488,1792.0679999999998,5,sl,-1.0
PEM,M15,short,2021-11-03 00:00:00+00:00,2021-11-03 03:00:00+00:00,1787.788,1787.944,1792.794,1777.7759999999998,13,timeout,-0.031162604874140312
PEM,M15,short,2021-11-03 12:00:00+00:00,2021-11-03 15:00:00+00:00,1781.068,1781.878,1783.698,1775.8079999999998,13,timeout,-0.3079847908744912
PEM,M15,long,2021-11-05 11:45:00+00:00,2021-11-05 14:45:00+00:00,1794.488,1797.704,1792.525,1798.414,13,timeout,1.6383087111563683
PEM,M15,long,2021-11-09 02:00:00+00:00,2021-11-09 05:00:00+00:00,1825.803,1823.508,1822.453,1832.5030000000004,13,timeout,-0.6850746268656654
PEM,M15,long,2021-11-09 13:15:00+00:00,2021-11-09 14:45:00+00:00,1824.824,1821.838,1821.838,1830.7960000000003,7,sl,-1.0
PEM,M15,long,2021-11-10 01:15:00+00:00,2021-11-10 04:15:00+00:00,1830.018,1832.358,1825.35,1839.3540000000003,13,timeout,0.5012853470436713
PEM,M15,short,2021-11-10 17:15:00+00:00,2021-11-10 20:15:00+00:00,1825.353,1826.733,1826.733,1822.5930000000003,13,sl,-1.0
PEM,M15,short,2021-11-11 09:15:00+00:00,2021-11-11 10:30:00+00:00,1845.284,1852.528,1852.528,1830.7960000000003,6,sl,-1.0
PEM,M15,short,2021-11-12 09:45:00+00:00,2021-11-12 12:45:00+00:00,1857.674,1859.008,1860.298,1852.426,13,timeout,-0.5083841463414817
PEM,M15,long,2021-11-13 01:30:00+00:00,2021-11-13 04:30:00+00:00,1864.314,1863.994,1860.968,1871.006,13,timeout,-0.09563658099227836
PEM,M15,long,2021-11-15 06:30:00+00:00,2021-11-15 08:15:00+00:00,1866.848,1862.434,1862.434,1875.676,8,sl,-1.0
PEM,M15,short,2021-11-15 11:15:00+00:00,2021-11-15 14:15:00+00:00,1856.488,1856.448,1860.404,1848.6560000000002,13,timeout,0.010214504596517935
PEM,M15,long,2021-11-15 17:30:00+00:00,2021-11-15 19:45:00+00:00,1862.768,1860.698,1860.698,1866.908,10,sl,-1.0
PEM,M15,short,2021-11-17 13:00:00+00:00,2021-11-17 14:00:00+00:00,1852.368,1855.978,1855.978,1845.1479999999997,5,sl,-1.0
PEM,M15,long,2021-11-17 19:30:00+00:00,2021-11-17 22:30:00+00:00,1863.758,1865.234,1859.718,1871.838,13,timeout,0.36534653465344025
PEM,M15,short,2021-11-22 20:15:00+00:00,2021-11-22 21:30:00+00:00,1839.118,1824.9379999999996,1846.208,1824.9379999999996,6,tp,2.0
PEM,M15,short,2021-11-23 18:45:00+00:00,2021-11-23 20:15:00+00:00,1795.468,1788.3080000000002,1799.048,1788.3080000000002,7,tp,2.0
PEM,M15,short,2021-11-24 20:00:00+00:00,2021-11-24 23:00:00+00:00,1785.328,1784.185,1789.108,1777.768,13,timeout,0.30238095238096224
PEM,M15,short,2021-11-25 01:00:00+00:00,2021-11-25 04:00:00+00:00,1785.558,1788.048,1789.935,1776.804,13,timeout,-0.5688827964359232
PEM,M15,long,2021-11-26 10:30:00+00:00,2021-11-26 13:30:00+00:00,1797.099,1799.338,1791.519,1808.2589999999998,13,timeout,0.4012544802867494
PEM,M15,short,2021-11-27 00:00:00+00:00,2021-11-29 07:00:00+00:00,1785.118,1795.378,1813.458,1728.4379999999996,13,timeout,-0.36203246294989194
PEM,M15,short,2021-11-30 01:00:00+00:00,2021-11-30 04:00:00+00:00,1782.928,1783.645,1793.938,1760.9080000000001,13,timeout,-0.06512261580380303
PEM,M15,long,2021-11-30 12:45:00+00:00,2021-11-30 15:45:00+00:00,1791.138,1794.438,1787.968,1797.4779999999996,13,timeout,1.0410094637225056
PEM,M15,long,2021-12-01 13:15:00+00:00,2021-12-01 16:00:00+00:00,1789.708,1777.005,1777.005,1815.114,12,sl,-1.0
PEM,M15,short,2021-12-02 11:30:00+00:00,2021-12-02 14:30:00+00:00,1777.595,1776.098,1783.155,1766.4750000000001,13,timeout,0.26924460431656216
PEM,M15,long,2021-12-04 00:30:00+00:00,2021-12-04 03:30:00+00:00,1780.778,1784.315,1769.618,1803.0980000000002,13,timeout,0.31693548387096854
PEM,M15,long,2021-12-06 07:30:00+00:00,2021-12-06 10:30:00+00:00,1784.815,1785.535,1781.758,1790.929,13,timeout,0.2355250245338644
PEM,M15,long,2021-12-07 07:00:00+00:00,2021-12-07 10:00:00+00:00,1781.375,1779.858,1777.838,1788.449,13,timeout,-0.4288945433983709
PEM,M15,short,2021-12-07 10:45:00+00:00,2021-12-07 13:00:00+00:00,1779.058,1780.598,1780.598,1775.978,10,sl,-1.0
PEM,M15,short,2021-12-07 21:00:00+00:00,2021-12-07 23:30:00+00:00,1774.195,1784.158,1784.158,1754.269,11,sl,-1.0
PEM,M15,long,2021-12-08 00:00:00+00:00,2021-12-08 03:00:00+00:00,1786.12,1784.618,1780.598,1797.1639999999998,13,timeout,-0.2720028975009001
PEM,M15,long,2021-12-08 08:00:00+00:00,2021-12-08 09:30:00+00:00,1785.715,1790.2289999999996,1783.458,1790.2289999999996,7,tp,2.0
PEM,M15,long,2021-12-08 18:00:00+00:00,2021-12-08 18:30:00+00:00,1791.968,1787.938,1787.938,1800.028,3,sl,-1.0
PEM,M15,long,2021-12-10 10:45:00+00:00,2021-12-10 11:15:00+00:00,1778.848,1777.158,1777.158,1782.228,3,sl,-1.0
PEM,M15,short,2021-12-10 13:45:00+00:00,2021-12-10 16:45:00+00:00,1771.595,1771.208,1778.225,1758.3350000000003,13,timeout,0.058371040723974435
PEM,M15,long,2021-12-13 09:00:00+00:00,2021-12-13 12:00:00+00:00,1786.405,1786.328,1782.368,1794.479,13,timeout,-0.019073569482288215
PEM,M15,short,2021-12-15 10:45:00+00:00,2021-12-15 13:45:00+00:00,1770.035,1769.518,1772.728,1764.6490000000001,13,timeout,0.19197920534721719
PEM,M15,short,2021-12-16 01:30:00+00:00,2021-12-16 02:00:00+00:00,1765.155,1758.9149999999997,1768.275,1758.9149999999997,3,tp,2.0
PEM,M15,long,2021-12-16 09:30:00+00:00,2021-12-16 12:30:00+00:00,1783.77,1782.058,1776.468,1798.3739999999998,13,timeout,-0.23445631333881276
PEM,M15,long,2021-12-17 06:15:00+00:00,2021-12-17 07:45:00+00:00,1798.755,1797.775,1797.775,1800.7150000000001,7,sl,-1.0
PEM,M15,short,2021-12-18 00:45:00+00:00,2021-12-18 03:45:00+00:00,1803.945,1797.968,1809.539,1792.7569999999998,13,timeout,1.0684662138004661
PEM,M15,short,2021-12-20 17:30:00+00:00,2021-12-20 20:30:00+00:00,1798.838,1795.878,1802.238,1792.0379999999998,13,timeout,0.870588235294105
PEM,M15,long,2021-12-23 01:15:00+00:00,2021-12-23 04:15:00+00:00,1799.899,1804.178,1797.338,1805.0209999999997,13,timeout,1.6708317063648397
PEM,M15,long,2021-12-24 01:30:00+00:00,2021-12-24 04:30:00+00:00,1808.595,1808.748,1806.108,1813.5690000000002,13,timeout,0.06151990349819666
PEM,M15,long,2021-12-28 03:15:00+00:00,2021-12-28 07:00:00+00:00,1809.019,1812.428,1806.935,1813.1870000000001,13,timeout,1.6357965451055698
PEM,M15,long,2021-12-28 18:15:00+00:00,2021-12-28 21:15:00+00:00,1817.339,1814.788,1814.788,1822.4409999999998,13,sl,-1.0
PEM,M15,short,2021-12-29 04:30:00+00:00,2021-12-29 08:15:00+00:00,1805.248,1804.318,1807.338,1801.0680000000002,13,timeout,0.4449760765550718
PEM,M15,short,2021-12-29 14:15:00+00:00,2021-12-29 15:15:00+00:00,1805.738,1802.5980000000002,1807.308,1802.5980000000002,5,tp,2.0
PEM,M15,short,2021-12-30 12:15:00+00:00,2021-12-30 15:15:00+00:00,1800.298,1799.818,1803.208,1794.4779999999998,13,timeout,0.16494845360824903
PEM,M15,long,2021-12-31 11:45:00+00:00,2021-12-31 14:45:00+00:00,1818.098,1817.298,1814.598,1825.098,13,timeout,-0.22857142857141557
PEM,M15,long,2021-12-31 16:30:00+00:00,2021-12-31 19:30:00+00:00,1819.644,1818.974,1817.348,1824.236,13,timeout,-0.29181184668992094
PEM,M15,long,2021-12-31 20:45:00+00:00,2021-12-31 23:45:00+00:00,1825.608,1825.564,1818.604,1839.6159999999998,13,timeout,-0.006282124500266937
PEM,M15,long,2022-01-01 02:00:00+00:00,2022-01-01 05:00:00+00:00,1827.564,1829.058,1821.818,1839.0560000000003,13,timeout,0.26000696136440826
PEM,M15,long,2022-01-03 08:00:00+00:00,2022-01-03 09:15:00+00:00,1829.428,1827.344,1827.344,1833.5960000000002,6,sl,-1.0
PEM,M15,long,2022-01-03 17:30:00+00:00,2022-01-03 19:00:00+00:00,1827.169,1822.478,1822.478,1836.5510000000002,7,sl,-1.0
PEM,M15,short,2022-01-03 20:45:00+00:00,2022-01-03 23:45:00+00:00,1811.734,1798.708,1822.264,1790.674,13,timeout,1.237037037037025
PEM,M15,long,2022-01-05 00:45:00+00:00,2022-01-05 03:45:00+00:00,1814.365,1813.925,1811.518,1820.059,13,timeout,-0.1545486476993529
PEM,M15,long,2022-01-05 18:45:00+00:00,2022-01-05 21:45:00+00:00,1820.288,1828.118,1814.688,1831.4879999999998,13,timeout,1.3982142857142954
PEM,M15,short,2022-01-06 11:15:00+00:00,2022-01-06 14:00:00+00:00,1806.718,1800.298,1809.928,1800.298,12,tp,2.0
PEM,M15,long,2022-01-08 00:15:00+00:00,2022-01-08 03:15:00+00:00,1794.265,1796.478,1789.348,1804.0990000000004,13,timeout,0.4500711816147856
PEM,M15,long,2022-01-10 09:00:00+00:00,2022-01-10 10:15:00+00:00,1795.918,1793.205,1793.205,1801.3439999999998,6,sl,-1.0
PEM,M15,long,2022-01-10 17:45:00+00:00,2022-01-10 19:45:00+00:00,1799.738,1796.458,1796.458,1806.298,9,sl,-1.0
PEM,M15,short,2022-01-11 21:30:00+00:00,2022-01-11 23:00:00+00:00,1802.395,1809.695,1809.695,1787.795,7,sl,-1.0
PEM,M15,long,2022-01-12 02:00:00+00:00,2022-01-12 05:00:00+00:00,1818.878,1821.228,1814.778,1827.0779999999997,13,timeout,0.5731707317073631
PEM,M15,short,2022-01-17 07:30:00+00:00,2022-01-17 10:00:00+00:00,1815.694,1818.158,1818.158,1810.766,11,sl,-1.0
PEM,M15,long,2022-01-17 15:00:00+00:00,2022-01-17 18:00:00+00:00,1821.648,1820.898,1818.618,1827.7079999999999,13,timeout,-0.24752475247524974
PEM,M15,short,2022-01-18 11:15:00+00:00,2022-01-18 14:15:00+00:00,1816.188,1814.478,1822.274,1804.0160000000005,13,timeout,0.2809727242852607
PEM,M15,short,2022-01-18 14:45:00+00:00,2022-01-18 17:45:00+00:00,1814.018,1809.848,1817.898,1806.2580000000003,13,timeout,1.0747422680412886
PEM,M15,short,2022-01-18 23:45:00+00:00,2022-01-19 02:45:00+00:00,1812.198,1815.414,1820.048,1796.4980000000003,13,timeout,-0.4096815286624117
PEM,M15,long,2022-01-19 13:30:00+00:00,2022-01-19 16:30:00+00:00,1813.698,1816.074,1810.143,1820.8080000000002,13,timeout,0.6683544303797282
PEM,M15,long,2022-01-19 23:15:00+00:00,2022-01-20 02:15:00+00:00,1838.877,1841.808,1815.568,1885.495,13,timeout,0.12574542022394972
PEM,M15,short,2022-01-21 03:45:00+00:00,2022-01-21 07:30:00+00:00,1838.938,1838.378,1843.658,1829.4980000000005,13,timeout,0.1186440677966518
PEM,M15,short,2022-01-22 03:30:00+00:00,2022-01-24 07:15:00+00:00,1828.915,1833.858,1842.728,1801.2889999999998,13,timeout,-0.35785129950046674
PEM,M15,long,2022-01-25 01:45:00+00:00,2022-01-25 04:45:00+00:00,1841.878,1842.968,1832.438,1860.7579999999996,13,timeout,0.11546610169493278
PEM,M15,long,2022-01-25 11:00:00+00:00,2022-01-25 14:00:00+00:00,1841.654,1841.198,1839.368,1846.226,13,timeout,-0.19947506561675066
PEM,M15,short,2022-01-27 13:00:00+00:00,2022-01-27 16:00:00+00:00,1813.128,1814.194,1816.978,1805.4279999999997,13,timeout,-0.2768831168831151
PEM,M15,short,2022-01-27 18:30:00+00:00,2022-01-27 21:30:00+00:00,1810.288,1799.648,1816.774,1797.3160000000003,13,timeout,1.6404563675609471
PEM,M15,short,2022-01-31 11:15:00+00:00,2022-01-31 14:15:00+00:00,1786.728,1787.358,1789.968,1780.248,13,timeout,-0.1944444444444074
PEM,M15,long,2022-02-01 00:30:00+00:00,2022-02-01 03:30:00+00:00,1797.875,1796.298,1790.978,1811.6689999999999,13,timeout,-0.22865013774104873
PEM,M15,long,2022-02-01 18:00:00+00:00,2022-02-01 20:45:00+00:00,1806.835,1802.448,1802.448,1815.609,12,sl,-1.0
PEM,M15,short,2022-02-02 10:00:00+00:00,2022-02-02 13:00:00+00:00,1798.958,1798.295,1802.268,1792.3380000000002,13,timeout,0.20030211480363197
PEM,M15,long,2022-02-02 17:00:00+00:00,2022-02-02 20:00:00+00:00,1801.187,1804.745,1798.018,1807.5249999999996,13,timeout,1.1227516566740738
PEM,M15,long,2022-02-02 20:30:00+00:00,2022-02-02 20:45:00+00:00,1806.012,1802.478,1802.478,1813.0799999999997,2,sl,-1.0
PEM,M15,long,2022-02-07 07:45:00+00:00,2022-02-07 08:45:00+00:00,1812.158,1808.728,1808.728,1819.0179999999996,5,sl,-1.0
PEM,M15,long,2022-02-08 02:00:00+00:00,2022-02-08 05:00:00+00:00,1820.538,1820.258,1814.588,1832.438,13,timeout,-0.04705882352940682
PEM,M15,long,2022-02-08 09:00:00+00:00,2022-02-08 12:00:00+00:00,1822.068,1821.348,1820.208,1825.7879999999998,13,timeout,-0.3870967741935839
PEM,M15,short,2022-02-08 12:30:00+00:00,2022-02-08 15:30:00+00:00,1819.608,1818.878,1822.438,1813.9479999999996,13,timeout,0.25795053003532803
PEM,M15,short,2022-02-08 18:45:00+00:00,2022-02-08 20:45:00+00:00,1817.628,1820.859,1820.859,1811.166,9,sl,-1.0
PEM,M15,long,2022-02-09 23:45:00+00:00,2022-02-10 02:45:00+00:00,1830.769,1833.468,1827.488,1837.331,13,timeout,0.8226150563852822
PEM,M15,long,2022-02-10 13:15:00+00:00,2022-02-10 15:15:00+00:00,1834.548,1833.508,1833.508,1836.628,9,sl,-1.0
PEM,M15,short,2022-02-10 19:30:00+00:00,2022-02-10 20:30:00+00:00,1832.348,1830.3359999999998,1833.354,1830.3359999999998,5,tp,2.0
PEM,M15,short,2022-02-11 02:45:00+00:00,2022-02-11 06:30:00+00:00,1831.764,1826.568,1836.774,1821.744,13,timeout,1.0371257485029786
PEM,M15,long,2022-02-11 19:45:00+00:00,2022-02-11 22:45:00+00:00,1830.434,1834.608,1823.638,1844.026,13,timeout,0.614184814596814
PEM,M15,long,2022-02-12 02:15:00+00:00,2022-02-14 06:00:00+00:00,1859.138,1860.248,1832.918,1911.578,13,timeout,0.04233409610984463
PEM,M15,long,2022-02-15 01:30:00+00:00,2022-02-15 04:30:00+00:00,1867.138,1871.824,1860.518,1880.3779999999997,13,timeout,0.707854984894294
PEM,M15,long,2022-02-16 13:00:00+00:00,2022-02-16 16:00:00+00:00,1853.998,1856.937,1851.518,1858.958,13,timeout,1.1850806451612215
PEM,M15,long,2022-02-17 00:00:00+00:00,2022-02-17 03:00:00+00:00,1864.508,1870.388,1854.818,1883.8880000000001,13,timeout,0.6068111455108203
PEM,M15,long,2022-02-17 15:30:00+00:00,2022-02-17 15:30:00+00:00,1876.628,1882.3479999999997,1873.768,1882.3479999999997,1,tp,2.0
PEM,M15,long,2022-02-17 20:45:00+00:00,2022-02-17 23:45:00+00:00,1892.278,1897.043,1883.048,1910.738,13,timeout,0.5162513542795085
PEM,M15,long,2022-02-18 00:45:00+00:00,2022-02-18 03:45:00+00:00,1898.178,1897.308,1892.888,1908.7580000000005,13,timeout,-0.16446124763706746
PEM,M15,long,2022-02-21 06:45:00+00:00,2022-02-21 09:45:00+00:00,1904.891,1896.358,1890.588,1933.4970000000003,13,timeout,-0.5965881283646831
PEM,M15,long,2022-02-21 17:30:00+00:00,2022-02-21 20:30:00+00:00,1896.823,1896.368,1887.796,1914.8770000000002,13,timeout,-0.050404342527988526
PEM,M15,long,2022-02-21 23:15:00+00:00,2022-02-22 01:30:00+00:00,1895.568,1901.2679999999998,1892.718,1901.2679999999998,10,tp,2.0
PEM,M15,short,2022-02-22 18:00:00+00:00,2022-02-22 20:30:00+00:00,1895.582,1901.028,1901.028,1884.6900000000003,11,sl,-1.0
PEM,M15,short,2022-02-22 22:45:00+00:00,2022-02-23 01:15:00+00:00,1896.678,1904.443,1904.443,1881.1480000000004,11,sl,-1.0
PEM,M15,short,2022-02-23 12:30:00+00:00,2022-02-23 15:30:00+00:00,1896.048,1894.708,1899.948,1888.2479999999998,13,timeout,0.3435897435897146
PEM,M15,long,2022-02-24 06:45:00+00:00,2022-02-24 09:45:00+00:00,1910.808,1915.098,1894.026,1944.3719999999998,13,timeout,0.2556310332499096
PEM,M15,short,2022-02-25 02:30:00+00:00,2022-02-25 06:15:00+00:00,1905.798,1907.408,1926.198,1864.9979999999998,13,timeout,-0.07892156862744572
PEM,M15,short,2022-02-28 23:45:00+00:00,2022-03-01 02:45:00+00:00,1900.578,1904.793,1916.823,1868.0879999999997,13,timeout,-0.25946445060017775
PEM,M15,long,2022-03-02 04:15:00+00:00,2022-03-02 08:00:00+00:00,1946.298,1934.168,1932.648,1973.5980000000002,13,timeout,-0.8886446886446907
PEM,M15,long,2022-03-02 14:45:00+00:00,2022-03-02 15:45:00+00:00,1940.949,1933.728,1933.728,1955.391,5,sl,-1.0
PEM,M15,long,2022-03-03 03:30:00+00:00,2022-03-03 07:15:00+00:00,1931.361,1929.548,1915.0,1964.0830000000003,13,timeout,-0.1108122975368309
PEM,M15,long,2022-03-04 03:45:00+00:00,2022-03-04 07:30:00+00:00,1939.198,1942.06,1929.7,1958.1940000000002,13,timeout,0.3013265950726299
PEM,M15,long,2022-03-04 07:45:00+00:00,2022-03-04 09:00:00+00:00,1942.06,1935.088,1935.088,1956.004,6,sl,-1.0
PEM,M15,long,2022-03-04 10:30:00+00:00,2022-03-04 13:30:00+00:00,1940.128,1934.114,1934.114,1952.1559999999997,13,sl,-1.0
PEM,M15,long,2022-03-04 18:15:00+00:00,2022-03-04 21:15:00+00:00,1947.403,1947.878,1934.893,1972.423,13,timeout,0.03796962430055231
PEM,M15,long,2022-03-07 06:30:00+00:00,2022-03-07 09:30:00+00:00,1986.628,1990.578,1966.888,2026.108,13,timeout,0.20010131712259593
PEM,M15,long,2022-03-09 11:15:00+00:00,2022-03-09 14:15:00+00:00,2056.658,2046.618,2037.168,2095.638,13,timeout,-0.5151359671626454
PEM,M15,short,2022-03-09 14:45:00+00:00,2022-03-09 16:45:00+00:00,2042.448,2023.9080000000006,2051.718,2023.9080000000006,9,tp,2.0
PEM,M15,short,2022-03-10 08:00:00+00:00,2022-03-10 11:00:00+00:00,1982.948,1976.458,1993.488,1961.8680000000002,13,timeout,0.6157495256167013
PEM,M15,short,2022-03-11 08:30:00+00:00,2022-03-11 09:45:00+00:00,1991.178,1996.168,1996.168,1981.1980000000005,6,sl,-1.0
PEM,M15,short,2022-03-11 19:00:00+00:00,2022-03-11 22:00:00+00:00,1969.902,1978.282,1992.792,1924.1220000000003,13,timeout,-0.366098733071207
PEM,M15,short,2022-03-16 23:45:00+00:00,2022-03-17 01:15:00+00:00,1908.978,1915.848,1915.848,1895.2380000000003,7,sl,-1.0
PEM,M15,short,2022-03-18 03:00:00+00:00,2022-03-18 05:00:00+00:00,1937.108,1942.603,1942.603,1926.1179999999997,6,sl,-1.0
PEM,M15,long,2022-03-18 07:30:00+00:00,2022-03-18 08:15:00+00:00,1944.468,1940.038,1940.038,1953.3280000000002,4,sl,-1.0
PEM,M15,short,2022-03-19 02:30:00+00:00,2022-03-21 06:15:00+00:00,1920.738,1919.538,1929.948,1902.318,13,timeout,0.13029315960912494
PEM,M15,long,2022-03-22 02:15:00+00:00,2022-03-22 06:00:00+00:00,1935.193,1935.978,1927.663,1950.253,13,timeout,0.10424966799469916
PEM,M15,short,2022-03-22 08:00:00+00:00,2022-03-22 10:45:00+00:00,1929.483,1936.813,1936.813,1914.8229999999996,12,sl,-1.0
PEM,M15,short,2022-03-22 21:00:00+00:00,2022-03-23 00:00:00+00:00,1920.0,1920.198,1927.768,1904.464,13,timeout,-0.0254891864057791
PEM,M15,short,2022-03-23 12:45:00+00:00,2022-03-23 15:45:00+00:00,1920.388,1924.223,1924.223,1912.7179999999998,13,sl,-1.0
PEM,M15,long,2022-03-24 00:15:00+00:00,2022-03-24 03:15:00+00:00,1935.103,1946.248,1925.758,1953.7930000000001,13,timeout,1.1926163723916479
PEM,M15,short,2022-03-24 16:45:00+00:00,2022-03-24 17:30:00+00:00,1939.558,1944.048,1944.048,1930.578,4,sl,-1.0
PEM,M15,long,2022-03-24 19:15:00+00:00,2022-03-24 19:30:00+00:00,1957.698,1944.843,1944.843,1983.4080000000001,2,sl,-1.0
PEM,M15,short,2022-03-25 12:45:00+00:00,2022-03-25 15:45:00+00:00,1957.723,1957.802,1963.078,1947.013,13,timeout,-0.014752567693734942
PEM,M15,short,2022-03-25 21:00:00+00:00,2022-03-25 22:30:00+00:00,1947.373,1959.135,1959.135,1923.8490000000002,7,sl,-1.0
PEM,M15,short,2022-03-26 01:00:00+00:00,2022-03-26 04:00:00+00:00,1952.72,1957.043,1957.043,1944.0740000000003,13,sl,-1.0
PEM,M15,short,2022-03-29 01:30:00+00:00,2022-03-29 02:45:00+00:00,1933.268,1919.828,1939.988,1919.828,6,tp,2.0
PEM,M15,short,2022-03-29 15:00:00+00:00,2022-03-29 18:00:00+00:00,1919.643,1912.398,1926.339,1906.2510000000002,13,timeout,1.0819892473118597
PEM,M15,long,2022-03-30 18:45:00+00:00,2022-03-30 21:45:00+00:00,1923.613,1935.7230000000002,1917.558,1935.7230000000002,13,tp,2.0
PEM,M15,short,2022-03-31 07:45:00+00:00,2022-03-31 10:15:00+00:00,1930.675,1923.869,1934.078,1923.869,11,tp,2.0
PEM,M15,long,2022-04-01 00:45:00+00:00,2022-04-01 02:30:00+00:00,1947.948,1940.439,1940.439,1962.9660000000001,8,sl,-1.0
PEM,M15,short,2022-04-01 03:15:00+00:00,2022-04-01 07:00:00+00:00,1936.818,1936.033,1948.818,1912.818,13,timeout,0.06541666666667349
PEM,M15,short,2022-04-02 00:30:00+00:00,2022-04-02 03:30:00+00:00,1920.528,1923.853,1932.615,1896.354,13,timeout,-0.2750889385290021
PEM,M15,short,2022-04-04 11:45:00+00:00,2022-04-04 12:45:00+00:00,1917.408,1920.258,1920.258,1911.7079999999996,5,sl,-1.0
PEM,M15,long,2022-04-04 19:45:00+00:00,2022-04-04 21:00:00+00:00,1932.748,1925.488,1925.488,1947.268,6,sl,-1.0
PEM,M15,short,2022-04-05 09:45:00+00:00,2022-04-05 12:45:00+00:00,1928.478,1929.328,1930.818,1923.7980000000002,13,timeout,-0.3632478632478371
PEM,M15,short,2022-04-06 12:00:00+00:00,2022-04-06 15:00:00+00:00,1920.558,1921.598,1924.518,1912.638,13,timeout,-0.26262626262625105
PEM,M15,long,2022-04-07 10:30:00+00:00,2022-04-07 11:30:00+00:00,1925.078,1921.028,1921.028,1933.1779999999999,5,sl,-1.0
PEM,M15,long,2022-04-07 19:00:00+00:00,2022-04-07 22:00:00+00:00,1929.732,1937.322,1922.672,1943.8519999999999,13,timeout,1.0750708215297418
PEM,M15,short,2022-04-08 12:00:00+00:00,2022-04-08 15:00:00+00:00,1928.282,1931.802,1933.088,1918.6699999999998,13,timeout,-0.7324178110694866
PEM,M15,long,2022-04-11 13:15:00+00:00,2022-04-11 15:30:00+00:00,1944.948,1952.8080000000002,1941.018,1952.8080000000002,10,tp,2.0
PEM,M15,long,2022-04-11 19:30:00+00:00,2022-04-11 22:30:00+00:00,1963.362,1952.812,1942.098,2005.8900000000003,13,timeout,-0.49614371708051735
PEM,M15,short,2022-04-13 08:00:00+00:00,2022-04-13 09:00:00+00:00,1963.048,1969.202,1969.202,1950.74,5,sl,-1.0
PEM,M15,long,2022-04-13 23:15:00+00:00,2022-04-14 02:15:00+00:00,1980.408,1974.808,1974.808,1991.6079999999997,13,sl,-1.0
PEM,M15,short,2022-04-14 13:15:00+00:00,2022-04-14 14:45:00+00:00,1972.018,1975.484,1975.484,1965.0860000000002,7,sl,-1.0
PEM,M15,long,2022-04-14 19:15:00+00:00,2022-04-14 21:00:00+00:00,1978.018,1968.968,1968.968,1996.118,8,sl,-1.0
PEM,M15,long,2022-04-18 07:15:00+00:00,2022-04-18 10:15:00+00:00,1987.572,1983.918,1973.491,2015.7339999999997,13,timeout,-0.25949861515517514
PEM,M15,long,2022-04-18 15:15:00+00:00,2022-04-18 18:15:00+00:00,1991.878,1988.3,1983.908,2007.818,13,timeout,-0.4489335006273478
PEM,M15,long,2022-04-18 19:00:00+00:00,2022-04-18 21:45:00+00:00,1991.532,1988.048,1988.048,1998.4999999999998,12,sl,-1.0
PEM,M15,short,2022-04-19 00:45:00+00:00,2022-04-19 03:45:00+00:00,1982.258,1977.682,1993.532,1959.7100000000003,13,timeout,0.40588965761930706
PEM,M15,short,2022-04-19 12:15:00+00:00,2022-04-19 14:30:00+00:00,1974.758,1978.578,1978.578,1967.1180000000002,10,sl,-1.0
PEM,M15,long,2022-04-19 19:30:00+00:00,2022-04-19 19:45:00+00:00,1979.708,1975.948,1975.948,1987.228,2,sl,-1.0
PEM,M15,short,2022-04-20 02:45:00+00:00,2022-04-20 06:30:00+00:00,1945.658,1948.828,1958.142,1920.6899999999996,13,timeout,-0.2539250240307621
PEM,M15,short,2022-04-20 08:00:00+00:00,2022-04-20 11:00:00+00:00,1946.828,1943.228,1951.418,1937.6480000000001,13,timeout,0.7843137254901903
PEM,M15,long,2022-04-21 03:00:00+00:00,2022-04-21 06:45:00+00:00,1956.348,1955.508,1949.813,1969.4179999999997,13,timeout,-0.1285386381025152
PEM,M15,long,2022-04-21 08:30:00+00:00,2022-04-21 09:15:00+00:00,1956.188,1953.262,1953.262,1962.0400000000004,4,sl,-1.0
PEM,M15,short,2022-04-21 10:30:00+00:00,2022-04-21 13:30:00+00:00,1951.435,1951.352,1953.958,1946.3889999999997,13,timeout,0.032897344431173904
PEM,M15,long,2022-04-22 02:15:00+00:00,2022-04-22 06:00:00+00:00,1951.468,1951.508,1938.172,1978.0600000000002,13,timeout,0.0030084235860381673
PEM,M15,long,2022-04-22 13:30:00+00:00,2022-04-22 15:30:00+00:00,1953.798,1948.938,1948.938,1963.5179999999998,9,sl,-1.0
PEM,M15,short,2022-04-25 08:00:00+00:00,2022-04-25 11:00:00+00:00,1928.588,1923.743,1932.863,1920.0379999999998,13,timeout,1.1333333333333155
PEM,M15,short,2022-04-25 12:15:00+00:00,2022-04-25 15:15:00+00:00,1916.693,1916.271,1924.398,1901.2830000000001,13,timeout,0.0547696301103218
PEM,M15,long,2022-04-26 13:15:00+00:00,2022-04-26 14:30:00+00:00,1905.898,1899.673,1899.673,1918.3479999999997,6,sl,-1.0
PEM,M15,long,2022-04-28 17:00:00+00:00,2022-04-28 20:00:00+00:00,1889.948,1884.618,1877.718,1914.4080000000001,13,timeout,-0.4358135731807152
PEM,M15,long,2022-04-29 08:45:00+00:00,2022-04-29 11:45:00+00:00,1903.178,1904.363,1896.698,1916.1380000000001,13,timeout,0.18287037037036144
PEM,M15,long,2022-04-29 12:30:00+00:00,2022-04-29 15:00:00+00:00,1907.423,1915.5629999999999,1903.353,1915.5629999999999,11,tp,2.0
PEM,M15,short,2022-04-30 02:45:00+00:00,2022-05-02 06:30:00+00:00,1900.073,1898.918,1915.903,1868.4130000000002,13,timeout,0.07296272899559099
PEM,M15,short,2022-05-02 09:30:00+00:00,2022-05-02 12:30:00+00:00,1888.108,1883.363,1894.388,1875.548,13,timeout,0.7555732484076292
PEM,M15,short,2022-05-02 17:45:00+00:00,2022-05-02 19:45:00+00:00,1877.995,1866.3589999999995,1883.813,1866.3589999999995,9,tp,2.0
PEM,M15,short,2022-05-03 00:30:00+00:00,2022-05-03 03:30:00+00:00,1864.867,1861.868,1869.668,1855.265,13,timeout,0.6246615288481705
PEM,M15,short,2022-05-03 12:15:00+00:00,2022-05-03 15:15:00+00:00,1857.938,1855.063,1864.268,1845.2780000000002,13,timeout,0.45418641390205894
PEM,M15,long,2022-05-04 14:30:00+00:00,2022-05-04 17:30:00+00:00,1867.808,1870.258,1862.003,1879.4180000000001,13,timeout,0.4220499569336811
PEM,M15,short,2022-05-04 18:30:00+00:00,2022-05-04 21:30:00+00:00,1866.198,1863.328,1871.208,1856.178,13,timeout,0.5728542914171904
PEM,M15,long,2022-05-05 01:30:00+00:00,2022-05-05 01:45:00+00:00,1872.208,1867.258,1867.258,1882.1080000000002,2,sl,-1.0
PEM,M15,long,2022-05-05 08:30:00+00:00,2022-05-05 11:30:00+00:00,1900.498,1900.228,1892.888,1915.7180000000003,13,timeout,-0.03547963206307192
PEM,M15,long,2022-05-05 17:30:00+00:00,2022-05-05 20:00:00+00:00,1898.248,1906.5280000000002,1894.108,1906.5280000000002,11,tp,2.0
PEM,M15,long,2022-05-10 19:00:00+00:00,2022-05-10 21:00:00+00:00,1862.885,1856.152,1856.152,1876.3509999999999,9,sl,-1.0
PEM,M15,short,2022-05-11 07:15:00+00:00,2022-05-11 10:15:00+00:00,1833.578,1838.368,1840.463,1819.808,13,timeout,-0.6957153231662992
PEM,M15,short,2022-05-13 01:15:00+00:00,2022-05-13 05:00:00+00:00,1823.708,1822.194,1835.927,1799.2700000000004,13,timeout,0.12390539324004791
PEM,M15,short,2022-05-13 13:45:00+00:00,2022-05-13 14:45:00+00:00,1822.318,1827.438,1827.438,1812.0779999999997,5,sl,-1.0
PEM,M15,short,2022-05-13 23:00:00+00:00,2022-05-14 02:00:00+00:00,1808.737,1808.798,1822.828,1780.5550000000003,13,timeout,-0.004329004328998811
PEM,M15,short,2022-05-16 12:15:00+00:00,2022-05-16 14:45:00+00:00,1807.808,1797.4279999999999,1812.998,1797.4279999999999,11,tp,2.0
PEM,M15,long,2022-05-17 02:30:00+00:00,2022-05-17 06:15:00+00:00,1823.798,1824.848,1814.304,1842.7859999999998,13,timeout,0.11059616599957489
PEM,M15,long,2022-05-17 19:00:00+00:00,2022-05-17 20:15:00+00:00,1835.818,1827.378,1827.378,1852.698,6,sl,-1.0
PEM,M15,short,2022-05-18 08:45:00+00:00,2022-05-18 10:30:00+00:00,1814.138,1808.4379999999996,1816.988,1808.4379999999996,8,tp,2.0
PEM,M15,short,2022-05-18 18:45:00+00:00,2022-05-18 21:45:00+00:00,1812.933,1813.698,1819.638,1799.5230000000001,13,timeout,-0.11409395973155978
PEM,M15,long,2022-05-19 20:00:00+00:00,2022-05-19 23:00:00+00:00,1837.758,1842.308,1827.718,1857.838,13,timeout,0.45318725099601304
PEM,M15,long,2022-05-20 13:00:00+00:00,2022-05-20 16:00:00+00:00,1845.823,1845.089,1839.304,1858.861,13,timeout,-0.11259395612826359
PEM,M15,long,2022-05-23 08:00:00+00:00,2022-05-23 11:00:00+00:00,1850.708,1854.018,1845.528,1861.0680000000002,13,timeout,0.6389961389961206
PEM,M15,short,2022-05-24 08:30:00+00:00,2022-05-24 10:30:00+00:00,1851.188,1854.038,1854.038,1845.4880000000003,9,sl,-1.0
PEM,M15,long,2022-05-24 11:30:00+00:00,2022-05-24 13:30:00+00:00,1856.116,1850.344,1850.344,1867.6599999999999,9,sl,-1.0
PEM,M15,long,2022-05-24 18:30:00+00:00,2022-05-24 19:45:00+00:00,1858.248,1854.778,1854.778,1865.188,6,sl,-1.0
PEM,M15,short,2022-05-25 13:00:00+00:00,2022-05-25 16:00:00+00:00,1859.308,1855.623,1863.458,1851.0079999999998,13,timeout,0.887951807228883
PEM,M15,short,2022-05-25 23:15:00+00:00,2022-05-26 02:15:00+00:00,1846.028,1855.108,1855.588,1826.9080000000001,13,timeout,-0.9497907949790773
PEM,M15,short,2022-05-26 09:30:00+00:00,2022-05-26 12:30:00+00:00,1849.488,1844.393,1854.068,1840.3280000000002,13,timeout,1.1124454148471852
PEM,M15,short,2022-05-26 16:30:00+00:00,2022-05-26 19:30:00+00:00,1845.118,1844.276,1848.338,1838.6779999999999,13,timeout,0.2614906832297713
PEM,M15,long,2022-05-27 00:30:00+00:00,2022-05-27 03:30:00+00:00,1848.978,1850.748,1845.048,1856.8380000000002,13,timeout,0.45038167938930107
PEM,M15,short,2022-05-30 06:30:00+00:00,2022-05-30 08:45:00+00:00,1848.918,1853.383,1853.383,1839.9879999999996,10,sl,-1.0
PEM,M15,long,2022-05-30 09:15:00+00:00,2022-05-30 12:15:00+00:00,1857.063,1862.228,1849.623,1871.9430000000002,13,timeout,0.6942204301075169
PEM,M15,short,2022-05-30 18:00:00+00:00,2022-05-30 20:30:00+00:00,1854.758,1859.123,1859.123,1846.028,11,sl,-1.0
PEM,M15,long,2022-05-30 20:45:00+00:00,2022-05-30 21:15:00+00:00,1860.106,1854.939,1854.939,1870.4399999999998,3,sl,-1.0
PEM,M15,short,2022-05-30 23:15:00+00:00,2022-05-31 05:30:00+00:00,1855.318,1855.563,1861.053,1843.8479999999997,13,timeout,-0.04272013949435271
PEM,M15,short,2022-05-31 06:30:00+00:00,2022-05-31 08:00:00+00:00,1853.308,1846.9679999999998,1856.478,1846.9679999999998,7,tp,2.0
PEM,M15,short,2022-06-01 11:45:00+00:00,2022-06-01 14:45:00+00:00,1833.888,1832.718,1837.563,1826.5379999999996,13,timeout,0.31836734693871765
PEM,M15,long,2022-06-01 23:30:00+00:00,2022-06-02 02:30:00+00:00,1848.063,1848.278,1830.194,1883.8010000000004,13,timeout,0.012032010744860733
PEM,M15,long,2022-06-02 13:15:00+00:00,2022-06-02 16:15:00+00:00,1848.458,1852.448,1843.908,1857.5580000000004,13,timeout,0.8769230769230438
PEM,M15,long,2022-06-02 17:00:00+00:00,2022-06-02 19:45:00+00:00,1853.993,1851.028,1851.028,1859.9229999999998,12,sl,-1.0
PEM,M15,long,2022-06-03 08:00:00+00:00,2022-06-03 10:30:00+00:00,1870.923,1868.888,1868.888,1874.9930000000002,11,sl,-1.0
PEM,M15,short,2022-06-03 23:30:00+00:00,2022-06-04 02:30:00+00:00,1849.738,1850.348,1856.868,1835.4780000000003,13,timeout,-0.0855539971949383
PEM,M15,long,2022-06-06 10:15:00+00:00,2022-06-06 13:15:00+00:00,1854.348,1854.568,1850.558,1861.9279999999999,13,timeout,0.05804749340370169
PEM,M15,short,2022-06-08 10:30:00+00:00,2022-06-08 13:30:00+00:00,1847.798,1849.928,1850.928,1841.5379999999998,13,timeout,-0.6805111821086374
PEM,M15,long,2022-06-08 22:45:00+00:00,2022-06-09 01:45:00+00:00,1857.974,1853.813,1848.273,1877.376,13,timeout,-0.4289248531079086
PEM,M15,short,2022-06-09 13:30:00+00:00,2022-06-09 16:30:00+00:00,1851.088,1849.09,1855.138,1842.988,13,timeout,0.49333333333335055
PEM,M15,short,2022-06-14 23:15:00+00:00,2022-06-15 02:15:00+00:00,1810.523,1806.123,1822.908,1785.753,13,timeout,0.35526846992328354
PEM,M15,long,2022-06-16 22:30:00+00:00,2022-06-17 01:30:00+00:00,1838.988,1848.518,1826.178,1864.608,13,timeout,0.7439500390320073
PEM,M15,short,2022-06-17 11:15:00+00:00,2022-06-17 12:00:00+00:00,1842.348,1845.078,1845.078,1836.888,4,sl,-1.0
PEM,M15,short,2022-06-17 17:30:00+00:00,2022-06-17 19:45:00+00:00,1845.263,1850.933,1850.933,1833.9229999999998,10,sl,-1.0
PEM,M15,short,2022-06-18 00:00:00+00:00,2022-06-18 03:00:00+00:00,1839.038,1837.108,1846.578,1823.958,13,timeout,0.2559681697612829
PEM,M15,long,2022-06-20 08:30:00+00:00,2022-06-20 08:30:00+00:00,1841.278,1836.928,1836.928,1849.9779999999998,1,sl,-1.0
PEM,M15,short,2022-06-22 01:15:00+00:00,2022-06-22 05:00:00+00:00,1833.038,1832.963,1838.973,1821.1680000000001,13,timeout,0.012636899747269783
PEM,M15,short,2022-06-22 12:30:00+00:00,2022-06-22 14:30:00+00:00,1825.458,1828.308,1828.308,1819.7580000000003,9,sl,-1.0
PEM,M15,long,2022-06-22 18:30:00+00:00,2022-06-22 21:30:00+00:00,1840.113,1843.003,1823.688,1872.963,13,timeout,0.17595129375950566
PEM,M15,short,2022-06-23 18:30:00+00:00,2022-06-23 20:00:00+00:00,1826.608,1833.533,1833.533,1812.758,7,sl,-1.0
PEM,M15,long,2022-06-27 10:00:00+00:00,2022-06-27 13:00:00+00:00,1835.553,1835.173,1833.508,1839.6430000000003,13,timeout,-0.18581907090469224
PEM,M15,short,2022-06-28 01:00:00+00:00,2022-06-28 04:00:00+00:00,1822.413,1822.618,1826.488,1814.263,13,timeout,-0.050306748466239254
PEM,M15,long,2022-06-28 11:30:00+00:00,2022-06-28 14:30:00+00:00,1826.458,1826.173,1823.73,1831.9140000000002,13,timeout,-0.10447214076249084
PEM,M15,short,2022-06-30 12:00:00+00:00,2022-06-30 15:00:00+00:00,1815.068,1814.848,1817.698,1809.8079999999998,13,timeout,0.08365019011407535
PEM,M15,short,2022-07-01 10:45:00+00:00,2022-07-01 12:45:00+00:00,1802.838,1797.066,1805.724,1797.066,9,tp,2.0
PEM,M15,short,2022-07-01 17:45:00+00:00,2022-07-01 20:45:00+00:00,1791.133,1791.578,1802.318,1768.7630000000001,13,timeout,-0.03978542691103608
PEM,M15,long,2022-07-04 10:45:00+00:00,2022-07-04 13:45:00+00:00,1812.038,1810.958,1805.378,1825.3580000000002,13,timeout,-0.16216216216214924
PEM,M15,long,2022-07-04 22:00:00+00:00,2022-07-05 01:00:00+00:00,1810.588,1806.528,1805.008,1821.7479999999998,13,timeout,-0.7275985663082435
PEM,M15,long,2022-07-05 12:00:00+00:00,2022-07-05 14:00:00+00:00,1811.434,1808.314,1808.314,1817.6739999999998,9,sl,-1.0
PEM,M15,short,2022-07-09 00:00:00+00:00,2022-07-09 03:00:00+00:00,1740.978,1741.348,1746.088,1730.7580000000003,13,timeout,-0.07240704500976479
PEM,M15,short,2022-07-11 07:15:00+00:00,2022-07-11 10:15:00+00:00,1741.488,1741.998,1744.068,1736.3280000000002,13,timeout,-0.1976744186046532
PEM,M15,long,2022-07-11 10:45:00+00:00,2022-07-11 12:45:00+00:00,1742.058,1740.548,1740.548,1745.078,9,sl,-1.0
PEM,M15,short,2022-07-13 00:45:00+00:00,2022-07-13 03:45:00+00:00,1726.094,1725.974,1733.688,1710.906,13,timeout,0.01580194890704733
PEM,M15,short,2022-07-13 12:15:00+00:00,2022-07-13 15:00:00+00:00,1725.318,1727.464,1727.464,1721.026,12,sl,-1.0
PEM,M15,long,2022-07-13 18:30:00+00:00,2022-07-13 19:30:00+00:00,1730.548,1725.828,1725.828,1739.988,5,sl,-1.0
PEM,M15,short,2022-07-14 17:45:00+00:00,2022-07-14 20:45:00+00:00,1713.224,1702.1359999999997,1718.768,1702.1359999999997,13,tp,2.0
PEM,M15,long,2022-07-18 10:45:00+00:00,2022-07-18 13:45:00+00:00,1716.134,1713.894,1708.754,1730.8940000000002,13,timeout,-0.30352303523034907
PEM,M15,short,2022-07-19 02:30:00+00:00,2022-07-19 06:15:00+00:00,1707.987,1707.964,1712.698,1698.565,13,timeout,0.004882190617732579
PEM,M15,long,2022-07-19 12:45:00+00:00,2022-07-19 15:45:00+00:00,1710.124,1712.204,1706.984,1716.4040000000002,13,timeout,0.6624203821655609
PEM,M15,short,2022-07-20 13:15:00+00:00,2022-07-20 16:15:00+00:00,1708.508,1709.811,1713.294,1698.936,13,timeout,-0.27225240284159374
PEM,M15,short,2022-07-21 01:30:00+00:00,2022-07-21 03:00:00+00:00,1700.844,1695.676,1703.428,1695.676,7,tp,2.0
PEM,M15,short,2022-07-21 03:15:00+00:00,2022-07-21 07:00:00+00:00,1693.158,1694.618,1702.254,1674.966,13,timeout,-0.16051011433597578
PEM,M15,short,2022-07-21 07:30:00+00:00,2022-07-21 10:30:00+00:00,1693.778,1692.118,1697.146,1687.0420000000001,13,timeout,0.4928741092636913
PEM,M15,short,2022-07-21 10:45:00+00:00,2022-07-21 13:45:00+00:00,1692.088,1689.908,1695.148,1685.968,13,timeout,0.7124183006536283
PEM,M15,long,2022-07-21 20:00:00+00:00,2022-07-21 23:00:00+00:00,1699.146,1713.168,1681.688,1734.0619999999997,13,timeout,0.8031847863443722
PEM,M15,long,2022-07-22 03:00:00+00:00,2022-07-22 06:45:00+00:00,1717.858,1718.816,1703.618,1746.338,13,timeout,0.06727528089888224
PEM,M15,long,2022-07-22 13:45:00+00:00,2022-07-22 16:45:00+00:00,1719.088,1723.678,1712.958,1731.3479999999997,13,timeout,0.7487765089723057
PEM,M15,short,2022-07-27 20:30:00+00:00,2022-07-27 23:30:00+00:00,1718.298,1719.324,1723.997,1706.8999999999999,13,timeout,-0.1800315844885164
PEM,M15,long,2022-07-28 14:00:00+00:00,2022-07-28 17:00:00+00:00,1740.677,1740.654,1735.338,1751.3549999999998,13,timeout,-0.004307922831974362
PEM,M15,long,2022-07-29 13:00:00+00:00,2022-07-29 16:00:00+00:00,1764.468,1763.954,1753.738,1785.928,13,timeout,-0.04790307548929383
PEM,M15,short,2022-07-29 19:45:00+00:00,2022-07-29 22:15:00+00:00,1757.574,1764.034,1764.034,1744.654,11,sl,-1.0
PEM,M15,long,2022-08-02 18:45:00+00:00,2022-08-02 21:45:00+00:00,1778.785,1779.667,1770.708,1794.939,13,timeout,0.1091989600098842
PEM,M15,short,2022-08-03 01:00:00+00:00,2022-08-03 03:00:00+00:00,1771.844,1761.4560000000001,1777.038,1761.4560000000001,9,tp,2.0
PEM,M15,long,2022-08-03 10:45:00+00:00,2022-08-03 13:45:00+00:00,1767.834,1767.758,1760.998,1781.506,13,timeout,-0.01111761263897333
PEM,M15,long,2022-08-04 23:45:00+00:00,2022-08-05 02:45:00+00:00,1789.564,1792.224,1777.214,1814.2640000000004,13,timeout,0.2153846153846012
PEM,M15,short,2022-08-05 23:30:00+00:00,2022-08-06 02:30:00+00:00,1772.768,1774.908,1787.927,1742.4500000000003,13,timeout,-0.14117026189061876
PEM,M15,short,2022-08-08 07:45:00+00:00,2022-08-08 08:15:00+00:00,1771.918,1774.968,1774.968,1765.8179999999995,3,sl,-1.0
PEM,M15,short,2022-08-08 10:30:00+00:00,2022-08-08 13:00:00+00:00,1772.174,1775.014,1775.014,1766.4940000000001,11,sl,-1.0
PEM,M15,long,2022-08-08 17:00:00+00:00,2022-08-08 19:00:00+00:00,1776.444,1783.524,1772.904,1783.524,9,tp,2.0
PEM,M15,long,2022-08-09 15:45:00+00:00,2022-08-09 18:45:00+00:00,1792.144,1791.308,1784.064,1808.3039999999999,13,timeout,-0.10346534653465597
PEM,M15,long,2022-08-09 23:15:00+00:00,2022-08-10 02:15:00+00:00,1795.768,1795.218,1790.248,1806.808,13,timeout,-0.09963768115941238
PEM,M15,short,2022-08-10 12:00:00+00:00,2022-08-10 15:00:00+00:00,1790.128,1790.494,1792.084,1786.2159999999997,13,timeout,-0.18711656441715793
PEM,M15,short,2022-08-11 09:15:00+00:00,2022-08-11 12:15:00+00:00,1787.754,1784.748,1792.24,1778.7819999999997,13,timeout,0.6700847079803363
PEM,M15,long,2022-08-11 19:00:00+00:00,2022-08-11 22:00:00+00:00,1794.208,1792.448,1789.668,1803.2880000000005,13,timeout,-0.38766519823786716
PEM,M15,long,2022-08-12 10:30:00+00:00,2022-08-12 13:30:00+00:00,1789.48,1790.538,1786.574,1795.292,13,timeout,0.36407432897453934
PEM,M15,short,2022-08-15 12:45:00+00:00,2022-08-15 15:00:00+00:00,1792.715,1787.2689999999996,1795.438,1787.2689999999996,10,tp,2.0
PEM,M15,long,2022-08-16 00:30:00+00:00,2022-08-16 03:30:00+00:00,1783.564,1779.044,1775.568,1799.5560000000003,13,timeout,-0.5652826413206513
PEM,M15,long,2022-08-17 12:00:00+00:00,2022-08-17 14:30:00+00:00,1778.564,1774.698,1774.698,1786.296,11,sl,-1.0
PEM,M15,short,2022-08-17 18:45:00+00:00,2022-08-17 21:45:00+00:00,1768.248,1766.003,1778.085,1748.574,13,timeout,0.228219985768031
PEM,M15,short,2022-08-18 11:15:00+00:00,2022-08-18 14:15:00+00:00,1762.074,1761.348,1765.724,1754.7740000000003,13,timeout,0.19890410958907942
PEM,M15,long,2022-08-18 17:15:00+00:00,2022-08-18 20:15:00+00:00,1769.378,1763.748,1763.748,1780.6379999999997,13,sl,-1.0
PEM,M15,short,2022-08-22 07:00:00+00:00,2022-08-22 09:30:00+00:00,1746.278,1747.848,1747.848,1743.1380000000001,11,sl,-1.0
PEM,M15,short,2022-08-22 11:45:00+00:00,2022-08-22 14:15:00+00:00,1744.848,1739.0679999999998,1747.738,1739.0679999999998,11,tp,2.0
PEM,M15,short,2022-08-23 12:30:00+00:00,2022-08-23 15:15:00+00:00,1735.858,1738.888,1738.888,1729.798,12,sl,-1.0
PEM,M15,short,2022-08-23 17:45:00+00:00,2022-08-23 20:45:00+00:00,1735.838,1739.468,1739.468,1728.5779999999997,13,sl,-1.0
PEM,M15,long,2022-08-26 00:30:00+00:00,2022-08-26 03:30:00+00:00,1758.554,1757.664,1754.248,1767.1660000000002,13,timeout,-0.20668834184860468
PEM,M15,short,2022-08-26 19:00:00+00:00,2022-08-26 19:30:00+00:00,1743.914,1747.954,1747.954,1735.834,3,sl,-1.0
PEM,M15,short,2022-08-29 07:00:00+00:00,2022-08-29 08:30:00+00:00,1734.714,1728.6859999999997,1737.728,1728.6859999999997,7,tp,2.0
PEM,M15,short,2022-08-29 11:30:00+00:00,2022-08-29 14:30:00+00:00,1724.178,1721.768,1734.454,1703.6260000000004,13,timeout,0.23452705332815488
PEM,M15,long,2022-08-29 22:45:00+00:00,2022-08-30 01:45:00+00:00,1740.474,1738.254,1721.988,1777.4459999999997,13,timeout,-0.12009087958455275
PEM,M15,short,2022-08-30 19:15:00+00:00,2022-08-30 21:30:00+00:00,1731.878,1725.1899999999998,1735.222,1725.1899999999998,10,tp,2.0
PEM,M15,long,2022-09-02 13:15:00+00:00,2022-09-02 16:15:00+00:00,1701.164,1704.554,1697.248,1708.9959999999999,13,timeout,0.8656792645557079
PEM,M15,long,2022-09-02 17:00:00+00:00,2022-09-02 19:30:00+00:00,1706.184,1711.3439999999998,1703.604,1711.3439999999998,11,tp,2.0
PEM,M15,short,2022-09-05 07:15:00+00:00,2022-09-05 08:15:00+00:00,1708.141,1711.478,1711.478,1701.467,5,sl,-1.0
PEM,M15,short,2022-09-05 09:45:00+00:00,2022-09-05 10:45:00+00:00,1709.214,1712.574,1712.574,1702.4939999999997,5,sl,-1.0
PEM,M15,short,2022-09-05 23:00:00+00:00,2022-09-06 05:15:00+00:00,1710.274,1711.708,1712.465,1705.8919999999998,13,timeout,-0.654495664080409
PEM,M15,short,2022-09-06 20:30:00+00:00,2022-09-06 23:30:00+00:00,1706.808,1703.024,1716.028,1688.368,13,timeout,0.4104121475054332
PEM,M15,short,2022-09-07 00:30:00+00:00,2022-09-07 03:30:00+00:00,1700.734,1700.741,1704.218,1693.7659999999996,13,timeout,-0.0020091848450234048
PEM,M15,long,2022-09-07 16:15:00+00:00,2022-09-07 19:15:00+00:00,1704.558,1701.654,1692.418,1728.8380000000002,13,timeout,-0.23920922570016248
PEM,M15,long,2022-09-08 00:15:00+00:00,2022-09-08 03:15:00+00:00,1714.805,1716.668,1709.488,1725.439,13,timeout,0.35038555576449626
PEM,M15,long,2022-09-13 17:00:00+00:00,2022-09-13 19:30:00+00:00,1727.683,1720.198,1720.198,1742.6529999999998,11,sl,-1.0
PEM,M15,short,2022-09-13 23:15:00+00:00,2022-09-14 02:15:00+00:00,1700.568,1703.124,1728.364,1644.9759999999999,13,timeout,-0.09195567707583953
PEM,M15,short,2022-09-14 11:30:00+00:00,2022-09-14 11:45:00+00:00,1699.748,1702.434,1702.434,1694.3760000000002,2,sl,-1.0
PEM,M15,short,2022-09-15 00:30:00+00:00,2022-09-15 03:30:00+00:00,1699.594,1697.208,1703.938,1690.906,13,timeout,0.5492633517495256
PEM,M15,short,2022-09-15 12:15:00+00:00,2022-09-15 15:15:00+00:00,1686.968,1688.534,1695.048,1670.8080000000002,13,timeout,-0.1938118811881244
PEM,M15,long,2022-09-19 22:15:00+00:00,2022-09-20 01:15:00+00:00,1672.868,1670.218,1660.678,1697.2479999999996,13,timeout,-0.21739130434781798
PEM,M15,long,2022-09-20 07:30:00+00:00,2022-09-20 10:30:00+00:00,1678.498,1676.748,1673.088,1689.3180000000002,13,timeout,-0.323475046210716
PEM,M15,short,2022-09-20 13:00:00+00:00,2022-09-20 13:45:00+00:00,1672.295,1674.565,1674.565,1667.755,4,sl,-1.0
PEM,M15,short,2022-09-21 11:45:00+00:00,2022-09-21 13:00:00+00:00,1661.948,1665.118,1665.118,1655.6080000000004,6,sl,-1.0
PEM,M15,long,2022-09-21 16:45:00+00:00,2022-09-21 19:45:00+00:00,1673.895,1673.835,1670.368,1680.949,13,timeout,-0.017011624610134588
PEM,M15,short,2022-09-22 00:15:00+00:00,2022-09-22 01:45:00+00:00,1665.108,1674.435,1674.435,1646.454,7,sl,-1.0
PEM,M15,short,2022-09-22 05:45:00+00:00,2022-09-22 07:15:00+00:00,1671.158,1664.2379999999998,1674.618,1664.2379999999998,7,tp,2.0
PEM,M15,short,2022-09-23 17:00:00+00:00,2022-09-23 18:00:00+00:00,1657.602,1642.9700000000005,1664.918,1642.9700000000005,5,tp,2.0
PEM,M15,short,2022-09-26 08:15:00+00:00,2022-09-26 08:15:00+00:00,1634.368,1644.843,1644.843,1613.4179999999997,1,sl,-1.0
PEM,M15,short,2022-09-28 12:30:00+00:00,2022-09-28 14:15:00+00:00,1623.578,1618.638,1626.048,1618.638,8,tp,2.0
PEM,M15,long,2022-09-28 23:00:00+00:00,2022-09-29 02:00:00+00:00,1654.915,1661.285,1636.122,1692.5009999999997,13,timeout,0.3389559942531876
PEM,M15,long,2022-09-29 23:15:00+00:00,2022-09-30 02:15:00+00:00,1660.356,1659.415,1647.85,1685.3680000000002,13,timeout,-0.07524388293619258
PEM,M15,long,2022-09-30 12:45:00+00:00,2022-09-30 14:30:00+00:00,1665.025,1673.4590000000003,1660.808,1673.4590000000003,8,tp,2.0
PEM,M15,short,2022-10-01 01:00:00+00:00,2022-10-01 04:00:00+00:00,1661.265,1659.978,1673.638,1636.5190000000005,13,timeout,0.10401681079770898
PEM,M15,long,2022-10-03 08:45:00+00:00,2022-10-03 11:15:00+00:00,1667.498,1663.118,1663.118,1676.2580000000003,11,sl,-1.0
PEM,M15,long,2022-10-04 01:00:00+00:00,2022-10-04 04:00:00+00:00,1696.475,1699.608,1663.921,1761.5829999999996,13,timeout,0.09624009338330318
PEM,M15,long,2022-10-06 10:15:00+00:00,2022-10-06 13:15:00+00:00,1721.948,1722.854,1719.398,1727.0480000000005,13,timeout,0.3552941176470135
PEM,M15,short,2022-10-10 10:45:00+00:00,2022-10-10 13:45:00+00:00,1688.428,1686.194,1693.038,1679.2080000000003,13,timeout,0.4845986984816051
PEM,M15,long,2022-10-11 19:15:00+00:00,2022-10-11 22:15:00+00:00,1670.478,1671.415,1662.595,1686.2440000000001,13,timeout,0.11886337688695847
PEM,M15,short,2022-10-12 02:15:00+00:00,2022-10-12 06:00:00+00:00,1665.472,1665.315,1682.958,1630.4999999999998,13,timeout,0.008978611460592732
PEM,M15,long,2022-10-13 00:30:00+00:00,2022-10-13 01:15:00+00:00,1670.695,1677.869,1667.108,1677.869,4,tp,2.0
PEM,M15,long,2022-10-14 01:00:00+00:00,2022-10-14 04:00:00+00:00,1670.138,1666.208,1646.018,1718.3779999999997,13,timeout,-0.16293532338307853
PEM,M15,short,2022-10-14 08:45:00+00:00,2022-10-14 08:45:00+00:00,1659.645,1663.065,1663.065,1652.8049999999998,1,sl,-1.0
PEM,M15,short,2022-10-18 00:15:00+00:00,2022-10-18 03:15:00+00:00,1657.798,1648.928,1663.748,1645.898,13,timeout,1.4907563025209787
PEM,M15,long,2022-10-18 19:45:00+00:00,2022-10-18 21:30:00+00:00,1655.448,1650.908,1650.908,1664.5280000000005,8,sl,-1.0
PEM,M15,short,2022-10-19 10:15:00+00:00,2022-10-19 13:15:00+00:00,1649.757,1645.807,1653.098,1643.0750000000003,13,timeout,1.182280754265241
PEM,M15,short,2022-10-21 01:45:00+00:00,2022-10-21 05:30:00+00:00,1628.428,1626.657,1633.467,1618.3500000000001,13,timeout,0.3514586227426454
PEM,M15,short,2022-10-21 11:15:00+00:00,2022-10-21 14:15:00+00:00,1620.647,1618.797,1628.147,1605.647,13,timeout,0.24666666666665454
PEM,M15,long,2022-10-21 17:30:00+00:00,2022-10-21 19:30:00+00:00,1625.598,1620.837,1620.837,1635.12,9,sl,-1.0
PEM,M15,long,2022-10-25 11:00:00+00:00,2022-10-25 12:15:00+00:00,1651.808,1648.448,1648.448,1658.5279999999998,6,sl,-1.0
PEM,M15,long,2022-10-25 13:45:00+00:00,2022-10-25 14:15:00+00:00,1651.267,1648.017,1648.017,1657.767,3,sl,-1.0
PEM,M15,long,2022-10-27 12:30:00+00:00,2022-10-27 13:45:00+00:00,1666.258,1662.848,1662.848,1673.0780000000002,6,sl,-1.0
PEM,M15,short,2022-10-27 18:00:00+00:00,2022-10-27 19:30:00+00:00,1660.597,1664.248,1664.248,1653.2949999999998,7,sl,-1.0
PEM,M15,short,2022-10-28 00:00:00+00:00,2022-10-28 03:00:00+00:00,1657.088,1662.168,1664.747,1641.7699999999998,13,timeout,-0.663271967619775
PEM,M15,short,2022-10-28 13:00:00+00:00,2022-10-28 15:15:00+00:00,1660.647,1651.225,1665.358,1651.225,10,tp,2.0
PEM,M15,short,2022-10-31 13:15:00+00:00,2022-10-31 16:15:00+00:00,1641.427,1636.758,1645.328,1633.6249999999998,13,timeout,1.1968725967700047
PEM,M15,short,2022-10-31 22:45:00+00:00,2022-11-01 01:45:00+00:00,1637.508,1635.697,1641.438,1629.648,13,timeout,0.4608142493638982
PEM,M15,short,2022-11-01 07:15:00+00:00,2022-11-01 08:15:00+00:00,1631.868,1634.298,1634.298,1627.0079999999998,5,sl,-1.0
PEM,M15,long,2022-11-01 13:00:00+00:00,2022-11-01 16:00:00+00:00,1641.018,1646.898,1631.948,1659.158,13,timeout,0.6482910694597489
PEM,M15,short,2022-11-03 10:30:00+00:00,2022-11-03 13:30:00+00:00,1636.058,1634.347,1638.998,1630.1779999999999,13,timeout,0.5819727891156398
PEM,M15,short,2022-11-03 23:15:00+00:00,2022-11-04 02:15:00+00:00,1625.638,1631.728,1634.888,1607.138,13,timeout,-0.6583783783783941
PEM,M15,long,2022-11-04 20:15:00+00:00,2022-11-04 23:15:00+00:00,1660.148,1671.118,1645.138,1690.168,13,timeout,0.7308461025982701
PEM,M15,short,2022-11-07 14:45:00+00:00,2022-11-07 15:30:00+00:00,1667.858,1672.398,1672.398,1658.778,4,sl,-1.0
PEM,M15,short,2022-11-08 12:00:00+00:00,2022-11-08 15:00:00+00:00,1669.848,1669.978,1673.807,1661.9299999999998,13,timeout,-0.03283657489267673
PEM,M15,long,2022-11-09 00:15:00+00:00,2022-11-09 03:15:00+00:00,1715.967,1711.568,1671.828,1804.2450000000003,13,timeout,-0.09966243005052453
PEM,M15,long,2022-11-09 14:30:00+00:00,2022-11-09 17:00:00+00:00,1711.468,1707.968,1707.968,1718.468,11,sl,-1.0
PEM,M15,short,2022-11-10 01:45:00+00:00,2022-11-10 04:45:00+00:00,1709.287,1705.798,1714.257,1699.347,13,timeout,0.7020120724346104
PEM,M15,long,2022-11-10 08:45:00+00:00,2022-11-10 11:45:00+00:00,1708.047,1708.557,1703.977,1716.187,13,timeout,0.12530712530712504
PEM,M15,long,2022-11-10 12:45:00+00:00,2022-11-10 14:15:00+00:00,1711.078,1708.148,1708.148,1716.938,7,sl,-1.0
PEM,M15,long,2022-11-10 20:15:00+00:00,2022-11-10 20:30:00+00:00,1709.258,1714.318,1706.728,1714.318,2,tp,2.0
PEM,M15,long,2022-11-11 03:15:00+00:00,2022-11-11 07:00:00+00:00,1753.647,1752.297,1746.118,1768.705,13,timeout,-0.17930668083409612
PEM,M15,long,2022-11-11 12:30:00+00:00,2022-11-11 15:30:00+00:00,1754.148,1760.227,1747.108,1768.2279999999998,13,timeout,0.863494318181848
PEM,M15,long,2022-11-14 21:00:00+00:00,2022-11-15 00:00:00+00:00,1762.458,1769.928,1754.098,1779.1780000000003,13,timeout,0.893540669856449
PEM,M15,long,2022-11-15 12:45:00+00:00,2022-11-15 13:00:00+00:00,1773.058,1770.498,1770.498,1778.1779999999999,2,sl,-1.0
PEM,M15,short,2022-11-16 11:30:00+00:00,2022-11-16 14:30:00+00:00,1770.408,1773.058,1777.208,1756.8079999999995,13,timeout,-0.3897058823529441
PEM,M15,short,2022-11-17 02:00:00+00:00,2022-11-17 05:00:00+00:00,1772.447,1773.198,1783.398,1750.5449999999998,13,timeout,-0.06857821203544902
PEM,M15,short,2022-11-17 09:15:00+00:00,2022-11-17 12:15:00+00:00,1769.508,1761.958,1775.888,1756.7480000000003,13,timeout,1.183385579937319
PEM,M15,short,2022-11-17 18:15:00+00:00,2022-11-17 19:00:00+00:00,1762.337,1765.518,1765.518,1755.975,4,sl,-1.0
PEM,M15,short,2022-11-18 19:15:00+00:00,2022-11-18 22:15:00+00:00,1759.488,1753.987,1765.467,1747.53,13,timeout,0.9200535206556176
PEM,M15,short,2022-11-19 00:30:00+00:00,2022-11-19 03:30:00+00:00,1751.927,1748.348,1762.458,1730.8649999999996,13,timeout,0.33985376507453147
PEM,M15,long,2022-11-22 07:45:00+00:00,2022-11-22 10:45:00+00:00,1740.728,1744.097,1736.618,1748.9480000000003,13,timeout,0.8197080291970341
PEM,M15,short,2022-11-22 23:15:00+00:00,2022-11-23 02:15:00+00:00,1741.308,1738.267,1745.068,1733.788,13,timeout,0.8087765957446669
PEM,M15,short,2022-11-23 11:30:00+00:00,2022-11-23 14:30:00+00:00,1734.918,1740.748,1742.398,1719.9579999999999,13,timeout,-0.7794117647059011
PEM,M15,long,2022-11-24 02:00:00+00:00,2022-11-24 05:00:00+00:00,1746.008,1749.225,1740.497,1757.03,13,timeout,0.5837416076936836
PEM,M15,long,2022-11-24 14:30:00+00:00,2022-11-24 15:15:00+00:00,1756.958,1752.897,1752.897,1765.0800000000004,4,sl,-1.0
PEM,M15,long,2022-11-24 19:15:00+00:00,2022-11-24 20:30:00+00:00,1758.347,1755.668,1755.668,1763.7050000000002,6,sl,-1.0
PEM,M15,short,2022-11-25 01:00:00+00:00,2022-11-25 07:15:00+00:00,1754.907,1753.478,1757.217,1750.2869999999996,13,timeout,0.6186147186146117
PEM,M15,short,2022-11-25 07:30:00+00:00,2022-11-25 08:30:00+00:00,1753.468,1755.848,1755.848,1748.7080000000003,5,sl,-1.0
PEM,M15,short,2022-11-25 13:15:00+00:00,2022-11-25 15:15:00+00:00,1756.478,1750.6580000000004,1759.388,1750.6580000000004,9,tp,2.0
PEM,M15,short,2022-11-28 08:45:00+00:00,2022-11-28 11:45:00+00:00,1747.797,1750.488,1755.787,1731.817,13,timeout,-0.3367959949937457
PEM,M15,short,2022-11-29 01:45:00+00:00,2022-11-29 04:45:00+00:00,1741.368,1740.828,1750.328,1723.4479999999999,13,timeout,0.060267857142852835
PEM,M15,short,2022-11-30 21:15:00+00:00,2022-11-30 21:45:00+00:00,1755.328,1762.507,1762.507,1740.9699999999998,3,sl,-1.0
PEM,M15,long,2022-12-01 02:15:00+00:00,2022-12-01 06:00:00+00:00,1761.548,1768.748,1750.707,1783.2299999999998,13,timeout,0.6641453740429957
PEM,M15,long,2022-12-01 19:45:00+00:00,2022-12-01 21:00:00+00:00,1783.638,1791.7779999999998,1779.568,1791.7779999999998,6,tp,2.0
PEM,M15,short,2022-12-06 13:00:00+00:00,2022-12-06 15:15:00+00:00,1769.568,1772.798,1772.798,1763.108,10,sl,-1.0
PEM,M15,long,2022-12-06 19:30:00+00:00,2022-12-06 22:15:00+00:00,1780.008,1772.368,1772.368,1795.2880000000002,12,sl,-1.0
PEM,M15,short,2022-12-07 02:15:00+00:00,2022-12-07 06:00:00+00:00,1768.017,1770.877,1773.028,1757.9950000000001,13,timeout,-0.5707443624026978
PEM,M15,short,2022-12-07 12:15:00+00:00,2022-12-07 12:15:00+00:00,1770.958,1773.208,1773.208,1766.458,1,sl,-1.0
PEM,M15,short,2022-12-09 22:45:00+00:00,2022-12-09 23:30:00+00:00,1792.548,1800.318,1800.318,1777.008,4,sl,-1.0
PEM,M15,long,2022-12-12 19:00:00+00:00,2022-12-12 19:45:00+00:00,1794.828,1791.378,1791.378,1801.728,4,sl,-1.0
PEM,M15,long,2022-12-13 10:15:00+00:00,2022-12-13 10:45:00+00:00,1785.835,1782.765,1782.765,1791.975,3,sl,-1.0
PEM,M15,long,2022-12-13 18:00:00+00:00,2022-12-13 20:30:00+00:00,1786.358,1794.4639999999997,1782.305,1794.4639999999997,11,tp,2.0
PEM,M15,short,2022-12-15 01:45:00+00:00,2022-12-15 02:00:00+00:00,1807.335,1800.0350000000003,1810.985,1800.0350000000003,2,tp,2.0
PEM,M15,short,2022-12-15 08:45:00+00:00,2022-12-15 11:45:00+00:00,1802.255,1790.925,1808.965,1788.8350000000005,13,timeout,1.6885245901640056
PEM,M15,long,2022-12-16 20:45:00+00:00,2022-12-16 22:00:00+00:00,1785.288,1792.2939999999999,1781.785,1792.2939999999999,6,tp,2.0
PEM,M15,long,2022-12-17 03:30:00+00:00,2022-12-19 07:15:00+00:00,1793.028,1791.385,1786.515,1806.0539999999999,13,timeout,-0.25226470136650536
PEM,M15,short,2022-12-19 20:45:00+00:00,2022-12-19 23:45:00+00:00,1792.435,1788.645,1797.025,1783.2549999999997,13,timeout,0.8257080610021446
PEM,M15,long,2022-12-20 22:00:00+00:00,2022-12-20 22:15:00+00:00,1808.448,1817.7540000000001,1803.795,1817.7540000000001,2,tp,2.0
PEM,M15,long,2022-12-21 00:45:00+00:00,2022-12-21 03:45:00+00:00,1819.088,1818.215,1813.985,1829.294,13,timeout,-0.17107583774251148
PEM,M15,long,2022-12-21 20:15:00+00:00,2022-12-21 23:15:00+00:00,1815.825,1816.695,1811.705,1824.0650000000003,13,timeout,0.21116504854365678
PEM,M15,short,2022-12-22 01:45:00+00:00,2022-12-22 04:45:00+00:00,1815.435,1814.087,1818.255,1809.7949999999996,13,timeout,0.4780141843971199
PEM,M15,long,2022-12-22 12:30:00+00:00,2022-12-22 14:00:00+00:00,1820.155,1815.545,1815.545,1829.3749999999998,7,sl,-1.0
PEM,M15,short,2022-12-23 01:15:00+00:00,2022-12-23 04:15:00+00:00,1788.985,1791.325,1816.315,1734.3249999999996,13,timeout,-0.08562019758507619
PEM,M15,short,2022-12-23 21:30:00+00:00,2022-12-23 22:30:00+00:00,1793.955,1799.565,1799.565,1782.7349999999997,5,sl,-1.0
PEM,M15,short,2022-12-24 01:15:00+00:00,2022-12-24 04:15:00+00:00,1796.947,1798.095,1802.915,1785.0109999999997,13,timeout,-0.19235924932977946
PEM,M15,long,2022-12-27 06:45:00+00:00,2022-12-27 09:45:00+00:00,1801.755,1806.095,1795.335,1814.5950000000003,13,timeout,0.6760124610591696
PEM,M15,long,2022-12-29 13:30:00+00:00,2022-12-29 14:15:00+00:00,1809.715,1806.908,1806.908,1815.329,4,sl,-1.0
PEM,M15,long,2022-12-29 21:00:00+00:00,2022-12-30 00:00:00+00:00,1811.745,1816.215,1804.865,1825.5049999999997,13,timeout,0.6497093023255965
PEM,M15,long,2022-12-30 01:30:00+00:00,2022-12-30 02:00:00+00:00,1818.575,1815.945,1815.945,1823.8350000000003,3,sl,-1.0
PEM,M15,long,2022-12-31 00:45:00+00:00,2022-12-31 03:45:00+00:00,1820.048,1822.548,1814.155,1831.834,13,timeout,0.4242321398269112
PEM,M15,long,2023-01-03 10:15:00+00:00,2023-01-03 13:15:00+00:00,1839.775,1842.645,1826.965,1865.3950000000004,13,timeout,0.224043715846983
PEM,M15,long,2023-01-03 14:30:00+00:00,2023-01-03 14:30:00+00:00,1842.535,1847.8150000000003,1839.895,1847.8150000000003,1,tp,2.0
PEM,M15,long,2023-01-04 13:45:00+00:00,2023-01-04 14:45:00+00:00,1848.125,1855.165,1844.605,1855.165,5,tp,2.0
PEM,M15,long,2023-01-04 21:00:00+00:00,2023-01-04 22:00:00+00:00,1861.888,1852.695,1852.695,1880.274,5,sl,-1.0
PEM,M15,long,2023-01-09 20:45:00+00:00,2023-01-09 21:30:00+00:00,1876.005,1873.985,1873.985,1880.0450000000005,4,sl,-1.0
PEM,M15,long,2023-01-10 03:15:00+00:00,2023-01-10 03:45:00+00:00,1874.698,1869.275,1869.275,1885.544,3,sl,-1.0
PEM,M15,short,2023-01-10 08:00:00+00:00,2023-01-10 08:30:00+00:00,1868.595,1872.145,1872.145,1861.4950000000001,3,sl,-1.0
PEM,M15,short,2023-01-11 19:45:00+00:00,2023-01-11 22:45:00+00:00,1877.897,1870.955,1885.135,1863.4209999999998,13,timeout,0.9591047250621654
PEM,M15,long,2023-01-13 21:45:00+00:00,2023-01-13 23:00:00+00:00,1902.065,1915.4650000000001,1895.365,1915.4650000000001,6,tp,2.0
PEM,M15,long,2023-01-14 01:45:00+00:00,2023-01-14 04:45:00+00:00,1919.195,1919.948,1915.038,1927.5089999999998,13,timeout,0.18114024536929757
PEM,M15,long,2023-01-16 11:15:00+00:00,2023-01-16 11:45:00+00:00,1926.437,1924.575,1924.575,1930.1609999999996,3,sl,-1.0
PEM,M15,long,2023-01-17 19:30:00+00:00,2023-01-17 22:30:00+00:00,1913.485,1910.175,1904.175,1932.1049999999998,13,timeout,-0.35553168635875027
PEM,M15,short,2023-01-18 01:00:00+00:00,2023-01-18 04:00:00+00:00,1905.845,1908.285,1912.265,1893.0049999999999,13,timeout,-0.38006230529595436
PEM,M15,long,2023-01-18 19:30:00+00:00,2023-01-18 20:30:00+00:00,1916.705,1923.4449999999997,1913.335,1923.4449999999997,5,tp,2.0
PEM,M15,long,2023-01-20 02:15:00+00:00,2023-01-20 03:15:00+00:00,1924.308,1933.214,1919.855,1933.214,5,tp,2.0
PEM,M15,long,2023-01-23 07:30:00+00:00,2023-01-23 10:30:00+00:00,1929.165,1932.295,1925.447,1936.601,13,timeout,0.8418504572350851
PEM,M15,short,2023-01-23 21:45:00+00:00,2023-01-24 00:45:00+00:00,1917.428,1921.905,1929.565,1893.1540000000002,13,timeout,-0.3688720441624687
PEM,M15,long,2023-01-24 01:30:00+00:00,2023-01-24 04:30:00+00:00,1926.525,1931.198,1920.595,1938.3850000000002,13,timeout,0.7880269814502447
PEM,M15,short,2023-01-24 21:15:00+00:00,2023-01-24 22:15:00+00:00,1931.985,1917.9989999999996,1938.978,1917.9989999999996,5,tp,2.0
PEM,M15,long,2023-01-25 02:45:00+00:00,2023-01-25 06:30:00+00:00,1936.035,1936.315,1931.975,1944.1550000000004,13,timeout,0.06896551724136965
PEM,M15,short,2023-01-25 19:00:00+00:00,2023-01-25 19:00:00+00:00,1923.545,1926.475,1926.475,1917.6850000000004,1,sl,-1.0
PEM,M15,long,2023-01-26 00:30:00+00:00,2023-01-26 03:30:00+00:00,1937.127,1944.195,1925.705,1959.971,13,timeout,0.6188058133426693
PEM,M15,long,2023-01-26 09:45:00+00:00,2023-01-26 12:45:00+00:00,1945.655,1945.595,1942.415,1952.135,13,timeout,-0.018518518518501625
PEM,M15,long,2023-01-26 13:30:00+00:00,2023-01-26 14:00:00+00:00,1948.535,1945.055,1945.055,1955.4950000000001,3,sl,-1.0
PEM,M15,short,2023-01-26 18:45:00+00:00,2023-01-26 19:00:00+00:00,1934.345,1937.495,1937.495,1928.0450000000003,2,sl,-1.0
PEM,M15,long,2023-01-30 11:30:00+00:00,2023-01-30 14:30:00+00:00,1930.535,1928.735,1924.227,1943.151,13,timeout,-0.28535193405202663
PEM,M15,short,2023-01-30 15:00:00+00:00,2023-01-30 18:00:00+00:00,1924.828,1930.295,1933.625,1907.234,13,timeout,-0.6214618619984179
PEM,M15,long,2023-01-30 18:15:00+00:00,2023-01-30 19:00:00+00:00,1930.285,1922.015,1922.015,1946.825,4,sl,-1.0
PEM,M15,long,2023-01-30 21:00:00+00:00,2023-01-30 22:00:00+00:00,1929.635,1925.115,1925.115,1938.675,5,sl,-1.0
PEM,M15,short,2023-01-31 11:45:00+00:00,2023-01-31 14:45:00+00:00,1919.977,1913.905,1925.585,1908.7610000000002,13,timeout,1.0827389443652236
PEM,M15,short,2023-02-02 23:45:00+00:00,2023-02-03 02:45:00+00:00,1919.855,1913.175,1927.505,1904.5549999999998,13,timeout,0.8732026143790829
PEM,M15,short,2023-02-03 11:45:00+00:00,2023-02-03 14:15:00+00:00,1914.565,1918.115,1918.115,1907.4650000000001,11,sl,-1.0
PEM,M15,short,2023-02-06 23:00:00+00:00,2023-02-07 02:00:00+00:00,1866.115,1868.895,1874.025,1850.2949999999998,13,timeout,-0.35145385587862754
PEM,M15,long,2023-02-07 02:30:00+00:00,2023-02-07 06:15:00+00:00,1870.815,1867.758,1863.998,1884.449,13,timeout,-0.4484377292063977
PEM,M15,short,2023-02-07 18:30:00+00:00,2023-02-07 21:30:00+00:00,1870.075,1867.598,1875.145,1859.9350000000002,13,timeout,0.48856015779095074
PEM,M15,short,2023-02-08 03:45:00+00:00,2023-02-08 05:00:00+00:00,1868.625,1874.468,1874.468,1856.9389999999999,6,sl,-1.0
PEM,M15,short,2023-02-09 03:00:00+00:00,2023-02-09 06:45:00+00:00,1876.237,1875.385,1879.365,1869.9810000000002,13,timeout,0.2723785166240756
PEM,M15,short,2023-02-09 07:45:00+00:00,2023-02-09 08:45:00+00:00,1874.095,1875.945,1875.945,1870.3950000000002,5,sl,-1.0
PEM,M15,short,2023-02-09 22:15:00+00:00,2023-02-10 00:45:00+00:00,1879.345,1863.5450000000003,1887.245,1863.5450000000003,11,tp,2.0
PEM,M15,short,2023-02-10 03:15:00+00:00,2023-02-10 07:00:00+00:00,1861.165,1861.105,1867.355,1848.7849999999999,13,timeout,0.009693053311784314
PEM,M15,short,2023-02-13 11:30:00+00:00,2023-02-13 13:30:00+00:00,1858.575,1861.865,1861.865,1851.9950000000001,9,sl,-1.0
PEM,M15,long,2023-02-13 18:45:00+00:00,2023-02-13 20:30:00+00:00,1861.258,1857.875,1857.875,1868.0240000000001,8,sl,-1.0
PEM,M15,long,2023-02-14 13:30:00+00:00,2023-02-14 14:00:00+00:00,1859.895,1864.315,1857.685,1864.315,3,tp,2.0
PEM,M15,short,2023-02-17 11:45:00+00:00,2023-02-17 14:45:00+00:00,1826.445,1827.175,1829.975,1819.385,13,timeout,-0.20679886685553084
PEM,M15,long,2023-02-20 11:45:00+00:00,2023-02-20 12:30:00+00:00,1844.268,1841.298,1841.298,1850.208,4,sl,-1.0
PEM,M15,short,2023-02-20 22:45:00+00:00,2023-02-21 01:45:00+00:00,1842.985,1840.945,1846.575,1835.8049999999996,13,timeout,0.5682451253481563
PEM,M15,long,2023-02-22 01:15:00+00:00,2023-02-22 01:45:00+00:00,1837.255,1832.065,1832.065,1847.6350000000002,3,sl,-1.0
PEM,M15,long,2023-02-23 13:30:00+00:00,2023-02-23 13:45:00+00:00,1829.245,1832.8649999999998,1827.435,1832.8649999999998,2,tp,2.0
PEM,M15,short,2023-02-23 17:00:00+00:00,2023-02-23 20:00:00+00:00,1825.584,1826.805,1830.018,1816.7160000000001,13,timeout,-0.27537212449256027
PEM,M15,short,2023-02-24 19:00:00+00:00,2023-02-24 22:00:00+00:00,1817.985,1812.145,1823.175,1807.6049999999998,13,timeout,1.1252408477841729
PEM,M15,short,2023-02-28 11:15:00+00:00,2023-02-28 14:15:00+00:00,1814.885,1812.495,1819.025,1806.6049999999998,13,timeout,0.5772946859903484
PEM,M15,short,2023-02-28 19:30:00+00:00,2023-02-28 21:00:00+00:00,1808.355,1810.705,1810.705,1803.6550000000002,7,sl,-1.0
PEM,M15,long,2023-03-01 00:45:00+00:00,2023-03-01 03:45:00+00:00,1830.528,1827.365,1825.665,1840.2540000000001,13,timeout,-0.6504215504832355
PEM,M15,long,2023-03-01 11:00:00+00:00,2023-03-01 14:00:00+00:00,1830.445,1835.084,1827.384,1836.5669999999998,13,timeout,1.515517804639086
PEM,M15,long,2023-03-03 13:45:00+00:00,2023-03-03 16:45:00+00:00,1842.215,1846.385,1837.985,1850.675,13,timeout,0.9858156028368924
PEM,M15,long,2023-03-04 02:30:00+00:00,2023-03-06 06:15:00+00:00,1849.605,1853.605,1845.775,1857.2649999999999,13,timeout,1.0443864229765212
PEM,M15,short,2023-03-06 18:15:00+00:00,2023-03-06 21:15:00+00:00,1849.854,1852.508,1853.895,1841.7720000000002,13,timeout,-0.6567681267013205
PEM,M15,short,2023-03-07 01:45:00+00:00,2023-03-07 02:15:00+00:00,1848.705,1845.0789999999997,1850.518,1845.0789999999997,3,tp,2.0
PEM,M15,short,2023-03-07 17:15:00+00:00,2023-03-07 20:15:00+00:00,1843.724,1837.855,1848.135,1834.9019999999998,13,timeout,1.3305372931307724
PEM,M15,short,2023-03-08 01:15:00+00:00,2023-03-08 04:15:00+00:00,1816.975,1814.155,1821.585,1807.7549999999997,13,timeout,0.6117136659435701
PEM,M15,short,2023-03-08 10:30:00+00:00,2023-03-08 13:00:00+00:00,1810.135,1812.885,1812.885,1804.635,11,sl,-1.0
PEM,M15,short,2023-03-09 01:45:00+00:00,2023-03-09 04:45:00+00:00,1814.715,1813.725,1819.655,1804.8349999999998,13,timeout,0.20040485829959476
PEM,M15,long,2023-03-09 18:45:00+00:00,2023-03-09 20:30:00+00:00,1819.625,1816.115,1816.115,1826.645,8,sl,-1.0
PEM,M15,long,2023-03-10 01:45:00+00:00,2023-03-10 04:45:00+00:00,1830.768,1830.835,1827.535,1837.234,13,timeout,0.020723785957317775
PEM,M15,long,2023-03-14 00:30:00+00:00,2023-03-14 03:30:00+00:00,1911.815,1912.275,1902.924,1929.5970000000002,13,timeout,0.05173771229333398
PEM,M15,short,2023-03-14 11:15:00+00:00,2023-03-14 13:15:00+00:00,1903.135,1907.808,1907.808,1893.789,9,sl,-1.0
PEM,M15,long,2023-03-14 19:45:00+00:00,2023-03-14 20:45:00+00:00,1909.565,1900.695,1900.695,1927.3050000000003,5,sl,-1.0
PEM,M15,long,2023-03-15 00:30:00+00:00,2023-03-15 03:30:00+00:00,1909.794,1903.835,1902.105,1925.1720000000003,13,timeout,-0.7750032513981011
PEM,M15,short,2023-03-15 07:30:00+00:00,2023-03-15 08:45:00+00:00,1900.735,1904.825,1904.825,1892.5549999999996,6,sl,-1.0
PEM,M15,short,2023-03-16 02:00:00+00:00,2023-03-16 05:45:00+00:00,1912.575,1919.685,1935.898,1865.9290000000003,13,timeout,-0.3048492904000318
PEM,M15,short,2023-03-16 08:30:00+00:00,2023-03-16 11:30:00+00:00,1911.285,1913.575,1924.285,1885.285,13,timeout,-0.17615384615384336
PEM,M15,short,2023-03-16 23:00:00+00:00,2023-03-17 02:00:00+00:00,1915.285,1919.175,1924.635,1896.5850000000003,13,timeout,-0.41604278074865353
PEM,M15,long,2023-03-17 10:00:00+00:00,2023-03-17 13:00:00+00:00,1928.165,1928.965,1921.625,1941.245,13,timeout,0.12232415902140045
PEM,M15,long,2023-03-17 16:45:00+00:00,2023-03-17 19:30:00+00:00,1931.735,1939.3749999999998,1927.915,1939.3749999999998,12,tp,2.0
PEM,M15,long,2023-03-18 01:00:00+00:00,2023-03-18 04:00:00+00:00,1972.125,1987.798,1959.935,1996.505,13,timeout,1.2857260049220616
PEM,M15,long,2023-03-20 13:15:00+00:00,2023-03-20 16:15:00+00:00,1987.465,1996.955,1972.398,2017.599,13,timeout,0.6298533218291634
PEM,M15,short,2023-03-22 00:45:00+00:00,2023-03-22 03:45:00+00:00,1938.025,1939.914,1948.858,1916.3590000000004,13,timeout,-0.17437459614141249
PEM,M15,short,2023-03-22 11:30:00+00:00,2023-03-22 13:30:00+00:00,1938.615,1941.465,1941.465,1932.9150000000002,9,sl,-1.0
PEM,M15,short,2023-03-22 18:00:00+00:00,2023-03-22 21:00:00+00:00,1940.385,1942.825,1945.485,1930.1850000000002,13,timeout,-0.47843137254903884
PEM,M15,long,2023-03-23 01:30:00+00:00,2023-03-23 01:45:00+00:00,1955.235,1973.6549999999995,1946.025,1973.6549999999995,2,tp,2.0
PEM,M15,long,2023-03-23 13:00:00+00:00,2023-03-23 16:00:00+00:00,1978.415,1976.815,1968.085,1999.0749999999998,13,timeout,-0.15488867376572316
PEM,M15,long,2023-03-24 01:15:00+00:00,2023-03-24 05:00:00+00:00,1998.474,1993.424,1984.248,2026.9259999999997,13,timeout,-0.35498383241951326
PEM,M15,long,2023-03-24 17:30:00+00:00,2023-03-24 20:30:00+00:00,1997.755,1996.055,1985.635,2021.9950000000003,13,timeout,-0.14026402640264266
PEM,M15,short,2023-03-24 23:15:00+00:00,2023-03-25 02:15:00+00:00,1987.955,1978.695,1995.645,1972.5749999999998,13,timeout,1.2041612483745026
PEM,M15,short,2023-03-28 00:45:00+00:00,2023-03-28 03:45:00+00:00,1951.915,1956.548,1959.335,1937.0749999999998,13,timeout,-0.6243935309973037
PEM,M15,long,2023-03-28 19:00:00+00:00,2023-03-28 19:30:00+00:00,1957.425,1962.0649999999998,1955.105,1962.0649999999998,3,tp,2.0
PEM,M15,long,2023-03-29 01:00:00+00:00,2023-03-29 04:00:00+00:00,1971.898,1972.915,1965.605,1984.4839999999997,13,timeout,0.16160813602416496
PEM,M15,short,2023-03-29 11:00:00+00:00,2023-03-29 13:45:00+00:00,1966.115,1960.215,1969.065,1960.215,12,tp,2.0
PEM,M15,short,2023-03-30 07:45:00+00:00,2023-03-30 10:45:00+00:00,1961.448,1960.235,1964.855,1954.6340000000002,13,timeout,0.356031699442389
PEM,M15,long,2023-03-30 18:00:00+00:00,2023-03-30 20:30:00+00:00,1969.998,1966.815,1966.815,1976.364,11,sl,-1.0
PEM,M15,long,2023-03-30 23:30:00+00:00,2023-03-31 02:30:00+00:00,1978.215,1982.148,1968.755,1997.1349999999995,13,timeout,0.41575052854123384
PEM,M15,short,2023-04-03 10:30:00+00:00,2023-04-03 13:30:00+00:00,1950.974,1953.715,1963.615,1925.6919999999998,13,timeout,-0.21683411122537527
PEM,M15,long,2023-04-03 15:30:00+00:00,2023-04-03 18:30:00+00:00,1964.805,1975.005,1954.265,1985.885,13,timeout,0.9677419354838787
PEM,M15,short,2023-04-06 20:00:00+00:00,2023-04-06 21:00:00+00:00,2014.278,2001.2259999999999,2020.804,2001.2259999999999,5,tp,2.0
PEM,M15,short,2023-04-10 07:45:00+00:00,2023-04-10 09:15:00+00:00,2002.355,1995.295,2005.885,1995.295,7,tp,2.0
PEM,M15,short,2023-04-10 09:30:00+00:00,2023-04-10 12:30:00+00:00,1995.245,1992.515,1999.935,1985.8649999999998,13,timeout,0.5820895522387546
PEM,M15,long,2023-04-10 17:00:00+00:00,2023-04-10 20:00:00+00:00,2001.525,1995.605,1995.605,2013.3650000000002,13,sl,-1.0
PEM,M15,long,2023-04-11 12:30:00+00:00,2023-04-11 15:30:00+00:00,2000.048,2006.514,1996.815,2006.514,13,tp,2.0
PEM,M15,long,2023-04-12 12:15:00+00:00,2023-04-12 13:30:00+00:00,2020.564,2016.895,2016.895,2027.9020000000003,6,sl,-1.0
PEM,M15,short,2023-04-12 15:45:00+00:00,2023-04-12 18:45:00+00:00,2010.385,2007.815,2016.454,1998.247,13,timeout,0.42346350304827046
PEM,M15,long,2023-04-12 20:00:00+00:00,2023-04-12 20:45:00+00:00,2021.895,2007.245,2007.245,2051.195,4,sl,-1.0
PEM,M15,short,2023-04-17 08:30:00+00:00,2023-04-17 09:00:00+00:00,1998.035,2004.774,2004.774,1984.5570000000005,3,sl,-1.0
PEM,M15,short,2023-04-17 17:45:00+00:00,2023-04-17 20:45:00+00:00,2007.505,1996.1850000000004,2013.165,1996.1850000000004,13,tp,2.0
PEM,M15,short,2023-04-19 13:15:00+00:00,2023-04-19 13:15:00+00:00,2000.555,1993.4290000000003,2004.118,1993.4290000000003,1,tp,2.0
PEM,M15,short,2023-04-19 17:00:00+00:00,2023-04-19 20:00:00+00:00,1974.865,1980.015,1995.258,1934.079,13,timeout,-0.2525376354631532
PEM,M15,short,2023-04-21 12:00:00+00:00,2023-04-21 12:45:00+00:00,2000.725,1996.859,2002.658,1996.859,4,tp,2.0
PEM,M15,long,2023-04-24 23:30:00+00:00,2023-04-25 02:30:00+00:00,1986.078,1988.145,1981.355,1995.524,13,timeout,0.43764556426000983
PEM,M15,long,2023-04-25 12:45:00+00:00,2023-04-25 14:30:00+00:00,1992.845,1996.825,1990.855,1996.825,8,tp,2.0
PEM,M15,short,2023-04-25 17:30:00+00:00,2023-04-25 18:45:00+00:00,1986.685,1978.667,1990.694,1978.667,6,tp,2.0
PEM,M15,long,2023-04-26 00:45:00+00:00,2023-04-26 03:45:00+00:00,1994.998,1996.408,1985.105,2014.784,13,timeout,0.14252501768926013
PEM,M15,long,2023-04-27 14:00:00+00:00,2023-04-27 15:30:00+00:00,2001.165,1997.805,1997.805,2007.8849999999998,7,sl,-1.0
PEM,M15,short,2023-04-28 13:15:00+00:00,2023-04-28 16:15:00+00:00,1983.885,1982.908,1990.725,1970.2050000000002,13,timeout,0.14283625730995625
PEM,M15,short,2023-05-01 09:15:00+00:00,2023-05-01 11:15:00+00:00,1981.505,1984.915,1984.915,1974.6850000000004,9,sl,-1.0
PEM,M15,long,2023-05-03 10:00:00+00:00,2023-05-03 12:15:00+00:00,2017.785,2015.605,2015.605,2022.1450000000002,10,sl,-1.0
PEM,M15,long,2023-05-04 05:15:00+00:00,2023-05-04 08:15:00+00:00,2061.898,2049.525,2028.935,2127.8240000000005,13,timeout,-0.37536025240421
PEM,M15,long,2023-05-08 11:00:00+00:00,2023-05-08 14:00:00+00:00,2022.415,2021.675,2016.214,2034.817,13,timeout,-0.1193355910337053
PEM,M15,long,2023-05-08 16:15:00+00:00,2023-05-08 19:15:00+00:00,2022.395,2022.984,2020.814,2025.5569999999998,13,timeout,0.37254901960782905
PEM,M15,long,2023-05-08 23:00:00+00:00,2023-05-09 01:00:00+00:00,2028.454,2023.445,2023.445,2038.472,9,sl,-1.0
PEM,M15,short,2023-05-09 07:45:00+00:00,2023-05-09 08:15:00+00:00,2019.935,2021.904,2021.904,2015.9969999999998,3,sl,-1.0
PEM,M15,long,2023-05-09 11:15:00+00:00,2023-05-09 14:15:00+00:00,2024.854,2022.135,2021.855,2030.852,13,timeout,-0.9066355451817371
PEM,M15,long,2023-05-09 17:15:00+00:00,2023-05-09 20:15:00+00:00,2028.184,2024.898,2024.898,2034.756,13,sl,-1.0
PEM,M15,long,2023-05-09 23:45:00+00:00,2023-05-10 02:45:00+00:00,2031.894,2034.325,2025.074,2045.5339999999999,13,timeout,0.356451612903235
PEM,M15,short,2023-05-10 10:15:00+00:00,2023-05-10 13:15:00+00:00,2031.145,2029.054,2035.574,2022.2869999999998,13,timeout,0.47211560171592987
PEM,M15,long,2023-05-11 12:45:00+00:00,2023-05-11 13:45:00+00:00,2031.694,2030.004,2030.004,2035.074,5,sl,-1.0
PEM,M15,long,2023-05-11 18:45:00+00:00,2023-05-11 20:30:00+00:00,2037.654,2026.274,2026.274,2060.414,8,sl,-1.0
PEM,M15,short,2023-05-12 13:15:00+00:00,2023-05-12 14:30:00+00:00,2008.885,2012.205,2012.205,2002.2450000000001,6,sl,-1.0
PEM,M15,short,2023-05-12 17:15:00+00:00,2023-05-12 19:45:00+00:00,2002.794,2011.894,2011.894,1984.5940000000003,11,sl,-1.0
PEM,M15,short,2023-05-15 07:15:00+00:00,2023-05-15 08:00:00+00:00,2009.525,2011.545,2011.545,2005.4850000000001,4,sl,-1.0
PEM,M15,long,2023-05-15 23:00:00+00:00,2023-05-16 02:00:00+00:00,2018.354,2014.475,2014.115,2026.832,13,timeout,-0.9150743099787928
PEM,M15,short,2023-05-16 07:30:00+00:00,2023-05-16 08:00:00+00:00,2014.365,2015.735,2015.735,2011.6250000000002,3,sl,-1.0
PEM,M15,long,2023-05-18 08:45:00+00:00,2023-05-18 10:30:00+00:00,1983.975,1981.895,1981.895,1988.1349999999998,8,sl,-1.0
PEM,M15,short,2023-05-18 10:45:00+00:00,2023-05-18 13:45:00+00:00,1981.885,1979.344,1985.224,1975.207,13,timeout,0.7610062893081714
PEM,M15,long,2023-05-19 13:45:00+00:00,2023-05-19 16:45:00+00:00,1967.408,1966.878,1955.855,1990.5139999999997,13,timeout,-0.04587553016532312
PEM,M15,long,2023-05-20 00:00:00+00:00,2023-05-20 03:00:00+00:00,1977.725,1976.165,1963.355,2006.4649999999997,13,timeout,-0.10855949895615569
PEM,M15,long,2023-05-22 05:30:00+00:00,2023-05-22 08:30:00+00:00,1979.994,1980.005,1974.098,1991.7859999999998,13,timeout,0.0018656716418240689
PEM,M15,short,2023-05-22 12:30:00+00:00,2023-05-22 15:30:00+00:00,1975.645,1975.665,1978.705,1969.525,13,timeout,-0.006535947712412473
PEM,M15,short,2023-05-22 22:45:00+00:00,2023-05-22 23:30:00+00:00,1972.155,1974.308,1974.308,1967.849,4,sl,-1.0
PEM,M15,short,2023-05-23 02:00:00+00:00,2023-05-23 05:45:00+00:00,1972.695,1971.445,1975.695,1966.695,13,timeout,0.4166666666666667
PEM,M15,short,2023-05-23 17:30:00+00:00,2023-05-23 19:15:00+00:00,1954.975,1960.265,1960.265,1944.3949999999995,8,sl,-1.0
PEM,M15,long,2023-05-24 00:00:00+00:00,2023-05-24 03:00:00+00:00,1974.075,1974.945,1966.405,1989.4150000000002,13,timeout,0.11342894393740321
PEM,M15,long,2023-05-24 11:30:00+00:00,2023-05-24 13:45:00+00:00,1978.115,1974.115,1974.115,1986.115,10,sl,-1.0
PEM,M15,long,2023-05-24 19:00:00+00:00,2023-05-24 20:45:00+00:00,1980.895,1973.525,1973.525,1995.6349999999998,8,sl,-1.0
PEM,M15,short,2023-05-25 13:15:00+00:00,2023-05-25 13:45:00+00:00,1956.085,1958.365,1958.365,1951.525,3,sl,-1.0
PEM,M15,long,2023-05-26 13:00:00+00:00,2023-05-26 16:00:00+00:00,1951.075,1952.254,1942.835,1967.555,13,timeout,0.1430825242718275
PEM,M15,short,2023-05-26 20:00:00+00:00,2023-05-26 23:00:00+00:00,1946.335,1943.775,1954.095,1930.815,13,timeout,0.3298969072164882
PEM,M15,long,2023-05-29 13:30:00+00:00,2023-05-29 15:00:00+00:00,1948.045,1943.745,1943.745,1956.6450000000004,7,sl,-1.0
PEM,M15,short,2023-05-29 23:30:00+00:00,2023-05-30 05:45:00+00:00,1944.795,1943.178,1948.185,1938.0150000000003,13,timeout,0.4769911504424845
PEM,M15,short,2023-05-30 12:45:00+00:00,2023-05-30 15:00:00+00:00,1935.785,1942.238,1942.238,1922.8790000000001,10,sl,-1.0
PEM,M15,long,2023-05-30 19:15:00+00:00,2023-05-30 22:15:00+00:00,1959.218,1958.398,1944.305,1989.044,13,timeout,-0.05498558304835802
PEM,M15,short,2023-06-01 13:15:00+00:00,2023-06-01 14:30:00+00:00,1962.515,1956.8350000000003,1965.355,1956.8350000000003,6,tp,2.0
PEM,M15,long,2023-06-01 18:00:00+00:00,2023-06-01 21:00:00+00:00,1965.428,1975.904,1955.028,1986.2280000000003,13,timeout,1.0073076923076725
PEM,M15,long,2023-06-01 23:15:00+00:00,2023-06-02 02:15:00+00:00,1982.095,1976.925,1966.475,2013.3350000000003,13,timeout,-0.3309859154929599
PEM,M15,long,2023-06-02 16:15:00+00:00,2023-06-02 19:15:00+00:00,1978.928,1979.655,1974.905,1986.9740000000004,13,timeout,0.18071091225449584
PEM,M15,short,2023-06-02 23:45:00+00:00,2023-06-03 02:45:00+00:00,1956.125,1948.375,1965.145,1938.085,13,timeout,0.8592017738359219
PEM,M15,short,2023-06-05 08:00:00+00:00,2023-06-05 11:00:00+00:00,1946.165,1947.085,1949.995,1938.505,13,timeout,-0.24020887728461887
PEM,M15,short,2023-06-09 11:45:00+00:00,2023-06-09 13:00:00+00:00,1962.564,1964.705,1964.705,1958.2820000000004,6,sl,-1.0
PEM,M15,short,2023-06-13 19:30:00+00:00,2023-06-13 19:30:00+00:00,1959.385,1965.598,1965.598,1946.959,1,sl,-1.0
PEM,M15,short,2023-06-13 22:45:00+00:00,2023-06-14 01:45:00+00:00,1944.335,1940.825,1954.075,1924.855,13,timeout,0.36036960985626154
PEM,M15,long,2023-06-14 16:45:00+00:00,2023-06-14 17:45:00+00:00,1951.778,1947.905,1947.905,1959.5240000000001,5,sl,-1.0
PEM,M15,short,2023-06-15 04:00:00+00:00,2023-06-15 07:45:00+00:00,1941.185,1940.845,1946.965,1929.625,13,timeout,0.05882352941175082
PEM,M15,long,2023-06-16 13:45:00+00:00,2023-06-16 16:45:00+00:00,1961.775,1963.988,1954.545,1976.2350000000001,13,timeout,0.3060857538035906
PEM,M15,short,2023-06-19 11:00:00+00:00,2023-06-19 12:00:00+00:00,1954.065,1956.608,1956.608,1948.9790000000003,5,sl,-1.0
PEM,M15,short,2023-06-19 23:30:00+00:00,2023-06-20 05:15:00+00:00,1950.025,1953.045,1953.045,1943.9850000000001,11,sl,-1.0
PEM,M15,short,2023-06-21 19:45:00+00:00,2023-06-21 20:45:00+00:00,1931.815,1924.9750000000004,1935.235,1924.9750000000004,5,tp,2.0
PEM,M15,long,2023-06-22 00:00:00+00:00,2023-06-22 03:00:00+00:00,1933.725,1933.945,1930.145,1940.8849999999998,13,timeout,0.06145251396648932
PEM,M15,short,2023-06-22 19:00:00+00:00,2023-06-22 19:30:00+00:00,1925.835,1928.825,1928.825,1919.855,3,sl,-1.0
PEM,M15,short,2023-06-23 05:00:00+00:00,2023-06-23 08:00:00+00:00,1913.504,1915.445,1917.075,1906.3619999999996,13,timeout,-0.5435452254270385
PEM,M15,long,2023-06-23 12:00:00+00:00,2023-06-23 15:00:00+00:00,1916.435,1917.225,1911.045,1927.2149999999997,13,timeout,0.14656771799628615
PEM,M15,long,2023-06-26 07:30:00+00:00,2023-06-26 10:30:00+00:00,1926.215,1925.985,1923.204,1932.2369999999999,13,timeout,-0.07638658253072757
PEM,M15,short,2023-06-28 14:00:00+00:00,2023-06-28 17:00:00+00:00,1910.095,1907.965,1916.128,1898.0290000000002,13,timeout,0.35305818000996914
PEM,M15,short,2023-06-29 12:45:00+00:00,2023-06-29 14:45:00+00:00,1903.435,1906.335,1906.335,1897.6349999999998,9,sl,-1.0
PEM,M15,long,2023-06-30 19:45:00+00:00,2023-06-30 22:45:00+00:00,1909.155,1918.535,1901.255,1924.9549999999997,13,timeout,1.187341772151933
PEM,M15,short,2023-07-03 10:15:00+00:00,2023-07-03 11:00:00+00:00,1914.875,1918.295,1918.295,1908.0349999999999,4,sl,-1.0
PEM,M15,short,2023-07-03 13:15:00+00:00,2023-07-03 16:15:00+00:00,1916.605,1913.965,1920.058,1909.699,13,timeout,0.7645525629887401
PEM,M15,long,2023-07-04 10:45:00+00:00,2023-07-04 13:30:00+00:00,1922.735,1926.1689999999996,1921.018,1926.1689999999996,12,tp,2.0
PEM,M15,short,2023-07-06 01:45:00+00:00,2023-07-06 05:30:00+00:00,1916.385,1917.628,1920.254,1908.6470000000002,13,timeout,-0.32127164642025474
PEM,M15,long,2023-07-07 22:15:00+00:00,2023-07-08 01:15:00+00:00,1933.405,1925.985,1915.845,1968.5249999999999,13,timeout,-0.42255125284738587
PEM,M15,short,2023-07-10 12:00:00+00:00,2023-07-10 15:00:00+00:00,1921.485,1925.235,1925.235,1913.985,13,sl,-1.0
PEM,M15,long,2023-07-10 16:15:00+00:00,2023-07-10 19:15:00+00:00,1924.488,1923.095,1920.925,1931.6140000000003,13,timeout,-0.39096267190569445
PEM,M15,long,2023-07-11 01:00:00+00:00,2023-07-11 04:00:00+00:00,1926.298,1925.008,1922.008,1934.878,13,timeout,-0.3006993006992948
PEM,M15,long,2023-07-11 10:00:00+00:00,2023-07-11 13:00:00+00:00,1927.135,1929.105,1924.405,1932.595,13,timeout,0.7216117216117268
PEM,M15,short,2023-07-11 23:30:00+00:00,2023-07-12 02:30:00+00:00,1929.888,1932.105,1933.095,1923.4739999999997,13,timeout,-0.691300280636116
PEM,M15,long,2023-07-13 00:00:00+00:00,2023-07-13 03:00:00+00:00,1958.775,1958.225,1953.178,1969.969,13,timeout,-0.09826692871184275
PEM,M15,short,2023-07-17 05:45:00+00:00,2023-07-17 08:30:00+00:00,1953.434,1955.365,1955.365,1949.572,12,sl,-1.0
PEM,M15,long,2023-07-17 12:30:00+00:00,2023-07-17 14:30:00+00:00,1954.755,1951.415,1951.415,1961.4350000000004,9,sl,-1.0
PEM,M15,short,2023-07-17 20:00:00+00:00,2023-07-17 23:00:00+00:00,1951.195,1954.618,1959.585,1934.4149999999997,13,timeout,-0.4079856972586366
PEM,M15,long,2023-07-18 18:45:00+00:00,2023-07-18 18:45:00+00:00,1965.608,1960.935,1960.935,1974.954,1,sl,-1.0
PEM,M15,short,2023-07-19 11:30:00+00:00,2023-07-19 12:45:00+00:00,1975.018,1976.878,1976.878,1971.2980000000002,6,sl,-1.0
PEM,M15,long,2023-07-19 19:45:00+00:00,2023-07-19 21:30:00+00:00,1978.705,1972.915,1972.915,1990.2849999999999,8,sl,-1.0
PEM,M15,long,2023-07-20 07:30:00+00:00,2023-07-20 08:30:00+00:00,1978.685,1982.4249999999997,1976.815,1982.4249999999997,5,tp,2.0
PEM,M15,short,2023-07-20 18:30:00+00:00,2023-07-20 21:15:00+00:00,1979.415,1971.475,1983.385,1971.475,12,tp,2.0
PEM,M15,short,2023-07-21 03:30:00+00:00,2023-07-21 06:15:00+00:00,1968.765,1971.358,1971.358,1963.5790000000004,9,sl,-1.0
PEM,M15,short,2023-07-24 11:00:00+00:00,2023-07-24 12:30:00+00:00,1959.995,1961.925,1961.925,1956.1349999999998,7,sl,-1.0
PEM,M15,short,2023-07-25 01:45:00+00:00,2023-07-25 05:30:00+00:00,1955.238,1954.835,1960.615,1944.4840000000002,13,timeout,0.07494885623954316
PEM,M15,long,2023-07-26 13:30:00+00:00,2023-07-26 16:30:00+00:00,1967.444,1971.298,1962.335,1977.6619999999998,13,timeout,0.7543550596985906
PEM,M15,long,2023-07-27 09:15:00+00:00,2023-07-27 12:15:00+00:00,1978.225,1976.335,1970.998,1992.6789999999996,13,timeout,-0.2615193026151804
PEM,M15,long,2023-07-28 17:15:00+00:00,2023-07-28 19:30:00+00:00,1951.905,1960.285,1947.715,1960.285,10,tp,2.0
PEM,M15,short,2023-07-31 11:15:00+00:00,2023-07-31 14:15:00+00:00,1954.305,1955.255,1958.995,1944.9250000000004,13,timeout,-0.20255863539447344
PEM,M15,long,2023-07-31 17:00:00+00:00,2023-07-31 19:45:00+00:00,1956.815,1963.5350000000003,1953.455,1963.5350000000003,12,tp,2.0
PEM,M15,long,2023-08-04 08:15:00+00:00,2023-08-04 09:30:00+00:00,1937.275,1934.595,1934.595,1942.6350000000002,6,sl,-1.0
PEM,M15,short,2023-08-04 11:30:00+00:00,2023-08-04 12:30:00+00:00,1934.705,1936.445,1936.445,1931.225,5,sl,-1.0
PEM,M15,short,2023-08-04 19:15:00+00:00,2023-08-04 19:30:00+00:00,1931.235,1933.845,1933.845,1926.0149999999996,2,sl_first_ambiguous,-1.0
PEM,M15,long,2023-08-07 07:30:00+00:00,2023-08-07 08:15:00+00:00,1944.915,1942.565,1942.565,1949.6149999999998,4,sl,-1.0
PEM,M15,short,2023-08-07 11:15:00+00:00,2023-08-07 14:15:00+00:00,1938.875,1937.245,1944.305,1928.0149999999999,13,timeout,0.30018416206263165
PEM,M15,short,2023-08-07 15:45:00+00:00,2023-08-07 16:30:00+00:00,1934.545,1937.535,1937.535,1928.565,4,sl,-1.0
PEM,M15,short,2023-08-08 07:45:00+00:00,2023-08-08 08:45:00+00:00,1935.665,1932.685,1937.155,1932.685,5,tp,2.0
PEM,M15,short,2023-08-08 11:30:00+00:00,2023-08-08 14:30:00+00:00,1932.795,1932.575,1934.865,1928.6550000000002,13,timeout,0.10628019323673142
PEM,M15,short,2023-08-09 18:30:00+00:00,2023-08-09 18:45:00+00:00,1923.795,1926.025,1926.025,1919.335,2,sl,-1.0
PEM,M15,short,2023-08-11 00:45:00+00:00,2023-08-11 03:45:00+00:00,1916.345,1912.568,1921.245,1906.5450000000003,13,timeout,0.7708163265306426
PEM,M15,short,2023-08-11 11:45:00+00:00,2023-08-11 12:45:00+00:00,1913.195,1915.105,1915.105,1909.3749999999998,5,sl,-1.0
PEM,M15,long,2023-08-11 15:30:00+00:00,2023-08-11 18:30:00+00:00,1918.408,1917.435,1915.225,1924.774,13,timeout,-0.3056864593150985
PEM,M15,long,2023-08-11 19:15:00+00:00,2023-08-11 19:30:00+00:00,1918.905,1917.095,1917.095,1922.5249999999999,2,sl,-1.0
PEM,M15,short,2023-08-14 07:45:00+00:00,2023-08-14 10:45:00+00:00,1911.415,1912.515,1914.285,1905.6749999999997,13,timeout,-0.3832752613240736
PEM,M15,short,2023-08-15 07:45:00+00:00,2023-08-15 09:00:00+00:00,1905.895,1907.665,1907.665,1902.355,6,sl,-1.0
PEM,M15,short,2023-08-15 17:45:00+00:00,2023-08-15 19:30:00+00:00,1902.825,1898.345,1905.065,1898.345,8,tp,2.0
PEM,M15,long,2023-08-16 10:45:00+00:00,2023-08-16 11:30:00+00:00,1904.555,1903.635,1903.635,1906.3950000000002,4,sl,-1.0
PEM,M15,short,2023-08-16 19:15:00+00:00,2023-08-16 22:15:00+00:00,1903.098,1903.735,1907.045,1895.2039999999997,13,timeout,-0.16138839625029766
PEM,M15,long,2023-08-17 14:00:00+00:00,2023-08-17 17:00:00+00:00,1895.945,1895.485,1892.095,1903.6449999999998,13,timeout,-0.11948051948053175
PEM,M15,short,2023-08-17 23:30:00+00:00,2023-08-18 02:30:00+00:00,1889.485,1888.665,1896.295,1875.8649999999996,13,timeout,0.12041116005872475
PEM,M15,long,2023-08-21 23:45:00+00:00,2023-08-22 00:45:00+00:00,1890.728,1894.9560000000001,1888.614,1894.9560000000001,5,tp,2.0
PEM,M15,short,2023-08-22 21:00:00+00:00,2023-08-23 00:00:00+00:00,1892.885,1897.265,1903.445,1871.765,13,timeout,-0.4147727272727397
PEM,M15,long,2023-08-23 12:15:00+00:00,2023-08-23 15:15:00+00:00,1903.365,1904.685,1900.735,1908.6250000000002,13,timeout,0.5019011406843656
PEM,M15,short,2023-08-24 19:00:00+00:00,2023-08-24 22:00:00+00:00,1917.635,1921.625,1921.625,1909.655,13,sl,-1.0
PEM,M15,short,2023-08-25 20:45:00+00:00,2023-08-25 21:15:00+00:00,1913.585,1917.305,1917.305,1906.145,3,sl,-1.0
PEM,M15,long,2023-08-28 12:45:00+00:00,2023-08-28 14:15:00+00:00,1917.175,1914.795,1914.795,1921.9349999999997,7,sl,-1.0
PEM,M15,long,2023-08-28 22:45:00+00:00,2023-08-29 00:15:00+00:00,1921.095,1918.328,1918.328,1926.6290000000001,7,sl,-1.0
PEM,M15,long,2023-08-30 02:45:00+00:00,2023-08-30 06:30:00+00:00,1937.655,1936.325,1920.948,1971.0689999999997,13,timeout,-0.079607350212482
PEM,M15,long,2023-08-31 07:45:00+00:00,2023-08-31 10:45:00+00:00,1945.235,1944.915,1943.665,1948.3749999999998,13,timeout,-0.20382165605092312
PEM,M15,short,2023-08-31 16:45:00+00:00,2023-08-31 19:00:00+00:00,1944.075,1945.315,1945.315,1941.595,10,sl,-1.0
PEM,M15,short,2023-09-01 00:45:00+00:00,2023-09-01 03:45:00+00:00,1939.965,1939.508,1942.945,1934.0049999999999,13,timeout,0.15335570469794535
PEM,M15,long,2023-09-01 15:00:00+00:00,2023-09-01 18:00:00+00:00,1943.065,1944.185,1938.105,1952.9850000000001,13,timeout,0.22580645161287957
PEM,M15,long,2023-09-01 18:45:00+00:00,2023-09-01 19:30:00+00:00,1945.075,1949.195,1943.015,1949.195,4,tp,2.0
PEM,M15,long,2023-09-05 12:15:00+00:00,2023-09-05 12:45:00+00:00,1938.465,1936.695,1936.695,1942.0049999999999,3,sl,-1.0
PEM,M15,short,2023-09-05 17:00:00+00:00,2023-09-05 20:00:00+00:00,1931.025,1933.105,1936.315,1920.4450000000002,13,timeout,-0.39319470699431786
PEM,M15,short,2023-09-06 20:30:00+00:00,2023-09-06 21:00:00+00:00,1921.568,1927.425,1927.425,1909.854,3,sl,-1.0
PEM,M15,long,2023-09-07 18:45:00+00:00,2023-09-07 19:30:00+00:00,1920.995,1918.075,1918.075,1926.8349999999996,4,sl,-1.0
PEM,M15,long,2023-09-07 23:15:00+00:00,2023-09-08 02:15:00+00:00,1920.875,1919.908,1917.108,1928.409,13,timeout,-0.25670294664191257
PEM,M15,long,2023-09-11 12:00:00+00:00,2023-09-11 15:00:00+00:00,1924.795,1926.105,1919.275,1935.835,13,timeout,0.23731884057970104
PEM,M15,short,2023-09-12 12:45:00+00:00,2023-09-12 15:45:00+00:00,1921.235,1920.665,1923.975,1915.7549999999999,13,timeout,0.20802919708026804
PEM,M15,short,2023-09-14 14:45:00+00:00,2023-09-14 17:30:00+00:00,1906.445,1907.705,1907.705,1903.925,12,sl,-1.0
PEM,M15,long,2023-09-18 08:30:00+00:00,2023-09-18 11:30:00+00:00,1926.105,1928.985,1922.268,1933.779,13,timeout,0.7505863956215507
PEM,M15,long,2023-09-18 23:00:00+00:00,2023-09-19 01:00:00+00:00,1928.455,1933.0749999999998,1926.145,1933.0749999999998,9,tp,2.0
PEM,M15,long,2023-09-19 03:30:00+00:00,2023-09-19 07:15:00+00:00,1933.525,1933.975,1930.295,1939.9850000000001,13,timeout,0.13931888544885931
PEM,M15,short,2023-09-19 22:45:00+00:00,2023-09-20 01:45:00+00:00,1932.728,1930.635,1935.705,1926.7740000000003,13,timeout,0.7030567685590097
PEM,M15,short,2023-09-20 12:00:00+00:00,2023-09-20 13:00:00+00:00,1929.715,1931.255,1931.255,1926.6349999999995,5,sl,-1.0
PEM,M15,long,2023-09-20 17:30:00+00:00,2023-09-20 20:30:00+00:00,1932.185,1933.555,1929.548,1937.4589999999998,13,timeout,0.5195297686765823
PEM,M15,short,2023-09-21 08:00:00+00:00,2023-09-21 11:00:00+00:00,1924.995,1927.885,1932.475,1910.0349999999999,13,timeout,-0.3863636363636488
PEM,M15,short,2023-09-25 13:00:00+00:00,2023-09-25 14:00:00+00:00,1922.345,1923.925,1923.925,1919.1850000000002,5,sl,-1.0
PEM,M15,short,2023-09-26 13:45:00+00:00,2023-09-26 15:30:00+00:00,1912.165,1915.385,1915.385,1905.725,8,sl,-1.0
PEM,M15,short,2023-09-26 23:30:00+00:00,2023-09-27 02:30:00+00:00,1901.955,1899.905,1906.818,1892.2289999999998,13,timeout,0.42155048324078365
PEM,M15,short,2023-09-27 11:30:00+00:00,2023-09-27 14:30:00+00:00,1898.085,1897.215,1900.835,1892.585,13,timeout,0.31636363636367937
PEM,M15,short,2023-09-27 16:45:00+00:00,2023-09-27 19:15:00+00:00,1895.435,1891.6149999999998,1897.345,1891.6149999999998,11,tp,2.0
PEM,M15,short,2023-09-28 00:30:00+00:00,2023-09-28 03:30:00+00:00,1875.675,1875.728,1882.278,1862.4689999999998,13,timeout,-0.008026654550978408
PEM,M15,long,2023-09-29 13:15:00+00:00,2023-09-29 16:15:00+00:00,1866.815,1872.065,1862.965,1874.5150000000003,13,timeout,1.3636363636363154
PEM,M15,short,2023-10-02 08:15:00+00:00,2023-10-02 11:15:00+00:00,1845.445,1843.885,1848.835,1838.6649999999997,13,timeout,0.4601769911504128
PEM,M15,short,2023-10-02 13:15:00+00:00,2023-10-02 13:45:00+00:00,1839.815,1845.865,1845.865,1827.7150000000001,3,sl,-1.0
PEM,M15,short,2023-10-03 09:45:00+00:00,2023-10-03 12:45:00+00:00,1816.808,1819.345,1824.985,1800.4540000000002,13,timeout,-0.3102604867310827
PEM,M15,short,2023-10-04 23:45:00+00:00,2023-10-05 02:45:00+00:00,1821.745,1822.878,1827.225,1810.7849999999999,13,timeout,-0.20675182481752452
PEM,M15,long,2023-10-05 11:00:00+00:00,2023-10-05 13:15:00+00:00,1828.405,1825.725,1825.725,1833.765,10,sl,-1.0
PEM,M15,short,2023-10-06 13:45:00+00:00,2023-10-06 16:45:00+00:00,1818.885,1821.178,1822.835,1810.985,13,timeout,-0.5805063291139477
PEM,M15,long,2023-10-09 08:15:00+00:00,2023-10-09 11:15:00+00:00,1851.075,1852.365,1846.445,1860.3350000000003,13,timeout,0.27861771058313894
PEM,M15,short,2023-10-11 01:15:00+00:00,2023-10-11 05:00:00+00:00,1858.065,1859.878,1862.358,1849.4790000000003,13,timeout,-0.42231539715814576
PEM,M15,long,2023-10-11 18:00:00+00:00,2023-10-11 19:30:00+00:00,1873.898,1868.735,1868.735,1884.224,7,sl,-1.0
PEM,M15,long,2023-10-17 16:45:00+00:00,2023-10-17 19:45:00+00:00,1922.855,1923.708,1918.585,1931.395,13,timeout,0.19976580796254545
PEM,M15,short,2023-10-18 01:00:00+00:00,2023-10-18 04:00:00+00:00,1920.815,1922.798,1926.285,1909.875,13,timeout,-0.3625228519195498
PEM,M15,long,2023-10-19 07:30:00+00:00,2023-10-19 07:45:00+00:00,1952.355,1949.415,1949.415,1958.2350000000001,2,sl,-1.0
PEM,M15,long,2023-10-20 02:45:00+00:00,2023-10-20 06:30:00+00:00,1976.765,1974.655,1949.725,2030.8450000000005,13,timeout,-0.07803254437870238
PEM,M15,short,2023-10-23 07:30:00+00:00,2023-10-23 10:30:00+00:00,1971.575,1971.985,1978.535,1957.655,13,timeout,-0.05890804597699028
PEM,M15,short,2023-10-24 03:00:00+00:00,2023-10-24 06:45:00+00:00,1971.435,1972.198,1978.015,1958.2749999999996,13,timeout,-0.1159574468085303
PEM,M15,long,2023-10-24 09:45:00+00:00,2023-10-24 12:45:00+00:00,1980.075,1976.055,1973.335,1993.555,13,timeout,-0.5964391691394624
PEM,M15,short,2023-10-25 11:00:00+00:00,2023-10-25 14:00:00+00:00,1971.315,1971.205,1976.455,1961.0350000000003,13,timeout,0.021400778210142034
PEM,M15,long,2023-10-26 11:15:00+00:00,2023-10-26 13:15:00+00:00,1987.255,1984.488,1984.488,1992.7890000000002,9,sl,-1.0
PEM,M15,short,2023-10-27 18:30:00+00:00,2023-10-27 21:30:00+00:00,1981.225,1983.585,1987.525,1968.6249999999995,13,timeout,-0.374603174603184
PEM,M15,long,2023-10-28 01:00:00+00:00,2023-10-28 04:00:00+00:00,1994.305,2005.648,1979.545,2023.825,13,timeout,0.7684959349593398
PEM,M15,short,2023-10-30 13:30:00+00:00,2023-10-30 16:30:00+00:00,1999.225,1994.845,2004.865,1987.9449999999997,13,timeout,0.7765957446808164
PEM,M15,short,2023-11-01 00:45:00+00:00,2023-11-01 03:45:00+00:00,1985.095,1983.678,1995.005,1965.2749999999999,13,timeout,0.1429868819374273
PEM,M15,short,2023-11-01 08:00:00+00:00,2023-11-01 11:00:00+00:00,1979.945,1976.965,1986.545,1966.7449999999997,13,timeout,0.45151515151514493
PEM,M15,short,2023-11-01 11:30:00+00:00,2023-11-01 13:15:00+00:00,1975.158,1980.685,1980.685,1964.1039999999998,8,sl,-1.0
PEM,M15,long,2023-11-01 16:30:00+00:00,2023-11-01 19:30:00+00:00,1982.965,1987.465,1976.255,1996.3849999999995,13,timeout,0.6706408345752799
PEM,M15,long,2023-11-02 12:00:00+00:00,2023-11-02 15:00:00+00:00,1985.885,1984.955,1983.315,1991.0249999999999,13,timeout,-0.3618677042801894
PEM,M15,long,2023-11-03 10:00:00+00:00,2023-11-03 13:00:00+00:00,1986.795,1986.665,1983.225,1993.9350000000004,13,timeout,-0.036414565826359435
PEM,M15,long,2023-11-03 13:30:00+00:00,2023-11-03 15:00:00+00:00,1986.815,1985.378,1985.378,1989.6890000000003,7,sl,-1.0
PEM,M15,short,2023-11-06 14:45:00+00:00,2023-11-06 15:15:00+00:00,1982.765,1985.295,1985.295,1977.7050000000002,3,sl,-1.0
PEM,M15,short,2023-11-07 02:45:00+00:00,2023-11-07 06:30:00+00:00,1979.255,1977.695,1984.345,1969.0750000000003,13,timeout,0.30648330058942985
PEM,M15,short,2023-11-07 10:15:00+00:00,2023-11-07 13:15:00+00:00,1972.754,1972.495,1976.985,1964.292,13,timeout,0.061214842826758424
PEM,M15,short,2023-11-08 12:45:00+00:00,2023-11-08 15:45:00+00:00,1965.595,1967.945,1969.255,1958.2749999999999,13,timeout,-0.6420765027322012
PEM,M15,short,2023-11-08 16:45:00+00:00,2023-11-08 17:15:00+00:00,1966.805,1963.6450000000002,1968.385,1963.6450000000002,3,tp,2.0
PEM,M15,short,2023-11-09 01:45:00+00:00,2023-11-09 04:45:00+00:00,1951.615,1949.768,1955.565,1943.715,13,timeout,0.46759493670885033
PEM,M15,short,2023-11-09 10:30:00+00:00,2023-11-09 13:30:00+00:00,1949.595,1949.528,1954.395,1939.9950000000001,13,timeout,0.013958333333334981
PEM,M15,short,2023-11-11 01:15:00+00:00,2023-11-11 04:15:00+00:00,1936.755,1936.865,1939.995,1930.2750000000005,13,timeout,-0.03395061728392203
PEM,M15,long,2023-11-15 13:45:00+00:00,2023-11-15 16:45:00+00:00,1969.785,1970.445,1965.325,1978.7050000000002,13,timeout,0.14798206278023524
PEM,M15,long,2023-11-16 10:30:00+00:00,2023-11-16 13:30:00+00:00,1961.875,1964.205,1957.735,1970.1550000000002,13,timeout,0.5628019323671186
PEM,M15,long,2023-11-16 16:30:00+00:00,2023-11-16 19:30:00+00:00,1968.095,1962.915,1962.915,1978.4550000000002,13,sl,-1.0
PEM,M15,long,2023-11-17 10:30:00+00:00,2023-11-17 13:30:00+00:00,1985.705,1984.065,1982.825,1991.4649999999997,13,timeout,-0.5694444444444237
PEM,M15,short,2023-11-18 00:00:00+00:00,2023-11-18 03:00:00+00:00,1980.375,1979.755,1985.115,1970.895,13,timeout,0.1308016877636898
PEM,M15,long,2023-11-20 10:00:00+00:00,2023-11-20 13:00:00+00:00,1983.505,1981.005,1973.585,2003.3450000000003,13,timeout,-0.25201612903225623
PEM,M15,short,2023-11-20 18:45:00+00:00,2023-11-20 21:45:00+00:00,1974.375,1970.355,1979.445,1964.2350000000001,13,timeout,0.79289940828403
PEM,M15,long,2023-11-21 01:45:00+00:00,2023-11-21 04:45:00+00:00,1978.178,1977.088,1972.445,1989.6440000000005,13,timeout,-0.19012733298449544
PEM,M15,long,2023-11-22 18:45:00+00:00,2023-11-22 20:30:00+00:00,2003.025,1998.448,1998.448,2012.179,8,sl,-1.0
PEM,M15,long,2023-11-23 11:15:00+00:00,2023-11-23 14:15:00+00:00,1997.575,1995.305,1990.985,2010.7550000000003,13,timeout,-0.3444613050075769
PEM,M15,long,2023-11-23 15:00:00+00:00,2023-11-23 15:15:00+00:00,1996.938,1994.845,1994.845,2001.1240000000003,2,sl,-1.0
PEM,M15,long,2023-11-27 16:30:00+00:00,2023-11-27 19:30:00+00:00,2014.985,2012.345,2009.045,2026.8649999999996,13,timeout,-0.4444444444444359
PEM,M15,long,2023-11-28 04:30:00+00:00,2023-11-28 08:15:00+00:00,2014.258,2016.908,2007.615,2027.544,13,timeout,0.3989161523407876
PEM,M15,short,2023-11-28 15:00:00+00:00,2023-11-28 16:30:00+00:00,2013.238,2016.615,2016.615,2006.4840000000002,7,sl,-1.0
PEM,M15,long,2023-11-29 12:30:00+00:00,2023-11-29 13:15:00+00:00,2047.315,2043.148,2043.148,2055.6490000000003,4,sl,-1.0
PEM,M15,short,2023-11-29 17:00:00+00:00,2023-11-29 20:00:00+00:00,2037.515,2040.985,2043.855,2024.8350000000003,13,timeout,-0.5473186119873572
PEM,M15,long,2023-11-30 00:45:00+00:00,2023-11-30 03:45:00+00:00,2044.825,2044.535,2039.455,2055.5650000000005,13,timeout,-0.05400372439477789
PEM,M15,long,2023-11-30 08:00:00+00:00,2023-11-30 09:00:00+00:00,2045.665,2043.225,2043.225,2050.545,5,sl,-1.0
PEM,M15,short,2023-11-30 17:30:00+00:00,2023-11-30 20:30:00+00:00,2037.965,2039.795,2045.325,2023.2449999999997,13,timeout,-0.2486413043478428
PEM,M15,long,2023-12-01 00:30:00+00:00,2023-12-01 01:45:00+00:00,2040.255,2036.565,2036.565,2047.6350000000002,6,sl,-1.0
PEM,M15,short,2023-12-05 17:45:00+00:00,2023-12-05 20:45:00+00:00,2023.245,2028.545,2034.895,1999.9449999999997,13,timeout,-0.45493562231760865
PEM,M15,long,2023-12-06 11:30:00+00:00,2023-12-06 14:30:00+00:00,2023.315,2028.025,2019.785,2030.375,13,timeout,1.3342776203966211
PEM,M15,short,2023-12-06 18:45:00+00:00,2023-12-06 19:30:00+00:00,2020.835,2023.225,2023.225,2016.0550000000003,4,sl,-1.0
PEM,M15,short,2023-12-07 11:15:00+00:00,2023-12-07 14:00:00+00:00,2026.535,2029.625,2029.625,2020.3550000000002,12,sl,-1.0
PEM,M15,long,2023-12-07 17:15:00+00:00,2023-12-07 20:15:00+00:00,2034.035,2032.155,2028.255,2045.595,13,timeout,-0.32525951557095467
PEM,M15,short,2023-12-09 00:30:00+00:00,2023-12-09 03:30:00+00:00,1995.055,2002.518,2009.945,1965.2750000000003,13,timeout,-0.5012088650100759
PEM,M15,short,2023-12-12 00:45:00+00:00,2023-12-12 03:45:00+00:00,1979.095,1980.565,1995.545,1946.195,13,timeout,-0.08936170212766098
PEM,M15,long,2023-12-12 11:00:00+00:00,2023-12-12 14:00:00+00:00,1985.435,1987.485,1981.895,1992.5149999999999,13,timeout,0.5790960451977332
PEM,M15,long,2023-12-12 20:45:00+00:00,2023-12-12 20:45:00+00:00,1994.855,1986.035,1986.035,2012.495,1,sl,-1.0
PEM,M15,short,2023-12-13 00:45:00+00:00,2023-12-13 03:45:00+00:00,1978.885,1979.958,1983.385,1969.885,13,timeout,-0.23844444444446505
PEM,M15,short,2023-12-13 09:15:00+00:00,2023-12-13 12:15:00+00:00,1979.825,1978.695,1981.255,1976.965,13,timeout,0.7902097902098314
PEM,M15,long,2023-12-14 07:00:00+00:00,2023-12-14 10:00:00+00:00,2028.995,2032.105,2023.635,2039.7149999999997,13,timeout,0.5802238805970495
PEM,M15,long,2023-12-14 13:30:00+00:00,2023-12-14 14:45:00+00:00,2036.625,2030.015,2030.015,2049.845,6,sl,-1.0
PEM,M15,long,2023-12-15 09:45:00+00:00,2023-12-15 12:45:00+00:00,2037.285,2035.535,2031.465,2048.925,13,timeout,-0.30068728522335925
PEM,M15,long,2023-12-15 19:45:00+00:00,2023-12-15 20:45:00+00:00,2043.525,2034.705,2034.705,2061.1650000000004,5,sl,-1.0
PEM,M15,short,2023-12-16 01:45:00+00:00,2023-12-16 04:45:00+00:00,2020.705,2018.608,2036.058,1989.9989999999998,13,timeout,0.1365856835797545
PEM,M15,long,2023-12-18 20:30:00+00:00,2023-12-18 23:30:00+00:00,2024.135,2023.198,2018.658,2035.0890000000002,13,timeout,-0.1710790578783792
PEM,M15,long,2023-12-20 13:30:00+00:00,2023-12-20 16:30:00+00:00,2041.945,2041.395,2039.185,2047.465,13,timeout,-0.19927536231882476
PEM,M15,long,2023-12-22 17:45:00+00:00,2023-12-22 18:30:00+00:00,2055.675,2062.175,2052.425,2062.175,4,tp,2.0
PEM,M15,long,2023-12-22 18:45:00+00:00,2023-12-22 21:45:00+00:00,2062.105,2069.625,2054.785,2076.7450000000003,13,timeout,1.0273224043715592
PEM,M15,long,2023-12-27 03:15:00+00:00,2023-12-27 04:00:00+00:00,2061.498,2068.444,2058.025,2068.444,4,tp,2.0
PEM,M15,short,2023-12-28 19:15:00+00:00,2023-12-28 20:45:00+00:00,2075.235,2078.765,2078.765,2068.1750000000006,7,sl,-1.0
PEM,M15,short,2023-12-29 17:15:00+00:00,2023-12-29 20:15:00+00:00,2065.148,2063.435,2072.988,2049.4680000000008,13,timeout,0.2184948979592169
PEM,M15,long,2024-01-04 13:45:00+00:00,2024-01-04 16:45:00+00:00,2047.655,2050.245,2042.435,2058.0950000000003,13,timeout,0.49616858237546063
PEM,M15,short,2024-01-05 00:45:00+00:00,2024-01-05 03:45:00+00:00,2040.855,2044.275,2046.168,2030.2290000000003,13,timeout,-0.6437041219650205
PEM,M15,short,2024-01-05 17:15:00+00:00,2024-01-05 20:15:00+00:00,2038.525,2040.585,2044.365,2026.8450000000003,13,timeout,-0.35273972602739284
PEM,M15,short,2024-01-08 10:30:00+00:00,2024-01-08 12:15:00+00:00,2040.585,2034.8850000000002,2043.435,2034.8850000000002,8,tp,2.0
PEM,M15,short,2024-01-08 12:45:00+00:00,2024-01-08 12:45:00+00:00,2034.615,2029.4950000000001,2037.175,2029.4950000000001,1,tp,2.0
PEM,M15,short,2024-01-08 16:15:00+00:00,2024-01-08 18:30:00+00:00,2027.985,2017.5449999999998,2033.205,2017.5449999999998,10,tp,2.0
PEM,M15,short,2024-01-08 18:45:00+00:00,2024-01-08 21:45:00+00:00,2022.678,2022.905,2029.435,2009.1640000000004,13,timeout,-0.03359479058751921
PEM,M15,long,2024-01-09 21:30:00+00:00,2024-01-09 22:15:00+00:00,2039.735,2033.558,2033.558,2052.089,4,sl,-1.0
PEM,M15,short,2024-01-10 13:15:00+00:00,2024-01-10 14:45:00+00:00,2026.755,2030.158,2030.158,2019.9490000000005,7,sl,-1.0
PEM,M15,long,2024-01-12 09:00:00+00:00,2024-01-12 12:00:00+00:00,2033.325,2034.265,2030.265,2039.445,13,timeout,0.30718954248368346
PEM,M15,long,2024-01-12 18:15:00+00:00,2024-01-12 21:15:00+00:00,2046.375,2053.795,2035.745,2067.635,13,timeout,0.6980244590780805
PEM,M15,long,2024-01-13 01:45:00+00:00,2024-01-13 04:45:00+00:00,2047.105,2048.318,2041.635,2058.045,13,timeout,0.2217550274223376
PEM,M15,long,2024-01-15 09:00:00+00:00,2024-01-15 12:00:00+00:00,2050.735,2054.095,2046.815,2058.5750000000003,13,timeout,0.8571428571427577
PEM,M15,short,2024-01-16 19:00:00+00:00,2024-01-16 20:15:00+00:00,2039.075,2035.115,2041.055,2035.115,6,tp,2.0
PEM,M15,long,2024-01-17 20:00:00+00:00,2024-01-17 20:30:00+00:00,2027.685,2022.715,2022.715,2037.625,3,sl,-1.0
PEM,M15,short,2024-01-18 00:30:00+00:00,2024-01-18 03:30:00+00:00,2005.185,2005.475,2010.465,1994.625,13,timeout,-0.05492424242423582
PEM,M15,long,2024-01-19 01:15:00+00:00,2024-01-19 03:30:00+00:00,2015.735,2021.215,2012.995,2021.215,10,tp,2.0
PEM,M15,long,2024-01-19 04:00:00+00:00,2024-01-19 07:45:00+00:00,2021.665,2022.895,2018.825,2027.3449999999998,13,timeout,0.4330985915493147
PEM,M15,long,2024-01-19 19:15:00+00:00,2024-01-19 20:45:00+00:00,2031.895,2038.0549999999998,2028.815,2038.0549999999998,7,tp,2.0
PEM,M15,short,2024-01-22 10:45:00+00:00,2024-01-22 13:30:00+00:00,2026.595,2019.9950000000001,2029.895,2019.9950000000001,12,tp,2.0
PEM,M15,long,2024-01-22 19:15:00+00:00,2024-01-22 21:15:00+00:00,2026.018,2021.045,2021.045,2035.964,9,sl,-1.0
PEM,M15,long,2024-01-24 02:45:00+00:00,2024-01-24 06:30:00+00:00,2028.845,2027.615,2022.495,2041.5450000000003,13,timeout,-0.1937007874015735
PEM,M15,short,2024-01-25 03:00:00+00:00,2024-01-25 06:15:00+00:00,2012.295,2015.445,2015.445,2005.9950000000003,11,sl,-1.0
PEM,M15,short,2024-01-26 00:00:00+00:00,2024-01-26 03:00:00+00:00,2014.015,2018.275,2020.895,2000.2550000000003,13,timeout,-0.6191860465116372
PEM,M15,long,2024-01-26 04:30:00+00:00,2024-01-26 08:15:00+00:00,2019.375,2022.765,2016.845,2024.435,13,timeout,1.3399209486166548
PEM,M15,long,2024-01-26 08:30:00+00:00,2024-01-26 11:30:00+00:00,2022.794,2021.995,2019.245,2029.8920000000005,13,timeout,-0.22513384051850077
PEM,M15,short,2024-01-27 01:15:00+00:00,2024-01-27 04:15:00+00:00,2016.515,2018.935,2023.765,2002.015,13,timeout,-0.3337931034482545
PEM,M15,long,2024-01-29 08:30:00+00:00,2024-01-29 11:30:00+00:00,2024.975,2026.925,2019.195,2036.5349999999999,13,timeout,0.3373702422145423
PEM,M15,long,2024-01-30 03:30:00+00:00,2024-01-30 07:15:00+00:00,2031.265,2031.715,2025.745,2042.3050000000005,13,timeout,0.08152173913039874
PEM,M15,long,2024-01-30 08:00:00+00:00,2024-01-30 09:15:00+00:00,2033.555,2030.225,2030.225,2040.2150000000004,6,sl,-1.0
PEM,M15,long,2024-01-30 21:30:00+00:00,2024-01-30 22:30:00+00:00,2043.298,2032.525,2032.525,2064.844,5,sl,-1.0
PEM,M15,long,2024-01-31 00:15:00+00:00,2024-01-31 03:15:00+00:00,2035.905,2035.815,2031.275,2045.1649999999997,13,timeout,-0.019438444924388863
PEM,M15,long,2024-01-31 21:15:00+00:00,2024-01-31 21:45:00+00:00,2041.135,2049.675,2036.865,2049.675,3,tp,2.0000000000000533
PEM,M15,short,2024-02-01 02:15:00+00:00,2024-02-01 06:00:00+00:00,2041.305,2039.765,2053.914,2016.0869999999998,13,timeout,0.1221349829486831
PEM,M15,short,2024-02-02 16:30:00+00:00,2024-02-02 18:45:00+00:00,2053.565,2055.955,2055.955,2048.7850000000003,10,sl,-1.0
PEM,M15,long,2024-02-02 19:00:00+00:00,2024-02-02 20:30:00+00:00,2055.625,2052.905,2052.905,2061.0649999999996,7,sl,-1.0
PEM,M15,short,2024-02-05 10:30:00+00:00,2024-02-05 13:30:00+00:00,2032.575,2029.965,2037.075,2023.575,13,timeout,0.5800000000000283
PEM,M15,short,2024-02-05 20:15:00+00:00,2024-02-05 23:15:00+00:00,2021.935,2019.375,2028.258,2009.2889999999998,13,timeout,0.40487110548788674
PEM,M15,long,2024-02-06 01:00:00+00:00,2024-02-06 04:00:00+00:00,2025.105,2024.825,2020.445,2034.4250000000002,13,timeout,-0.06008583690986433
PEM,M15,long,2024-02-06 13:00:00+00:00,2024-02-06 16:00:00+00:00,2029.095,2023.395,2023.395,2040.4950000000001,13,sl,-1.0
PEM,M15,short,2024-02-07 13:15:00+00:00,2024-02-07 14:30:00+00:00,2033.595,2035.285,2035.285,2030.215,6,sl,-1.0
PEM,M15,short,2024-02-08 16:00:00+00:00,2024-02-08 17:00:00+00:00,2029.385,2033.975,2033.975,2020.2050000000002,5,sl,-1.0
PEM,M15,short,2024-02-08 20:15:00+00:00,2024-02-08 21:45:00+00:00,2024.475,2031.585,2031.585,2010.2549999999997,7,sl,-1.0
PEM,M15,short,2024-02-09 11:30:00+00:00,2024-02-09 14:30:00+00:00,2032.415,2033.515,2034.978,2027.2889999999998,13,timeout,-0.4291845493562593
PEM,M15,long,2024-02-13 12:45:00+00:00,2024-02-13 13:45:00+00:00,2019.895,2022.835,2018.425,2022.835,5,tp,2.0
PEM,M15,short,2024-02-14 15:15:00+00:00,2024-02-14 18:00:00+00:00,1989.915,1993.215,1993.215,1983.315,12,sl,-1.0
PEM,M15,short,2024-02-15 03:00:00+00:00,2024-02-15 06:45:00+00:00,1989.835,1993.335,1995.185,1979.1350000000002,13,timeout,-0.6542056074766467
PEM,M15,long,2024-02-15 12:45:00+00:00,2024-02-15 15:45:00+00:00,1992.405,1994.895,1990.175,1996.865,13,timeout,1.116591928251116
PEM,M15,long,2024-02-15 18:00:00+00:00,2024-02-15 20:30:00+00:00,1997.745,2004.0649999999996,1994.585,2004.0649999999996,11,tp,2.0
PEM,M15,long,2024-02-16 01:30:00+00:00,2024-02-16 04:30:00+00:00,2004.245,2003.948,1995.815,2021.1049999999996,13,timeout,-0.03523131672595538
PEM,M15,short,2024-02-16 21:00:00+00:00,2024-02-16 22:45:00+00:00,2000.328,2007.705,2007.705,1985.574,8,sl,-1.0
PEM,M15,long,2024-02-17 01:15:00+00:00,2024-02-17 04:15:00+00:00,2012.905,2013.205,2008.435,2021.845,13,timeout,0.06711409395972096
PEM,M15,long,2024-02-19 07:45:00+00:00,2024-02-19 10:45:00+00:00,2017.315,2020.425,2011.185,2029.5750000000003,13,timeout,0.5073409461663694
PEM,M15,short,2024-02-19 23:15:00+00:00,2024-02-20 00:45:00+00:00,2014.565,2017.365,2017.365,2008.9650000000001,7,sl,-1.0
PEM,M15,long,2024-02-20 19:30:00+00:00,2024-02-20 22:30:00+00:00,2027.255,2029.565,2022.975,2035.8150000000005,13,timeout,0.5397196261681864
PEM,M15,short,2024-02-21 16:00:00+00:00,2024-02-21 19:00:00+00:00,2026.245,2028.415,2031.195,2016.3449999999998,13,timeout,-0.43838383838384903
PEM,M15,short,2024-02-22 00:30:00+00:00,2024-02-22 03:30:00+00:00,2022.915,2025.298,2029.615,2009.5149999999999,13,timeout,-0.35567164179104804
PEM,M15,long,2024-02-22 08:30:00+00:00,2024-02-22 11:30:00+00:00,2026.875,2027.358,2022.265,2036.0949999999998,13,timeout,0.1047722342733097
PEM,M15,long,2024-02-22 12:15:00+00:00,2024-02-22 15:15:00+00:00,2028.855,2034.495,2026.035,2034.495,13,tp,2.0
PEM,M15,short,2024-02-23 16:00:00+00:00,2024-02-23 18:00:00+00:00,2018.735,2022.795,2022.795,2010.6149999999996,9,sl,-1.0
PEM,M15,long,2024-02-23 19:15:00+00:00,2024-02-23 22:15:00+00:00,2023.995,2025.715,2015.955,2040.0749999999998,13,timeout,0.21393034825871082
PEM,M15,long,2024-02-23 23:30:00+00:00,2024-02-24 02:30:00+00:00,2033.935,2038.378,2026.065,2049.6749999999997,13,timeout,0.5645489199491798
PEM,M15,short,2024-02-26 08:00:00+00:00,2024-02-26 11:00:00+00:00,2030.555,2032.435,2034.525,2022.615,13,timeout,-0.47355163727956395
PEM,M15,long,2024-02-27 04:00:00+00:00,2024-02-27 07:45:00+00:00,2033.295,2031.108,2026.475,2046.9350000000004,13,timeout,-0.3206744868035298
PEM,M15,long,2024-02-27 11:30:00+00:00,2024-02-27 14:30:00+00:00,2033.758,2035.308,2032.258,2036.758,13,timeout,1.033333333333303
PEM,M15,short,2024-02-28 03:00:00+00:00,2024-02-28 06:45:00+00:00,2030.035,2030.715,2036.805,2016.4950000000001,13,timeout,-0.10044313146230992
PEM,M15,short,2024-02-29 02:15:00+00:00,2024-02-29 03:30:00+00:00,2031.435,2033.715,2033.715,2026.875,6,sl,-1.0
PEM,M15,long,2024-02-29 14:00:00+00:00,2024-02-29 16:30:00+00:00,2036.665,2035.405,2035.405,2039.185,11,sl,-1.0
PEM,M15,long,2024-03-04 23:30:00+00:00,2024-03-05 02:30:00+00:00,2114.035,2116.235,2081.755,2178.5949999999993,13,timeout,0.0681536555142593
PEM,M15,long,2024-03-07 01:45:00+00:00,2024-03-07 02:15:00+00:00,2151.035,2141.835,2141.835,2169.4349999999995,3,sl,-1.0
PEM,M15,long,2024-03-07 11:30:00+00:00,2024-03-07 14:30:00+00:00,2155.665,2155.595,2149.595,2167.8050000000003,13,timeout,-0.011532125205957467
PEM,M15,long,2024-03-08 14:00:00+00:00,2024-03-08 17:00:00+00:00,2161.395,2169.7149999999997,2157.235,2169.7149999999997,13,tp,2.0
PEM,M15,short,2024-03-09 02:30:00+00:00,2024-03-11 05:00:00+00:00,2170.685,2179.975,2179.975,2152.105,12,sl,-1.0
PEM,M15,short,2024-03-13 01:15:00+00:00,2024-03-13 05:00:00+00:00,2154.395,2158.674,2176.445,2110.2949999999996,13,timeout,-0.194058956916098
PEM,M15,long,2024-03-14 00:30:00+00:00,2024-03-14 03:30:00+00:00,2179.345,2174.385,2171.235,2195.564999999999,13,timeout,-0.6115906288532407
PEM,M15,short,2024-03-14 18:45:00+00:00,2024-03-14 19:15:00+00:00,2169.465,2166.8250000000007,2170.785,2166.8250000000007,3,tp,2.0
PEM,M15,short,2024-03-15 19:45:00+00:00,2024-03-15 22:45:00+00:00,2162.775,2160.765,2169.775,2148.775,13,timeout,0.28714285714288834
PEM,M15,short,2024-03-16 00:30:00+00:00,2024-03-16 03:30:00+00:00,2158.115,2157.915,2163.225,2147.8949999999995,13,timeout,0.03913894324849572
PEM,M15,long,2024-03-18 16:30:00+00:00,2024-03-18 19:30:00+00:00,2155.478,2161.015,2146.195,2174.044,13,timeout,0.5964666594850658
PEM,M15,long,2024-03-20 01:00:00+00:00,2024-03-20 04:00:00+00:00,2156.385,2156.995,2153.038,2163.0790000000006,13,timeout,0.18225276366884816
PEM,M15,short,2024-03-20 17:30:00+00:00,2024-03-20 20:30:00+00:00,2153.915,2150.928,2157.155,2147.4349999999995,13,timeout,0.921913580246871
PEM,M15,long,2024-03-21 01:30:00+00:00,2024-03-21 02:30:00+00:00,2166.125,2187.925,2155.225,2187.925,5,tp,2.0
PEM,M15,long,2024-03-21 05:45:00+00:00,2024-03-21 08:45:00+00:00,2206.875,2203.115,2180.745,2259.135,13,timeout,-0.14389590508994268
PEM,M15,long,2024-03-21 17:45:00+00:00,2024-03-21 19:45:00+00:00,2211.025,2203.965,2203.965,2225.145,9,sl,-1.0
PEM,M15,short,2024-03-22 14:30:00+00:00,2024-03-22 17:30:00+00:00,2168.065,2166.195,2175.305,2153.5850000000005,13,timeout,0.25828729281767226
PEM,M15,long,2024-03-25 09:00:00+00:00,2024-03-25 12:00:00+00:00,2175.415,2169.745,2164.325,2197.5950000000003,13,timeout,-0.5112714156898105
PEM,M15,short,2024-03-25 12:45:00+00:00,2024-03-25 15:45:00+00:00,2168.065,2164.225,2174.415,2155.3650000000002,13,timeout,0.6047244094488505
PEM,M15,long,2024-03-27 15:30:00+00:00,2024-03-27 15:45:00+00:00,2181.695,2177.625,2177.625,2189.8350000000005,2,sl,-1.0
PEM,M15,short,2024-03-28 07:30:00+00:00,2024-03-28 09:30:00+00:00,2188.185,2192.285,2192.285,2179.985,9,sl,-1.0
PEM,M15,long,2024-03-28 18:00:00+00:00,2024-03-28 21:00:00+00:00,2210.775,2207.435,2196.304,2239.717,13,timeout,-0.23080644046715118
PEM,M15,long,2024-04-01 05:00:00+00:00,2024-04-01 08:00:00+00:00,2238.435,2254.195,2213.108,2289.0889999999995,13,timeout,0.6222608283650002
PEM,M15,long,2024-04-01 11:15:00+00:00,2024-04-01 14:15:00+00:00,2264.195,2259.535,2254.915,2282.7550000000006,13,timeout,-0.5021551724138156
PEM,M15,long,2024-04-02 10:15:00+00:00,2024-04-02 13:15:00+00:00,2253.875,2255.035,2247.695,2266.2349999999997,13,timeout,0.1877022653721497
PEM,M15,long,2024-04-02 15:15:00+00:00,2024-04-02 16:45:00+00:00,2256.595,2265.514999999999,2252.135,2265.514999999999,7,tp,2.0
PEM,M15,long,2024-04-03 01:15:00+00:00,2024-04-03 05:00:00+00:00,2265.945,2281.005,2258.185,2281.4650000000006,13,timeout,1.9407216494844746
PEM,M15,short,2024-04-05 00:15:00+00:00,2024-04-05 01:15:00+00:00,2286.925,2294.865,2294.865,2271.045000000001,5,sl,-1.0
PEM,M15,short,2024-04-05 07:45:00+00:00,2024-04-05 10:45:00+00:00,2283.925,2275.485,2293.265,2265.245000000001,13,timeout,0.9036402569593506
PEM,M15,long,2024-04-08 18:00:00+00:00,2024-04-08 19:15:00+00:00,2343.075,2333.215,2333.215,2362.794999999999,6,sl,-1.0
PEM,M15,short,2024-04-08 20:00:00+00:00,2024-04-08 23:00:00+00:00,2326.105,2327.355,2340.808,2296.699,13,timeout,-0.08501666326600028
PEM,M15,long,2024-04-09 01:00:00+00:00,2024-04-09 04:00:00+00:00,2336.518,2338.845,2325.925,2357.7039999999997,13,timeout,0.219673369206061
PEM,M15,long,2024-04-09 16:45:00+00:00,2024-04-09 18:45:00+00:00,2364.565,2351.265,2351.265,2391.1650000000004,9,sl,-1.0
PEM,M15,short,2024-04-11 02:00:00+00:00,2024-04-11 06:00:00+00:00,2334.385,2336.135,2340.825,2321.505000000001,13,timeout,-0.27173913043479947
PEM,M15,long,2024-04-11 10:15:00+00:00,2024-04-11 13:00:00+00:00,2343.685,2339.395,2339.395,2352.265,12,sl,-1.0
PEM,M15,long,2024-04-12 08:30:00+00:00,2024-04-12 11:30:00+00:00,2387.085,2384.488,2372.965,2415.325,13,timeout,-0.18392351274789145
PEM,M15,long,2024-04-12 14:15:00+00:00,2024-04-12 17:15:00+00:00,2394.565,2397.238,2382.685,2418.3250000000003,13,timeout,0.22499999999997894
PEM,M15,long,2024-04-15 18:30:00+00:00,2024-04-15 20:45:00+00:00,2358.785,2347.105,2347.105,2382.1449999999995,10,sl,-1.0
PEM,M15,long,2024-04-16 02:30:00+00:00,2024-04-16 06:15:00+00:00,2379.818,2385.835,2363.255,2412.9440000000004,13,timeout,0.3632795991064293
PEM,M15,long,2024-04-16 10:15:00+00:00,2024-04-16 13:15:00+00:00,2385.975,2384.945,2380.085,2397.7549999999997,13,timeout,-0.1748726655347653
PEM,M15,short,2024-04-16 14:00:00+00:00,2024-04-16 17:00:00+00:00,2370.405,2372.005,2388.235,2334.7450000000003,13,timeout,-0.08973639932697228
PEM,M15,short,2024-04-17 20:00:00+00:00,2024-04-17 20:45:00+00:00,2379.545,2394.165,2394.165,2350.3050000000003,4,sl,-1.0
PEM,M15,long,2024-04-18 13:45:00+00:00,2024-04-18 16:45:00+00:00,2378.465,2379.548,2365.955,2403.4850000000006,13,timeout,0.08657074340524461
PEM,M15,short,2024-04-19 07:45:00+00:00,2024-04-19 08:15:00+00:00,2375.355,2381.565,2381.565,2362.935,3,sl,-1.0
PEM,M15,long,2024-04-20 00:15:00+00:00,2024-04-20 03:15:00+00:00,2400.815,2387.515,2372.855,2456.735,13,timeout,-0.4756795422031532
PEM,M15,short,2024-04-22 18:45:00+00:00,2024-04-22 21:45:00+00:00,2342.595,2340.415,2361.525,2304.734999999999,13,timeout,0.11516111991546765
PEM,M15,short,2024-04-23 16:45:00+00:00,2024-04-23 19:45:00+00:00,2297.405,2310.575,2330.985,2230.2450000000003,13,timeout,-0.3921977367480538
PEM,M15,long,2024-04-23 23:45:00+00:00,2024-04-24 02:45:00+00:00,2326.625,2322.665,2318.978,2341.919,13,timeout,-0.5178501373087577
PEM,M15,long,2024-04-29 16:00:00+00:00,2024-04-29 19:00:00+00:00,2338.665,2336.085,2332.558,2350.879,13,timeout,-0.42246602259700994
PEM,M15,long,2024-04-29 23:45:00+00:00,2024-04-30 02:15:00+00:00,2344.358,2336.078,2336.078,2360.9180000000006,11,sl,-1.0
PEM,M15,short,2024-04-30 11:45:00+00:00,2024-04-30 14:45:00+00:00,2325.455,2315.455,2330.455,2315.455,13,tp,2.0
PEM,M15,short,2024-05-01 11:30:00+00:00,2024-05-01 14:30:00+00:00,2281.605,2286.135,2293.175,2258.4649999999997,13,timeout,-0.3915298184961224
PEM,M15,long,2024-05-02 02:00:00+00:00,2024-05-02 05:45:00+00:00,2323.825,2320.325,2293.305,2384.865,13,timeout,-0.11467889908256887
PEM,M15,long,2024-05-03 01:15:00+00:00,2024-05-03 05:00:00+00:00,2307.895,2303.885,2298.918,2325.8489999999997,13,timeout,-0.44669711484903923
PEM,M15,long,2024-05-06 15:00:00+00:00,2024-05-06 18:00:00+00:00,2323.078,2319.495,2291.645,2385.944,13,timeout,-0.11398848344097237
PEM,M15,long,2024-05-08 05:45:00+00:00,2024-05-08 08:30:00+00:00,2315.825,2311.745,2311.745,2323.9849999999997,12,sl,-1.0
PEM,M15,long,2024-05-08 11:45:00+00:00,2024-05-08 13:30:00+00:00,2318.495,2315.298,2315.298,2324.889,8,sl,-1.0
PEM,M15,long,2024-05-08 17:45:00+00:00,2024-05-08 20:30:00+00:00,2315.385,2308.045,2308.045,2330.0650000000005,12,sl,-1.0
PEM,M15,long,2024-05-10 02:15:00+00:00,2024-05-10 06:00:00+00:00,2336.994,2346.605,2329.415,2352.1520000000005,13,timeout,1.2681092492412787
PEM,M15,long,2024-05-10 11:00:00+00:00,2024-05-10 12:45:00+00:00,2351.678,2357.0859999999993,2348.974,2357.0859999999993,8,tp,2.0
PEM,M15,long,2024-05-10 16:30:00+00:00,2024-05-10 19:30:00+00:00,2372.925,2367.245,2367.245,2384.2850000000008,13,sl,-1.0
PEM,M15,short,2024-05-13 11:45:00+00:00,2024-05-13 14:45:00+00:00,2355.305,2346.9589999999994,2359.478,2346.9589999999994,13,tp,2.0
PEM,M15,long,2024-05-16 12:00:00+00:00,2024-05-16 13:30:00+00:00,2391.305,2387.115,2387.115,2399.685,7,sl,-1.0
PEM,M15,short,2024-05-23 01:45:00+00:00,2024-05-23 05:30:00+00:00,2379.625,2380.345,2394.235,2350.4049999999997,13,timeout,-0.0492813141683637
PEM,M15,short,2024-05-23 13:15:00+00:00,2024-05-23 16:15:00+00:00,2357.815,2362.565,2373.808,2325.829,13,timeout,-0.29700493966110286
PEM,M15,short,2024-05-24 01:00:00+00:00,2024-05-24 04:00:00+00:00,2333.465,2328.375,2345.708,2308.9790000000003,13,timeout,0.41574777423835424
PEM,M15,short,2024-05-28 13:30:00+00:00,2024-05-28 16:30:00+00:00,2347.295,2344.395,2354.065,2333.755,13,timeout,0.42836041358937943
PEM,M15,long,2024-05-29 05:15:00+00:00,2024-05-29 07:45:00+00:00,2361.625,2357.705,2357.705,2369.465,11,sl,-1.0
PEM,M15,long,2024-05-29 11:30:00+00:00,2024-05-29 13:00:00+00:00,2358.315,2355.615,2355.615,2363.7150000000006,7,sl,-1.0
PEM,M15,short,2024-05-29 19:30:00+00:00,2024-05-29 22:30:00+00:00,2341.135,2339.645,2347.118,2329.169000000001,13,timeout,0.24903894367379345
PEM,M15,short,2024-05-30 02:15:00+00:00,2024-05-30 06:00:00+00:00,2338.055,2337.708,2344.198,2325.769,13,timeout,0.05648705844046085
PEM,M15,short,2024-05-30 13:00:00+00:00,2024-05-30 14:15:00+00:00,2326.905,2336.368,2336.368,2307.9790000000007,6,sl,-1.0
PEM,M15,long,2024-05-30 16:45:00+00:00,2024-05-30 19:45:00+00:00,2337.005,2342.534,2328.375,2354.2650000000003,13,timeout,0.6406720741598988
PEM,M15,long,2024-05-31 00:15:00+00:00,2024-05-31 03:15:00+00:00,2348.595,2341.798,2331.535,2382.7149999999997,13,timeout,-0.3984173505275526
PEM,M15,long,2024-05-31 08:15:00+00:00,2024-05-31 08:30:00+00:00,2347.158,2342.988,2342.988,2355.498,2,sl,-1.0
PEM,M15,short,2024-05-31 17:15:00+00:00,2024-05-31 19:45:00+00:00,2342.005,2347.368,2347.368,2331.2790000000005,11,sl,-1.0
PEM,M15,long,2024-06-04 00:00:00+00:00,2024-06-04 03:00:00+00:00,2347.104,2347.448,2340.775,2359.7619999999993,13,timeout,0.05435297835362079
PEM,M15,short,2024-06-04 23:45:00+00:00,2024-06-05 00:30:00+00:00,2323.578,2328.605,2328.605,2313.524,4,sl,-1.0
PEM,M15,long,2024-06-05 19:45:00+00:00,2024-06-05 20:30:00+00:00,2335.385,2344.745000000001,2330.705,2344.745000000001,4,tp,2.0
PEM,M15,short,2024-06-06 17:00:00+00:00,2024-06-06 19:30:00+00:00,2359.408,2363.778,2363.778,2350.668,11,sl,-1.0
PEM,M15,long,2024-06-07 08:15:00+00:00,2024-06-07 08:15:00+00:00,2378.975,2375.414,2375.414,2386.0969999999993,1,sl,-1.0
PEM,M15,long,2024-06-10 18:30:00+00:00,2024-06-10 21:30:00+00:00,2300.475,2303.045,2294.325,2312.775,13,timeout,0.41788617886180907
PEM,M15,short,2024-06-11 13:00:00+00:00,2024-06-11 13:45:00+00:00,2299.775,2304.218,2304.218,2290.8890000000006,4,sl,-1.0
PEM,M15,short,2024-06-12 00:00:00+00:00,2024-06-12 01:00:00+00:00,2306.845,2312.228,2312.228,2296.0789999999993,5,sl,-1.0
PEM,M15,short,2024-06-12 08:30:00+00:00,2024-06-12 10:30:00+00:00,2312.265,2315.588,2315.588,2305.6189999999992,9,sl,-1.0
PEM,M15,short,2024-06-12 12:30:00+00:00,2024-06-12 13:30:00+00:00,2312.695,2316.208,2316.208,2305.6690000000003,5,sl,-1.0
PEM,M15,short,2024-06-13 07:30:00+00:00,2024-06-13 10:30:00+00:00,2318.648,2314.665,2325.398,2305.148,13,timeout,0.5900740740741
PEM,M15,short,2024-06-13 18:45:00+00:00,2024-06-13 19:45:00+00:00,2311.025,2319.855,2319.855,2293.3650000000002,5,sl,-1.0
PEM,M15,long,2024-06-14 17:15:00+00:00,2024-06-14 20:15:00+00:00,2322.668,2330.755,2305.445,2357.114,13,timeout,0.4695465366080247
PEM,M15,long,2024-06-15 00:45:00+00:00,2024-06-15 03:45:00+00:00,2333.725,2332.378,2325.735,2349.7049999999995,13,timeout,-0.16858573216518016
PEM,M15,short,2024-06-17 07:30:00+00:00,2024-06-17 10:30:00+00:00,2326.588,2322.305,2329.388,2320.9880000000007,13,timeout,1.5296428571431335
PEM,M15,short,2024-06-17 12:45:00+00:00,2024-06-17 15:45:00+00:00,2320.385,2320.295,2325.698,2309.759000000001,13,timeout,0.016939582157001976
PEM,M15,short,2024-06-18 18:00:00+00:00,2024-06-18 19:30:00+00:00,2307.338,2319.175,2319.175,2283.664,7,sl,-1.0
PEM,M15,short,2024-06-20 08:00:00+00:00,2024-06-20 08:00:00+00:00,2328.025,2330.375,2330.375,2323.3250000000003,1,sl,-1.0
PEM,M15,long,2024-06-20 11:45:00+00:00,2024-06-20 14:45:00+00:00,2338.818,2341.425,2332.985,2350.4840000000004,13,timeout,0.44693982513285335
PEM,M15,long,2024-06-20 18:00:00+00:00,2024-06-20 21:00:00+00:00,2338.935,2349.508,2332.765,2351.275,13,timeout,1.713614262560736
PEM,M15,long,2024-06-21 11:30:00+00:00,2024-06-21 14:00:00+00:00,2361.638,2358.025,2358.025,2368.8639999999996,11,sl,-1.0
PEM,M15,short,2024-06-22 00:45:00+00:00,2024-06-22 03:45:00+00:00,2318.475,2321.005,2328.605,2298.2149999999997,13,timeout,-0.24975320829221845
PEM,M15,short,2024-06-26 13:15:00+00:00,2024-06-26 16:15:00+00:00,2312.315,2316.895,2320.558,2295.829,13,timeout,-0.5556229528084389
PEM,M15,short,2024-06-26 17:30:00+00:00,2024-06-26 18:30:00+00:00,2313.545,2305.165,2317.735,2305.165,5,tp,2.0
PEM,M15,short,2024-06-27 02:45:00+00:00,2024-06-27 06:30:00+00:00,2297.408,2297.595,2302.928,2286.368,13,timeout,-0.033876811594184555
PEM,M15,long,2024-06-27 19:15:00+00:00,2024-06-27 22:15:00+00:00,2317.455,2329.678,2310.008,2332.349,13,timeout,1.6413320800321962
PEM,M15,long,2024-06-28 20:00:00+00:00,2024-06-28 20:45:00+00:00,2336.365,2329.208,2329.208,2350.678999999999,4,sl,-1.0
PEM,M15,short,2024-07-01 07:45:00+00:00,2024-07-01 08:15:00+00:00,2322.605,2326.035,2326.035,2315.7450000000003,3,sl,-1.0
PEM,M15,short,2024-07-01 11:15:00+00:00,2024-07-01 13:45:00+00:00,2324.258,2327.585,2327.585,2317.6039999999994,11,sl,-1.0
PEM,M15,short,2024-07-02 19:00:00+00:00,2024-07-02 20:00:00+00:00,2321.075,2327.718,2327.718,2307.7889999999998,5,sl,-1.0
PEM,M15,long,2024-07-03 02:30:00+00:00,2024-07-03 06:15:00+00:00,2328.738,2330.698,2319.895,2346.4239999999995,13,timeout,0.221644238380648
PEM,M15,long,2024-07-03 12:30:00+00:00,2024-07-03 15:00:00+00:00,2334.865,2346.7389999999996,2328.928,2346.7389999999996,11,tp,2.0
PEM,M15,long,2024-07-03 19:45:00+00:00,2024-07-03 21:15:00+00:00,2350.155,2362.5890000000004,2343.938,2362.5890000000004,7,tp,2.0
PEM,M15,short,2024-07-08 14:00:00+00:00,2024-07-08 17:00:00+00:00,2379.995,2369.009,2385.488,2369.009,13,tp,2.0
PEM,M15,long,2024-07-10 12:45:00+00:00,2024-07-10 14:00:00+00:00,2368.575,2372.294999999999,2366.715,2372.294999999999,6,tp,2.0
PEM,M15,long,2024-07-10 17:45:00+00:00,2024-07-10 18:00:00+00:00,2374.168,2371.685,2371.685,2379.1340000000005,2,sl,-1.0
PEM,M15,short,2024-07-11 00:45:00+00:00,2024-07-11 03:45:00+00:00,2373.095,2371.238,2380.628,2358.028999999999,13,timeout,0.2465153325368224
PEM,M15,short,2024-07-12 17:45:00+00:00,2024-07-12 20:45:00+00:00,2401.625,2400.638,2408.138,2388.599,13,timeout,0.15154306771074652
PEM,M15,long,2024-07-15 11:15:00+00:00,2024-07-15 13:00:00+00:00,2412.188,2408.485,2408.485,2419.594,8,sl,-1.0
PEM,M15,long,2024-07-17 01:00:00+00:00,2024-07-17 04:00:00+00:00,2463.975,2468.355,2446.475,2498.975,13,timeout,0.2502857142857205
PEM,M15,long,2024-07-17 21:15:00+00:00,2024-07-17 21:15:00+00:00,2481.558,2470.415,2470.415,2503.844,1,sl,-1.0
PEM,M15,long,2024-07-18 14:00:00+00:00,2024-07-18 17:00:00+00:00,2470.974,2464.865,2460.205,2492.5120000000006,13,timeout,-0.567276441638058
PEM,M15,short,2024-07-18 17:30:00+00:00,2024-07-18 20:30:00+00:00,2463.425,2462.268,2472.958,2444.3590000000004,13,timeout,0.12136787999582133
PEM,M15,short,2024-07-19 00:45:00+00:00,2024-07-19 03:45:00+00:00,2453.385,2444.678,2461.948,2436.259000000001,13,timeout,1.0168165362607373
PEM,M15,short,2024-07-22 11:45:00+00:00,2024-07-22 14:45:00+00:00,2404.185,2401.585,2409.205,2394.145,13,timeout,0.5179282868525734
PEM,M15,short,2024-07-23 12:15:00+00:00,2024-07-23 15:15:00+00:00,2396.655,2396.958,2402.175,2385.6150000000002,13,timeout,-0.054891304347805175
PEM,M15,long,2024-07-24 02:45:00+00:00,2024-07-24 06:30:00+00:00,2407.588,2408.565,2403.758,2415.248000000001,13,timeout,0.2550913838119489
PEM,M15,short,2024-07-25 01:00:00+00:00,2024-07-25 04:00:00+00:00,2411.895,2397.015,2422.055,2391.5750000000003,13,timeout,1.46456692913389
PEM,M15,short,2024-07-26 01:00:00+00:00,2024-07-26 04:00:00+00:00,2353.978,2364.175,2365.425,2331.084,13,timeout,-0.8908010832532552
PEM,M15,long,2024-07-26 20:00:00+00:00,2024-07-26 23:00:00+00:00,2376.245,2384.795,2366.825,2395.085,13,timeout,0.9076433121019232
PEM,M15,long,2024-07-27 00:00:00+00:00,2024-07-27 00:30:00+00:00,2388.735,2384.285,2384.285,2397.6350000000007,3,sl,-1.0
PEM,M15,short,2024-07-29 19:00:00+00:00,2024-07-29 20:00:00+00:00,2390.365,2393.865,2393.865,2383.365,5,sl,-1.0
PEM,M15,long,2024-07-30 18:30:00+00:00,2024-07-30 19:00:00+00:00,2391.815,2388.145,2388.145,2399.155,3,sl,-1.0
PEM,M15,long,2024-07-31 21:15:00+00:00,2024-08-01 00:15:00+00:00,2427.475,2427.515,2415.845,2450.735,13,timeout,0.0034393809114327814
PEM,M15,long,2024-08-01 00:45:00+00:00,2024-08-01 01:00:00+00:00,2428.095,2422.115,2422.115,2440.055,2,sl,-1.0
PEM,M15,long,2024-08-05 10:30:00+00:00,2024-08-05 13:00:00+00:00,2444.985,2433.305,2433.305,2468.3450000000007,11,sl,-1.0
PEM,M15,short,2024-08-05 18:00:00+00:00,2024-08-05 18:30:00+00:00,2417.715,2396.6150000000007,2428.265,2396.6150000000007,3,tp,2.0
PEM,M15,short,2024-08-06 13:15:00+00:00,2024-08-06 15:15:00+00:00,2399.735,2410.595,2410.595,2378.015000000001,9,sl,-1.0
PEM,M15,short,2024-08-06 20:00:00+00:00,2024-08-06 23:00:00+00:00,2395.285,2387.315,2415.595,2354.665,13,timeout,0.39241752831116794
PEM,M15,long,2024-08-07 11:45:00+00:00,2024-08-07 14:45:00+00:00,2392.175,2389.035,2384.155,2408.215,13,timeout,-0.391521197007523
PEM,M15,short,2024-08-07 15:15:00+00:00,2024-08-07 16:15:00+00:00,2388.845,2394.795,2394.795,2376.9449999999993,5,sl,-1.0
PEM,M15,short,2024-08-08 03:30:00+00:00,2024-08-08 07:15:00+00:00,2385.938,2384.205,2390.335,2377.1440000000002,13,timeout,0.3941323629748011
PEM,M15,long,2024-08-08 11:15:00+00:00,2024-08-08 14:15:00+00:00,2394.545,2395.825,2388.628,2406.379,13,timeout,0.21632584079766157
PEM,M15,long,2024-08-08 18:15:00+00:00,2024-08-08 21:15:00+00:00,2405.395,2418.215,2393.748,2428.689,13,timeout,1.1007126298617873
PEM,M15,short,2024-08-09 13:15:00+00:00,2024-08-09 15:00:00+00:00,2417.935,2426.255,2426.255,2401.2949999999996,8,sl,-1.0
PEM,M15,long,2024-08-09 18:00:00+00:00,2024-08-09 20:45:00+00:00,2429.328,2422.548,2422.548,2442.8880000000004,12,sl,-1.0
PEM,M15,long,2024-08-12 11:30:00+00:00,2024-08-12 14:00:00+00:00,2429.598,2436.504,2426.145,2436.504,11,tp,2.0
PEM,M15,long,2024-08-12 14:30:00+00:00,2024-08-12 17:30:00+00:00,2438.405,2442.255,2432.104,2451.007000000001,13,timeout,0.6110141247420526
PEM,M15,long,2024-08-12 19:45:00+00:00,2024-08-12 20:45:00+00:00,2444.258,2451.044,2440.865,2451.044,5,tp,2.0
PEM,M15,long,2024-08-14 14:30:00+00:00,2024-08-14 17:30:00+00:00,2469.655,2472.455,2458.625,2491.7150000000006,13,timeout,0.2538531278331529
PEM,M15,short,2024-08-14 20:30:00+00:00,2024-08-14 22:45:00+00:00,2465.035,2444.8549999999996,2475.125,2444.8549999999996,10,tp,2.0
PEM,M15,long,2024-08-16 17:45:00+00:00,2024-08-16 19:45:00+00:00,2465.914,2475.9920000000006,2460.875,2475.9920000000006,9,tp,2.0
PEM,M15,long,2024-08-17 03:30:00+00:00,2024-08-19 07:15:00+00:00,2508.955,2506.605,2501.625,2523.615,13,timeout,-0.32060027285128684
PEM,M15,short,2024-08-22 09:15:00+00:00,2024-08-22 12:15:00+00:00,2507.025,2502.625,2514.235,2492.605,13,timeout,0.6102635228848916
PEM,M15,long,2024-08-23 12:45:00+00:00,2024-08-23 15:45:00+00:00,2495.405,2498.355,2488.155,2509.905,13,timeout,0.4068965517241128
PEM,M15,short,2024-08-26 22:45:00+00:00,2024-08-27 01:45:00+00:00,2512.335,2516.645,2526.648,2483.709,13,timeout,-0.30112485153356494
PEM,M15,long,2024-08-28 00:45:00+00:00,2024-08-28 03:45:00+00:00,2518.368,2524.828,2510.905,2533.2939999999994,13,timeout,0.86560364464696
PEM,M15,short,2024-08-28 12:45:00+00:00,2024-08-28 15:45:00+00:00,2508.495,2506.715,2516.825,2491.835,13,timeout,0.21368547418964717
PEM,M15,short,2024-08-28 23:30:00+00:00,2024-08-29 02:30:00+00:00,2502.205,2508.925,2511.085,2484.4449999999997,13,timeout,-0.7567567567567761
PEM,M15,long,2024-08-29 09:45:00+00:00,2024-08-29 12:45:00+00:00,2513.938,2518.1040000000003,2511.855,2518.1040000000003,13,tp,2.0
PEM,M15,long,2024-08-30 00:30:00+00:00,2024-08-30 02:00:00+00:00,2526.095,2521.795,2521.795,2534.6949999999993,7,sl,-1.0
PEM,M15,long,2024-08-30 13:45:00+00:00,2024-08-30 16:45:00+00:00,2521.855,2524.735,2512.515,2540.5350000000003,13,timeout,0.3083511777301996
PEM,M15,long,2024-09-02 20:00:00+00:00,2024-09-02 23:00:00+00:00,2502.455,2501.285,2496.995,2513.375,13,timeout,-0.21428571428572618
PEM,M15,long,2024-09-06 01:00:00+00:00,2024-09-06 04:00:00+00:00,2512.965,2516.475,2508.308,2522.2790000000005,13,timeout,0.7537041013527267
PEM,M15,long,2024-09-06 11:30:00+00:00,2024-09-06 13:45:00+00:00,2518.545,2516.815,2516.815,2522.005,10,sl,-1.0
PEM,M15,long,2024-09-09 19:00:00+00:00,2024-09-09 22:00:00+00:00,2498.065,2497.175,2488.765,2516.6650000000004,13,timeout,-0.09569892473116723
PEM,M15,long,2024-09-09 23:45:00+00:00,2024-09-10 02:45:00+00:00,2502.655,2504.875,2493.458,2521.0490000000004,13,timeout,0.24138305969335347
PEM,M15,long,2024-09-10 03:15:00+00:00,2024-09-10 07:00:00+00:00,2505.938,2507.195,2499.365,2519.0840000000007,13,timeout,0.19123687813783669
PEM,M15,long,2024-09-10 13:00:00+00:00,2024-09-10 15:15:00+00:00,2503.435,2501.105,2501.105,2508.095,10,sl,-1.0
PEM,M15,long,2024-09-10 19:45:00+00:00,2024-09-10 21:30:00+00:00,2507.885,2501.405,2501.405,2520.8450000000003,8,sl,-1.0
PEM,M15,long,2024-09-11 12:45:00+00:00,2024-09-11 15:45:00+00:00,2521.795,2526.688,2517.685,2530.0150000000003,13,timeout,1.1905109489050796
PEM,M15,long,2024-09-12 12:45:00+00:00,2024-09-12 15:45:00+00:00,2518.255,2516.678,2512.165,2530.4350000000004,13,timeout,-0.2589490968801622
PEM,M15,long,2024-09-13 10:30:00+00:00,2024-09-13 13:30:00+00:00,2565.885,2567.545,2562.298,2573.059000000001,13,timeout,0.46278226930572874
PEM,M15,long,2024-09-16 07:45:00+00:00,2024-09-16 10:45:00+00:00,2581.715,2585.515,2577.545,2590.0550000000003,13,timeout,0.9112709832133479
PEM,M15,long,2024-09-16 13:00:00+00:00,2024-09-16 14:00:00+00:00,2588.815,2584.825,2584.825,2596.7950000000005,5,sl,-1.0
PEM,M15,long,2024-09-17 00:00:00+00:00,2024-09-17 03:00:00+00:00,2582.595,2582.035,2578.515,2590.7549999999997,13,timeout,-0.1372549019607734
PEM,M15,long,2024-09-19 16:30:00+00:00,2024-09-19 19:30:00+00:00,2585.925,2586.805,2581.268,2595.2390000000005,13,timeout,0.18896285162113496
PEM,M15,long,2024-09-19 23:30:00+00:00,2024-09-20 02:30:00+00:00,2589.264,2586.295,2580.015,2607.7620000000006,13,timeout,-0.32100767650556494
PEM,M15,long,2024-09-20 18:15:00+00:00,2024-09-20 21:15:00+00:00,2614.318,2610.385,2591.185,2660.5840000000007,13,timeout,-0.17001685903254862
PEM,M15,long,2024-09-23 20:45:00+00:00,2024-09-23 23:45:00+00:00,2629.128,2627.715,2615.278,2656.828000000001,13,timeout,-0.1020216606498176
PEM,M15,long,2024-09-25 02:00:00+00:00,2024-09-25 05:45:00+00:00,2656.518,2659.228,2642.695,2684.1639999999998,13,timeout,0.19605006149172124
PEM,M15,long,2024-09-25 19:45:00+00:00,2024-09-25 22:00:00+00:00,2659.835,2654.868,2654.868,2669.7690000000002,10,sl,-1.0
PEM,M15,long,2024-09-26 23:00:00+00:00,2024-09-26 23:15:00+00:00,2672.178,2664.378,2664.378,2687.7779999999993,2,sl,-1.0
PEM,M15,long,2024-09-27 00:45:00+00:00,2024-09-27 03:45:00+00:00,2671.138,2672.448,2665.575,2682.264,13,timeout,0.2354844508358658
PEM,M15,short,2024-09-27 12:45:00+00:00,2024-09-27 15:45:00+00:00,2664.878,2662.255,2673.855,2646.9240000000004,13,timeout,0.2921911551743442
PEM,M15,short,2024-09-27 16:45:00+00:00,2024-09-27 17:00:00+00:00,2660.285,2664.405,2664.405,2652.044999999999,2,sl,-1.0
PEM,M15,long,2024-09-30 07:00:00+00:00,2024-09-30 08:15:00+00:00,2664.005,2659.848,2659.848,2672.3190000000004,6,sl,-1.0
PEM,M15,short,2024-09-30 18:00:00+00:00,2024-09-30 21:00:00+00:00,2640.355,2634.314,2650.615,2619.8350000000005,13,timeout,0.5887914230019792
PEM,M15,long,2024-10-01 12:15:00+00:00,2024-10-01 15:15:00+00:00,2639.515,2643.125,2635.185,2648.1749999999997,13,timeout,0.8337182448037386
PEM,M15,long,2024-10-01 16:30:00+00:00,2024-10-01 19:30:00+00:00,2647.135,2654.865,2641.845,2657.715000000001,13,timeout,1.4612476370508416
PEM,M15,short,2024-10-02 13:00:00+00:00,2024-10-02 16:00:00+00:00,2646.928,2652.295,2656.355,2628.0739999999996,13,timeout,-0.5693221597539103
PEM,M15,short,2024-10-02 18:15:00+00:00,2024-10-02 20:30:00+00:00,2648.565,2655.078,2655.078,2635.539,10,sl,-1.0
PEM,M15,long,2024-10-04 10:00:00+00:00,2024-10-04 13:00:00+00:00,2662.655,2666.715,2656.665,2674.6350000000007,13,timeout,0.6777963272119841
PEM,M15,long,2024-10-07 17:15:00+00:00,2024-10-07 19:30:00+00:00,2656.905,2651.195,2651.195,2668.3250000000003,10,sl,-1.0
PEM,M15,long,2024-10-08 13:15:00+00:00,2024-10-08 13:30:00+00:00,2645.125,2641.205,2641.205,2652.965,2,sl,-1.0
PEM,M15,long,2024-10-08 17:30:00+00:00,2024-10-08 19:15:00+00:00,2641.705,2652.0649999999996,2636.525,2652.0649999999996,8,tp,2.0
PEM,M15,long,2024-10-09 12:45:00+00:00,2024-10-09 13:30:00+00:00,2622.255,2615.535,2615.535,2635.6950000000006,4,sl,-1.0
PEM,M15,long,2024-10-09 18:15:00+00:00,2024-10-09 19:45:00+00:00,2621.965,2615.385,2615.385,2635.125,7,sl,-1.0
PEM,M15,short,2024-10-10 00:00:00+00:00,2024-10-10 03:00:00+00:00,2609.565,2609.255,2622.258,2584.1790000000005,13,timeout,0.02442291026549684
PEM,M15,short,2024-10-11 00:30:00+00:00,2024-10-11 02:00:00+00:00,2618.345,2629.015,2629.015,2597.0049999999997,7,sl,-1.0
PEM,M15,long,2024-10-11 11:15:00+00:00,2024-10-11 14:15:00+00:00,2644.765,2640.465,2632.775,2668.7449999999994,13,timeout,-0.3586321934945626
PEM,M15,long,2024-10-11 18:00:00+00:00,2024-10-11 19:30:00+00:00,2640.385,2647.3450000000003,2636.905,2647.3450000000003,7,tp,2.0
PEM,M15,long,2024-10-14 12:15:00+00:00,2024-10-14 15:15:00+00:00,2658.755,2659.135,2654.665,2666.9350000000004,13,timeout,0.09290953545234612
PEM,M15,short,2024-10-15 05:00:00+00:00,2024-10-15 08:00:00+00:00,2646.905,2648.705,2653.198,2634.319000000001,13,timeout,-0.28603209915776623
PEM,M15,long,2024-10-16 13:15:00+00:00,2024-10-16 13:15:00+00:00,2668.595,2673.2949999999996,2666.245,2673.2949999999996,1,tp,2.0
PEM,M15,long,2024-10-17 12:45:00+00:00,2024-10-17 15:45:00+00:00,2681.978,2682.055,2676.245,2693.4440000000004,13,timeout,0.013431013430973044
PEM,M15,short,2024-10-17 19:45:00+00:00,2024-10-17 21:00:00+00:00,2675.348,2688.668,2688.668,2648.7079999999996,6,sl,-1.0
PEM,M15,long,2024-10-18 13:00:00+00:00,2024-10-18 13:30:00+00:00,2713.205,2707.215,2707.215,2725.1849999999995,3,sl,-1.0
PEM,M15,long,2024-10-18 16:30:00+00:00,2024-10-18 19:30:00+00:00,2710.175,2714.495,2702.395,2725.7350000000006,13,timeout,0.5552699228791257
PEM,M15,long,2024-10-21 06:30:00+00:00,2024-10-21 09:30:00+00:00,2723.875,2728.175,2720.885,2729.8549999999996,13,timeout,1.4381270903011691
PEM,M15,long,2024-10-21 16:45:00+00:00,2024-10-21 19:45:00+00:00,2734.325,2739.085,2726.285,2750.4049999999997,13,timeout,0.5920398009950547
PEM,M15,long,2024-10-22 10:45:00+00:00,2024-10-22 13:45:00+00:00,2732.495,2733.828,2723.265,2750.955,13,timeout,0.14442036836403913
PEM,M15,short,2024-10-24 00:45:00+00:00,2024-10-24 03:45:00+00:00,2716.315,2714.978,2723.135,2702.6749999999997,13,timeout,0.19604105571846878
PEM,M15,long,2024-10-24 12:00:00+00:00,2024-10-24 13:45:00+00:00,2726.055,2736.2149999999997,2720.975,2736.2149999999997,8,tp,2.0
PEM,M15,long,2024-10-26 00:30:00+00:00,2024-10-26 03:30:00+00:00,2740.105,2744.545,2718.725,2782.8650000000002,13,timeout,0.20767072029934666
PEM,M15,short,2024-10-28 07:30:00+00:00,2024-10-28 10:30:00+00:00,2733.915,2733.205,2740.095,2721.5550000000003,13,timeout,0.11488673139159469
PEM,M15,long,2024-10-29 12:30:00+00:00,2024-10-29 13:00:00+00:00,2755.755,2751.005,2751.005,2765.255,3,sl,-1.0
PEM,M15,long,2024-10-30 12:00:00+00:00,2024-10-30 12:45:00+00:00,2779.425,2783.245000000001,2777.515,2783.245000000001,4,tp,2.0
PEM,M15,short,2024-10-31 11:30:00+00:00,2024-10-31 14:30:00+00:00,2783.935,2782.535,2788.048,2775.7090000000003,13,timeout,0.34038414782400905
PEM,M15,long,2024-11-01 19:45:00+00:00,2024-11-01 21:30:00+00:00,2757.195,2750.095,2750.095,2771.395000000001,8,sl,-1.0
PEM,M15,short,2024-11-05 07:30:00+00:00,2024-11-05 10:30:00+00:00,2734.135,2730.405,2739.295,2723.8150000000005,13,timeout,0.7228682170542875
PEM,M15,long,2024-11-05 21:15:00+00:00,2024-11-05 22:15:00+00:00,2746.455,2737.035,2737.035,2765.295,5,sl,-1.0
PEM,M15,long,2024-11-06 12:15:00+00:00,2024-11-06 13:15:00+00:00,2743.005,2732.965,2732.965,2763.085,5,sl,-1.0
PEM,M15,short,2024-11-06 19:00:00+00:00,2024-11-06 20:45:00+00:00,2706.735,2667.015000000001,2726.595,2667.015000000001,8,tp,2.0
PEM,M15,short,2024-11-07 08:30:00+00:00,2024-11-07 11:30:00+00:00,2656.315,2657.175,2664.155,2640.6349999999998,13,timeout,-0.10969387755103462
PEM,M15,long,2024-11-07 14:45:00+00:00,2024-11-07 17:45:00+00:00,2665.185,2666.635,2654.905,2685.7449999999994,13,timeout,0.14105058365761758
PEM,M15,short,2024-11-08 13:45:00+00:00,2024-11-08 16:45:00+00:00,2686.258,2688.735,2699.995,2658.7839999999997,13,timeout,-0.18031593506590246
PEM,M15,short,2024-11-11 19:30:00+00:00,2024-11-11 20:45:00+00:00,2661.365,2650.3449999999993,2666.875,2650.3449999999993,6,tp,2.0
PEM,M15,short,2024-11-14 06:15:00+00:00,2024-11-14 06:30:00+00:00,2571.848,2576.595,2576.595,2562.3540000000003,2,sl,-1.0
PEM,M15,long,2024-11-15 19:00:00+00:00,2024-11-15 20:45:00+00:00,2571.638,2563.015,2563.015,2588.884,8,sl,-1.0
PEM,M15,long,2024-11-18 20:15:00+00:00,2024-11-18 23:15:00+00:00,2595.855,2613.804,2582.245,2623.0750000000003,13,timeout,1.3188096987509113
PEM,M15,long,2024-11-21 08:00:00+00:00,2024-11-21 10:15:00+00:00,2657.765,2651.645,2651.645,2670.0049999999997,10,sl,-1.0
PEM,M15,long,2024-11-21 16:00:00+00:00,2024-11-21 19:00:00+00:00,2669.085,2671.338,2660.425,2686.4049999999997,13,timeout,0.2601616628175744
PEM,M15,long,2024-11-22 08:30:00+00:00,2024-11-22 11:30:00+00:00,2678.025,2683.795,2668.575,2696.9250000000006,13,timeout,0.610582010581991
PEM,M15,long,2024-11-25 06:00:00+00:00,2024-11-25 06:00:00+00:00,2713.375,2700.945,2700.945,2738.2349999999997,1,sl,-1.0
PEM,M15,short,2024-11-25 13:15:00+00:00,2024-11-25 16:15:00+00:00,2664.435,2674.215,2702.085,2589.1349999999998,13,timeout,-0.2597609561753035
PEM,M15,short,2024-11-26 00:45:00+00:00,2024-11-26 03:45:00+00:00,2624.865,2627.435,2682.785,2509.0249999999996,13,timeout,-0.04437154696132874
PEM,M15,short,2024-11-26 15:00:00+00:00,2024-11-26 17:45:00+00:00,2611.555,2631.298,2631.298,2572.069,12,sl,-1.0
PEM,M15,long,2024-11-26 19:15:00+00:00,2024-11-26 21:45:00+00:00,2632.605,2620.558,2620.558,2656.699,11,sl,-1.0
PEM,M15,short,2024-11-27 01:30:00+00:00,2024-11-27 04:00:00+00:00,2621.008,2632.395,2632.395,2598.2339999999995,11,sl,-1.0
PEM,M15,short,2024-12-02 06:45:00+00:00,2024-12-02 07:45:00+00:00,2645.835,2631.157,2653.174,2631.157,5,tp,2.0
PEM,M15,long,2024-12-02 21:00:00+00:00,2024-12-03 00:00:00+00:00,2645.945,2640.595,2632.495,2672.8450000000007,13,timeout,-0.3977695167286435
PEM,M15,short,2024-12-03 01:45:00+00:00,2024-12-03 03:45:00+00:00,2635.285,2643.495,2643.495,2618.865,9,sl,-1.0
PEM,M15,long,2024-12-03 13:30:00+00:00,2024-12-03 16:30:00+00:00,2645.305,2645.305,2636.505,2662.9049999999993,13,timeout,0.0
PEM,M15,short,2024-12-03 19:45:00+00:00,2024-12-03 20:30:00+00:00,2638.325,2645.135,2645.135,2624.704999999999,4,sl,-1.0
PEM,M15,short,2024-12-04 20:30:00+00:00,2024-12-04 21:30:00+00:00,2636.755,2650.305,2650.305,2609.6550000000007,5,sl,-1.0
PEM,M15,short,2024-12-09 12:00:00+00:00,2024-12-09 13:45:00+00:00,2634.975,2643.104,2643.104,2618.717,8,sl,-1.0
PEM,M15,long,2024-12-09 17:30:00+00:00,2024-12-09 20:30:00+00:00,2657.195,2657.235,2648.475,2674.6350000000007,13,timeout,0.004587155963298446
PEM,M15,long,2024-12-10 19:30:00+00:00,2024-12-10 22:30:00+00:00,2676.915,2687.498,2667.098,2696.549,13,timeout,1.0780279107670445
PEM,M15,short,2024-12-11 12:00:00+00:00,2024-12-11 15:00:00+00:00,2684.915,2688.984,2700.905,2652.9349999999995,13,timeout,-0.25447154471544087
PEM,M15,long,2024-12-12 01:45:00+00:00,2024-12-12 02:00:00+00:00,2719.385,2714.164,2714.164,2729.827,2,sl,-1.0
PEM,M15,short,2024-12-12 20:15:00+00:00,2024-12-12 21:30:00+00:00,2708.235,2684.6750000000006,2720.015,2684.6750000000006,6,tp,2.0
PEM,M15,short,2024-12-13 18:30:00+00:00,2024-12-13 21:30:00+00:00,2665.655,2661.864,2684.465,2628.0350000000003,13,timeout,0.20154173312068996
PEM,M15,short,2024-12-17 12:15:00+00:00,2024-12-17 14:30:00+00:00,2650.695,2655.185,2655.185,2641.7150000000006,10,sl,-1.0
PEM,M15,long,2024-12-18 01:30:00+00:00,2024-12-18 04:30:00+00:00,2645.595,2644.684,2637.148,2662.488999999999,13,timeout,-0.10784894045218894
PEM,M15,short,2024-12-19 05:00:00+00:00,2024-12-19 08:45:00+00:00,2587.165,2616.985,2637.618,2486.259,13,timeout,-0.5910451311121278
PEM,M15,short,2024-12-19 11:45:00+00:00,2024-12-19 13:45:00+00:00,2607.895,2611.755,2611.755,2600.1749999999997,9,sl,-1.0
PEM,M15,short,2024-12-19 20:00:00+00:00,2024-12-19 23:00:00+00:00,2608.454,2588.175,2621.715,2581.9320000000002,13,timeout,1.5292210240555046
PEM,M15,short,2024-12-23 17:30:00+00:00,2024-12-23 19:00:00+00:00,2625.115,2614.1949999999997,2630.575,2614.1949999999997,7,tp,2.0
PEM,M15,long,2024-12-24 06:45:00+00:00,2024-12-24 09:45:00+00:00,2615.195,2617.765,2610.044,2625.4970000000008,13,timeout,0.498932246165708
PEM,M15,long,2024-12-26 08:30:00+00:00,2024-12-26 11:30:00+00:00,2624.165,2626.975,2617.668,2637.1589999999997,13,timeout,0.43250731106664814
PEM,M15,long,2024-12-30 06:00:00+00:00,2024-12-30 09:00:00+00:00,2620.154,2623.585,2615.175,2630.1119999999996,13,timeout,0.6890941956216445
PEM,M15,short,2024-12-30 12:15:00+00:00,2024-12-30 15:15:00+00:00,2621.548,2615.034,2627.955,2608.7339999999995,13,timeout,1.0167004838457177
PEM,M15,short,2025-01-03 21:00:00+00:00,2025-01-04 00:00:00+00:00,2647.348,2640.455,2660.165,2621.714,13,timeout,0.5378013575719767
PEM,M15,short,2025-01-06 11:45:00+00:00,2025-01-06 14:45:00+00:00,2638.045,2625.465,2644.798,2624.5390000000007,13,timeout,1.8628757589220322
PEM,M15,short,2025-01-06 15:00:00+00:00,2025-01-06 18:00:00+00:00,2625.645,2633.138,2636.065,2604.805,13,timeout,-0.7190978886756129
PEM,M15,long,2025-01-06 18:45:00+00:00,2025-01-06 20:45:00+00:00,2643.744,2631.455,2631.455,2668.3220000000006,9,sl,-1.0
PEM,M15,long,2025-01-07 13:00:00+00:00,2025-01-07 16:00:00+00:00,2644.625,2642.385,2636.725,2660.425,13,timeout,-0.28354430379743745
PEM,M15,long,2025-01-07 19:00:00+00:00,2025-01-07 20:30:00+00:00,2646.975,2656.695,2642.115,2656.695,7,tp,2.0
PEM,M15,long,2025-01-09 04:30:00+00:00,2025-01-09 08:15:00+00:00,2662.855,2658.588,2656.548,2675.4690000000005,13,timeout,-0.6765498652290567
PEM,M15,long,2025-01-09 10:30:00+00:00,2025-01-09 11:45:00+00:00,2660.295,2656.155,2656.155,2668.575,6,sl,-1.0
PEM,M15,long,2025-01-09 14:00:00+00:00,2025-01-09 17:00:00+00:00,2664.025,2664.755,2655.305,2681.4650000000006,13,timeout,0.08371559633027487
PEM,M15,short,2025-01-13 12:45:00+00:00,2025-01-13 13:30:00+00:00,2684.195,2690.358,2690.358,2671.869,4,sl,-1.0
PEM,M15,short,2025-01-13 19:00:00+00:00,2025-01-13 22:00:00+00:00,2676.898,2671.535,2688.475,2653.7440000000006,13,timeout,0.4632460913881308
PEM,M15,long,2025-01-14 12:15:00+00:00,2025-01-14 13:00:00+00:00,2673.515,2668.285,2668.285,2683.975,4,sl,-1.0
PEM,M15,long,2025-01-14 15:45:00+00:00,2025-01-14 16:30:00+00:00,2673.515,2668.195,2668.195,2684.1549999999993,4,sl,-1.0
PEM,M15,short,2025-01-15 09:15:00+00:00,2025-01-15 12:15:00+00:00,2669.885,2674.925,2677.985,2653.6850000000004,13,timeout,-0.6222222222222247
PEM,M15,long,2025-01-15 13:15:00+00:00,2025-01-15 16:15:00+00:00,2679.025,2685.265,2674.385,2688.305,13,timeout,1.3448275862068864
PEM,M15,long,2025-01-16 00:15:00+00:00,2025-01-16 03:15:00+00:00,2690.275,2695.598,2677.279,2716.2670000000003,13,timeout,0.4095875654047266
PEM,M15,long,2025-01-17 23:30:00+00:00,2025-01-18 01:30:00+00:00,2715.429,2710.295,2710.295,2725.697,9,sl,-1.0
PEM,M15,short,2025-01-18 02:00:00+00:00,2025-01-18 05:00:00+00:00,2707.815,2702.645,2713.375,2696.695,13,timeout,0.9298561151079359
PEM,M15,short,2025-01-20 07:00:00+00:00,2025-01-20 10:00:00+00:00,2695.348,2697.995,2703.545,2678.9539999999997,13,timeout,-0.32292302061728645
PEM,M15,long,2025-01-20 13:45:00+00:00,2025-01-20 15:00:00+00:00,2708.515,2704.735,2704.735,2716.0749999999994,6,sl,-1.0
PEM,M15,long,2025-01-21 19:30:00+00:00,2025-01-21 21:45:00+00:00,2722.945,2733.525,2717.655,2733.525,10,tp,2.0
PEM,M15,long,2025-01-22 08:15:00+00:00,2025-01-22 11:15:00+00:00,2747.115,2751.055,2739.875,2761.5949999999993,13,timeout,0.5441988950276483
PEM,M15,long,2025-01-22 13:00:00+00:00,2025-01-22 13:30:00+00:00,2755.365,2748.015,2748.015,2770.0649999999996,3,sl,-1.0
PEM,M15,long,2025-01-22 16:30:00+00:00,2025-01-22 19:30:00+00:00,2756.565,2753.195,2745.815,2778.065,13,timeout,-0.3134883720930131
PEM,M15,short,2025-01-23 17:00:00+00:00,2025-01-23 18:15:00+00:00,2742.935,2753.355,2753.355,2722.095,6,sl,-1.0
PEM,M15,long,2025-01-24 07:45:00+00:00,2025-01-24 09:15:00+00:00,2756.725,2766.5389999999993,2751.818,2766.5389999999993,7,tp,2.0
PEM,M15,long,2025-01-24 12:45:00+00:00,2025-01-24 15:15:00+00:00,2773.945,2771.365,2771.365,2779.105000000001,11,sl,-1.0
PEM,M15,long,2025-01-24 20:30:00+00:00,2025-01-24 21:30:00+00:00,2782.295,2776.028,2776.028,2794.8290000000006,5,sl,-1.0
PEM,M15,short,2025-01-27 13:15:00+00:00,2025-01-27 16:15:00+00:00,2753.175,2761.695,2761.695,2736.135,13,sl,-1.0
PEM,M15,short,2025-01-28 14:00:00+00:00,2025-01-28 16:15:00+00:00,2739.155,2743.655,2743.655,2730.155,10,sl,-1.0
PEM,M15,long,2025-01-28 20:30:00+00:00,2025-01-28 21:30:00+00:00,2746.565,2754.6250000000005,2742.535,2754.6250000000005,5,tp,2.0
PEM,M15,long,2025-01-29 01:45:00+00:00,2025-01-29 04:45:00+00:00,2760.635,2763.525,2756.285,2769.335000000001,13,timeout,0.6643678160918692
PEM,M15,long,2025-01-29 15:45:00+00:00,2025-01-29 17:45:00+00:00,2764.005,2757.305,2757.305,2777.4050000000007,9,sl,-1.0
PEM,M15,short,2025-01-29 19:45:00+00:00,2025-01-29 21:15:00+00:00,2756.175,2759.475,2759.475,2749.5750000000007,7,sl,-1.0
PEM,M15,long,2025-01-30 06:15:00+00:00,2025-01-30 09:15:00+00:00,2758.918,2760.575,2753.895,2768.9640000000004,13,timeout,0.3298825403144839
PEM,M15,long,2025-01-30 20:15:00+00:00,2025-01-30 20:30:00+00:00,2781.065,2777.055,2777.055,2789.0850000000005,2,sl,-1.0
PEM,M15,long,2025-01-31 07:30:00+00:00,2025-01-31 10:30:00+00:00,2797.345,2796.965,2792.785,2806.4649999999997,13,timeout,-0.08333333333325854
PEM,M15,long,2025-02-03 20:00:00+00:00,2025-02-03 22:00:00+00:00,2808.835,2829.9750000000004,2798.265,2829.9750000000004,9,tp,2.0
PEM,M15,long,2025-02-04 17:15:00+00:00,2025-02-04 17:45:00+00:00,2819.945,2813.895,2813.895,2832.0450000000005,3,sl,-1.0
PEM,M15,long,2025-02-04 20:30:00+00:00,2025-02-04 22:15:00+00:00,2824.415,2842.795,2815.225,2842.795,8,tp,2.0
PEM,M15,long,2025-02-05 15:30:00+00:00,2025-02-05 18:30:00+00:00,2865.565,2869.245,2857.415,2881.8650000000002,13,timeout,0.4515337423312632
PEM,M15,long,2025-02-06 19:15:00+00:00,2025-02-06 20:45:00+00:00,2866.215,2858.815,2858.815,2881.0150000000003,7,sl,-1.0
PEM,M15,long,2025-02-07 03:30:00+00:00,2025-02-07 07:15:00+00:00,2856.028,2858.815,2848.575,2870.9339999999997,13,timeout,0.3739433785053363
PEM,M15,long,2025-02-10 08:30:00+00:00,2025-02-10 08:45:00+00:00,2870.198,2865.888,2865.888,2878.8179999999998,2,sl,-1.0
PEM,M15,long,2025-02-10 11:45:00+00:00,2025-02-10 14:00:00+00:00,2877.315,2889.475,2871.235,2889.475,10,tp,2.0
PEM,M15,long,2025-02-10 17:15:00+00:00,2025-02-10 20:15:00+00:00,2902.575,2904.825,2883.975,2939.7749999999996,13,timeout,0.12096774193548446
PEM,M15,long,2025-02-11 06:00:00+00:00,2025-02-11 06:45:00+00:00,2906.968,2915.553999999999,2902.675,2915.553999999999,4,tp,2.0
PEM,M15,short,2025-02-11 15:00:00+00:00,2025-02-11 18:00:00+00:00,2908.665,2903.465,2925.565,2874.865,13,timeout,0.3076923076922953
PEM,M15,short,2025-02-11 18:15:00+00:00,2025-02-11 20:00:00+00:00,2903.445,2888.645000000001,2910.845,2888.645000000001,8,tp,2.0
PEM,M15,short,2025-02-12 12:15:00+00:00,2025-02-12 14:30:00+00:00,2884.935,2895.575,2895.575,2863.655,10,sl,-1.0
PEM,M15,long,2025-02-13 00:15:00+00:00,2025-02-13 03:15:00+00:00,2904.355,2897.365,2879.625,2953.815,13,timeout,-0.28265264860494266
PEM,M15,long,2025-02-13 10:45:00+00:00,2025-02-13 13:45:00+00:00,2914.098,2913.855,2905.108,2932.0779999999995,13,timeout,-0.027030033370405344
PEM,M15,long,2025-02-14 02:30:00+00:00,2025-02-14 06:15:00+00:00,2926.755,2928.285,2912.885,2954.495,13,timeout,0.11031002162939851
PEM,M15,short,2025-02-15 03:30:00+00:00,2025-02-17 07:15:00+00:00,2880.345,2886.085,2895.165,2850.7049999999995,13,timeout,-0.3873144399460306
PEM,M15,long,2025-02-17 10:45:00+00:00,2025-02-17 13:15:00+00:00,2902.145,2894.265,2894.265,2917.905,11,sl,-1.0
PEM,M15,long,2025-02-17 15:15:00+00:00,2025-02-17 18:15:00+00:00,2901.055,2899.195,2894.665,2913.8349999999996,13,timeout,-0.29107981220652734
PEM,M15,long,2025-02-18 12:15:00+00:00,2025-02-18 15:15:00+00:00,2910.275,2910.995,2907.045,2916.735,13,timeout,0.22291021671820305
PEM,M15,long,2025-02-19 03:15:00+00:00,2025-02-19 07:00:00+00:00,2935.605,2933.545,2925.855,2955.105,13,timeout,-0.2112820512820457
PEM,M15,long,2025-02-19 13:15:00+00:00,2025-02-19 16:15:00+00:00,2932.845,2942.965,2927.285,2943.9649999999997,13,timeout,1.8201438848921663
PEM,M15,long,2025-02-20 03:30:00+00:00,2025-02-20 07:15:00+00:00,2932.875,2939.485,2923.568,2951.4889999999996,13,timeout,0.7102181153970428
PEM,M15,long,2025-02-20 15:30:00+00:00,2025-02-20 18:30:00+00:00,2954.535,2952.125,2944.655,2974.294999999999,13,timeout,-0.24392712550606668
PEM,M15,short,2025-02-21 10:45:00+00:00,2025-02-21 13:45:00+00:00,2929.168,2929.655,2940.935,2905.6340000000005,13,timeout,-0.04138692954874541
PEM,M15,short,2025-02-24 08:30:00+00:00,2025-02-24 09:45:00+00:00,2924.625,2937.748,2937.748,2898.379,6,sl,-1.0
PEM,M15,long,2025-02-25 08:30:00+00:00,2025-02-25 08:45:00+00:00,2950.725,2947.955,2947.955,2956.265,2,sl,-1.0
PEM,M15,short,2025-02-27 10:30:00+00:00,2025-02-27 12:30:00+00:00,2907.205,2892.965,2914.325,2892.965,9,tp,2.0
PEM,M15,short,2025-02-28 11:45:00+00:00,2025-02-28 14:45:00+00:00,2859.705,2858.995,2878.785,2821.545,13,timeout,0.03721174004193077
PEM,M15,short,2025-02-28 15:00:00+00:00,2025-02-28 18:00:00+00:00,2859.025,2862.805,2864.908,2847.2590000000005,13,timeout,-0.6425293217745822
PEM,M15,short,2025-03-01 01:45:00+00:00,2025-03-01 03:00:00+00:00,2839.495,2850.565,2850.565,2817.3549999999996,6,sl,-1.0
PEM,M15,long,2025-03-03 06:30:00+00:00,2025-03-03 09:30:00+00:00,2871.755,2870.095,2855.728,2903.809,13,timeout,-0.10357521682163254
PEM,M15,long,2025-03-04 04:30:00+00:00,2025-03-04 08:15:00+00:00,2891.778,2883.898,2883.898,2907.537999999999,13,sl,-1.0
PEM,M15,long,2025-03-04 12:00:00+00:00,2025-03-04 13:45:00+00:00,2891.898,2884.765,2884.765,2906.1640000000007,8,sl,-1.0
PEM,M15,long,2025-03-04 19:15:00+00:00,2025-03-04 21:45:00+00:00,2919.725,2913.515,2913.515,2932.145,11,sl,-1.0
PEM,M15,long,2025-03-05 13:15:00+00:00,2025-03-05 16:15:00+00:00,2918.145,2919.168,2907.615,2939.2050000000004,13,timeout,0.09715099715100843
PEM,M15,long,2025-03-07 13:00:00+00:00,2025-03-07 16:00:00+00:00,2911.465,2922.215,2903.765,2926.8650000000007,13,timeout,1.3961038961038466
PEM,M15,short,2025-03-10 21:00:00+00:00,2025-03-11 00:00:00+00:00,2899.359,2894.125,2915.155,2867.7669999999994,13,timeout,0.3313497087870241
PEM,M15,short,2025-03-11 00:15:00+00:00,2025-03-11 03:15:00+00:00,2894.085,2887.595,2906.605,2869.045,13,timeout,0.5183706070287737
PEM,M15,long,2025-03-11 14:15:00+00:00,2025-03-11 17:15:00+00:00,2900.435,2911.935,2889.125,2923.055,13,timeout,1.0167992926613665
PEM,M15,long,2025-03-11 18:00:00+00:00,2025-03-11 20:15:00+00:00,2913.845,2908.975,2908.975,2923.5849999999996,10,sl,-1.0
PEM,M15,short,2025-03-12 07:30:00+00:00,2025-03-12 10:30:00+00:00,2913.695,2918.835,2921.245,2898.5950000000007,13,timeout,-0.6807947019867627
PEM,M15,long,2025-03-13 08:30:00+00:00,2025-03-13 08:45:00+00:00,2939.875,2937.085,2937.085,2945.455,2,sl,-1.0
PEM,M15,long,2025-03-14 04:00:00+00:00,2025-03-14 07:45:00+00:00,2986.965,2984.748,2981.705,2997.4850000000006,13,timeout,-0.4214828897338415
PEM,M15,long,2025-03-14 16:30:00+00:00,2025-03-14 19:30:00+00:00,2995.495,2995.915,2983.195,3020.0949999999993,13,timeout,0.034146341463421305
PEM,M15,long,2025-03-17 06:45:00+00:00,2025-03-17 09:45:00+00:00,2993.285,2988.295,2983.048,3013.759,13,timeout,-0.4874474943830949
PEM,M15,short,2025-03-17 11:45:00+00:00,2025-03-17 14:45:00+00:00,2983.315,2985.315,2991.995,2965.9550000000004,13,timeout,-0.23041474654378316
PEM,M15,long,2025-03-17 18:15:00+00:00,2025-03-17 19:30:00+00:00,2999.255,2985.185,2985.185,3027.3950000000004,6,sl,-1.0
PEM,M15,long,2025-03-18 12:00:00+00:00,2025-03-18 12:30:00+00:00,3014.155,3010.625,3010.625,3021.2150000000006,3,sl,-1.0
PEM,M15,long,2025-03-18 15:45:00+00:00,2025-03-18 18:45:00+00:00,3025.569,3027.309,3011.999,3052.7090000000003,13,timeout,0.1282240235814455
PEM,M15,long,2025-03-18 23:45:00+00:00,2025-03-19 02:45:00+00:00,3035.765,3037.005,3029.515,3048.265,13,timeout,0.19840000000003782
PEM,M15,short,2025-03-19 08:45:00+00:00,2025-03-19 09:45:00+00:00,3028.968,3033.375,3033.375,3020.1539999999995,5,sl,-1.0
PEM,M15,long,2025-03-19 12:30:00+00:00,2025-03-19 15:15:00+00:00,3038.185,3032.195,3032.195,3050.1649999999995,12,sl,-1.0
PEM,M15,long,2025-03-19 18:00:00+00:00,2025-03-19 20:45:00+00:00,3035.988,3028.215,3028.215,3051.533999999999,12,sl,-1.0
PEM,M15,long,2025-03-19 23:45:00+00:00,2025-03-20 01:00:00+00:00,3036.955,3029.295,3029.295,3052.2749999999996,6,sl,-1.0
PEM,M15,long,2025-03-20 12:00:00+00:00,2025-03-20 12:30:00+00:00,3056.325,3047.068,3047.068,3074.838999999999,3,sl,-1.0
PEM,M15,short,2025-03-21 12:30:00+00:00,2025-03-21 15:30:00+00:00,3027.058,3029.275,3043.595,2993.9840000000004,13,timeout,-0.13406301021951528
PEM,M15,long,2025-03-24 14:15:00+00:00,2025-03-24 17:15:00+00:00,3025.145,3027.545,3015.985,3043.4649999999997,13,timeout,0.26200873362446825
PEM,M15,long,2025-03-25 12:45:00+00:00,2025-03-25 14:30:00+00:00,3018.975,3014.195,3014.195,3028.5349999999994,8,sl,-1.0
PEM,M15,long,2025-03-25 17:30:00+00:00,2025-03-25 19:15:00+00:00,3024.035,3019.575,3019.575,3032.955,8,sl,-1.0
PEM,M15,short,2025-03-26 08:15:00+00:00,2025-03-26 08:45:00+00:00,3016.848,3021.665,3021.665,3007.214,3,sl,-1.0
PEM,M15,long,2025-03-26 13:15:00+00:00,2025-03-26 16:15:00+00:00,3022.268,3021.185,3014.015,3038.7740000000003,13,timeout,-0.13122500908761217
PEM,M15,long,2025-03-27 07:00:00+00:00,2025-03-27 07:15:00+00:00,3020.625,3024.8450000000003,3018.515,3024.8450000000003,2,tp,2.0
PEM,M15,long,2025-03-27 14:30:00+00:00,2025-03-27 17:30:00+00:00,3031.748,3050.954,3022.145,3050.954,13,tp,2.0
PEM,M15,long,2025-03-28 11:15:00+00:00,2025-03-28 14:00:00+00:00,3074.565,3083.4590000000003,3070.118,3083.4590000000003,12,tp,2.0
PEM,M15,long,2025-03-31 05:00:00+00:00,2025-03-31 08:00:00+00:00,3086.498,3079.435,3079.435,3100.6240000000003,13,sl,-1.0
PEM,M15,long,2025-03-31 13:15:00+00:00,2025-03-31 16:15:00+00:00,3115.248,3122.648,3105.948,3133.8480000000004,13,timeout,0.795698924731177
PEM,M15,short,2025-04-02 18:15:00+00:00,2025-04-02 20:45:00+00:00,3114.845,3131.185,3131.185,3082.1649999999995,11,sl,-1.0
PEM,M15,long,2025-04-02 23:45:00+00:00,2025-04-03 01:30:00+00:00,3132.755,3119.515,3119.515,3159.2350000000006,8,sl,-1.0
PEM,M15,long,2025-04-03 06:45:00+00:00,2025-04-03 07:30:00+00:00,3158.825,3140.945,3140.945,3194.584999999999,4,sl,-1.0
PEM,M15,short,2025-04-03 12:30:00+00:00,2025-04-03 15:30:00+00:00,3133.995,3127.955,3155.105,3091.7749999999996,13,timeout,0.2861203221222135
PEM,M15,short,2025-04-03 17:30:00+00:00,2025-04-03 18:00:00+00:00,3118.898,3092.8240000000005,3131.935,3092.8240000000005,3,tp,2.0
PEM,M15,short,2025-04-04 14:45:00+00:00,2025-04-04 17:45:00+00:00,3098.885,3109.598,3109.598,3077.4590000000007,13,sl,-1.0
PEM,M15,long,2025-04-11 08:00:00+00:00,2025-04-11 11:00:00+00:00,3213.255,3216.535,3183.475,3272.8150000000005,13,timeout,0.11014103425116599
PEM,M15,long,2025-04-11 17:15:00+00:00,2025-04-11 18:00:00+00:00,3227.975,3213.105,3213.105,3257.7149999999997,4,sl,-1.0
PEM,M15,long,2025-04-11 22:45:00+00:00,2025-04-12 00:00:00+00:00,3239.235,3223.815,3223.815,3270.0750000000003,6,sl,-1.0
PEM,M15,short,2025-04-14 05:30:00+00:00,2025-04-14 08:30:00+00:00,3217.195,3227.525,3237.965,3175.655,13,timeout,-0.49735194992777737
PEM,M15,short,2025-04-14 18:00:00+00:00,2025-04-14 21:00:00+00:00,3208.835,3203.865,3235.565,3155.375,13,timeout,0.18593340815563977
PEM,M15,short,2025-04-14 23:15:00+00:00,2025-04-15 00:15:00+00:00,3197.805,3210.025,3210.025,3173.3649999999993,5,sl,-1.0
PEM,M15,long,2025-04-16 01:00:00+00:00,2025-04-16 04:00:00+00:00,3229.125,3229.855,3218.275,3250.825,13,timeout,0.06728110599078566
PEM,M15,long,2025-04-16 05:45:00+00:00,2025-04-16 07:00:00+00:00,3234.655,3251.9550000000004,3226.005,3251.9550000000004,6,tp,2.0
PEM,M15,long,2025-04-17 01:45:00+00:00,2025-04-17 05:30:00+00:00,3336.525,3352.645,3325.105,3359.3650000000002,13,timeout,1.4115586690017328
PEM,M15,long,2025-04-21 05:45:00+00:00,2025-04-21 08:45:00+00:00,3344.275,3376.635,3318.625,3395.5750000000003,13,timeout,1.2615984405458094
PEM,M15,long,2025-04-21 12:45:00+00:00,2025-04-21 15:45:00+00:00,3382.735,3391.075,3373.265,3401.6750000000006,13,timeout,0.8806758183737557
PEM,M15,long,2025-04-22 05:45:00+00:00,2025-04-22 07:15:00+00:00,3432.005,3419.505,3419.505,3457.005,7,sl,-1.0
PEM,M15,short,2025-04-22 16:15:00+00:00,2025-04-22 19:15:00+00:00,3448.135,3459.515,3473.705,3396.995000000001,13,timeout,-0.44505279624559185
PEM,M15,short,2025-04-23 02:00:00+00:00,2025-04-23 05:45:00+00:00,3379.335,3333.605,3430.345,3277.3150000000005,13,timeout,0.8964908841403691
PEM,M15,short,2025-04-23 10:15:00+00:00,2025-04-23 13:15:00+00:00,3355.295,3315.145,3379.705,3306.4750000000004,13,timeout,1.644817697664905
PEM,M15,short,2025-04-23 19:30:00+00:00,2025-04-23 21:00:00+00:00,3317.105,3277.3250000000003,3336.995,3277.3250000000003,7,tp,2.0
PEM,M15,long,2025-04-24 05:45:00+00:00,2025-04-24 08:45:00+00:00,3310.195,3363.605,3277.545,3375.4950000000003,13,timeout,1.635834609494631
PEM,M15,short,2025-04-25 11:15:00+00:00,2025-04-25 14:15:00+00:00,3326.555,3310.665,3351.065,3277.5349999999994,13,timeout,0.6483068135454807
PEM,M15,long,2025-04-26 03:00:00+00:00,2025-04-28 06:45:00+00:00,3307.405,3305.465,3287.665,3346.8850000000007,13,timeout,-0.09827760891590838
PEM,M15,short,2025-04-30 11:15:00+00:00,2025-04-30 12:15:00+00:00,3304.365,3312.855,3312.855,3287.3849999999993,5,sl,-1.0
PEM,M15,short,2025-05-01 17:30:00+00:00,2025-05-01 20:30:00+00:00,3215.765,3222.375,3245.145,3157.0049999999997,13,timeout,-0.22498298162015326
PEM,M15,long,2025-05-02 03:15:00+00:00,2025-05-02 03:45:00+00:00,3227.775,3236.475,3223.425,3236.475,3,tp,2.0
PEM,M15,long,2025-05-02 17:15:00+00:00,2025-05-02 17:45:00+00:00,3265.375,3257.435,3257.435,3281.255,3,sl,-1.0
PEM,M15,long,2025-05-07 00:00:00+00:00,2025-05-07 03:00:00+00:00,3408.605,3421.475,3392.775,3440.265,13,timeout,0.8130132659507233
PEM,M15,short,2025-05-07 08:00:00+00:00,2025-05-07 11:00:00+00:00,3365.315,3376.065,3424.115,3247.7150000000006,13,timeout,-0.18282312925170152
PEM,M15,long,2025-05-08 07:45:00+00:00,2025-05-08 10:45:00+00:00,3384.225,3398.005,3363.035,3426.605,13,timeout,0.6503067484662655
PEM,M15,long,2025-05-09 18:45:00+00:00,2025-05-09 21:45:00+00:00,3330.235,3335.965,3319.925,3350.855,13,timeout,0.5557710960232831
PEM,M15,long,2025-05-09 23:30:00+00:00,2025-05-10 02:30:00+00:00,3346.645,3328.925,3328.925,3382.0849999999996,13,sl,-1.0
PEM,M15,short,2025-05-10 02:45:00+00:00,2025-05-12 05:00:00+00:00,3328.955,3302.215,3342.325,3302.215,7,tp,2.0
PEM,M15,short,2025-05-12 14:30:00+00:00,2025-05-12 17:30:00+00:00,3247.795,3215.315,3284.505,3174.375,13,timeout,0.8847725415418138
PEM,M15,short,2025-05-12 23:45:00+00:00,2025-05-13 02:45:00+00:00,3227.525,3235.345,3240.915,3200.7450000000003,13,timeout,-0.5840179238237329
PEM,M15,long,2025-05-13 12:00:00+00:00,2025-05-13 15:00:00+00:00,3247.295,3258.655,3224.845,3292.1950000000006,13,timeout,0.5060133630289527
PEM,M15,short,2025-05-14 09:30:00+00:00,2025-05-14 12:30:00+00:00,3237.135,3223.045,3257.635,3196.135,13,timeout,0.6873170731707388
PEM,M15,short,2025-05-14 19:15:00+00:00,2025-05-14 20:15:00+00:00,3219.205,3179.885,3238.865,3179.885,5,tp,2.0
PEM,M15,short,2025-05-15 11:45:00+00:00,2025-05-15 12:45:00+00:00,3148.425,3133.1050000000005,3156.085,3133.1050000000005,5,tp,2.0
PEM,M15,long,2025-05-15 16:15:00+00:00,2025-05-15 19:15:00+00:00,3162.815,3179.915,3138.555,3211.3350000000005,13,timeout,0.704863973619116
PEM,M15,long,2025-05-15 19:45:00+00:00,2025-05-15 22:15:00+00:00,3184.205,3207.045,3172.785,3207.045,11,tp,2.0
PEM,M15,short,2025-05-16 10:15:00+00:00,2025-05-16 13:15:00+00:00,3216.515,3225.165,3239.355,3170.8349999999996,13,timeout,-0.3787215411558685
PEM,M15,short,2025-05-16 18:00:00+00:00,2025-05-16 21:00:00+00:00,3193.335,3184.525,3216.705,3146.5950000000003,13,timeout,0.37697903294822366
PEM,M15,long,2025-05-17 02:45:00+00:00,2025-05-19 06:00:00+00:00,3194.555,3238.8349999999996,3172.415,3238.8349999999996,11,tp,2.0
PEM,M15,short,2025-05-19 11:15:00+00:00,2025-05-19 13:30:00+00:00,3212.695,3230.095,3230.095,3177.895000000001,10,sl,-1.0
PEM,M15,short,2025-05-20 01:15:00+00:00,2025-05-20 05:00:00+00:00,3225.885,3228.925,3236.105,3205.4450000000006,13,timeout,-0.29745596868884766
PEM,M15,short,2025-05-20 06:45:00+00:00,2025-05-20 08:15:00+00:00,3221.245,3227.295,3227.295,3209.1449999999995,7,sl,-1.0
PEM,M15,long,2025-05-20 16:15:00+00:00,2025-05-20 19:15:00+00:00,3236.165,3236.085,3208.265,3291.965,13,timeout,-0.0028673835125421856
PEM,M15,long,2025-05-21 03:30:00+00:00,2025-05-21 07:15:00+00:00,3294.645,3294.095,3275.915,3332.105,13,timeout,-0.029364655632684537
PEM,M15,long,2025-05-21 13:15:00+00:00,2025-05-21 16:15:00+00:00,3313.955,3308.048,3298.145,3345.575,13,timeout,-0.3736242884250584
PEM,M15,long,2025-05-22 02:45:00+00:00,2025-05-22 06:30:00+00:00,3323.498,3322.245,3301.635,3367.2239999999997,13,timeout,-0.05731143941820273
PEM,M15,long,2025-05-23 11:15:00+00:00,2025-05-23 12:00:00+00:00,3302.748,3314.788,3296.728,3314.788,4,tp,2.0
PEM,M15,long,2025-05-23 12:45:00+00:00,2025-05-23 14:00:00+00:00,3319.005,3332.545,3312.235,3332.545,6,tp,2.0
PEM,M15,short,2025-05-26 07:15:00+00:00,2025-05-26 09:45:00+00:00,3343.615,3350.398,3350.398,3330.048999999999,11,sl,-1.0
PEM,M15,long,2025-05-27 00:00:00+00:00,2025-05-27 06:15:00+00:00,3342.048,3346.298,3335.285,3355.5739999999996,13,timeout,0.6284193405293583
PEM,M15,short,2025-05-27 12:15:00+00:00,2025-05-27 14:00:00+00:00,3331.395,3311.8889999999997,3341.148,3311.8889999999997,8,tp,2.0
PEM,M15,short,2025-05-27 18:30:00+00:00,2025-05-27 21:30:00+00:00,3292.965,3295.755,3308.195,3262.505,13,timeout,-0.18319107025607093
PEM,M15,long,2025-05-28 06:45:00+00:00,2025-05-28 09:00:00+00:00,3308.615,3299.985,3299.985,3325.874999999999,10,sl,-1.0
PEM,M15,long,2025-05-28 12:45:00+00:00,2025-05-28 15:45:00+00:00,3306.688,3317.225,3294.135,3331.794,13,timeout,0.8394009400143316
PEM,M15,short,2025-05-28 22:45:00+00:00,2025-05-29 01:45:00+00:00,3293.215,3299.595,3313.098,3253.4490000000005,13,timeout,-0.32087713121760875
PEM,M15,short,2025-05-29 06:00:00+00:00,2025-05-29 06:30:00+00:00,3285.198,3261.5839999999994,3297.005,3261.5839999999994,3,tp,2.0
PEM,M15,long,2025-05-29 17:45:00+00:00,2025-05-29 20:45:00+00:00,3298.655,3312.395,3275.985,3343.9950000000003,13,timeout,0.606087340097033
PEM,M15,long,2025-05-29 22:45:00+00:00,2025-05-30 01:45:00+00:00,3316.155,3320.635,3296.258,3355.949000000001,13,timeout,0.22515957179473944
PEM,M15,long,2025-06-02 18:45:00+00:00,2025-06-02 21:00:00+00:00,3354.145,3374.105,3344.165,3374.105,10,tp,2.0
PEM,M15,long,2025-06-03 02:15:00+00:00,2025-06-03 06:00:00+00:00,3378.755,3389.075,3360.085,3416.0950000000003,13,timeout,0.5527584359935548
PEM,M15,short,2025-06-04 18:30:00+00:00,2025-06-04 20:00:00+00:00,3349.495,3360.248,3360.248,3327.9889999999996,7,sl,-1.0
PEM,M15,long,2025-06-05 16:15:00+00:00,2025-06-05 18:15:00+00:00,3376.948,3401.394,3364.725,3401.394,9,tp,2.0
PEM,M15,long,2025-06-06 07:30:00+00:00,2025-06-06 08:00:00+00:00,3363.398,3357.248,3357.248,3375.6980000000003,3,sl,-1.0
PEM,M15,long,2025-06-06 11:00:00+00:00,2025-06-06 13:00:00+00:00,3369.985,3362.148,3362.148,3385.659,9,sl,-1.0
PEM,M15,long,2025-06-06 18:30:00+00:00,2025-06-06 19:15:00+00:00,3362.255,3355.588,3355.588,3375.589,4,sl,-1.0
PEM,M15,long,2025-06-09 23:00:00+00:00,2025-06-10 02:00:00+00:00,3330.339,3332.995,3318.675,3353.6669999999995,13,timeout,0.22770919067215395
PEM,M15,short,2025-06-10 07:45:00+00:00,2025-06-10 08:30:00+00:00,3321.148,3309.8740000000007,3326.785,3309.8740000000007,4,tp,2.0
PEM,M15,long,2025-06-10 18:00:00+00:00,2025-06-10 20:45:00+00:00,3333.935,3348.2149999999997,3326.795,3348.2149999999997,12,tp,2.0
PEM,M15,long,2025-06-11 02:45:00+00:00,2025-06-11 06:30:00+00:00,3331.748,3319.755,3319.755,3355.734,13,sl,-1.0
PEM,M15,long,2025-06-11 08:00:00+00:00,2025-06-11 11:00:00+00:00,3332.448,3337.805,3320.798,3355.748,13,timeout,0.45982832618025143
PEM,M15,short,2025-06-12 00:45:00+00:00,2025-06-12 01:15:00+00:00,3324.048,3333.898,3333.898,3304.347999999999,3,sl,-1.0
PEM,M15,long,2025-06-12 05:45:00+00:00,2025-06-12 08:45:00+00:00,3363.848,3369.948,3351.145,3389.254,13,timeout,0.4802015271982934
PEM,M15,long,2025-06-12 09:45:00+00:00,2025-06-12 12:45:00+00:00,3375.498,3374.255,3363.148,3400.198,13,timeout,-0.10064777327934796
PEM,M15,long,2025-06-12 17:30:00+00:00,2025-06-12 19:45:00+00:00,3367.245,3388.7249999999995,3356.505,3388.7249999999995,10,tp,2.0
PEM,M15,long,2025-06-13 07:15:00+00:00,2025-06-13 07:30:00+00:00,3392.405,3413.0850000000005,3382.065,3413.0850000000005,2,tp,2.0
PEM,M15,long,2025-06-13 15:45:00+00:00,2025-06-13 18:00:00+00:00,3424.525,3412.995,3412.995,3447.5850000000005,10,sl,-1.0
PEM,M15,long,2025-06-13 19:45:00+00:00,2025-06-13 22:45:00+00:00,3427.968,3423.555,3418.348,3447.2079999999996,13,timeout,-0.45873180873181507
PEM,M15,short,2025-06-17 16:15:00+00:00,2025-06-17 17:15:00+00:00,3379.525,3387.965,3387.965,3362.645,5,sl,-1.0
PEM,M15,short,2025-06-17 21:15:00+00:00,2025-06-17 21:45:00+00:00,3389.365,3368.1989999999996,3399.948,3368.1989999999996,3,tp,2.0
PEM,M15,long,2025-06-18 00:45:00+00:00,2025-06-18 03:45:00+00:00,3389.535,3387.105,3379.965,3408.6749999999993,13,timeout,-0.25391849529779625
PEM,M15,short,2025-06-18 14:00:00+00:00,2025-06-18 17:00:00+00:00,3379.625,3377.945,3395.095,3348.6850000000004,13,timeout,0.10859728506786412
PEM,M15,long,2025-06-19 17:45:00+00:00,2025-06-19 20:30:00+00:00,3376.555,3362.058,3362.058,3405.5489999999995,12,sl,-1.0
PEM,M15,short,2025-06-20 12:30:00+00:00,2025-06-20 13:00:00+00:00,3352.925,3342.379000000001,3358.198,3342.379000000001,3,tp,2.0
PEM,M15,short,2025-06-20 18:45:00+00:00,2025-06-20 20:30:00+00:00,3351.448,3357.775,3357.775,3338.7939999999994,8,sl,-1.0
PEM,M15,long,2025-06-23 18:30:00+00:00,2025-06-23 19:30:00+00:00,3375.045,3364.835,3364.835,3395.465,5,sl,-1.0
PEM,M15,short,2025-06-24 12:45:00+00:00,2025-06-24 15:45:00+00:00,3337.175,3327.455,3354.555,3302.415000000001,13,timeout,0.5592635212888635
PEM,M15,short,2025-06-24 16:45:00+00:00,2025-06-24 18:30:00+00:00,3319.005,3328.635,3328.635,3299.745,8,sl,-1.0
PEM,M15,long,2025-06-25 23:15:00+00:00,2025-06-26 02:15:00+00:00,3326.035,3331.225,3320.335,3337.4349999999995,13,timeout,0.9105263157895123
PEM,M15,long,2025-06-26 06:45:00+00:00,2025-06-26 08:30:00+00:00,3336.755,3331.065,3331.065,3348.135,8,sl,-1.0
PEM,M15,short,2025-06-27 19:15:00+00:00,2025-06-27 20:15:00+00:00,3281.145,3261.605,3290.915,3261.605,5,tp,2.0
PEM,M15,long,2025-06-30 12:30:00+00:00,2025-06-30 15:30:00+00:00,3286.285,3292.828,3270.808,3317.2389999999996,13,timeout,0.422756348129494
PEM,M15,short,2025-06-30 18:45:00+00:00,2025-06-30 19:45:00+00:00,3275.285,3287.195,3287.195,3251.4649999999992,5,sl,-1.0
PEM,M15,long,2025-06-30 23:30:00+00:00,2025-07-01 02:30:00+00:00,3293.895,3306.125,3279.315,3323.055,13,timeout,0.8388203017832702
PEM,M15,long,2025-07-01 02:45:00+00:00,2025-07-01 06:30:00+00:00,3306.165,3309.455,3296.948,3324.599,13,timeout,0.35694911576434074
PEM,M15,long,2025-07-01 11:00:00+00:00,2025-07-01 13:45:00+00:00,3321.035,3332.415,3315.345,3332.415,12,tp,2.0
PEM,M15,long,2025-07-01 18:30:00+00:00,2025-07-01 21:30:00+00:00,3350.855,3351.475,3338.078,3376.409,13,timeout,0.04852469280737957
PEM,M15,long,2025-07-03 01:45:00+00:00,2025-07-03 05:30:00+00:00,3352.145,3364.085,3339.975,3376.485,13,timeout,0.9811010682004916
PEM,M15,short,2025-07-03 20:00:00+00:00,2025-07-03 23:00:00+00:00,3313.785,3328.048,3353.598,3234.1589999999997,13,timeout,-0.3582498178986734
PEM,M15,long,2025-07-04 13:45:00+00:00,2025-07-04 14:15:00+00:00,3343.295,3336.675,3336.675,3356.535,3,sl,-1.0
PEM,M15,long,2025-07-07 05:00:00+00:00,2025-07-07 05:15:00+00:00,3334.015,3338.747,3331.649,3338.747,2,tp,2.0
PEM,M15,short,2025-07-07 12:00:00+00:00,2025-07-07 13:15:00+00:00,3305.975,3315.025,3315.025,3287.8749999999995,6,sl,-1.0
PEM,M15,long,2025-07-08 00:00:00+00:00,2025-07-08 03:00:00+00:00,3326.268,3336.975,3316.019,3346.7660000000005,13,timeout,1.0446872865645056
PEM,M15,long,2025-07-08 12:45:00+00:00,2025-07-08 15:15:00+00:00,3334.975,3328.975,3328.975,3346.975,11,sl,-1.0
PEM,M15,short,2025-07-09 13:00:00+00:00,2025-07-09 16:00:00+00:00,3291.495,3284.625,3306.325,3261.835,13,timeout,0.46325016857720325
PEM,M15,long,2025-07-09 23:45:00+00:00,2025-07-10 02:45:00+00:00,3312.075,3315.448,3293.575,3349.075,13,timeout,0.18232432432432688
PEM,M15,long,2025-07-10 12:15:00+00:00,2025-07-10 15:15:00+00:00,3322.705,3321.115,3314.655,3338.8049999999994,13,timeout,-0.19751552795033533
PEM,M15,long,2025-07-10 20:15:00+00:00,2025-07-10 21:00:00+00:00,3326.315,3317.765,3317.765,3343.4150000000004,4,sl,-1.0
PEM,M15,long,2025-07-11 08:00:00+00:00,2025-07-11 11:00:00+00:00,3335.525,3333.598,3322.848,3360.8790000000004,13,timeout,-0.1520075727695917
PEM,M15,long,2025-07-11 17:15:00+00:00,2025-07-11 20:00:00+00:00,3340.205,3355.385,3332.615,3355.385,12,tp,2.0
PEM,M15,long,2025-07-15 11:45:00+00:00,2025-07-15 14:45:00+00:00,3360.285,3364.555,3346.655,3387.544999999999,13,timeout,0.3132795304475488
PEM,M15,long,2025-07-16 12:00:00+00:00,2025-07-16 15:00:00+00:00,3336.045,3338.065,3328.098,3351.9390000000003,13,timeout,0.2541839687932493
PEM,M15,short,2025-07-18 12:00:00+00:00,2025-07-18 12:15:00+00:00,3333.825,3338.148,3338.148,3325.178999999999,2,sl,-1.0
PEM,M15,long,2025-07-21 07:45:00+00:00,2025-07-21 10:45:00+00:00,3352.165,3352.098,3345.245,3366.005,13,timeout,-0.00968208092485644
PEM,M15,long,2025-07-21 12:00:00+00:00,2025-07-21 12:45:00+00:00,3356.525,3368.779,3350.398,3368.779,4,tp,2.0
PEM,M15,long,2025-07-21 18:45:00+00:00,2025-07-21 20:45:00+00:00,3372.435,3390.8349999999996,3363.235,3390.8349999999996,9,tp,2.0
PEM,M15,short,2025-07-22 12:45:00+00:00,2025-07-22 15:45:00+00:00,3387.425,3387.885,3393.425,3375.425,13,timeout,-0.07666666666667273
PEM,M15,long,2025-07-22 19:15:00+00:00,2025-07-22 20:00:00+00:00,3392.375,3406.2690000000002,3385.428,3406.2690000000002,4,tp,2.0
PEM,M15,long,2025-07-23 16:30:00+00:00,2025-07-23 19:30:00+00:00,3430.648,3426.245,3419.708,3452.5280000000002,13,timeout,-0.4024680073126349
PEM,M15,short,2025-07-23 20:30:00+00:00,2025-07-23 23:15:00+00:00,3416.648,3390.434,3429.755,3390.434,12,tp,2.0
PEM,M15,short,2025-07-24 16:30:00+00:00,2025-07-24 19:30:00+00:00,3366.055,3360.705,3376.785,3344.595,13,timeout,0.49860205032617894
PEM,M15,short,2025-07-25 18:00:00+00:00,2025-07-25 21:00:00+00:00,3343.598,3343.698,3348.648,3333.4979999999996,13,timeout,-0.019801980198001078
PEM,M15,short,2025-07-28 19:45:00+00:00,2025-07-28 21:00:00+00:00,3328.898,3309.764,3338.465,3309.764,6,tp,2.0
PEM,M15,long,2025-07-30 16:30:00+00:00,2025-07-30 19:30:00+00:00,3332.355,3326.265,3323.025,3351.015,13,timeout,-0.6527331189710818
PEM,M15,long,2025-07-31 12:15:00+00:00,2025-07-31 14:45:00+00:00,3298.395,3308.2149999999997,3293.485,3308.2149999999997,11,tp,2.0
PEM,M15,long,2025-08-01 13:15:00+00:00,2025-08-01 13:45:00+00:00,3296.265,3291.275,3291.275,3306.2449999999994,3,sl,-1.0
PEM,M15,long,2025-08-01 18:30:00+00:00,2025-08-01 19:45:00+00:00,3300.475,3315.4549999999995,3292.985,3315.4549999999995,6,tp,2.0
PEM,M15,long,2025-08-02 03:00:00+00:00,2025-08-04 06:45:00+00:00,3359.738,3358.498,3345.415,3388.3839999999996,13,timeout,-0.08657404175101538
PEM,M15,long,2025-08-04 11:00:00+00:00,2025-08-04 14:00:00+00:00,3357.845,3360.148,3350.015,3373.5049999999997,13,timeout,0.29412515964244695
PEM,M15,long,2025-08-04 18:45:00+00:00,2025-08-04 21:45:00+00:00,3367.725,3374.705,3356.455,3390.265,13,timeout,0.6193433895297276
PEM,M15,short,2025-08-05 17:15:00+00:00,2025-08-05 20:00:00+00:00,3359.365,3366.105,3366.105,3345.8849999999993,12,sl,-1.0
PEM,M15,long,2025-08-05 23:15:00+00:00,2025-08-06 02:15:00+00:00,3389.348,3379.948,3368.769,3430.5060000000003,13,timeout,-0.45677632538024243
PEM,M15,short,2025-08-06 12:30:00+00:00,2025-08-06 13:30:00+00:00,3371.645,3377.098,3377.098,3360.739,5,sl,-1.0
PEM,M15,long,2025-08-07 20:00:00+00:00,2025-08-07 21:15:00+00:00,3384.625,3374.505,3374.505,3404.865,6,sl,-1.0
PEM,M15,long,2025-08-07 23:30:00+00:00,2025-08-08 00:15:00+00:00,3390.795,3384.998,3384.998,3402.389,4,sl,-1.0
PEM,M15,short,2025-08-08 12:45:00+00:00,2025-08-08 14:15:00+00:00,3390.465,3398.829,3398.829,3373.737,7,sl,-1.0
PEM,M15,long,2025-08-08 23:30:00+00:00,2025-08-09 01:00:00+00:00,3394.995,3388.488,3388.488,3408.009,7,sl,-1.0
PEM,M15,short,2025-08-11 07:30:00+00:00,2025-08-11 10:30:00+00:00,3386.505,3379.365,3396.448,3366.6190000000006,13,timeout,0.7180931308458717
PEM,M15,short,2025-08-11 13:45:00+00:00,2025-08-11 16:45:00+00:00,3367.435,3358.155,3380.029,3342.247,13,timeout,0.7368588216610853
PEM,M15,short,2025-08-11 18:15:00+00:00,2025-08-11 21:15:00+00:00,3357.865,3357.448,3365.405,3342.784999999999,13,timeout,0.05530503978778424
PEM,M15,short,2025-08-12 13:45:00+00:00,2025-08-12 14:45:00+00:00,3344.825,3354.755,3354.755,3324.9649999999992,5,sl,-1.0
PEM,M15,long,2025-08-15 11:00:00+00:00,2025-08-15 14:00:00+00:00,3343.395,3341.345,3338.065,3354.055,13,timeout,-0.384615384615424
PEM,M15,short,2025-08-15 19:45:00+00:00,2025-08-15 20:00:00+00:00,3336.898,3344.048,3344.048,3322.598000000001,2,sl,-1.0
PEM,M15,short,2025-08-15 23:45:00+00:00,2025-08-16 02:45:00+00:00,3338.698,3336.648,3344.465,3327.1639999999993,13,timeout,0.3554707820356559
PEM,M15,short,2025-08-18 06:45:00+00:00,2025-08-18 07:15:00+00:00,3329.165,3334.998,3334.998,3317.499,3,sl,-1.0
PEM,M15,long,2025-08-18 11:00:00+00:00,2025-08-18 14:00:00+00:00,3348.655,3348.635,3342.125,3361.7150000000006,13,timeout,-0.003062787136291148
PEM,M15,long,2025-08-21 02:45:00+00:00,2025-08-21 06:30:00+00:00,3348.348,3347.405,3325.345,3394.3540000000003,13,timeout,-0.04099465287135373
PEM,M15,short,2025-08-21 11:30:00+00:00,2025-08-21 14:30:00+00:00,3339.048,3337.155,3343.755,3329.633999999999,13,timeout,0.4021669853408625
PEM,M15,short,2025-08-22 12:00:00+00:00,2025-08-22 15:00:00+00:00,3329.055,3328.365,3335.765,3315.6349999999998,13,timeout,0.1028315946348809
PEM,M15,long,2025-08-25 13:45:00+00:00,2025-08-25 16:15:00+00:00,3368.595,3362.945,3362.945,3379.894999999999,11,sl,-1.0
PEM,M15,long,2025-08-25 17:15:00+00:00,2025-08-25 20:15:00+00:00,3367.605,3363.965,3361.825,3379.1650000000004,13,timeout,-0.6297577854670842
PEM,M15,short,2025-08-26 02:30:00+00:00,2025-08-26 06:15:00+00:00,3368.885,3360.5250000000005,3373.065,3360.5250000000005,13,tp,2.0
PEM,M15,short,2025-08-26 06:45:00+00:00,2025-08-26 07:15:00+00:00,3353.648,3365.105,3365.105,3330.7340000000004,3,sl,-1.0
PEM,M15,long,2025-08-26 12:00:00+00:00,2025-08-26 14:15:00+00:00,3377.525,3371.665,3371.665,3389.2450000000003,10,sl,-1.0
PEM,M15,short,2025-08-26 14:45:00+00:00,2025-08-26 14:45:00+00:00,3370.685,3377.565,3377.565,3356.9249999999997,1,sl,-1.0
PEM,M15,long,2025-08-27 05:15:00+00:00,2025-08-27 08:15:00+00:00,3393.945,3387.535,3387.535,3406.765000000001,13,sl,-1.0
PEM,M15,short,2025-08-27 11:30:00+00:00,2025-08-27 14:30:00+00:00,3379.115,3374.195,3384.365,3368.615,13,timeout,0.9371428571427843
PEM,M15,long,2025-08-28 00:00:00+00:00,2025-08-28 03:00:00+00:00,3394.655,3396.205,3376.448,3431.069000000001,13,timeout,0.08513209205249073
PEM,M15,long,2025-08-28 14:15:00+00:00,2025-08-28 17:15:00+00:00,3395.205,3395.365,3385.245,3415.125,13,timeout,0.01606425702809778
PEM,M15,long,2025-08-28 23:45:00+00:00,2025-08-29 02:45:00+00:00,3416.465,3419.198,3395.975,3457.4450000000006,13,timeout,0.13338213762809606
PEM,M15,long,2025-09-02 23:30:00+00:00,2025-09-03 02:30:00+00:00,3524.169,3536.895,3509.909,3552.6889999999994,13,timeout,0.8924263674614533
PEM,M15,long,2025-09-03 02:45:00+00:00,2025-09-03 06:30:00+00:00,3536.995,3527.495,3524.345,3562.295,13,timeout,-0.7509881422924847
PEM,M15,long,2025-09-04 00:00:00+00:00,2025-09-04 03:00:00+00:00,3569.005,3561.345,3561.345,3584.3250000000007,13,sl,-1.0
PEM,M15,short,2025-09-05 01:00:00+00:00,2025-09-05 04:00:00+00:00,3545.645,3544.645,3554.475,3527.985,13,timeout,0.11325028312570874
PEM,M15,long,2025-09-05 07:15:00+00:00,2025-09-05 10:15:00+00:00,3554.595,3553.435,3539.715,3584.354999999999,13,timeout,-0.07795698924730386
PEM,M15,short,2025-09-05 14:45:00+00:00,2025-09-05 17:45:00+00:00,3547.665,3550.965,3553.635,3535.7249999999995,13,timeout,-0.5527638190954843
PEM,M15,long,2025-09-05 20:00:00+00:00,2025-09-05 23:00:00+00:00,3579.505,3591.365,3547.365,3643.7850000000008,13,timeout,0.36901057871809434
PEM,M15,long,2025-09-05 23:45:00+00:00,2025-09-06 02:45:00+00:00,3599.645,3592.835,3589.005,3620.9249999999997,13,timeout,-0.640037593984965
PEM,M15,long,2025-09-09 07:30:00+00:00,2025-09-09 09:30:00+00:00,3637.285,3654.365,3628.745,3654.365,9,tp,2.0
PEM,M15,long,2025-09-09 12:00:00+00:00,2025-09-09 13:30:00+00:00,3656.295,3636.725,3636.725,3695.4350000000004,7,sl,-1.0
PEM,M15,long,2025-09-10 17:15:00+00:00,2025-09-10 19:45:00+00:00,3655.335,3644.558,3644.558,3676.889,11,sl,-1.0
PEM,M15,long,2025-09-11 07:15:00+00:00,2025-09-11 09:30:00+00:00,3645.125,3637.885,3637.885,3659.6049999999996,10,sl,-1.0
PEM,M15,short,2025-09-11 12:15:00+00:00,2025-09-11 13:30:00+00:00,3629.805,3634.048,3634.048,3621.319,6,sl,-1.0
PEM,M15,short,2025-09-15 14:15:00+00:00,2025-09-15 17:15:00+00:00,3636.035,3645.155,3646.715,3614.6749999999993,13,timeout,-0.853932584269672
PEM,M15,long,2025-09-15 23:30:00+00:00,2025-09-16 02:30:00+00:00,3679.805,3679.395,3644.375,3750.6649999999995,13,timeout,-0.011572114027656122
PEM,M15,long,2025-09-16 07:45:00+00:00,2025-09-16 09:45:00+00:00,3684.105,3676.405,3676.405,3699.5049999999997,9,sl,-1.0
PEM,M15,long,2025-09-17 03:45:00+00:00,2025-09-17 07:30:00+00:00,3693.285,3693.495,3678.625,3722.6049999999996,13,timeout,0.014324693042294575
PEM,M15,short,2025-09-17 18:00:00+00:00,2025-09-17 19:15:00+00:00,3666.295,3670.845,3670.845,3657.1950000000006,6,sl,-1.0
PEM,M15,short,2025-09-18 09:00:00+00:00,2025-09-18 12:00:00+00:00,3653.958,3653.748,3685.098,3591.6780000000003,13,timeout,0.006743737957611986
PEM,M15,long,2025-09-18 16:15:00+00:00,2025-09-18 19:15:00+00:00,3665.225,3666.525,3636.405,3722.8649999999993,13,timeout,0.045107564191540425
PEM,M15,long,2025-09-19 11:00:00+00:00,2025-09-19 13:45:00+00:00,3655.065,3643.365,3643.365,3678.4650000000006,12,sl,-1.0
PEM,M15,short,2025-09-19 19:00:00+00:00,2025-09-19 20:45:00+00:00,3647.315,3658.635,3658.635,3624.6749999999997,8,sl,-1.0
PEM,M15,long,2025-09-20 02:30:00+00:00,2025-09-22 06:15:00+00:00,3683.145,3687.265,3677.768,3693.899,13,timeout,0.766226520364502
PEM,M15,long,2025-09-23 00:45:00+00:00,2025-09-23 03:45:00+00:00,3742.845,3747.685,3730.435,3767.6649999999995,13,timeout,0.39000805801774396
PEM,M15,long,2025-09-23 13:00:00+00:00,2025-09-23 16:00:00+00:00,3756.345,3775.425,3738.895,3791.2449999999994,13,timeout,1.0934097421203772
PEM,M15,long,2025-09-23 22:45:00+00:00,2025-09-23 23:45:00+00:00,3780.785,3770.885,3770.885,3800.584999999999,5,sl,-1.0
PEM,M15,short,2025-09-24 02:30:00+00:00,2025-09-24 06:15:00+00:00,3754.015,3767.785,3781.575,3698.895,13,timeout,-0.499637155297533
PEM,M15,long,2025-09-24 11:15:00+00:00,2025-09-24 14:15:00+00:00,3765.755,3772.625,3751.875,3793.5150000000003,13,timeout,0.4949567723342822
PEM,M15,short,2025-09-25 01:45:00+00:00,2025-09-25 03:45:00+00:00,3727.775,3735.155,3735.155,3713.015,9,sl,-1.0
PEM,M15,long,2025-09-25 07:45:00+00:00,2025-09-25 08:45:00+00:00,3750.765,3739.405,3739.405,3773.484999999999,5,sl,-1.0
PEM,M15,short,2025-09-26 18:15:00+00:00,2025-09-26 19:45:00+00:00,3744.235,3753.935,3753.935,3724.8350000000005,7,sl,-1.0
PEM,M15,long,2025-09-27 01:15:00+00:00,2025-09-29 05:00:00+00:00,3782.365,3760.405,3750.205,3846.6849999999995,13,timeout,-0.6828358208955124
PEM,M15,long,2025-09-29 12:00:00+00:00,2025-09-29 15:00:00+00:00,3804.125,3807.935,3791.948,3828.4790000000003,13,timeout,0.31288494703128056
PEM,M15,long,2025-09-29 18:45:00+00:00,2025-09-29 19:30:00+00:00,3823.545,3814.535,3814.535,3841.5650000000005,4,sl,-1.0
PEM,M15,long,2025-10-01 03:00:00+00:00,2025-10-01 06:45:00+00:00,3854.875,3862.065,3835.185,3894.255,13,timeout,0.3651599796851211
PEM,M15,long,2025-10-01 09:00:00+00:00,2025-10-01 12:00:00+00:00,3865.965,3865.415,3852.265,3893.3650000000007,13,timeout,-0.04014598540147233
PEM,M15,short,2025-10-02 07:45:00+00:00,2025-10-02 08:30:00+00:00,3858.165,3864.135,3864.135,3846.2249999999995,4,sl,-1.0
PEM,M15,long,2025-10-03 07:15:00+00:00,2025-10-03 08:30:00+00:00,3862.115,3851.795,3851.795,3882.754999999999,6,sl,-1.0
PEM,M15,long,2025-10-03 12:45:00+00:00,2025-10-03 15:45:00+00:00,3854.825,3862.625,3842.895,3878.6849999999995,13,timeout,0.6538139145012816
PEM,M15,long,2025-10-06 05:45:00+00:00,2025-10-06 06:15:00+00:00,3892.678,3917.3379999999997,3880.348,3917.3379999999997,3,tp,2.0
PEM,M15,long,2025-10-06 11:15:00+00:00,2025-10-06 14:15:00+00:00,3929.855,3933.665,3907.525,3974.515,13,timeout,0.17062248096730667
PEM,M15,long,2025-10-06 15:30:00+00:00,2025-10-06 18:30:00+00:00,3947.545,3937.685,3924.795,3993.045,13,timeout,-0.433406593406599
PEM,M15,long,2025-10-07 02:45:00+00:00,2025-10-07 06:30:00+00:00,3963.695,3969.415,3950.588,3989.909,13,timeout,0.43640802624550334
PEM,M15,long,2025-10-07 11:15:00+00:00,2025-10-07 13:45:00+00:00,3972.945,3957.175,3957.175,4004.485,11,sl,-1.0
PEM,M15,long,2025-10-08 05:45:00+00:00,2025-10-08 08:45:00+00:00,3989.865,3994.385,3978.148,4013.298999999999,13,timeout,0.38576427413165265
PEM,M15,long,2025-10-08 10:30:00+00:00,2025-10-08 12:30:00+00:00,4011.748,4031.4739999999997,4001.885,4031.4739999999997,9,tp,2.0
PEM,M15,long,2025-10-08 17:15:00+00:00,2025-10-08 20:15:00+00:00,4047.625,4045.635,4029.975,4082.925,13,timeout,-0.1127478753540947
PEM,M15,long,2025-10-08 23:45:00+00:00,2025-10-09 01:15:00+00:00,4056.635,4042.395,4042.395,4085.1150000000007,7,sl,-1.0
PEM,M15,short,2025-10-09 05:45:00+00:00,2025-10-09 08:45:00+00:00,4025.898,4029.725,4044.898,3987.898,13,timeout,-0.20142105263156687
PEM,M15,long,2025-10-09 11:45:00+00:00,2025-10-09 14:45:00+00:00,4038.175,4029.845,4015.505,4083.5150000000003,13,timeout,-0.36744596382886435
PEM,M15,long,2025-10-10 16:15:00+00:00,2025-10-10 19:15:00+00:00,3991.825,3987.265,3962.145,4051.1849999999995,13,timeout,-0.15363881401617152
PEM,M15,long,2025-10-11 01:45:00+00:00,2025-10-13 05:30:00+00:00,4002.648,4034.995,3974.845,4058.254000000001,13,timeout,1.163435600474746
PEM,M15,long,2025-10-13 12:45:00+00:00,2025-10-13 15:45:00+00:00,4070.505,4073.505,4037.455,4136.6050000000005,13,timeout,0.0907715582450827
PEM,M15,short,2025-10-14 20:15:00+00:00,2025-10-14 23:15:00+00:00,4098.389,4128.948,4179.355,3936.4570000000012,13,timeout,-0.377430032359267
PEM,M15,long,2025-10-15 15:15:00+00:00,2025-10-15 16:30:00+00:00,4208.095,4187.185,4187.185,4249.915,6,sl,-1.0
PEM,M15,long,2025-10-16 10:15:00+00:00,2025-10-16 10:45:00+00:00,4239.135,4230.205,4230.205,4256.995000000001,3,sl,-1.0
PEM,M15,long,2025-10-16 17:30:00+00:00,2025-10-16 20:30:00+00:00,4241.685,4248.698,4221.975,4281.1050000000005,13,timeout,0.35580923389142094
PEM,M15,long,2025-10-16 23:30:00+00:00,2025-10-16 23:45:00+00:00,4279.935,4267.005,4267.005,4305.795000000001,2,sl,-1.0
PEM,M15,long,2025-10-17 03:30:00+00:00,2025-10-17 05:30:00+00:00,4316.405,4374.864999999999,4287.175,4374.864999999999,6,tp,2.0
PEM,M15,short,2025-10-17 18:15:00+00:00,2025-10-17 20:45:00+00:00,4326.618,4280.864000000001,4349.495,4280.864000000001,11,tp,2.0
PEM,M15,long,2025-10-20 19:00:00+00:00,2025-10-20 19:30:00+00:00,4263.975,4287.415000000001,4252.255,4287.415000000001,3,tp,2.0
PEM,M15,long,2025-10-21 05:45:00+00:00,2025-10-21 08:30:00+00:00,4369.905,4352.498,4352.498,4404.719,12,sl,-1.0
PEM,M15,short,2025-10-21 12:45:00+00:00,2025-10-21 15:15:00+00:00,4329.165,4286.265,4350.615,4286.265,11,tp,2.0
PEM,M15,short,2025-10-22 00:00:00+00:00,2025-10-22 03:00:00+00:00,4110.809,4108.715,4264.255,3803.9170000000004,13,timeout,0.013646494532278796
PEM,M15,short,2025-10-22 07:30:00+00:00,2025-10-22 10:30:00+00:00,4033.745,4119.855,4128.905,3843.425,13,timeout,-0.9048970155527511
PEM,M15,short,2025-10-22 15:30:00+00:00,2025-10-22 18:30:00+00:00,4068.698,4023.165,4144.585,3916.9239999999995,13,timeout,0.6000105419900615
PEM,M15,long,2025-10-23 10:45:00+00:00,2025-10-23 13:45:00+00:00,4093.955,4122.355,4071.865,4138.135,13,timeout,1.2856496152104775
PEM,M15,long,2025-10-23 16:45:00+00:00,2025-10-23 17:30:00+00:00,4123.978,4108.148,4108.148,4155.638,4,sl,-1.0
PEM,M15,short,2025-10-24 03:00:00+00:00,2025-10-24 06:45:00+00:00,4117.875,4115.875,4143.225,4067.1749999999993,13,timeout,0.07889546351084699
PEM,M15,long,2025-10-24 07:45:00+00:00,2025-10-24 09:30:00+00:00,4132.315,4109.918,4109.918,4177.1089999999995,8,sl,-1.0
PEM,M15,short,2025-10-24 15:00:00+00:00,2025-10-24 18:00:00+00:00,4085.605,4054.005,4108.645,4039.524999999999,13,timeout,1.371527777777749
PEM,M15,short,2025-10-25 01:30:00+00:00,2025-10-27 05:15:00+00:00,4103.815,4101.848,4138.325,4034.794999999999,13,timeout,0.05699797160242338
PEM,M15,short,2025-10-27 18:45:00+00:00,2025-10-27 21:45:00+00:00,4029.595,3998.245,4062.225,3964.3349999999996,13,timeout,0.9607722954336441
PEM,M15,short,2025-10-28 05:15:00+00:00,2025-10-28 08:15:00+00:00,3980.735,4017.505,4037.685,3866.8350000000005,13,timeout,-0.6456540825285355
PEM,M15,long,2025-10-29 07:15:00+00:00,2025-10-29 10:15:00+00:00,3964.235,3960.495,3933.135,4026.435,13,timeout,-0.12025723472669606
PEM,M15,short,2025-10-29 11:45:00+00:00,2025-10-29 13:45:00+00:00,3952.645,3976.855,3976.855,3904.225,9,sl,-1.0
PEM,M15,long,2025-10-29 15:30:00+00:00,2025-10-29 18:30:00+00:00,4005.705,4018.515,3953.815,4109.485,13,timeout,0.2468683754095197
PEM,M15,long,2025-10-30 16:30:00+00:00,2025-10-30 19:30:00+00:00,4009.485,3973.565,3958.255,4111.945,13,timeout,-0.7011516689439793
PEM,M15,short,2025-10-31 16:45:00+00:00,2025-10-31 19:30:00+00:00,4001.075,4023.875,4023.875,3955.4749999999995,12,sl,-1.0
PEM,M15,short,2025-11-03 07:45:00+00:00,2025-11-03 10:45:00+00:00,3964.358,4011.665,4019.285,3854.504000000001,13,timeout,-0.8612704134578635
PEM,M15,long,2025-11-03 15:00:00+00:00,2025-11-03 15:30:00+00:00,4022.295,4010.998,4010.998,4044.889,3,sl,-1.0
PEM,M15,long,2025-11-03 22:30:00+00:00,2025-11-04 01:30:00+00:00,4026.085,4002.299,3994.435,4089.385,13,timeout,-0.7515323854660344
PEM,M15,long,2025-11-06 03:15:00+00:00,2025-11-06 06:00:00+00:00,3987.765,3976.978,3976.978,4009.3389999999995,9,sl,-1.0
PEM,M15,long,2025-11-06 10:30:00+00:00,2025-11-06 13:30:00+00:00,3983.795,3985.375,3968.298,4014.7890000000007,13,timeout,0.10195521713879441
PEM,M15,short,2025-11-07 03:30:00+00:00,2025-11-07 07:15:00+00:00,3983.315,3987.795,3994.248,3961.449,13,timeout,-0.40976859050581005
PEM,M15,long,2025-11-07 14:30:00+00:00,2025-11-07 17:30:00+00:00,4008.525,4005.895,3986.375,4052.8250000000003,13,timeout,-0.11873589164785997
PEM,M15,long,2025-11-10 11:00:00+00:00,2025-11-10 14:00:00+00:00,4050.105,4075.695,4014.085,4122.145,13,timeout,0.7104386451971171
PEM,M15,long,2025-11-10 19:30:00+00:00,2025-11-10 22:30:00+00:00,4088.175,4087.905,4066.635,4131.255,13,timeout,-0.012534818941503356
PEM,M15,long,2025-11-11 01:30:00+00:00,2025-11-11 04:30:00+00:00,4105.325,4112.115,4093.705,4128.565,13,timeout,0.5843373493975927
PEM,M15,long,2025-11-11 06:45:00+00:00,2025-11-11 09:45:00+00:00,4120.165,4139.195,4105.555,4149.384999999999,13,timeout,1.302532511978109
PEM,M15,short,2025-11-12 11:30:00+00:00,2025-11-12 14:30:00+00:00,4109.555,4122.695,4135.255,4058.1550000000007,13,timeout,-0.511284046692588
PEM,M15,long,2025-11-12 19:45:00+00:00,2025-11-12 20:15:00+00:00,4136.895,4124.105,4124.105,4162.475000000002,3,sl,-1.0
PEM,M15,long,2025-11-13 02:00:00+00:00,2025-11-13 02:15:00+00:00,4209.155,4195.659,4195.659,4236.147,2,sl,-1.0
PEM,M15,long,2025-11-13 08:00:00+00:00,2025-11-13 08:30:00+00:00,4200.865,4185.709,4185.709,4231.177,3,sl,-1.0
PEM,M15,short,2025-11-14 17:45:00+00:00,2025-11-14 18:30:00+00:00,4162.675,4144.995,4171.515,4144.995,4,tp,2.0
PEM,M15,short,2025-11-17 12:30:00+00:00,2025-11-17 15:00:00+00:00,4071.865,4087.715,4087.715,4040.164999999999,11,sl,-1.0
PEM,M15,short,2025-11-18 02:30:00+00:00,2025-11-18 02:45:00+00:00,4062.875,4034.035,4077.295,4034.035,2,tp,2.0
PEM,M15,long,2025-11-18 17:30:00+00:00,2025-11-18 20:30:00+00:00,4041.275,4050.085,4020.885,4082.055,13,timeout,0.4320745463462482
PEM,M15,long,2025-11-19 01:15:00+00:00,2025-11-19 04:15:00+00:00,4072.345,4069.195,4059.125,4098.785,13,timeout,-0.23827534039331952
PEM,M15,long,2025-11-19 12:45:00+00:00,2025-11-19 15:45:00+00:00,4090.035,4083.215,4070.165,4129.775,13,timeout,-0.343231001509801
PEM,M15,long,2025-11-19 20:00:00+00:00,2025-11-19 20:15:00+00:00,4117.825,4106.245,4106.245,4140.985,2,sl,-1.0
PEM,M15,short,2025-11-20 12:45:00+00:00,2025-11-20 15:15:00+00:00,4068.595,4045.234999999999,4080.275,4045.234999999999,11,tp,2.0
PEM,M15,long,2025-11-20 20:30:00+00:00,2025-11-20 23:30:00+00:00,4090.975,4065.585,4056.225,4160.475,13,timeout,-0.7306474820143848
PEM,M15,long,2025-11-21 02:45:00+00:00,2025-11-21 06:30:00+00:00,4082.325,4081.475,4055.935,4135.105,13,timeout,-0.03220917014020133
PEM,M15,short,2025-11-21 08:30:00+00:00,2025-11-21 11:30:00+00:00,4065.515,4059.655,4086.965,4022.6149999999993,13,timeout,0.27319347319345444
PEM,M15,short,2025-11-21 17:45:00+00:00,2025-11-21 19:30:00+00:00,4035.295,4054.725,4054.725,3996.4350000000004,8,sl,-1.0
PEM,M15,long,2025-11-24 23:45:00+00:00,2025-11-25 01:15:00+00:00,4094.055,4088.205,4088.205,4105.754999999999,7,sl,-1.0
PEM,M15,long,2025-11-25 03:45:00+00:00,2025-11-25 07:30:00+00:00,4126.498,4135.225,4092.335,4194.823999999999,13,timeout,0.25545180458393246
PEM,M15,long,2025-11-25 10:00:00+00:00,2025-11-25 13:00:00+00:00,4152.445,4148.625,4131.378,4194.579,13,timeout,-0.18132624483788426
PEM,M15,long,2025-11-26 19:15:00+00:00,2025-11-26 20:00:00+00:00,4172.448,4149.555,4149.555,4218.234,4,sl,-1.0
PEM,M15,long,2025-11-28 07:45:00+00:00,2025-11-28 10:45:00+00:00,4171.995,4183.505,4160.835,4194.315,13,timeout,1.0313620071684917
PEM,M15,long,2025-11-28 14:00:00+00:00,2025-11-28 14:30:00+00:00,4187.415,4181.335,4181.335,4199.575,3,sl,-1.0
PEM,M15,long,2025-11-28 21:30:00+00:00,2025-11-29 00:30:00+00:00,4191.205,4207.465,4161.225,4251.164999999999,13,timeout,0.5423615743829371
PEM,M15,long,2025-11-29 01:15:00+00:00,2025-11-29 02:45:00+00:00,4216.248,4218.959,4193.465,4261.8139999999985,7,timeout,0.11899223104948013
