strategy,timeframe,direction,entry_time,exit_time,entry_price,exit_price,sl_price,tp_price,bars_held,reason,pnl_r
PEM,M5,short,2020-11-30 07:30:00+00:00,2020-11-30 09:30:00+00:00,1782.768,1780.945,1786.898,1774.5080000000003,25,timeout,0.44140435835354597
PEM,M5,short,2020-11-30 10:05:00+00:00,2020-11-30 12:05:00+00:00,1766.295,1767.868,1782.088,1734.7090000000003,25,timeout,-0.09960108909009537
PEM,M5,long,2020-11-30 14:55:00+00:00,2020-11-30 15:20:00+00:00,1782.548,1778.228,1778.228,1791.1879999999999,6,sl,-1.0
PEM,M5,short,2020-11-30 16:10:00+00:00,2020-11-30 17:55:00+00:00,1775.508,1766.108,1780.208,1766.108,22,tp,2.0
PEM,M5,short,2020-11-30 18:00:00+00:00,2020-11-30 18:30:00+00:00,1766.925,1772.195,1772.195,1756.385,7,sl,-1.0
PEM,M5,long,2020-12-01 00:05:00+00:00,2020-12-01 00:45:00+00:00,1782.695,1778.848,1778.848,1790.389,9,sl,-1.0
PEM,M5,long,2020-12-01 11:25:00+00:00,2020-12-01 12:00:00+00:00,1786.418,1784.115,1784.115,1791.0239999999997,8,sl,-1.0
PEM,M5,long,2020-12-02 00:20:00+00:00,2020-12-02 02:20:00+00:00,1813.565,1814.015,1807.348,1825.9990000000003,25,timeout,0.07238217789931452
PEM,M5,short,2020-12-02 06:45:00+00:00,2020-12-02 07:05:00+00:00,1811.168,1812.838,1812.838,1807.8279999999997,5,sl,-1.0
PEM,M5,short,2020-12-02 14:10:00+00:00,2020-12-02 14:35:00+00:00,1810.828,1813.785,1813.785,1804.9139999999998,6,sl,-1.0
PEM,M5,long,2020-12-02 15:40:00+00:00,2020-12-02 17:40:00+00:00,1822.328,1830.865,1811.885,1843.214,25,timeout,0.8174853969165995
PEM,M5,long,2020-12-02 23:15:00+00:00,2020-12-03 00:55:00+00:00,1827.468,1824.748,1824.748,1832.9080000000001,21,sl,-1.0
PEM,M5,long,2020-12-03 02:45:00+00:00,2020-12-03 03:40:00+00:00,1829.668,1827.695,1827.695,1833.6139999999998,12,sl,-1.0
PEM,M5,long,2020-12-03 04:35:00+00:00,2020-12-03 07:20:00+00:00,1830.698,1828.618,1828.618,1834.8580000000004,23,sl,-1.0
PEM,M5,long,2020-12-03 14:40:00+00:00,2020-12-03 16:40:00+00:00,1837.505,1836.048,1828.868,1854.7790000000005,25,timeout,-0.168692833159671
PEM,M5,long,2020-12-03 19:00:00+00:00,2020-12-03 20:35:00+00:00,1841.845,1836.215,1836.215,1853.1050000000002,20,sl,-1.0
PEM,M5,long,2020-12-04 04:05:00+00:00,2020-12-04 07:00:00+00:00,1841.788,1839.698,1838.578,1848.208,25,timeout,-0.6510903426790948
PEM,M5,long,2020-12-04 18:50:00+00:00,2020-12-04 20:35:00+00:00,1842.645,1838.538,1838.538,1850.859,22,sl,-1.0
PEM,M5,short,2020-12-04 22:10:00+00:00,2020-12-05 00:10:00+00:00,1839.285,1833.278,1846.044,1825.767,25,timeout,0.8887409380085883
PEM,M5,long,2020-12-05 04:35:00+00:00,2020-12-07 06:05:00+00:00,1838.658,1836.835,1836.835,1842.3039999999996,8,sl,-1.0
PEM,M5,long,2020-12-07 08:45:00+00:00,2020-12-07 10:45:00+00:00,1837.635,1837.628,1835.995,1840.9150000000002,25,timeout,-0.00426829268296428
PEM,M5,long,2020-12-07 11:15:00+00:00,2020-12-07 11:35:00+00:00,1838.775,1837.218,1837.218,1841.8890000000001,5,sl,-1.0
PEM,M5,long,2020-12-07 12:20:00+00:00,2020-12-07 12:50:00+00:00,1839.595,1841.329,1838.728,1841.329,7,tp,2.0
PEM,M5,long,2020-12-07 20:45:00+00:00,2020-12-07 21:40:00+00:00,1837.185,1844.239,1833.658,1844.239,12,tp,2.0
PEM,M5,long,2020-12-07 22:55:00+00:00,2020-12-08 00:55:00+00:00,1864.145,1864.634,1838.208,1916.0189999999998,25,timeout,0.01885337548675771
PEM,M5,short,2020-12-08 03:15:00+00:00,2020-12-08 03:35:00+00:00,1858.085,1861.765,1861.765,1850.725,5,sl,-1.0
PEM,M5,long,2020-12-08 04:20:00+00:00,2020-12-08 04:55:00+00:00,1865.085,1862.228,1862.228,1870.799,8,sl,-1.0
PEM,M5,long,2020-12-08 07:00:00+00:00,2020-12-08 07:05:00+00:00,1865.098,1863.048,1863.048,1869.1979999999999,2,sl,-1.0
PEM,M5,short,2020-12-08 22:55:00+00:00,2020-12-09 00:05:00+00:00,1864.648,1870.509,1870.509,1852.9259999999997,15,sl,-1.0
PEM,M5,long,2020-12-09 00:15:00+00:00,2020-12-09 02:15:00+00:00,1871.058,1872.258,1865.855,1881.464,25,timeout,0.23063617143956397
PEM,M5,short,2020-12-09 06:15:00+00:00,2020-12-09 08:10:00+00:00,1869.315,1865.415,1871.265,1865.415,24,tp,2.0
PEM,M5,short,2020-12-09 09:40:00+00:00,2020-12-09 10:40:00+00:00,1865.668,1860.9279999999997,1868.038,1860.9279999999997,13,tp,2.0
PEM,M5,short,2020-12-09 14:00:00+00:00,2020-12-09 15:40:00+00:00,1859.668,1862.028,1862.028,1854.9479999999996,21,sl,-1.0
PEM,M5,short,2020-12-09 17:25:00+00:00,2020-12-09 19:25:00+00:00,1857.245,1856.848,1863.528,1844.6789999999996,25,timeout,0.06318637593505115
PEM,M5,short,2020-12-09 22:30:00+00:00,2020-12-10 00:30:00+00:00,1839.658,1841.025,1858.115,1802.7439999999997,25,timeout,-0.07406404074335922
PEM,M5,short,2020-12-10 06:55:00+00:00,2020-12-10 07:05:00+00:00,1834.478,1836.143,1836.143,1831.1480000000001,3,sl,-1.0
PEM,M5,long,2020-12-10 09:35:00+00:00,2020-12-10 11:35:00+00:00,1842.015,1839.535,1837.688,1850.669,25,timeout,-0.5731453663046034
PEM,M5,long,2020-12-10 12:25:00+00:00,2020-12-10 13:05:00+00:00,1841.185,1837.868,1837.868,1847.819,9,sl,-1.0
PEM,M5,short,2020-12-10 19:00:00+00:00,2020-12-10 19:15:00+00:00,1834.798,1836.298,1836.298,1831.798,4,sl,-1.0
PEM,M5,long,2020-12-10 21:45:00+00:00,2020-12-10 22:50:00+00:00,1847.458,1837.015,1837.015,1868.344,14,sl,-1.0
PEM,M5,short,2020-12-11 14:35:00+00:00,2020-12-11 15:10:00+00:00,1833.405,1836.685,1836.685,1826.845,8,sl,-1.0
PEM,M5,short,2020-12-14 12:15:00+00:00,2020-12-14 13:30:00+00:00,1834.755,1832.3350000000005,1835.965,1832.3350000000005,16,tp,2.0
PEM,M5,long,2020-12-14 21:05:00+00:00,2020-12-14 22:15:00+00:00,1831.458,1826.328,1826.328,1841.7180000000003,15,sl,-1.0
PEM,M5,short,2020-12-14 23:10:00+00:00,2020-12-15 01:10:00+00:00,1825.225,1828.325,1833.345,1808.9849999999997,25,timeout,-0.38177339901478957
PEM,M5,long,2020-12-15 04:05:00+00:00,2020-12-15 07:00:00+00:00,1828.868,1827.348,1824.635,1837.3339999999998,25,timeout,-0.359083392393102
PEM,M5,long,2020-12-15 09:45:00+00:00,2020-12-15 11:45:00+00:00,1832.478,1834.408,1827.235,1842.9640000000004,25,timeout,0.3681098607666938
PEM,M5,long,2020-12-15 12:05:00+00:00,2020-12-15 12:40:00+00:00,1835.418,1837.9779999999998,1834.138,1837.9779999999998,8,tp,2.0
PEM,M5,long,2020-12-15 17:00:00+00:00,2020-12-15 18:10:00+00:00,1846.735,1844.108,1844.108,1851.9889999999998,15,sl,-1.0
PEM,M5,long,2020-12-16 03:50:00+00:00,2020-12-16 06:45:00+00:00,1853.408,1853.375,1852.058,1856.1079999999997,25,timeout,-0.024444444444373332
PEM,M5,long,2020-12-16 09:35:00+00:00,2020-12-16 11:35:00+00:00,1856.185,1857.218,1851.635,1865.2849999999999,25,timeout,0.2270329670329977
PEM,M5,long,2020-12-16 18:15:00+00:00,2020-12-16 19:00:00+00:00,1864.108,1861.868,1861.868,1868.588,10,sl,-1.0
PEM,M5,long,2020-12-17 01:10:00+00:00,2020-12-17 02:00:00+00:00,1855.388,1851.925,1851.925,1862.3139999999999,11,sl,-1.0
PEM,M5,long,2020-12-17 10:05:00+00:00,2020-12-17 11:25:00+00:00,1863.838,1866.418,1862.548,1866.418,17,tp,2.0
PEM,M5,long,2020-12-17 15:30:00+00:00,2020-12-17 17:30:00+00:00,1878.395,1873.625,1871.278,1892.629,25,timeout,-0.6702262189124641
PEM,M5,long,2020-12-17 19:50:00+00:00,2020-12-17 20:25:00+00:00,1881.265,1876.716,1876.716,1890.3630000000005,8,sl,-1.0
PEM,M5,short,2020-12-18 01:30:00+00:00,2020-12-18 03:30:00+00:00,1884.555,1884.745,1888.045,1877.575,25,timeout,-0.05444126074493602
PEM,M5,short,2020-12-18 07:55:00+00:00,2020-12-18 09:55:00+00:00,1882.515,1880.045,1885.548,1876.4490000000003,25,timeout,0.814375206066636
PEM,M5,short,2020-12-18 16:40:00+00:00,2020-12-18 18:40:00+00:00,1879.495,1880.048,1881.918,1874.649,25,timeout,-0.22822946760219173
PEM,M5,long,2020-12-18 23:05:00+00:00,2020-12-18 23:20:00+00:00,1885.295,1882.258,1882.258,1891.3690000000001,4,sl,-1.0
PEM,M5,short,2020-12-19 02:25:00+00:00,2020-12-19 04:25:00+00:00,1880.938,1879.968,1882.325,1878.1640000000002,25,timeout,0.6993511175198751
PEM,M5,short,2020-12-21 16:55:00+00:00,2020-12-21 17:10:00+00:00,1887.648,1868.4279999999997,1897.258,1868.4279999999997,4,tp,2.0
PEM,M5,short,2020-12-22 01:05:00+00:00,2020-12-22 03:05:00+00:00,1877.835,1877.158,1879.885,1873.7350000000001,25,timeout,0.3302439024390974
PEM,M5,long,2020-12-22 06:10:00+00:00,2020-12-22 08:10:00+00:00,1878.538,1875.838,1875.338,1884.938,25,timeout,-0.8437500000000022
PEM,M5,long,2020-12-22 09:15:00+00:00,2020-12-22 09:20:00+00:00,1882.488,1881.095,1881.095,1885.2740000000001,2,sl,-1.0
PEM,M5,short,2020-12-22 13:55:00+00:00,2020-12-22 15:55:00+00:00,1871.238,1872.255,1878.798,1856.1180000000002,25,timeout,-0.13452380952381748
PEM,M5,long,2020-12-22 21:10:00+00:00,2020-12-22 21:40:00+00:00,1879.685,1874.225,1874.225,1890.605,7,sl,-1.0
PEM,M5,short,2020-12-23 03:45:00+00:00,2020-12-23 06:40:00+00:00,1859.555,1862.528,1862.528,1853.6090000000002,25,sl,-1.0
PEM,M5,long,2020-12-23 06:55:00+00:00,2020-12-23 08:55:00+00:00,1864.065,1866.368,1860.238,1871.719,25,timeout,0.6017768487065285
PEM,M5,long,2020-12-23 10:55:00+00:00,2020-12-23 12:55:00+00:00,1866.028,1866.048,1864.378,1869.3280000000002,25,timeout,0.01212121212120043
PEM,M5,long,2020-12-23 15:15:00+00:00,2020-12-23 17:15:00+00:00,1868.248,1869.015,1865.048,1874.6480000000001,25,timeout,0.23968750000001307
PEM,M5,long,2020-12-23 21:45:00+00:00,2020-12-23 23:45:00+00:00,1875.388,1874.148,1861.865,1902.4339999999997,25,timeout,-0.09169562966797436
PEM,M5,long,2020-12-24 08:05:00+00:00,2020-12-24 09:30:00+00:00,1874.845,1879.3590000000002,1872.588,1879.3590000000002,18,tp,2.0
PEM,M5,long,2020-12-24 14:00:00+00:00,2020-12-24 14:15:00+00:00,1876.485,1875.595,1875.595,1878.2649999999996,4,sl,-1.0
PEM,M5,short,2020-12-24 17:35:00+00:00,2020-12-24 19:35:00+00:00,1873.345,1874.025,1879.908,1860.2190000000003,25,timeout,-0.10361115343594038
PEM,M5,long,2020-12-24 19:55:00+00:00,2020-12-24 20:05:00+00:00,1875.948,1873.585,1873.585,1880.6740000000002,3,sl,-1.0
PEM,M5,short,2020-12-24 21:25:00+00:00,2020-12-24 21:55:00+00:00,1871.768,1876.218,1876.218,1862.868,7,sl,-1.0
PEM,M5,long,2020-12-28 06:10:00+00:00,2020-12-28 08:10:00+00:00,1885.23,1894.478,1878.865,1897.96,25,timeout,1.452945797329149
PEM,M5,long,2020-12-28 08:50:00+00:00,2020-12-28 09:05:00+00:00,1895.208,1899.5280000000002,1893.048,1899.5280000000002,4,tp,2.0
PEM,M5,short,2020-12-28 14:20:00+00:00,2020-12-28 16:20:00+00:00,1884.098,1883.118,1895.558,1861.1779999999999,25,timeout,0.085514834205935
PEM,M5,short,2020-12-28 17:30:00+00:00,2020-12-28 17:50:00+00:00,1883.008,1877.8680000000002,1885.578,1877.8680000000002,5,tp,2.0
PEM,M5,long,2020-12-28 22:10:00+00:00,2020-12-28 22:35:00+00:00,1895.395,1888.888,1888.888,1908.409,6,sl,-1.0
PEM,M5,short,2020-12-29 02:40:00+00:00,2020-12-29 04:40:00+00:00,1874.445,1873.068,1877.708,1867.9189999999996,25,timeout,0.42200429053015337
PEM,M5,long,2020-12-29 07:00:00+00:00,2020-12-29 08:00:00+00:00,1876.788,1881.0480000000002,1874.658,1881.0480000000002,13,tp,2.0
PEM,M5,long,2020-12-29 09:45:00+00:00,2020-12-29 10:05:00+00:00,1879.258,1875.498,1875.498,1886.778,5,sl,-1.0
PEM,M5,long,2020-12-29 15:10:00+00:00,2020-12-29 17:10:00+00:00,1880.565,1881.618,1875.408,1890.8790000000004,25,timeout,0.20418848167536405
PEM,M5,short,2020-12-29 20:50:00+00:00,2020-12-29 20:55:00+00:00,1877.255,1879.968,1879.968,1871.8290000000002,2,sl,-1.0
PEM,M5,long,2020-12-29 23:35:00+00:00,2020-12-30 00:20:00+00:00,1883.975,1879.578,1879.578,1892.7689999999998,10,sl,-1.0
PEM,M5,long,2020-12-30 03:50:00+00:00,2020-12-30 04:00:00+00:00,1879.47,1878.628,1878.628,1881.1540000000002,3,sl,-1.0
PEM,M5,long,2020-12-30 10:00:00+00:00,2020-12-30 10:30:00+00:00,1883.268,1884.908,1882.448,1884.908,7,tp,2.0
PEM,M5,long,2020-12-30 11:15:00+00:00,2020-12-30 12:25:00+00:00,1885.428,1883.818,1883.818,1888.6480000000004,15,sl,-1.0
PEM,M5,long,2020-12-31 00:45:00+00:00,2020-12-31 02:45:00+00:00,1888.425,1890.485,1881.188,1902.8989999999997,25,timeout,0.28464833494541764
PEM,M5,long,2020-12-31 03:20:00+00:00,2020-12-31 06:15:00+00:00,1891.305,1894.778,1889.385,1895.1450000000002,25,timeout,1.8088541666665754
PEM,M5,long,2020-12-31 08:10:00+00:00,2020-12-31 09:50:00+00:00,1898.258,1893.885,1893.885,1907.0040000000001,21,sl,-1.0
PEM,M5,long,2020-12-31 14:45:00+00:00,2020-12-31 16:45:00+00:00,1893.615,1894.775,1886.525,1907.7949999999998,25,timeout,0.16361071932300356
PEM,M5,long,2020-12-31 18:30:00+00:00,2020-12-31 20:30:00+00:00,1894.518,1896.658,1892.215,1899.1240000000003,25,timeout,0.9292227529308595
PEM,M5,long,2021-01-04 08:05:00+00:00,2021-01-04 08:45:00+00:00,1913.168,1917.3339999999996,1911.085,1917.3339999999996,9,tp,2.0
PEM,M5,long,2021-01-04 09:55:00+00:00,2021-01-04 11:55:00+00:00,1919.788,1922.625,1916.474,1926.4160000000002,25,timeout,0.8560651780325655
PEM,M5,long,2021-01-04 18:45:00+00:00,2021-01-04 19:00:00+00:00,1936.375,1933.128,1933.128,1942.8690000000001,4,sl,-1.0
PEM,M5,long,2021-01-04 23:05:00+00:00,2021-01-05 00:20:00+00:00,1943.0,1933.908,1933.908,1961.1840000000002,16,sl,-1.0
PEM,M5,short,2021-01-05 00:25:00+00:00,2021-01-05 01:15:00+00:00,1934.548,1941.938,1941.938,1919.7679999999998,11,sl,-1.0
PEM,M5,long,2021-01-05 06:25:00+00:00,2021-01-05 06:55:00+00:00,1944.855,1941.128,1941.128,1952.3090000000002,7,sl,-1.0
PEM,M5,long,2021-01-05 10:25:00+00:00,2021-01-05 11:15:00+00:00,1943.058,1937.855,1937.855,1953.464,11,sl,-1.0
PEM,M5,long,2021-01-05 13:45:00+00:00,2021-01-05 15:45:00+00:00,1941.035,1941.248,1937.165,1948.7750000000003,25,timeout,0.05503875968991187
PEM,M5,long,2021-01-05 21:25:00+00:00,2021-01-05 21:30:00+00:00,1951.698,1948.385,1948.385,1958.3240000000003,2,sl,-1.0
PEM,M5,long,2021-01-06 02:35:00+00:00,2021-01-06 03:25:00+00:00,1952.278,1949.668,1949.668,1957.4980000000003,11,sl,-1.0
PEM,M5,long,2021-01-06 08:10:00+00:00,2021-01-06 08:20:00+00:00,1954.025,1949.905,1949.905,1962.2650000000003,3,sl,-1.0
PEM,M5,short,2021-01-06 10:05:00+00:00,2021-01-06 12:05:00+00:00,1943.328,1945.915,1949.675,1930.634,25,timeout,-0.40759413896328933
PEM,M5,long,2021-01-06 15:15:00+00:00,2021-01-06 17:15:00+00:00,1949.528,1957.248,1944.208,1960.168,25,timeout,1.4511278195488946
PEM,M5,short,2021-01-06 21:10:00+00:00,2021-01-06 22:40:00+00:00,1930.689,1914.5310000000002,1938.768,1914.5310000000002,19,tp,2.0
PEM,M5,short,2021-01-06 23:50:00+00:00,2021-01-07 01:50:00+00:00,1902.028,1908.498,1932.718,1840.648,25,timeout,-0.21081785597914682
PEM,M5,short,2021-01-07 16:55:00+00:00,2021-01-07 18:55:00+00:00,1916.698,1917.595,1921.708,1906.678,25,timeout,-0.17904191616765192
PEM,M5,short,2021-01-07 19:25:00+00:00,2021-01-07 19:45:00+00:00,1915.235,1918.61,1918.61,1908.485,5,sl,-1.0
PEM,M5,long,2021-01-07 23:15:00+00:00,2021-01-08 00:10:00+00:00,1917.658,1911.868,1911.868,1929.2379999999998,12,sl,-1.0
PEM,M5,long,2021-01-08 02:55:00+00:00,2021-01-08 03:15:00+00:00,1917.07,1914.708,1914.708,1921.7939999999996,5,sl,-1.0
PEM,M5,short,2021-01-08 04:00:00+00:00,2021-01-08 06:05:00+00:00,1912.945,1915.825,1915.825,1907.1849999999997,15,sl,-1.0
PEM,M5,short,2021-01-08 07:50:00+00:00,2021-01-08 09:50:00+00:00,1913.578,1911.975,1915.935,1908.864,25,timeout,0.6801018243530272
PEM,M5,short,2021-01-08 11:15:00+00:00,2021-01-08 12:25:00+00:00,1909.055,1911.398,1911.398,1904.3690000000004,15,sl,-1.0
PEM,M5,short,2021-01-08 17:50:00+00:00,2021-01-08 18:45:00+00:00,1890.365,1893.915,1893.915,1883.265,12,sl,-1.0
PEM,M5,short,2021-01-08 19:30:00+00:00,2021-01-08 20:15:00+00:00,1890.628,1882.994,1894.445,1882.994,10,tp,2.0
PEM,M5,short,2021-01-08 21:45:00+00:00,2021-01-08 22:00:00+00:00,1879.238,1860.2240000000004,1888.745,1860.2240000000004,4,tp,2.0
PEM,M5,short,2021-01-09 00:10:00+00:00,2021-01-09 01:25:00+00:00,1852.348,1832.5879999999997,1862.228,1832.5879999999997,16,tp,2.0
PEM,M5,short,2021-01-11 06:55:00+00:00,2021-01-11 08:15:00+00:00,1843.818,1830.178,1850.638,1830.178,17,tp,2.0
PEM,M5,long,2021-01-11 13:20:00+00:00,2021-01-11 15:20:00+00:00,1842.338,1853.708,1833.718,1859.5779999999997,25,timeout,1.3190255220417937
PEM,M5,long,2021-01-11 22:25:00+00:00,2021-01-12 00:25:00+00:00,1849.828,1847.828,1838.295,1872.8939999999998,25,timeout,-0.17341541663053994
PEM,M5,short,2021-01-12 03:25:00+00:00,2021-01-12 06:20:00+00:00,1845.855,1847.565,1850.278,1837.009,25,timeout,-0.38661541939860633
PEM,M5,short,2021-01-12 07:25:00+00:00,2021-01-12 09:25:00+00:00,1844.358,1847.195,1848.282,1836.51,25,timeout,-0.7229867482161072
PEM,M5,long,2021-01-12 09:30:00+00:00,2021-01-12 09:50:00+00:00,1847.225,1845.248,1845.248,1851.1789999999996,5,sl,-1.0
PEM,M5,long,2021-01-12 10:30:00+00:00,2021-01-12 12:30:00+00:00,1850.335,1852.268,1848.105,1854.795,25,timeout,0.8668161434977475
PEM,M5,long,2021-01-12 16:30:00+00:00,2021-01-12 18:30:00+00:00,1858.338,1860.785,1854.138,1866.738,25,timeout,0.582619047619069
PEM,M5,short,2021-01-12 21:45:00+00:00,2021-01-12 23:45:00+00:00,1843.705,1841.955,1860.92,1809.2749999999996,25,timeout,0.10165553296543627
PEM,M5,long,2021-01-13 01:40:00+00:00,2021-01-13 03:40:00+00:00,1848.205,1855.908,1842.675,1859.2649999999999,25,timeout,1.392947558770346
PEM,M5,short,2021-01-13 20:15:00+00:00,2021-01-13 20:30:00+00:00,1851.778,1855.725,1855.725,1843.8840000000002,4,sl,-1.0
PEM,M5,short,2021-01-14 00:30:00+00:00,2021-01-14 01:10:00+00:00,1855.838,1858.688,1858.688,1850.1379999999997,9,sl,-1.0
PEM,M5,short,2021-01-14 04:50:00+00:00,2021-01-14 04:50:00+00:00,1846.702,1842.5359999999998,1848.785,1842.5359999999998,1,tp,2.0
PEM,M5,short,2021-01-14 10:20:00+00:00,2021-01-14 12:20:00+00:00,1837.368,1841.548,1847.898,1816.308,25,timeout,-0.39696106362773736
PEM,M5,short,2021-01-14 13:30:00+00:00,2021-01-14 15:30:00+00:00,1839.048,1840.258,1845.385,1826.374,25,timeout,-0.19094208616064992
PEM,M5,long,2021-01-15 16:45:00+00:00,2021-01-15 18:45:00+00:00,1854.225,1851.105,1848.978,1864.7189999999996,25,timeout,-0.5946255002858746
PEM,M5,short,2021-01-15 19:10:00+00:00,2021-01-15 20:50:00+00:00,1846.778,1837.1580000000001,1851.588,1837.1580000000001,21,tp,2.0
PEM,M5,short,2021-01-15 22:00:00+00:00,2021-01-16 00:00:00+00:00,1838.898,1830.178,1848.858,1818.9779999999998,25,timeout,0.8755020080321052
PEM,M5,long,2021-01-18 09:45:00+00:00,2021-01-18 11:45:00+00:00,1830.548,1828.578,1810.765,1870.1139999999998,25,timeout,-0.09958044785927499
PEM,M5,long,2021-01-18 21:10:00+00:00,2021-01-18 23:10:00+00:00,1835.835,1837.245,1832.415,1842.6750000000002,25,timeout,0.4122807017543346
PEM,M5,long,2021-01-19 07:50:00+00:00,2021-01-19 08:20:00+00:00,1838.925,1843.3989999999997,1836.688,1843.3989999999997,7,tp,2.0
PEM,M5,short,2021-01-19 12:45:00+00:00,2021-01-19 13:55:00+00:00,1836.688,1840.538,1840.538,1828.9880000000003,15,sl,-1.0
PEM,M5,long,2021-01-19 14:00:00+00:00,2021-01-19 16:00:00+00:00,1840.708,1843.805,1837.565,1846.9940000000001,25,timeout,0.985364301622638
PEM,M5,long,2021-01-19 18:25:00+00:00,2021-01-19 18:55:00+00:00,1844.945,1843.626,1843.626,1847.5829999999999,7,sl,-1.0
PEM,M5,short,2021-01-20 02:40:00+00:00,2021-01-20 04:40:00+00:00,1837.295,1839.632,1841.395,1829.0950000000003,25,timeout,-0.5700000000000099
PEM,M5,long,2021-01-20 09:15:00+00:00,2021-01-20 11:15:00+00:00,1847.915,1850.085,1841.715,1860.315,25,timeout,0.3500000000000092
PEM,M5,long,2021-01-20 13:20:00+00:00,2021-01-20 15:20:00+00:00,1852.865,1854.765,1848.555,1861.485,25,timeout,0.4408352668213724
PEM,M5,long,2021-01-20 16:20:00+00:00,2021-01-20 17:05:00+00:00,1856.505,1853.622,1853.622,1862.2710000000002,10,sl,-1.0
PEM,M5,long,2021-01-20 21:20:00+00:00,2021-01-20 22:50:00+00:00,1854.675,1870.1209999999999,1846.952,1870.1209999999999,19,tp,2.0
PEM,M5,long,2021-01-21 03:45:00+00:00,2021-01-21 06:40:00+00:00,1870.575,1871.288,1868.332,1875.061,25,timeout,0.31787784217565096
PEM,M5,long,2021-01-21 12:40:00+00:00,2021-01-21 14:30:00+00:00,1873.738,1870.325,1870.325,1880.564,23,sl,-1.0
PEM,M5,short,2021-01-21 14:35:00+00:00,2021-01-21 16:35:00+00:00,1868.878,1869.665,1874.715,1857.204,25,timeout,-0.13482953572041048
PEM,M5,short,2021-01-21 21:55:00+00:00,2021-01-21 23:55:00+00:00,1863.195,1863.505,1871.695,1846.195,25,timeout,-0.03647058823531445
PEM,M5,long,2021-01-22 02:00:00+00:00,2021-01-22 04:00:00+00:00,1867.355,1869.961,1864.975,1872.1150000000002,25,timeout,1.0949579831932248
PEM,M5,short,2021-01-22 08:05:00+00:00,2021-01-22 10:05:00+00:00,1864.665,1861.134,1867.798,1858.399,25,timeout,1.127034790935176
PEM,M5,short,2021-01-22 16:40:00+00:00,2021-01-22 17:30:00+00:00,1860.095,1854.015,1863.135,1854.015,11,tp,2.0
PEM,M5,short,2021-01-22 18:25:00+00:00,2021-01-22 20:25:00+00:00,1846.255,1837.965,1852.415,1833.9350000000004,25,timeout,1.3457792207792836
PEM,M5,long,2021-01-25 07:45:00+00:00,2021-01-25 08:20:00+00:00,1859.155,1855.898,1855.898,1865.669,8,sl,-1.0
PEM,M5,long,2021-01-25 16:40:00+00:00,2021-01-25 18:40:00+00:00,1856.105,1863.335,1851.035,1866.245,25,timeout,1.4260355029586014
PEM,M5,short,2021-01-25 22:00:00+00:00,2021-01-26 00:00:00+00:00,1856.752,1855.425,1866.145,1837.966,25,timeout,0.14127541786436645
PEM,M5,long,2021-01-26 02:10:00+00:00,2021-01-26 02:20:00+00:00,1857.085,1855.172,1855.172,1860.911,3,sl,-1.0
PEM,M5,short,2021-01-26 03:35:00+00:00,2021-01-26 04:00:00+00:00,1853.465,1855.827,1855.827,1848.7409999999998,6,sl,-1.0
PEM,M5,short,2021-01-26 07:25:00+00:00,2021-01-26 08:40:00+00:00,1853.548,1855.865,1855.865,1848.914,16,sl,-1.0
PEM,M5,long,2021-01-26 09:00:00+00:00,2021-01-26 11:00:00+00:00,1858.045,1860.085,1854.565,1865.005,25,timeout,0.5862068965517107
PEM,M5,long,2021-01-26 11:15:00+00:00,2021-01-26 11:35:00+00:00,1861.325,1859.515,1859.515,1864.945,5,sl,-1.0
PEM,M5,short,2021-01-26 13:50:00+00:00,2021-01-26 15:20:00+00:00,1853.895,1856.905,1856.905,1847.875,19,sl,-1.0
PEM,M5,long,2021-01-26 19:15:00+00:00,2021-01-26 21:15:00+00:00,1855.575,1856.455,1849.515,1867.695,25,timeout,0.14521452145212702
PEM,M5,short,2021-01-27 02:30:00+00:00,2021-01-27 03:30:00+00:00,1849.955,1852.695,1852.695,1844.475,13,sl,-1.0
PEM,M5,short,2021-01-27 04:45:00+00:00,2021-01-27 04:55:00+00:00,1850.402,1851.305,1851.305,1848.596,3,sl,-1.0
PEM,M5,short,2021-01-27 09:25:00+00:00,2021-01-27 09:55:00+00:00,1844.802,1847.635,1847.635,1839.1359999999997,7,sl,-1.0
PEM,M5,long,2021-01-28 04:55:00+00:00,2021-01-28 06:40:00+00:00,1844.472,1840.187,1840.187,1853.0420000000001,11,sl,-1.0
PEM,M5,short,2021-01-28 06:45:00+00:00,2021-01-28 08:45:00+00:00,1839.195,1836.635,1843.152,1831.2809999999997,25,timeout,0.6469547637098498
PEM,M5,short,2021-01-28 18:35:00+00:00,2021-01-28 20:35:00+00:00,1839.755,1840.185,1842.985,1833.2950000000005,25,timeout,-0.13312693498447806
PEM,M5,short,2021-01-29 11:10:00+00:00,2021-01-29 12:15:00+00:00,1841.865,1843.315,1843.315,1838.965,14,sl,-1.0
PEM,M5,long,2021-01-29 17:00:00+00:00,2021-01-29 17:50:00+00:00,1851.088,1856.7499999999998,1848.257,1856.7499999999998,11,tp,2.0
PEM,M5,long,2021-01-29 18:40:00+00:00,2021-01-29 20:40:00+00:00,1860.788,1870.902,1852.695,1876.9740000000002,25,timeout,1.2497219819597107
PEM,M5,long,2021-01-29 20:50:00+00:00,2021-01-29 21:30:00+00:00,1873.085,1866.958,1866.958,1885.339,9,sl,-1.0
PEM,M5,short,2021-01-30 04:00:00+00:00,2021-01-30 04:55:00+00:00,1844.095,1848.775,1848.775,1834.735,12,sl,-1.0
PEM,M5,short,2021-02-01 08:20:00+00:00,2021-02-01 09:05:00+00:00,1850.225,1854.212,1854.212,1842.2509999999997,10,sl,-1.0
PEM,M5,long,2021-02-01 13:25:00+00:00,2021-02-01 15:25:00+00:00,1865.685,1863.085,1859.065,1878.9249999999997,25,timeout,-0.39274924471298367
PEM,M5,long,2021-02-01 16:35:00+00:00,2021-02-01 16:55:00+00:00,1864.875,1860.0,1860.0,1874.625,5,sl,-1.0
PEM,M5,short,2021-02-02 03:00:00+00:00,2021-02-02 03:30:00+00:00,1858.526,1861.855,1861.855,1851.8680000000002,7,sl,-1.0
PEM,M5,short,2021-02-02 06:10:00+00:00,2021-02-02 07:20:00+00:00,1859.131,1855.5230000000004,1860.935,1855.5230000000004,15,tp,2.0
PEM,M5,long,2021-02-02 08:45:00+00:00,2021-02-02 10:10:00+00:00,1861.955,1856.828,1856.828,1872.2089999999998,18,sl,-1.0
PEM,M5,short,2021-02-02 11:40:00+00:00,2021-02-02 13:40:00+00:00,1854.355,1855.177,1857.285,1848.495,25,timeout,-0.2805460750852803
PEM,M5,short,2021-02-02 18:40:00+00:00,2021-02-02 19:00:00+00:00,1846.508,1840.314,1849.605,1840.314,5,tp,2.0
PEM,M5,short,2021-02-02 20:30:00+00:00,2021-02-02 22:30:00+00:00,1835.535,1835.447,1845.965,1814.6750000000004,25,timeout,0.008437200383527728
PEM,M5,long,2021-02-03 02:20:00+00:00,2021-02-03 04:20:00+00:00,1836.815,1836.815,1833.125,1844.1950000000002,25,timeout,0.0
PEM,M5,long,2021-02-03 06:20:00+00:00,2021-02-03 06:55:00+00:00,1839.075,1837.165,1837.165,1842.8950000000002,8,sl,-1.0
PEM,M5,short,2021-02-03 17:20:00+00:00,2021-02-03 19:20:00+00:00,1834.565,1834.585,1836.838,1830.0190000000002,25,timeout,-0.008798944126697138
PEM,M5,short,2021-02-04 01:25:00+00:00,2021-02-04 03:25:00+00:00,1834.405,1832.475,1836.135,1830.945,25,timeout,1.11560693641621
PEM,M5,short,2021-02-04 07:40:00+00:00,2021-02-04 08:45:00+00:00,1833.478,1831.1640000000002,1834.635,1831.1640000000002,14,tp,2.0
PEM,M5,short,2021-02-04 17:10:00+00:00,2021-02-04 19:10:00+00:00,1813.052,1813.745,1815.945,1807.2659999999998,25,timeout,-0.2395437262357334
PEM,M5,short,2021-02-04 22:30:00+00:00,2021-02-05 00:30:00+00:00,1788.542,1788.755,1797.033,1771.56,25,timeout,-0.025085384524813705
PEM,M5,long,2021-02-05 12:30:00+00:00,2021-02-05 14:30:00+00:00,1796.883,1799.915,1793.865,1802.919,25,timeout,1.0046388336646441
PEM,M5,long,2021-02-08 07:05:00+00:00,2021-02-08 07:15:00+00:00,1818.165,1816.445,1816.445,1821.605,3,sl,-1.0
PEM,M5,short,2021-02-08 09:20:00+00:00,2021-02-08 11:20:00+00:00,1812.213,1810.915,1815.945,1804.749,25,timeout,0.34780278670954234
PEM,M5,long,2021-02-08 14:00:00+00:00,2021-02-08 15:15:00+00:00,1815.765,1812.725,1812.725,1821.8450000000005,16,sl,-1.0
PEM,M5,long,2021-02-08 20:00:00+00:00,2021-02-08 22:00:00+00:00,1825.335,1833.553,1816.385,1843.2350000000001,25,timeout,0.918212290502797
PEM,M5,short,2021-02-09 06:35:00+00:00,2021-02-09 07:10:00+00:00,1829.445,1831.075,1831.075,1826.1849999999997,8,sl,-1.0
PEM,M5,long,2021-02-09 08:05:00+00:00,2021-02-09 10:05:00+00:00,1835.135,1842.095,1830.135,1845.135,25,timeout,1.3920000000000072
PEM,M5,long,2021-02-09 14:10:00+00:00,2021-02-09 14:15:00+00:00,1841.425,1838.755,1838.755,1846.7649999999996,2,sl,-1.0
PEM,M5,long,2021-02-10 04:45:00+00:00,2021-02-10 07:40:00+00:00,1836.968,1836.008,1835.435,1840.0340000000003,25,timeout,-0.6262230919764876
PEM,M5,long,2021-02-10 09:45:00+00:00,2021-02-10 11:45:00+00:00,1841.303,1843.595,1839.298,1845.3130000000003,25,timeout,1.1431421446383
PEM,M5,long,2021-02-11 01:00:00+00:00,2021-02-11 03:00:00+00:00,1842.435,1842.092,1839.738,1847.8289999999997,25,timeout,-0.1271783463106642
PEM,M5,short,2021-02-11 18:00:00+00:00,2021-02-11 20:00:00+00:00,1840.835,1843.175,1844.125,1834.255,25,timeout,-0.7112462006078857
PEM,M5,short,2021-02-12 02:30:00+00:00,2021-02-12 04:30:00+00:00,1823.095,1826.148,1826.932,1815.421,25,timeout,-0.7956737034140975
PEM,M5,short,2021-02-12 13:45:00+00:00,2021-02-12 14:00:00+00:00,1821.245,1818.6309999999999,1822.552,1818.6309999999999,4,tp,2.0
PEM,M5,short,2021-02-12 15:00:00+00:00,2021-02-12 17:00:00+00:00,1816.715,1816.915,1820.648,1808.849,25,timeout,-0.050851767098918345
PEM,M5,long,2021-02-12 22:55:00+00:00,2021-02-13 00:55:00+00:00,1825.425,1820.275,1814.305,1847.6649999999997,25,timeout,-0.46312949640287
PEM,M5,long,2021-02-15 09:00:00+00:00,2021-02-15 11:00:00+00:00,1826.305,1826.395,1819.995,1838.9250000000004,25,timeout,0.01426307448493117
PEM,M5,short,2021-02-15 20:50:00+00:00,2021-02-15 22:50:00+00:00,1820.335,1817.415,1823.276,1814.453,25,timeout,0.9928595715743087
PEM,M5,short,2021-02-16 00:30:00+00:00,2021-02-16 07:25:00+00:00,1818.705,1820.735,1820.735,1814.645,25,sl,-1.0
PEM,M5,long,2021-02-16 08:35:00+00:00,2021-02-16 10:35:00+00:00,1823.275,1823.755,1820.608,1828.6090000000004,25,timeout,0.1799775028121456
PEM,M5,long,2021-02-16 10:55:00+00:00,2021-02-16 12:20:00+00:00,1825.021,1823.345,1823.345,1828.3729999999998,18,sl,-1.0
PEM,M5,short,2021-02-16 14:40:00+00:00,2021-02-16 15:45:00+00:00,1819.298,1823.995,1823.995,1809.9040000000002,14,sl,-1.0
PEM,M5,short,2021-02-16 18:30:00+00:00,2021-02-16 19:00:00+00:00,1820.645,1816.245,1822.845,1816.245,7,tp,2.0
PEM,M5,short,2021-02-16 19:40:00+00:00,2021-02-16 20:00:00+00:00,1816.076,1806.7780000000002,1820.725,1806.7780000000002,5,tp,2.0
PEM,M5,short,2021-02-17 00:20:00+00:00,2021-02-17 01:05:00+00:00,1793.605,1797.925,1797.925,1784.9650000000001,10,sl,-1.0
PEM,M5,short,2021-02-17 04:25:00+00:00,2021-02-17 06:10:00+00:00,1793.885,1790.985,1795.335,1790.985,11,tp,2.0
PEM,M5,short,2021-02-17 07:50:00+00:00,2021-02-17 08:05:00+00:00,1787.005,1789.285,1789.285,1782.4450000000002,4,sl,-1.0
PEM,M5,short,2021-02-17 16:00:00+00:00,2021-02-17 18:00:00+00:00,1786.925,1789.325,1790.275,1780.2249999999997,25,timeout,-0.7164179104477592
PEM,M5,short,2021-02-17 22:15:00+00:00,2021-02-18 00:15:00+00:00,1780.025,1778.765,1792.715,1754.6450000000004,25,timeout,0.0992907801418446
PEM,M5,long,2021-02-18 00:25:00+00:00,2021-02-18 00:55:00+00:00,1779.135,1776.365,1776.365,1784.675,7,sl,-1.0
PEM,M5,long,2021-02-18 10:25:00+00:00,2021-02-18 12:25:00+00:00,1784.565,1782.165,1780.888,1791.9190000000003,25,timeout,-0.6527060103345127
PEM,M5,long,2021-02-18 12:40:00+00:00,2021-02-18 13:10:00+00:00,1783.575,1781.985,1781.985,1786.7550000000003,7,sl,-1.0
PEM,M5,long,2021-02-18 16:25:00+00:00,2021-02-18 17:25:00+00:00,1786.895,1781.311,1781.311,1798.063,13,sl,-1.0
PEM,M5,short,2021-02-19 07:05:00+00:00,2021-02-19 09:05:00+00:00,1770.1,1765.405,1775.635,1759.0299999999997,25,timeout,0.8482384823847998
PEM,M5,short,2021-02-19 17:10:00+00:00,2021-02-19 19:10:00+00:00,1769.885,1770.765,1775.095,1759.465,25,timeout,-0.16890595009598905
PEM,M5,long,2021-02-19 23:00:00+00:00,2021-02-20 00:10:00+00:00,1784.695,1780.846,1780.846,1792.3929999999998,15,sl,-1.0
PEM,M5,long,2021-02-20 03:25:00+00:00,2021-02-22 06:05:00+00:00,1781.286,1786.248,1778.805,1786.248,22,tp,2.0
PEM,M5,long,2021-02-22 22:55:00+00:00,2021-02-23 00:55:00+00:00,1809.855,1808.365,1796.405,1836.755,25,timeout,-0.11078066914498172
PEM,M5,long,2021-02-23 05:00:00+00:00,2021-02-23 07:55:00+00:00,1809.235,1809.318,1807.268,1813.1689999999996,25,timeout,0.0421962379258206
PEM,M5,short,2021-02-23 15:40:00+00:00,2021-02-23 15:50:00+00:00,1807.425,1810.408,1810.408,1801.459,3,sl,-1.0
PEM,M5,short,2021-02-23 17:05:00+00:00,2021-02-23 19:05:00+00:00,1804.385,1810.245,1810.245,1792.6650000000002,25,sl,-1.0
PEM,M5,long,2021-02-24 07:25:00+00:00,2021-02-24 08:20:00+00:00,1807.128,1810.434,1805.475,1810.434,12,tp,2.0
PEM,M5,long,2021-02-24 09:35:00+00:00,2021-02-24 10:00:00+00:00,1813.355,1809.875,1809.875,1820.315,6,sl,-1.0
PEM,M5,short,2021-02-24 16:45:00+00:00,2021-02-24 17:40:00+00:00,1804.335,1807.885,1807.885,1797.2350000000001,12,sl,-1.0
PEM,M5,long,2021-02-24 18:35:00+00:00,2021-02-24 19:50:00+00:00,1809.155,1806.625,1806.625,1814.215,16,sl,-1.0
PEM,M5,long,2021-02-25 04:05:00+00:00,2021-02-25 07:00:00+00:00,1803.075,1803.275,1798.815,1811.595,25,timeout,0.04694835680752251
PEM,M5,short,2021-02-25 12:20:00+00:00,2021-02-25 12:35:00+00:00,1796.598,1798.945,1798.945,1791.904,4,sl,-1.0
PEM,M5,short,2021-02-25 14:15:00+00:00,2021-02-25 16:15:00+00:00,1791.115,1792.085,1800.058,1773.229,25,timeout,-0.10846472101084972
PEM,M5,short,2021-02-25 18:30:00+00:00,2021-02-25 20:30:00+00:00,1789.495,1780.9549999999995,1793.765,1780.9549999999995,25,tp,2.0
PEM,M5,short,2021-02-26 03:15:00+00:00,2021-02-26 06:10:00+00:00,1771.07,1769.828,1779.415,1754.3799999999999,25,timeout,0.14883163571000094
PEM,M5,short,2021-02-26 08:15:00+00:00,2021-02-26 09:25:00+00:00,1768.765,1772.025,1772.025,1762.2450000000001,15,sl,-1.0
PEM,M5,short,2021-02-26 11:25:00+00:00,2021-02-26 12:35:00+00:00,1770.445,1762.465,1774.435,1762.465,15,tp,2.0
PEM,M5,short,2021-02-26 14:20:00+00:00,2021-02-26 15:40:00+00:00,1757.398,1764.345,1764.345,1743.5039999999997,17,sl,-1.0
PEM,M5,short,2021-02-26 18:35:00+00:00,2021-02-26 20:05:00+00:00,1758.685,1763.385,1763.385,1749.2849999999999,19,sl,-1.0
PEM,M5,short,2021-02-26 23:30:00+00:00,2021-02-27 01:30:00+00:00,1720.305,1729.76,1760.545,1639.825,25,timeout,-0.23496520874751306
PEM,M5,long,2021-02-27 04:50:00+00:00,2021-03-01 07:45:00+00:00,1734.965,1739.748,1730.085,1744.7249999999997,25,timeout,0.9801229508197223
PEM,M5,long,2021-03-01 10:00:00+00:00,2021-03-01 12:00:00+00:00,1748.315,1750.025,1745.955,1753.0350000000003,25,timeout,0.724576271186417
PEM,M5,long,2021-03-01 14:35:00+00:00,2021-03-01 15:45:00+00:00,1757.335,1749.855,1749.855,1772.295,15,sl,-1.0
PEM,M5,short,2021-03-01 18:25:00+00:00,2021-03-01 19:20:00+00:00,1744.135,1746.625,1746.625,1739.155,12,sl,-1.0
PEM,M5,short,2021-03-02 01:15:00+00:00,2021-03-02 03:15:00+00:00,1722.875,1721.825,1728.685,1711.255,25,timeout,0.18072289156625893
PEM,M5,long,2021-03-02 13:50:00+00:00,2021-03-02 15:50:00+00:00,1720.865,1720.916,1715.135,1732.325,25,timeout,0.008900523560197333
PEM,M5,long,2021-03-02 17:55:00+00:00,2021-03-02 19:55:00+00:00,1729.636,1733.406,1723.565,1741.7779999999998,25,timeout,0.620985010706644
PEM,M5,short,2021-03-02 22:40:00+00:00,2021-03-02 23:10:00+00:00,1722.466,1727.296,1727.296,1712.8059999999996,7,sl,-1.0
PEM,M5,long,2021-03-03 00:30:00+00:00,2021-03-03 02:30:00+00:00,1735.016,1734.116,1732.226,1740.596,25,timeout,-0.3225806451613271
PEM,M5,short,2021-03-03 04:05:00+00:00,2021-03-03 04:40:00+00:00,1733.116,1736.616,1736.616,1726.116,8,sl,-1.0
PEM,M5,short,2021-03-03 09:15:00+00:00,2021-03-03 10:10:00+00:00,1731.755,1734.415,1734.415,1726.4350000000004,12,sl,-1.0
PEM,M5,short,2021-03-03 12:40:00+00:00,2021-03-03 14:40:00+00:00,1732.975,1734.595,1735.525,1727.8749999999995,25,timeout,-0.6352941176470599
PEM,M5,short,2021-03-03 18:40:00+00:00,2021-03-03 20:10:00+00:00,1722.595,1714.3750000000002,1726.705,1714.3750000000002,19,tp,2.0
PEM,M5,short,2021-03-04 02:30:00+00:00,2021-03-04 04:30:00+00:00,1714.865,1714.434,1717.854,1708.887,25,timeout,0.1441953830712731
PEM,M5,long,2021-03-04 14:15:00+00:00,2021-03-04 15:45:00+00:00,1718.234,1715.005,1715.005,1724.6919999999996,19,sl,-1.0
PEM,M5,long,2021-03-04 18:50:00+00:00,2021-03-04 20:00:00+00:00,1715.704,1720.4039999999998,1713.354,1720.4039999999998,15,tp,2.0
PEM,M5,short,2021-03-05 02:00:00+00:00,2021-03-05 04:00:00+00:00,1694.098,1698.635,1702.018,1678.2579999999998,25,timeout,-0.5728535353535344
PEM,M5,short,2021-03-05 06:50:00+00:00,2021-03-05 08:15:00+00:00,1694.638,1688.1319999999996,1697.891,1688.1319999999996,18,tp,2.0
PEM,M5,long,2021-03-05 22:30:00+00:00,2021-03-05 22:55:00+00:00,1702.519,1696.245,1696.245,1715.0670000000002,6,sl,-1.0
PEM,M5,short,2021-03-05 23:05:00+00:00,2021-03-06 00:20:00+00:00,1696.325,1700.284,1700.284,1688.407,16,sl,-1.0
PEM,M5,long,2021-03-06 01:05:00+00:00,2021-03-06 01:55:00+00:00,1703.269,1699.184,1699.184,1711.439,11,sl,-1.0
PEM,M5,short,2021-03-08 10:40:00+00:00,2021-03-08 12:40:00+00:00,1706.795,1709.158,1709.158,1702.0690000000004,25,sl,-1.0
PEM,M5,short,2021-03-08 22:55:00+00:00,2021-03-09 00:55:00+00:00,1681.084,1681.524,1687.839,1667.5740000000003,25,timeout,-0.0651369356032324
PEM,M5,long,2021-03-09 02:45:00+00:00,2021-03-09 04:45:00+00:00,1683.455,1682.498,1679.708,1690.9489999999996,25,timeout,-0.25540432345874564
PEM,M5,long,2021-03-09 09:30:00+00:00,2021-03-09 11:30:00+00:00,1687.049,1689.025,1683.119,1694.909,25,timeout,0.5027989821883158
PEM,M5,long,2021-03-09 16:10:00+00:00,2021-03-09 18:10:00+00:00,1702.565,1703.628,1690.464,1726.7670000000003,25,timeout,0.08784397983636597
PEM,M5,long,2021-03-09 18:55:00+00:00,2021-03-09 20:55:00+00:00,1710.505,1713.774,1701.564,1728.3870000000002,25,timeout,0.36561905827086083
PEM,M5,long,2021-03-10 00:50:00+00:00,2021-03-10 02:50:00+00:00,1717.455,1717.588,1715.124,1722.1169999999997,25,timeout,0.057057057057075804
PEM,M5,short,2021-03-10 08:45:00+00:00,2021-03-10 10:45:00+00:00,1713.224,1711.854,1716.435,1706.802,25,timeout,0.42665836188099826
PEM,M5,short,2021-03-10 12:10:00+00:00,2021-03-10 13:55:00+00:00,1712.054,1714.128,1714.128,1707.9060000000004,22,sl,-1.0
PEM,M5,long,2021-03-11 05:00:00+00:00,2021-03-11 07:55:00+00:00,1726.421,1724.268,1724.268,1730.727,25,sl,-1.0
PEM,M5,long,2021-03-11 09:40:00+00:00,2021-03-11 09:55:00+00:00,1731.284,1729.294,1729.294,1735.2640000000001,4,sl,-1.0
PEM,M5,long,2021-03-11 10:40:00+00:00,2021-03-11 11:05:00+00:00,1734.104,1730.898,1730.898,1740.5160000000003,6,sl,-1.0
PEM,M5,long,2021-03-12 08:20:00+00:00,2021-03-12 09:15:00+00:00,1725.715,1722.635,1722.635,1731.8749999999998,12,sl,-1.0
PEM,M5,short,2021-03-12 16:10:00+00:00,2021-03-12 16:55:00+00:00,1705.328,1699.6079999999997,1708.188,1699.6079999999997,10,tp,2.0
PEM,M5,short,2021-03-12 18:10:00+00:00,2021-03-12 19:15:00+00:00,1702.605,1704.968,1704.968,1697.879,14,sl,-1.0
PEM,M5,long,2021-03-13 02:05:00+00:00,2021-03-13 03:00:00+00:00,1725.005,1722.398,1722.398,1730.2190000000005,12,sl,-1.0
PEM,M5,long,2021-03-15 16:30:00+00:00,2021-03-15 18:30:00+00:00,1731.594,1730.268,1724.084,1746.614,25,timeout,-0.17656458055925744
PEM,M5,long,2021-03-15 20:40:00+00:00,2021-03-15 21:10:00+00:00,1733.175,1729.984,1729.984,1739.557,7,sl,-1.0
PEM,M5,long,2021-03-16 02:35:00+00:00,2021-03-16 05:30:00+00:00,1729.918,1731.464,1728.118,1733.5179999999998,25,timeout,0.8588888888889379
PEM,M5,short,2021-03-16 08:05:00+00:00,2021-03-16 08:10:00+00:00,1730.058,1731.874,1731.874,1726.426,2,sl,-1.0
PEM,M5,long,2021-03-16 09:35:00+00:00,2021-03-16 11:35:00+00:00,1731.785,1734.259,1730.224,1734.9070000000004,25,timeout,1.5848814862265832
PEM,M5,long,2021-03-16 12:50:00+00:00,2021-03-16 13:25:00+00:00,1736.188,1733.786,1733.786,1740.9920000000002,8,sl,-1.0
PEM,M5,short,2021-03-17 00:45:00+00:00,2021-03-17 02:35:00+00:00,1730.318,1732.508,1732.508,1725.9379999999999,23,sl,-1.0
PEM,M5,long,2021-03-17 10:15:00+00:00,2021-03-17 12:15:00+00:00,1734.438,1736.388,1732.545,1738.2240000000002,25,timeout,1.03011093502366
PEM,M5,long,2021-03-17 21:30:00+00:00,2021-03-17 22:35:00+00:00,1733.111,1728.344,1728.344,1742.6450000000002,14,sl,-1.0
PEM,M5,long,2021-03-18 09:40:00+00:00,2021-03-18 10:20:00+00:00,1753.724,1751.085,1751.085,1759.0019999999997,9,sl,-1.0
PEM,M5,short,2021-03-18 20:15:00+00:00,2021-03-18 22:15:00+00:00,1723.128,1727.535,1734.284,1700.8159999999996,25,timeout,-0.3950340623879601
PEM,M5,long,2021-03-19 05:25:00+00:00,2021-03-19 05:45:00+00:00,1737.304,1735.391,1735.391,1741.13,5,sl,-1.0
PEM,M5,short,2021-03-19 06:45:00+00:00,2021-03-19 08:45:00+00:00,1732.684,1730.054,1737.515,1723.0219999999997,25,timeout,0.5444007451872925
PEM,M5,short,2021-03-19 12:25:00+00:00,2021-03-19 12:55:00+00:00,1731.744,1734.258,1734.258,1726.7159999999997,7,sl,-1.0
PEM,M5,long,2021-03-20 02:55:00+00:00,2021-03-22 05:20:00+00:00,1742.965,1740.898,1740.898,1747.099,19,sl,-1.0
PEM,M5,long,2021-03-22 11:45:00+00:00,2021-03-22 12:20:00+00:00,1742.308,1740.815,1740.815,1745.2939999999999,8,sl,-1.0
PEM,M5,short,2021-03-22 16:25:00+00:00,2021-03-22 16:45:00+00:00,1728.605,1730.808,1730.808,1724.199,5,sl,-1.0
PEM,M5,long,2021-03-22 18:45:00+00:00,2021-03-22 18:50:00+00:00,1738.648,1736.998,1736.998,1741.9479999999996,2,sl,-1.0
PEM,M5,long,2021-03-23 01:05:00+00:00,2021-03-23 03:05:00+00:00,1740.735,1738.688,1738.688,1744.8289999999995,25,sl,-1.0
PEM,M5,short,2021-03-23 03:10:00+00:00,2021-03-23 06:05:00+00:00,1738.578,1739.438,1739.838,1736.058,25,timeout,-0.6825396825397885
PEM,M5,short,2021-03-23 09:10:00+00:00,2021-03-23 11:00:00+00:00,1733.098,1735.588,1735.588,1728.118,23,sl,-1.0
PEM,M5,long,2021-03-23 12:45:00+00:00,2021-03-23 14:45:00+00:00,1737.348,1737.648,1735.095,1741.8539999999998,25,timeout,0.13315579227694804
PEM,M5,long,2021-03-24 11:40:00+00:00,2021-03-24 13:00:00+00:00,1732.888,1731.118,1731.118,1736.4279999999999,17,sl,-1.0
PEM,M5,long,2021-03-24 16:00:00+00:00,2021-03-24 16:40:00+00:00,1730.455,1734.0089999999996,1728.678,1734.0089999999996,9,tp,2.0
PEM,M5,long,2021-03-25 01:10:00+00:00,2021-03-25 01:35:00+00:00,1735.068,1733.985,1733.985,1737.2340000000002,6,sl,-1.0
PEM,M5,short,2021-03-25 02:45:00+00:00,2021-03-25 05:05:00+00:00,1733.175,1734.895,1734.895,1729.735,18,sl,-1.0
PEM,M5,long,2021-03-25 09:30:00+00:00,2021-03-25 10:15:00+00:00,1734.305,1738.325,1732.295,1738.325,10,tp,2.0
PEM,M5,long,2021-03-25 12:25:00+00:00,2021-03-25 12:50:00+00:00,1736.495,1734.959,1734.959,1739.5669999999996,6,sl,-1.0
PEM,M5,short,2021-03-25 15:20:00+00:00,2021-03-25 17:20:00+00:00,1732.335,1732.008,1734.618,1727.7690000000002,25,timeout,0.14323258869908553
PEM,M5,short,2021-03-25 23:55:00+00:00,2021-03-26 01:55:00+00:00,1728.308,1729.889,1732.445,1720.034,25,timeout,-0.3821609862218818
PEM,M5,long,2021-03-26 05:25:00+00:00,2021-03-26 06:30:00+00:00,1728.425,1726.608,1726.608,1732.059,14,sl,-1.0
PEM,M5,long,2021-03-26 08:05:00+00:00,2021-03-26 08:05:00+00:00,1728.435,1726.958,1726.958,1731.3889999999997,1,sl,-1.0
PEM,M5,short,2021-03-26 09:50:00+00:00,2021-03-26 11:50:00+00:00,1724.428,1725.658,1727.528,1718.2280000000003,25,timeout,-0.39677419354833127
PEM,M5,long,2021-03-26 23:00:00+00:00,2021-03-27 00:50:00+00:00,1733.715,1731.658,1731.658,1737.829,23,sl,-1.0
PEM,M5,short,2021-03-29 05:15:00+00:00,2021-03-29 07:15:00+00:00,1731.265,1731.735,1732.528,1728.7390000000003,25,timeout,-0.37212984956439404
PEM,M5,short,2021-03-29 10:00:00+00:00,2021-03-29 10:00:00+00:00,1730.458,1731.898,1731.898,1727.5780000000004,1,sl,-1.0
PEM,M5,short,2021-03-30 01:05:00+00:00,2021-03-30 03:05:00+00:00,1711.568,1711.375,1715.438,1703.8279999999997,25,timeout,0.04987080103358598
PEM,M5,long,2021-03-30 07:45:00+00:00,2021-03-30 08:05:00+00:00,1713.368,1712.175,1712.175,1715.754,5,sl,-1.0
PEM,M5,short,2021-03-30 09:25:00+00:00,2021-03-30 10:00:00+00:00,1708.785,1705.1990000000003,1710.578,1705.1990000000003,8,tp,2.0
PEM,M5,long,2021-03-31 06:35:00+00:00,2021-03-31 07:55:00+00:00,1685.178,1683.438,1683.438,1688.6580000000001,17,sl,-1.0
PEM,M5,long,2021-03-31 16:50:00+00:00,2021-03-31 18:40:00+00:00,1686.605,1684.768,1684.768,1690.279,23,sl,-1.0
PEM,M5,long,2021-03-31 23:00:00+00:00,2021-04-01 01:00:00+00:00,1708.548,1710.168,1685.228,1755.1879999999999,25,timeout,0.06946826758147064
PEM,M5,short,2021-04-01 07:10:00+00:00,2021-04-01 08:45:00+00:00,1706.668,1708.988,1708.988,1702.0279999999996,20,sl,-1.0
PEM,M5,long,2021-04-01 13:50:00+00:00,2021-04-01 15:50:00+00:00,1717.15,1716.698,1711.505,1728.44,25,timeout,-0.08007085916740472
PEM,M5,long,2021-04-01 19:05:00+00:00,2021-04-01 21:00:00+00:00,1717.775,1727.909,1712.708,1727.909,24,tp,2.0
PEM,M5,long,2021-04-02 02:40:00+00:00,2021-04-05 05:00:00+00:00,1728.538,1726.298,1726.298,1733.018,18,sl,-1.0
PEM,M5,long,2021-04-05 08:15:00+00:00,2021-04-05 09:10:00+00:00,1728.508,1727.255,1727.255,1731.014,12,sl,-1.0
PEM,M5,short,2021-04-05 10:50:00+00:00,2021-04-05 12:50:00+00:00,1724.365,1724.428,1725.835,1721.425,25,timeout,-0.04285714285721136
PEM,M5,short,2021-04-05 16:05:00+00:00,2021-04-05 18:05:00+00:00,1724.886,1724.888,1728.145,1718.368,25,timeout,-0.0006136851794884006
PEM,M5,short,2021-04-05 20:20:00+00:00,2021-04-05 20:50:00+00:00,1722.898,1726.248,1726.248,1716.1979999999996,7,sl,-1.0
PEM,M5,short,2021-04-06 16:45:00+00:00,2021-04-06 18:30:00+00:00,1730.845,1735.018,1735.018,1722.499,22,sl,-1.0
PEM,M5,long,2021-04-06 19:05:00+00:00,2021-04-06 21:00:00+00:00,1736.868,1743.4979999999996,1733.553,1743.4979999999996,24,tp,2.0
PEM,M5,long,2021-04-07 02:10:00+00:00,2021-04-07 02:25:00+00:00,1744.098,1742.315,1742.315,1747.6639999999998,4,sl,-1.0
PEM,M5,short,2021-04-07 02:50:00+00:00,2021-04-07 03:00:00+00:00,1741.545,1742.218,1742.218,1740.199,3,sl,-1.0
PEM,M5,short,2021-04-07 07:10:00+00:00,2021-04-07 08:35:00+00:00,1741.759,1738.3870000000002,1743.445,1738.3870000000002,18,tp,2.0
PEM,M5,long,2021-04-07 13:45:00+00:00,2021-04-07 15:10:00+00:00,1742.038,1738.408,1738.408,1749.2980000000002,18,sl,-1.0
PEM,M5,short,2021-04-07 18:15:00+00:00,2021-04-07 20:00:00+00:00,1735.448,1738.555,1738.555,1729.2340000000002,22,sl,-1.0
PEM,M5,short,2021-04-08 02:15:00+00:00,2021-04-08 05:10:00+00:00,1737.218,1736.918,1740.138,1731.3780000000004,25,timeout,0.10273972602746499
PEM,M5,short,2021-04-08 08:10:00+00:00,2021-04-08 08:45:00+00:00,1734.875,1737.158,1737.158,1730.3090000000002,8,sl,-1.0
PEM,M5,long,2021-04-08 12:05:00+00:00,2021-04-08 12:40:00+00:00,1740.268,1743.9680000000003,1738.418,1743.9680000000003,8,tp,2.0
PEM,M5,long,2021-04-08 18:15:00+00:00,2021-04-08 20:15:00+00:00,1748.858,1751.465,1744.635,1757.3039999999999,25,timeout,0.6173336490646455
PEM,M5,long,2021-04-09 03:25:00+00:00,2021-04-09 04:00:00+00:00,1756.718,1755.508,1755.508,1759.1380000000001,8,sl,-1.0
PEM,M5,short,2021-04-09 05:30:00+00:00,2021-04-09 05:45:00+00:00,1755.048,1754.068,1755.538,1754.068,4,tp,2.0
PEM,M5,short,2021-04-09 15:20:00+00:00,2021-04-09 17:20:00+00:00,1745.078,1744.198,1747.528,1740.1779999999999,25,timeout,0.35918367346933283
PEM,M5,short,2021-04-09 18:55:00+00:00,2021-04-09 19:30:00+00:00,1745.178,1738.2580000000005,1748.638,1738.2580000000005,8,tp,2.0
PEM,M5,short,2021-04-10 01:20:00+00:00,2021-04-10 03:20:00+00:00,1741.318,1742.925,1744.828,1734.298,25,timeout,-0.45783475783475075
PEM,M5,long,2021-04-12 17:35:00+00:00,2021-04-12 17:55:00+00:00,1741.518,1740.665,1740.665,1743.2240000000002,5,sl,-1.0
PEM,M5,short,2021-04-12 20:40:00+00:00,2021-04-12 22:40:00+00:00,1735.405,1733.625,1740.518,1725.1789999999999,25,timeout,0.34813221200859634
PEM,M5,long,2021-04-13 09:55:00+00:00,2021-04-13 10:15:00+00:00,1735.944,1733.865,1733.865,1740.1019999999999,5,sl,-1.0
PEM,M5,short,2021-04-13 11:35:00+00:00,2021-04-13 12:40:00+00:00,1729.765,1725.1390000000004,1732.078,1725.1390000000004,14,tp,2.0
PEM,M5,short,2021-04-13 17:00:00+00:00,2021-04-13 18:05:00+00:00,1726.098,1728.078,1728.078,1722.138,14,sl,-1.0
PEM,M5,long,2021-04-13 19:25:00+00:00,2021-04-13 20:35:00+00:00,1733.158,1745.2979999999998,1727.088,1745.2979999999998,15,tp,2.0
PEM,M5,long,2021-04-13 20:45:00+00:00,2021-04-13 22:45:00+00:00,1747.976,1743.718,1737.468,1768.9920000000002,25,timeout,-0.4052150742291609
PEM,M5,long,2021-04-14 00:15:00+00:00,2021-04-14 02:15:00+00:00,1746.568,1744.998,1742.058,1755.588,25,timeout,-0.3481152993347981
PEM,M5,short,2021-04-14 22:10:00+00:00,2021-04-15 00:10:00+00:00,1735.458,1736.095,1739.118,1728.1380000000004,25,timeout,-0.17404371584698605
PEM,M5,short,2021-04-15 01:10:00+00:00,2021-04-15 01:20:00+00:00,1734.048,1736.098,1736.098,1729.948,3,sl,-1.0
PEM,M5,long,2021-04-15 03:30:00+00:00,2021-04-15 03:45:00+00:00,1736.858,1736.455,1736.455,1737.664,4,sl,-1.0
PEM,M5,long,2021-04-15 07:10:00+00:00,2021-04-15 08:05:00+00:00,1737.188,1740.0040000000004,1735.78,1740.0040000000004,12,tp,2.0
PEM,M5,short,2021-04-15 08:50:00+00:00,2021-04-15 10:15:00+00:00,1734.738,1739.568,1739.568,1725.0780000000002,18,sl,-1.0
PEM,M5,long,2021-04-15 12:00:00+00:00,2021-04-15 13:35:00+00:00,1740.018,1744.636,1737.709,1744.636,20,tp,2.0
PEM,M5,long,2021-04-16 00:55:00+00:00,2021-04-16 02:25:00+00:00,1767.025,1764.978,1764.978,1771.1190000000001,19,sl,-1.0
PEM,M5,long,2021-04-16 12:40:00+00:00,2021-04-16 13:10:00+00:00,1765.268,1764.025,1764.025,1767.754,7,sl,-1.0
PEM,M5,long,2021-04-16 15:15:00+00:00,2021-04-16 16:55:00+00:00,1764.778,1769.8440000000003,1762.245,1769.8440000000003,21,tp,2.0
PEM,M5,long,2021-04-16 18:05:00+00:00,2021-04-16 20:05:00+00:00,1777.858,1779.378,1768.245,1797.084,25,timeout,0.15811921356496128
PEM,M5,short,2021-04-20 00:25:00+00:00,2021-04-20 02:25:00+00:00,1770.558,1770.777,1771.978,1767.7179999999998,25,timeout,-0.15422535211270402
PEM,M5,long,2021-04-20 07:00:00+00:00,2021-04-20 07:45:00+00:00,1771.935,1770.518,1770.518,1774.7689999999998,10,sl,-1.0
PEM,M5,short,2021-04-20 09:40:00+00:00,2021-04-20 10:05:00+00:00,1765.998,1770.315,1770.315,1757.364,6,sl,-1.0
PEM,M5,short,2021-04-20 12:35:00+00:00,2021-04-20 14:35:00+00:00,1769.388,1770.945,1772.468,1763.2279999999996,25,timeout,-0.5055194805194605
PEM,M5,short,2021-04-20 15:15:00+00:00,2021-04-20 17:15:00+00:00,1768.885,1768.625,1774.178,1758.2989999999998,25,timeout,0.04912148120158417
PEM,M5,long,2021-04-20 17:50:00+00:00,2021-04-20 19:35:00+00:00,1770.718,1767.235,1767.235,1777.6840000000004,22,sl,-1.0
PEM,M5,long,2021-04-20 20:50:00+00:00,2021-04-20 22:50:00+00:00,1772.138,1778.498,1766.542,1783.33,25,timeout,1.1365260900643537
PEM,M5,short,2021-04-21 06:15:00+00:00,2021-04-21 07:20:00+00:00,1777.655,1778.728,1778.728,1775.5089999999998,14,sl,-1.0
PEM,M5,long,2021-04-21 09:40:00+00:00,2021-04-21 11:40:00+00:00,1782.428,1781.158,1777.735,1791.8140000000005,25,timeout,-0.27061581078204816
PEM,M5,long,2021-04-21 12:55:00+00:00,2021-04-21 14:40:00+00:00,1784.765,1781.775,1781.775,1790.7450000000001,22,sl,-1.0
PEM,M5,long,2021-04-21 20:45:00+00:00,2021-04-21 20:50:00+00:00,1786.488,1792.1480000000004,1783.658,1792.1480000000004,2,tp,2.0
PEM,M5,long,2021-04-22 06:10:00+00:00,2021-04-22 07:00:00+00:00,1794.808,1793.415,1793.415,1797.594,11,sl,-1.0
PEM,M5,short,2021-04-22 07:25:00+00:00,2021-04-22 08:05:00+00:00,1792.748,1794.898,1794.898,1788.4480000000003,9,sl,-1.0
PEM,M5,short,2021-04-22 09:45:00+00:00,2021-04-22 11:45:00+00:00,1793.097,1791.918,1797.748,1783.7949999999998,25,timeout,0.2534938722855451
PEM,M5,long,2021-04-22 12:40:00+00:00,2021-04-22 12:40:00+00:00,1794.038,1792.415,1792.415,1797.284,1,sl,-1.0
PEM,M5,short,2021-04-22 18:00:00+00:00,2021-04-22 20:00:00+00:00,1785.958,1785.198,1790.485,1776.9040000000005,25,timeout,0.16788159929313493
PEM,M5,short,2021-04-22 23:10:00+00:00,2021-04-23 00:10:00+00:00,1777.668,1782.857,1782.857,1767.2899999999997,13,sl,-1.0
PEM,M5,long,2021-04-23 02:45:00+00:00,2021-04-23 05:40:00+00:00,1783.225,1783.675,1779.625,1790.4249999999997,25,timeout,0.1250000000000158
PEM,M5,long,2021-04-23 06:00:00+00:00,2021-04-23 06:50:00+00:00,1785.637,1783.675,1783.675,1789.561,11,sl,-1.0
PEM,M5,long,2021-04-23 08:50:00+00:00,2021-04-23 10:50:00+00:00,1788.997,1786.175,1783.397,1800.1970000000003,25,timeout,-0.5039285714285799
PEM,M5,short,2021-04-23 12:35:00+00:00,2021-04-23 13:05:00+00:00,1783.775,1785.138,1785.138,1781.0490000000004,7,sl,-1.0
PEM,M5,long,2021-04-23 17:50:00+00:00,2021-04-23 18:10:00+00:00,1786.868,1785.258,1785.258,1790.0879999999997,5,sl,-1.0
PEM,M5,long,2021-04-23 19:20:00+00:00,2021-04-23 20:30:00+00:00,1792.178,1786.428,1786.428,1803.678,15,sl,-1.0
PEM,M5,long,2021-04-26 15:20:00+00:00,2021-04-26 17:20:00+00:00,1779.948,1780.385,1775.628,1788.5880000000004,25,timeout,0.10115740740738
PEM,M5,long,2021-04-27 01:55:00+00:00,2021-04-27 03:50:00+00:00,1780.158,1781.9179999999997,1779.278,1781.9179999999997,24,tp,2.0
PEM,M5,long,2021-04-27 11:40:00+00:00,2021-04-27 13:40:00+00:00,1780.928,1781.342,1779.465,1783.8540000000005,25,timeout,0.2829801777169738
PEM,M5,short,2021-04-27 15:00:00+00:00,2021-04-27 16:50:00+00:00,1777.827,1781.515,1781.515,1770.4509999999998,23,sl,-1.0
PEM,M5,short,2021-04-28 00:55:00+00:00,2021-04-28 02:55:00+00:00,1777.175,1776.085,1779.218,1773.0889999999997,25,timeout,0.5335291238374225
PEM,M5,short,2021-04-28 12:05:00+00:00,2021-04-28 12:45:00+00:00,1770.945,1769.2449999999997,1771.795,1769.2449999999997,9,tp,2.0
PEM,M5,long,2021-04-29 08:15:00+00:00,2021-04-29 10:15:00+00:00,1786.355,1786.408,1783.878,1791.3090000000002,25,timeout,0.021396851029423365
PEM,M5,short,2021-04-29 13:50:00+00:00,2021-04-29 15:50:00+00:00,1779.048,1777.885,1784.688,1767.7679999999998,25,timeout,0.20620567375886353
PEM,M5,short,2021-04-29 17:10:00+00:00,2021-04-29 18:15:00+00:00,1774.018,1776.248,1776.248,1769.558,14,sl,-1.0
PEM,M5,long,2021-04-30 01:20:00+00:00,2021-04-30 01:50:00+00:00,1769.318,1772.878,1767.538,1772.878,7,tp,2.0
PEM,M5,long,2021-04-30 06:55:00+00:00,2021-04-30 07:10:00+00:00,1773.258,1771.225,1771.225,1777.3240000000003,4,sl,-1.0
PEM,M5,short,2021-04-30 20:40:00+00:00,2021-04-30 21:55:00+00:00,1768.615,1771.755,1771.755,1762.3349999999998,16,sl,-1.0
PEM,M5,long,2021-05-01 00:45:00+00:00,2021-05-01 02:45:00+00:00,1769.025,1767.045,1765.575,1775.9250000000002,25,timeout,-0.5739130434782586
PEM,M5,long,2021-05-03 05:45:00+00:00,2021-05-03 07:45:00+00:00,1768.115,1769.095,1766.425,1771.4950000000001,25,timeout,0.5798816568047258
PEM,M5,long,2021-05-03 10:15:00+00:00,2021-05-03 12:15:00+00:00,1773.098,1772.798,1771.575,1776.1439999999998,25,timeout,-0.1969796454366199
PEM,M5,long,2021-05-03 16:20:00+00:00,2021-05-03 17:45:00+00:00,1776.965,1781.0649999999998,1774.915,1781.0649999999998,18,tp,2.0
PEM,M5,short,2021-05-04 02:25:00+00:00,2021-05-04 03:40:00+00:00,1791.065,1793.005,1793.005,1787.185,16,sl,-1.0
PEM,M5,long,2021-05-04 06:15:00+00:00,2021-05-04 06:25:00+00:00,1792.615,1791.758,1791.758,1794.329,3,sl,-1.0
PEM,M5,short,2021-05-04 09:05:00+00:00,2021-05-04 09:15:00+00:00,1789.978,1790.858,1790.858,1788.2180000000003,3,sl,-1.0
PEM,M5,short,2021-05-04 10:20:00+00:00,2021-05-04 10:45:00+00:00,1789.288,1790.368,1790.368,1787.1280000000002,6,sl,-1.0
PEM,M5,short,2021-05-04 12:20:00+00:00,2021-05-04 14:20:00+00:00,1786.458,1786.775,1789.018,1781.3380000000002,25,timeout,-0.12382812500000548
PEM,M5,short,2021-05-04 22:55:00+00:00,2021-05-05 00:55:00+00:00,1777.768,1778.178,1784.788,1763.728,25,timeout,-0.05840455840457021
PEM,M5,short,2021-05-05 02:10:00+00:00,2021-05-05 03:10:00+00:00,1777.038,1779.838,1779.838,1771.438,13,sl,-1.0
PEM,M5,long,2021-05-05 06:10:00+00:00,2021-05-05 07:10:00+00:00,1779.048,1777.385,1777.385,1782.374,13,sl,-1.0
PEM,M5,long,2021-05-05 09:25:00+00:00,2021-05-05 09:50:00+00:00,1780.148,1782.0939999999998,1779.175,1782.0939999999998,6,tp,2.0
PEM,M5,long,2021-05-05 21:10:00+00:00,2021-05-05 23:10:00+00:00,1783.348,1784.028,1777.345,1795.3539999999998,25,timeout,0.11327669498585236
PEM,M5,long,2021-05-06 00:45:00+00:00,2021-05-06 02:45:00+00:00,1785.308,1785.375,1781.845,1792.234,25,timeout,0.01934738665896851
PEM,M5,long,2021-05-06 03:25:00+00:00,2021-05-06 06:15:00+00:00,1787.018,1785.238,1785.238,1790.578,24,sl,-1.0
PEM,M5,long,2021-05-06 21:10:00+00:00,2021-05-06 23:10:00+00:00,1813.448,1815.535,1792.465,1855.4140000000004,25,timeout,0.09946146880808139
PEM,M5,long,2021-05-07 02:45:00+00:00,2021-05-07 05:40:00+00:00,1814.755,1814.338,1813.367,1817.5310000000004,25,timeout,-0.3004322766571322
PEM,M5,long,2021-05-07 17:45:00+00:00,2021-05-07 17:45:00+00:00,1820.995,1819.905,1819.905,1823.1749999999997,1,sl,-1.0
PEM,M5,long,2021-05-08 02:30:00+00:00,2021-05-08 03:25:00+00:00,1831.338,1830.058,1830.058,1833.898,12,sl,-1.0
PEM,M5,long,2021-05-10 05:10:00+00:00,2021-05-10 07:10:00+00:00,1833.108,1832.668,1830.043,1839.238,25,timeout,-0.14355628058729095
PEM,M5,short,2021-05-10 10:10:00+00:00,2021-05-10 11:25:00+00:00,1831.968,1833.968,1833.968,1827.968,16,sl,-1.0
PEM,M5,long,2021-05-11 15:45:00+00:00,2021-05-11 16:05:00+00:00,1836.188,1834.455,1834.455,1839.6540000000005,5,sl,-1.0
PEM,M5,long,2021-05-11 17:20:00+00:00,2021-05-11 19:20:00+00:00,1839.538,1839.568,1835.925,1846.7640000000001,25,timeout,0.008303349017429351
PEM,M5,long,2021-05-12 02:20:00+00:00,2021-05-12 05:15:00+00:00,1836.158,1836.588,1833.825,1840.8239999999996,25,timeout,0.18431204457783548
PEM,M5,short,2021-05-12 08:45:00+00:00,2021-05-12 10:45:00+00:00,1829.568,1827.818,1835.628,1817.448,25,timeout,0.2887788778877914
PEM,M5,long,2021-05-12 16:00:00+00:00,2021-05-12 18:00:00+00:00,1832.918,1833.948,1830.585,1837.5839999999996,25,timeout,0.4414916416632077
PEM,M5,short,2021-05-12 22:35:00+00:00,2021-05-13 00:35:00+00:00,1821.826,1823.018,1826.928,1811.6219999999998,25,timeout,-0.2336338690709499
PEM,M5,short,2021-05-13 01:15:00+00:00,2021-05-13 03:15:00+00:00,1820.478,1817.555,1824.558,1812.3180000000002,25,timeout,0.7164215686274642
PEM,M5,short,2021-05-13 10:20:00+00:00,2021-05-13 12:20:00+00:00,1818.238,1819.338,1820.238,1814.238,25,timeout,-0.5499999999999545
PEM,M5,short,2021-05-13 17:05:00+00:00,2021-05-13 19:05:00+00:00,1811.648,1815.725,1817.418,1800.108,25,timeout,-0.7065857885615271
PEM,M5,long,2021-05-13 22:45:00+00:00,2021-05-14 00:45:00+00:00,1825.336,1823.098,1821.886,1832.236,25,timeout,-0.6486956521739209
PEM,M5,long,2021-05-14 12:50:00+00:00,2021-05-14 13:30:00+00:00,1825.455,1831.033,1822.666,1831.033,9,tp,2.0
PEM,M5,long,2021-05-15 03:50:00+00:00,2021-05-17 05:00:00+00:00,1843.648,1842.165,1842.165,1846.6139999999998,4,sl,-1.0
PEM,M5,short,2021-05-17 16:25:00+00:00,2021-05-17 18:25:00+00:00,1851.168,1847.595,1854.108,1845.2879999999998,25,timeout,1.2153061224489112
PEM,M5,long,2021-05-17 20:35:00+00:00,2021-05-17 21:25:00+00:00,1850.628,1860.5339999999999,1845.675,1860.5339999999999,11,tp,2.0
PEM,M5,long,2021-05-17 22:05:00+00:00,2021-05-18 00:05:00+00:00,1864.395,1867.775,1860.658,1871.8690000000001,25,timeout,0.9044688252609143
PEM,M5,long,2021-05-18 01:15:00+00:00,2021-05-18 01:25:00+00:00,1868.008,1866.528,1866.528,1870.968,3,sl,-1.0
PEM,M5,short,2021-05-18 05:55:00+00:00,2021-05-18 06:35:00+00:00,1865.655,1866.748,1866.748,1863.4689999999998,9,sl,-1.0
PEM,M5,long,2021-05-18 06:45:00+00:00,2021-05-18 07:20:00+00:00,1867.265,1869.1050000000002,1866.345,1869.1050000000002,8,tp,2.0
PEM,M5,long,2021-05-18 12:20:00+00:00,2021-05-18 13:50:00+00:00,1870.685,1867.778,1867.778,1876.4989999999998,19,sl,-1.0
PEM,M5,long,2021-05-18 16:15:00+00:00,2021-05-18 16:25:00+00:00,1869.605,1868.625,1868.625,1871.565,3,sl,-1.0
PEM,M5,short,2021-05-18 23:05:00+00:00,2021-05-19 00:00:00+00:00,1864.148,1867.338,1867.338,1857.7679999999998,12,sl,-1.0
PEM,M5,long,2021-05-19 02:30:00+00:00,2021-05-19 03:00:00+00:00,1869.694,1868.788,1868.788,1871.5059999999999,7,sl,-1.0
PEM,M5,short,2021-05-19 05:35:00+00:00,2021-05-19 06:15:00+00:00,1868.298,1869.118,1869.118,1866.6580000000001,9,sl,-1.0
PEM,M5,long,2021-05-19 06:45:00+00:00,2021-05-19 07:05:00+00:00,1870.728,1868.844,1868.844,1874.496,5,sl,-1.0
PEM,M5,long,2021-05-19 10:45:00+00:00,2021-05-19 12:45:00+00:00,1869.058,1868.628,1866.928,1873.3179999999998,25,timeout,-0.20187793427234157
PEM,M5,short,2021-05-19 15:45:00+00:00,2021-05-19 17:45:00+00:00,1865.958,1857.435,1873.325,1851.2240000000002,25,timeout,1.1569159766526649
PEM,M5,short,2021-05-19 18:15:00+00:00,2021-05-19 19:05:00+00:00,1856.365,1858.715,1858.715,1851.6650000000002,11,sl,-1.0
PEM,M5,short,2021-05-20 01:10:00+00:00,2021-05-20 02:00:00+00:00,1874.965,1862.8249999999996,1881.035,1862.8249999999996,11,tp,2.0
PEM,M5,long,2021-05-20 08:05:00+00:00,2021-05-20 08:15:00+00:00,1871.795,1866.115,1866.115,1883.1550000000002,3,sl,-1.0
PEM,M5,long,2021-05-20 10:40:00+00:00,2021-05-20 12:40:00+00:00,1877.215,1875.158,1874.635,1882.3749999999998,25,timeout,-0.7972868217054552
PEM,M5,short,2021-05-20 16:25:00+00:00,2021-05-20 18:25:00+00:00,1870.258,1871.555,1873.455,1863.8640000000003,25,timeout,-0.40569283703474207
PEM,M5,long,2021-05-20 18:35:00+00:00,2021-05-20 19:25:00+00:00,1871.938,1867.725,1867.725,1880.3640000000005,11,sl,-1.0
PEM,M5,long,2021-05-20 22:20:00+00:00,2021-05-21 00:20:00+00:00,1879.334,1881.014,1876.238,1885.526,25,timeout,0.5426356589146751
PEM,M5,long,2021-05-21 16:10:00+00:00,2021-05-21 16:45:00+00:00,1876.598,1879.464,1875.165,1879.464,8,tp,2.0
PEM,M5,short,2021-05-21 21:45:00+00:00,2021-05-21 23:45:00+00:00,1872.435,1873.358,1887.155,1842.995,25,timeout,-0.06270380434782609
PEM,M5,long,2021-05-22 00:35:00+00:00,2021-05-22 02:10:00+00:00,1876.115,1881.655,1873.345,1881.655,20,tp,2.0
PEM,M5,short,2021-05-24 08:00:00+00:00,2021-05-24 08:05:00+00:00,1880.968,1883.535,1883.535,1875.834,2,sl,-1.0
PEM,M5,short,2021-05-24 15:40:00+00:00,2021-05-24 17:40:00+00:00,1878.598,1881.645,1882.575,1870.6439999999998,25,timeout,-0.7661553935126872
PEM,M5,short,2021-05-24 18:40:00+00:00,2021-05-24 19:00:00+00:00,1880.358,1881.908,1881.908,1877.258,5,sl,-1.0
PEM,M5,long,2021-05-24 21:55:00+00:00,2021-05-24 23:55:00+00:00,1884.965,1883.815,1878.858,1897.1789999999999,25,timeout,-0.1883084984443866
PEM,M5,short,2021-05-25 03:55:00+00:00,2021-05-25 06:10:00+00:00,1881.688,1878.1740000000004,1883.445,1878.1740000000004,17,tp,2.0
PEM,M5,short,2021-05-25 06:40:00+00:00,2021-05-25 08:00:00+00:00,1877.674,1879.258,1879.258,1874.5059999999999,17,sl,-1.0
PEM,M5,long,2021-05-25 13:45:00+00:00,2021-05-25 15:45:00+00:00,1883.008,1883.078,1877.195,1894.6340000000002,25,timeout,0.012041974883869794
PEM,M5,long,2021-05-26 01:55:00+00:00,2021-05-26 03:55:00+00:00,1898.728,1898.965,1897.288,1901.6080000000002,25,timeout,0.16458333333322478
PEM,M5,short,2021-05-26 07:00:00+00:00,2021-05-26 07:05:00+00:00,1897.288,1898.808,1898.808,1894.248,2,sl,-1.0
PEM,M5,short,2021-05-26 07:55:00+00:00,2021-05-26 08:00:00+00:00,1897.735,1899.685,1899.685,1893.8349999999998,2,sl,-1.0
PEM,M5,long,2021-05-26 09:40:00+00:00,2021-05-26 11:40:00+00:00,1906.528,1905.488,1903.288,1913.008,25,timeout,-0.32098765432097554
PEM,M5,long,2021-05-26 14:55:00+00:00,2021-05-26 16:55:00+00:00,1909.738,1907.325,1903.148,1922.9180000000003,25,timeout,-0.36616084977237595
PEM,M5,short,2021-05-26 22:00:00+00:00,2021-05-27 00:00:00+00:00,1901.448,1902.405,1904.958,1894.428,25,timeout,-0.27264957264953915
PEM,M5,short,2021-05-27 00:25:00+00:00,2021-05-27 00:45:00+00:00,1900.798,1895.8039999999999,1903.295,1895.8039999999999,5,tp,2.0
PEM,M5,long,2021-05-27 06:30:00+00:00,2021-05-27 06:40:00+00:00,1897.185,1896.025,1896.025,1899.5049999999997,3,sl,-1.0
PEM,M5,long,2021-05-27 13:55:00+00:00,2021-05-27 14:35:00+00:00,1900.475,1898.408,1898.408,1904.609,9,sl,-1.0
PEM,M5,short,2021-05-27 17:05:00+00:00,2021-05-27 18:10:00+00:00,1896.078,1893.7440000000001,1897.245,1893.7440000000001,14,tp,2.0
PEM,M5,long,2021-05-28 06:50:00+00:00,2021-05-28 07:40:00+00:00,1898.255,1896.245,1896.245,1902.2750000000005,11,sl,-1.0
PEM,M5,long,2021-05-28 15:50:00+00:00,2021-05-28 17:50:00+00:00,1894.068,1892.915,1890.735,1900.7340000000002,25,timeout,-0.34593459345934324
PEM,M5,long,2021-05-29 00:40:00+00:00,2021-05-29 01:05:00+00:00,1902.858,1900.348,1900.348,1907.878,6,sl,-1.0
PEM,M5,long,2021-05-31 21:00:00+00:00,2021-05-31 21:55:00+00:00,1906.028,1904.188,1904.188,1909.7079999999999,12,sl,-1.0
PEM,M5,long,2021-06-01 06:50:00+00:00,2021-06-01 07:10:00+00:00,1907.948,1906.995,1906.995,1909.8540000000005,5,sl,-1.0
PEM,M5,short,2021-06-01 16:40:00+00:00,2021-06-01 18:40:00+00:00,1908.075,1908.558,1914.115,1895.9950000000001,25,timeout,-0.0799668874172103
PEM,M5,short,2021-06-01 21:50:00+00:00,2021-06-01 23:05:00+00:00,1894.738,1901.118,1901.118,1881.9780000000003,16,sl,-1.0
PEM,M5,short,2021-06-02 01:40:00+00:00,2021-06-02 02:10:00+00:00,1901.748,1899.348,1902.948,1899.348,7,tp,2.0
PEM,M5,short,2021-06-02 02:45:00+00:00,2021-06-02 05:40:00+00:00,1899.358,1898.595,1901.835,1894.4039999999998,25,timeout,0.3080339119902675
PEM,M5,short,2021-06-02 06:55:00+00:00,2021-06-02 08:05:00+00:00,1898.338,1899.948,1899.948,1895.1179999999997,15,sl,-1.0
PEM,M5,short,2021-06-02 12:40:00+00:00,2021-06-02 12:40:00+00:00,1895.615,1897.348,1897.348,1892.1490000000001,1,sl,-1.0
PEM,M5,short,2021-06-02 15:45:00+00:00,2021-06-02 17:45:00+00:00,1896.728,1896.815,1899.365,1891.4540000000002,25,timeout,-0.032992036405002256
PEM,M5,long,2021-06-02 19:05:00+00:00,2021-06-02 21:05:00+00:00,1900.918,1903.768,1896.125,1910.5039999999997,25,timeout,0.5946171500104737
PEM,M5,long,2021-06-03 00:15:00+00:00,2021-06-03 00:20:00+00:00,1906.898,1906.035,1906.035,1908.6239999999996,2,sl,-1.0
PEM,M5,short,2021-06-03 10:15:00+00:00,2021-06-03 12:15:00+00:00,1904.458,1903.588,1906.348,1900.6780000000003,25,timeout,0.4603174603175539
PEM,M5,short,2021-06-03 12:40:00+00:00,2021-06-03 13:10:00+00:00,1902.128,1898.934,1903.725,1898.934,7,tp,2.0
PEM,M5,short,2021-06-03 17:00:00+00:00,2021-06-03 17:00:00+00:00,1892.278,1893.478,1893.478,1889.878,1,sl,-1.0
PEM,M5,short,2021-06-03 18:10:00+00:00,2021-06-03 19:10:00+00:00,1894.173,1890.153,1896.183,1890.153,13,tp,2.0
PEM,M5,short,2021-06-03 19:15:00+00:00,2021-06-03 19:55:00+00:00,1890.658,1882.9579999999996,1894.508,1882.9579999999996,9,tp,2.0
PEM,M5,short,2021-06-04 02:55:00+00:00,2021-06-04 05:50:00+00:00,1871.068,1871.098,1873.778,1865.648,25,timeout,-0.011070110701096795
PEM,M5,short,2021-06-04 07:05:00+00:00,2021-06-04 07:05:00+00:00,1871.348,1870.1279999999997,1871.958,1870.1279999999997,1,tp,2.0
PEM,M5,long,2021-06-04 10:35:00+00:00,2021-06-04 12:35:00+00:00,1870.148,1870.578,1860.728,1888.9879999999996,25,timeout,0.045647558386419394
PEM,M5,short,2021-06-04 15:30:00+00:00,2021-06-04 17:00:00+00:00,1868.375,1871.388,1871.388,1862.3490000000002,19,sl,-1.0
PEM,M5,long,2021-06-05 01:10:00+00:00,2021-06-05 03:10:00+00:00,1890.848,1891.708,1889.075,1894.3939999999998,25,timeout,0.4850535815003782
PEM,M5,short,2021-06-07 08:10:00+00:00,2021-06-07 08:10:00+00:00,1889.555,1891.018,1891.018,1886.6290000000001,1,sl,-1.0
PEM,M5,short,2021-06-07 09:15:00+00:00,2021-06-07 09:55:00+00:00,1885.074,1887.514,1887.514,1880.1940000000004,9,sl,-1.0
PEM,M5,short,2021-06-07 11:20:00+00:00,2021-06-07 13:20:00+00:00,1885.688,1884.138,1887.348,1882.3680000000004,25,timeout,0.9337349397592276
PEM,M5,short,2021-06-07 15:15:00+00:00,2021-06-07 15:55:00+00:00,1882.698,1884.698,1884.698,1878.698,9,sl,-1.0
PEM,M5,long,2021-06-07 20:25:00+00:00,2021-06-07 22:25:00+00:00,1889.835,1893.758,1884.925,1899.6550000000002,25,timeout,0.7989816700610869
PEM,M5,long,2021-06-07 22:30:00+00:00,2021-06-08 00:30:00+00:00,1893.758,1896.738,1891.765,1897.744,25,timeout,1.495233316608184
PEM,M5,long,2021-06-08 01:05:00+00:00,2021-06-08 03:05:00+00:00,1898.118,1899.818,1895.798,1902.7579999999998,25,timeout,0.7327586206896949
PEM,M5,short,2021-06-08 09:45:00+00:00,2021-06-08 11:45:00+00:00,1897.438,1896.068,1900.108,1892.0980000000004,25,timeout,0.5131086142322837
PEM,M5,long,2021-06-09 05:40:00+00:00,2021-06-09 07:40:00+00:00,1893.258,1894.118,1891.688,1896.398,25,timeout,0.5477707006369011
PEM,M5,short,2021-06-09 16:20:00+00:00,2021-06-09 16:35:00+00:00,1888.295,1889.895,1889.895,1885.0950000000003,4,sl,-1.0
PEM,M5,short,2021-06-10 17:10:00+00:00,2021-06-10 19:00:00+00:00,1879.928,1874.928,1882.428,1874.928,23,tp,2.0
PEM,M5,long,2021-06-11 09:30:00+00:00,2021-06-11 09:40:00+00:00,1900.398,1899.288,1899.288,1902.6179999999997,3,sl,-1.0
PEM,M5,long,2021-06-11 14:25:00+00:00,2021-06-11 14:40:00+00:00,1902.548,1899.788,1899.788,1908.068,4,sl,-1.0
PEM,M5,short,2021-06-11 16:30:00+00:00,2021-06-11 18:30:00+00:00,1892.408,1888.485,1900.748,1875.7279999999996,25,timeout,0.47038369304555555
PEM,M5,short,2021-06-11 21:50:00+00:00,2021-06-11 23:50:00+00:00,1880.088,1879.088,1884.928,1870.4079999999997,25,timeout,0.20661157024792767
PEM,M5,short,2021-06-14 05:45:00+00:00,2021-06-14 05:55:00+00:00,1876.318,1874.418,1877.268,1874.418,3,tp,2.0
PEM,M5,short,2021-06-14 07:05:00+00:00,2021-06-14 08:00:00+00:00,1873.308,1869.8159999999998,1875.054,1869.8159999999998,12,tp,2.0
PEM,M5,short,2021-06-14 11:15:00+00:00,2021-06-14 13:15:00+00:00,1862.818,1863.168,1867.548,1853.358,25,timeout,-0.07399577167017077
PEM,M5,short,2021-06-14 17:40:00+00:00,2021-06-14 19:10:00+00:00,1854.838,1850.198,1857.158,1850.198,19,tp,2.0
PEM,M5,long,2021-06-15 03:00:00+00:00,2021-06-15 05:55:00+00:00,1866.034,1867.084,1865.018,1868.0660000000003,25,timeout,1.0334645669290115
PEM,M5,short,2021-06-15 15:15:00+00:00,2021-06-15 17:15:00+00:00,1863.928,1864.898,1868.108,1855.5680000000004,25,timeout,-0.2320574162679038
PEM,M5,long,2021-06-15 21:00:00+00:00,2021-06-15 21:05:00+00:00,1867.085,1864.418,1864.418,1872.4190000000003,2,sl,-1.0
PEM,M5,long,2021-06-16 02:40:00+00:00,2021-06-16 05:35:00+00:00,1858.688,1859.388,1856.628,1862.8080000000004,25,timeout,0.33980582524260167
PEM,M5,short,2021-06-16 08:00:00+00:00,2021-06-16 10:00:00+00:00,1854.878,1856.158,1858.158,1848.318,25,timeout,-0.3902439024390193
PEM,M5,long,2021-06-16 19:20:00+00:00,2021-06-16 21:20:00+00:00,1858.278,1856.255,1853.185,1868.4640000000002,25,timeout,-0.39721185941485987
PEM,M5,short,2021-06-17 00:25:00+00:00,2021-06-17 00:35:00+00:00,1857.738,1860.148,1860.148,1852.9180000000003,3,sl,-1.0
PEM,M5,short,2021-06-17 03:35:00+00:00,2021-06-17 06:30:00+00:00,1821.718,1817.898,1833.578,1797.9980000000003,25,timeout,0.3220910623946202
PEM,M5,short,2021-06-17 14:50:00+00:00,2021-06-17 15:00:00+00:00,1805.688,1810.098,1810.098,1796.8680000000004,3,sl,-1.0
PEM,M5,short,2021-06-17 15:30:00+00:00,2021-06-17 17:30:00+00:00,1806.448,1800.378,1811.238,1796.8680000000002,25,timeout,1.2672233820459728
PEM,M5,short,2021-06-17 21:15:00+00:00,2021-06-17 23:15:00+00:00,1777.648,1772.738,1798.295,1736.3539999999996,25,timeout,0.23780694531892363
PEM,M5,short,2021-06-18 06:40:00+00:00,2021-06-18 06:55:00+00:00,1773.978,1776.388,1776.388,1769.1580000000004,4,sl,-1.0
PEM,M5,long,2021-06-18 11:55:00+00:00,2021-06-18 12:00:00+00:00,1785.648,1784.425,1784.425,1788.0939999999998,2,sl,-1.0
PEM,M5,long,2021-06-21 05:10:00+00:00,2021-06-21 07:10:00+00:00,1769.118,1770.328,1761.988,1783.3779999999997,25,timeout,0.1697054698457302
PEM,M5,long,2021-06-21 09:40:00+00:00,2021-06-21 11:40:00+00:00,1775.038,1773.568,1772.348,1780.4180000000001,25,timeout,-0.5464684014869879
PEM,M5,long,2021-06-21 17:00:00+00:00,2021-06-21 17:05:00+00:00,1785.338,1782.658,1782.658,1790.698,2,sl,-1.0
PEM,M5,long,2021-06-22 07:30:00+00:00,2021-06-22 08:05:00+00:00,1785.388,1783.658,1783.658,1788.848,8,sl,-1.0
PEM,M5,long,2021-06-22 10:30:00+00:00,2021-06-22 12:10:00+00:00,1789.275,1786.068,1786.068,1795.6890000000003,21,sl,-1.0
PEM,M5,short,2021-06-22 15:00:00+00:00,2021-06-22 17:00:00+00:00,1777.838,1779.888,1781.838,1769.838,25,timeout,-0.5124999999999886
PEM,M5,short,2021-06-22 19:05:00+00:00,2021-06-22 19:40:00+00:00,1781.278,1774.238,1784.798,1774.238,8,tp,2.0
PEM,M5,long,2021-06-23 01:45:00+00:00,2021-06-23 02:40:00+00:00,1780.958,1777.638,1777.638,1787.5980000000004,12,sl,-1.0
PEM,M5,long,2021-06-23 09:40:00+00:00,2021-06-23 11:40:00+00:00,1781.018,1781.448,1779.278,1784.498,25,timeout,0.2471264367816445
PEM,M5,long,2021-06-23 15:30:00+00:00,2021-06-23 17:30:00+00:00,1784.318,1782.915,1780.075,1792.8039999999999,25,timeout,-0.33066226726373804
PEM,M5,short,2021-06-24 02:15:00+00:00,2021-06-24 05:10:00+00:00,1776.838,1778.898,1780.305,1769.9039999999998,25,timeout,-0.5941736371502414
PEM,M5,long,2021-06-24 06:00:00+00:00,2021-06-24 06:05:00+00:00,1779.938,1778.058,1778.058,1783.6980000000003,2,sl,-1.0
PEM,M5,short,2021-06-24 06:35:00+00:00,2021-06-24 07:00:00+00:00,1775.448,1777.328,1777.328,1771.6880000000003,6,sl,-1.0
PEM,M5,long,2021-06-24 07:30:00+00:00,2021-06-24 08:20:00+00:00,1778.858,1776.728,1776.728,1783.1179999999997,11,sl,-1.0
PEM,M5,short,2021-06-24 09:30:00+00:00,2021-06-24 11:30:00+00:00,1776.648,1773.8739999999996,1778.035,1773.8739999999996,25,tp,2.0
PEM,M5,short,2021-06-24 11:40:00+00:00,2021-06-24 12:40:00+00:00,1773.528,1776.168,1776.168,1768.2480000000003,13,sl,-1.0
PEM,M5,long,2021-06-24 15:30:00+00:00,2021-06-24 17:30:00+00:00,1780.428,1783.055,1776.378,1788.5280000000005,25,timeout,0.6486419753086011
PEM,M5,short,2021-06-25 00:40:00+00:00,2021-06-25 02:40:00+00:00,1775.048,1775.415,1778.428,1768.2879999999998,25,timeout,-0.10857988165678993
PEM,M5,long,2021-06-25 05:10:00+00:00,2021-06-25 07:10:00+00:00,1776.248,1774.438,1773.528,1781.688,25,timeout,-0.6654411764705614
PEM,M5,long,2021-06-25 08:40:00+00:00,2021-06-25 10:40:00+00:00,1778.058,1778.278,1774.628,1784.9180000000001,25,timeout,0.06413994169096886
PEM,M5,long,2021-06-25 12:35:00+00:00,2021-06-25 14:30:00+00:00,1778.268,1783.1080000000002,1775.848,1783.1080000000002,24,tp,2.0
PEM,M5,long,2021-06-26 04:00:00+00:00,2021-06-28 06:55:00+00:00,1781.048,1782.228,1779.238,1784.668,25,timeout,0.6519337016575134
PEM,M5,short,2021-06-28 18:35:00+00:00,2021-06-28 19:50:00+00:00,1775.835,1778.125,1778.125,1771.255,16,sl,-1.0
PEM,M5,short,2021-06-28 22:05:00+00:00,2021-06-28 22:05:00+00:00,1778.618,1781.278,1781.278,1773.2979999999998,1,sl,-1.0
PEM,M5,short,2021-06-29 01:15:00+00:00,2021-06-29 01:40:00+00:00,1778.658,1779.965,1779.965,1776.0439999999999,6,sl,-1.0
PEM,M5,short,2021-06-29 02:10:00+00:00,2021-06-29 05:05:00+00:00,1778.688,1778.595,1780.038,1775.9880000000003,25,timeout,0.06888888888894877
PEM,M5,short,2021-06-29 05:20:00+00:00,2021-06-29 07:20:00+00:00,1778.055,1776.0090000000002,1779.078,1776.0090000000002,25,tp,2.0
PEM,M5,short,2021-06-29 09:05:00+00:00,2021-06-29 11:05:00+00:00,1774.368,1775.178,1777.048,1769.0079999999998,25,timeout,-0.3022388059702065
PEM,M5,short,2021-06-29 18:25:00+00:00,2021-06-29 19:20:00+00:00,1765.158,1774.418,1774.418,1746.638,12,sl,-1.0
PEM,M5,short,2021-06-29 19:55:00+00:00,2021-06-29 21:55:00+00:00,1755.608,1754.818,1772.348,1722.128,25,timeout,0.047192353643964347
PEM,M5,short,2021-06-30 02:10:00+00:00,2021-06-30 05:05:00+00:00,1761.868,1762.118,1765.361,1754.8819999999996,25,timeout,-0.07157171485828462
PEM,M5,short,2021-06-30 05:45:00+00:00,2021-06-30 07:40:00+00:00,1761.308,1762.235,1762.235,1759.4540000000002,24,sl,-1.0
PEM,M5,short,2021-06-30 10:55:00+00:00,2021-06-30 12:55:00+00:00,1760.888,1757.115,1764.283,1754.098,25,timeout,1.1113402061855466
PEM,M5,long,2021-07-01 09:30:00+00:00,2021-07-01 11:30:00+00:00,1772.538,1774.788,1767.558,1782.498,25,timeout,0.451807228915661
PEM,M5,long,2021-07-01 15:10:00+00:00,2021-07-01 15:35:00+00:00,1777.368,1775.258,1775.258,1781.5879999999997,6,sl,-1.0
PEM,M5,long,2021-07-01 17:05:00+00:00,2021-07-01 18:20:00+00:00,1775.528,1779.668,1773.458,1779.668,16,tp,2.0
PEM,M5,long,2021-07-01 18:45:00+00:00,2021-07-01 19:35:00+00:00,1776.858,1774.198,1774.198,1782.1779999999997,11,sl,-1.0
PEM,M5,short,2021-07-01 22:25:00+00:00,2021-07-02 00:20:00+00:00,1769.598,1775.358,1775.358,1758.078,24,sl,-1.0
PEM,M5,long,2021-07-02 07:30:00+00:00,2021-07-02 08:30:00+00:00,1776.448,1779.1280000000004,1775.108,1779.1280000000004,13,tp,2.0
PEM,M5,long,2021-07-02 15:45:00+00:00,2021-07-02 17:45:00+00:00,1783.488,1786.958,1777.338,1795.7880000000002,25,timeout,0.5642276422764189
PEM,M5,short,2021-07-02 21:20:00+00:00,2021-07-02 23:20:00+00:00,1780.678,1781.878,1786.708,1768.6180000000002,25,timeout,-0.19900497512434884
PEM,M5,long,2021-07-03 00:55:00+00:00,2021-07-03 02:55:00+00:00,1786.498,1786.398,1783.468,1792.558,25,timeout,-0.033003300330078325
PEM,M5,short,2021-07-05 05:40:00+00:00,2021-07-05 07:40:00+00:00,1786.348,1784.428,1787.477,1784.0899999999997,25,timeout,1.7006200177144548
PEM,M5,short,2021-07-05 10:45:00+00:00,2021-07-05 12:45:00+00:00,1786.478,1786.648,1788.175,1783.0840000000003,25,timeout,-0.10017678255736977
PEM,M5,long,2021-07-06 05:25:00+00:00,2021-07-06 07:25:00+00:00,1792.248,1791.828,1790.028,1796.688,25,timeout,-0.18918918918921965
PEM,M5,long,2021-07-06 12:00:00+00:00,2021-07-06 13:00:00+00:00,1800.168,1804.5079999999996,1797.998,1804.5079999999996,13,tp,2.0
PEM,M5,long,2021-07-06 13:05:00+00:00,2021-07-06 15:05:00+00:00,1806.568,1806.458,1801.777,1816.1499999999999,25,timeout,-0.02295971613439811
PEM,M5,long,2021-07-06 16:10:00+00:00,2021-07-06 18:10:00+00:00,1805.979,1807.288,1804.308,1809.3210000000001,25,timeout,0.7833632555355658
PEM,M5,long,2021-07-06 19:35:00+00:00,2021-07-06 20:15:00+00:00,1811.798,1806.768,1806.768,1821.858,9,sl,-1.0
PEM,M5,long,2021-07-07 17:20:00+00:00,2021-07-07 19:20:00+00:00,1807.068,1807.238,1802.805,1815.5939999999998,25,timeout,0.03987802017360449
PEM,M5,short,2021-07-08 00:15:00+00:00,2021-07-08 00:40:00+00:00,1800.768,1802.508,1802.508,1797.288,6,sl,-1.0
PEM,M5,long,2021-07-08 01:15:00+00:00,2021-07-08 03:15:00+00:00,1807.268,1802.418,1802.228,1817.348,25,timeout,-0.9623015873016213
PEM,M5,short,2021-07-08 06:55:00+00:00,2021-07-08 08:25:00+00:00,1803.618,1801.0639999999999,1804.895,1801.0639999999999,19,tp,2.0
PEM,M5,long,2021-07-08 16:05:00+00:00,2021-07-08 17:25:00+00:00,1813.578,1806.938,1806.938,1826.8579999999997,17,sl,-1.0
PEM,M5,short,2021-07-08 22:10:00+00:00,2021-07-09 00:10:00+00:00,1799.568,1799.735,1806.858,1784.988,25,timeout,-0.022908093278452286
PEM,M5,long,2021-07-09 06:50:00+00:00,2021-07-09 07:20:00+00:00,1803.548,1802.558,1802.558,1805.528,7,sl,-1.0
PEM,M5,long,2021-07-09 20:35:00+00:00,2021-07-09 22:20:00+00:00,1803.388,1810.888,1799.638,1810.888,22,tp,2.0
PEM,M5,long,2021-07-10 01:15:00+00:00,2021-07-10 02:55:00+00:00,1811.878,1809.088,1809.088,1817.4579999999999,21,sl,-1.0
PEM,M5,long,2021-07-12 07:25:00+00:00,2021-07-12 08:50:00+00:00,1808.145,1806.478,1806.478,1811.4789999999998,18,sl,-1.0
PEM,M5,short,2021-07-12 11:00:00+00:00,2021-07-12 12:45:00+00:00,1802.818,1800.238,1804.108,1800.238,22,tp,2.0
PEM,M5,short,2021-07-12 16:55:00+00:00,2021-07-12 18:55:00+00:00,1800.788,1799.285,1804.498,1793.368,25,timeout,0.405121293800516
PEM,M5,long,2021-07-12 21:45:00+00:00,2021-07-12 23:45:00+00:00,1807.008,1804.868,1797.428,1826.168,25,timeout,-0.22338204592903094
PEM,M5,long,2021-07-13 09:05:00+00:00,2021-07-13 11:00:00+00:00,1810.298,1808.675,1808.675,1813.544,24,sl,-1.0
PEM,M5,long,2021-07-13 11:25:00+00:00,2021-07-13 12:25:00+00:00,1809.838,1808.528,1808.528,1812.4579999999999,13,sl,-1.0
PEM,M5,short,2021-07-13 15:10:00+00:00,2021-07-13 17:10:00+00:00,1807.548,1807.798,1810.888,1800.8680000000002,25,timeout,-0.07485029940119944
PEM,M5,long,2021-07-13 17:30:00+00:00,2021-07-13 19:20:00+00:00,1809.158,1813.7779999999998,1806.848,1813.7779999999998,23,tp,2.0
PEM,M5,short,2021-07-14 01:55:00+00:00,2021-07-14 03:00:00+00:00,1808.058,1809.228,1809.228,1805.7179999999998,14,sl,-1.0
PEM,M5,long,2021-07-14 09:30:00+00:00,2021-07-14 10:15:00+00:00,1810.228,1812.9480000000003,1808.868,1812.9480000000003,10,tp,2.0
PEM,M5,short,2021-07-15 10:15:00+00:00,2021-07-15 11:10:00+00:00,1824.188,1826.308,1826.308,1819.9480000000003,12,sl,-1.0
PEM,M5,long,2021-07-15 12:35:00+00:00,2021-07-15 13:10:00+00:00,1827.618,1830.8379999999997,1826.008,1830.8379999999997,8,tp,2.0
PEM,M5,long,2021-07-15 14:15:00+00:00,2021-07-15 14:30:00+00:00,1833.768,1830.928,1830.928,1839.4479999999999,4,sl,-1.0
PEM,M5,short,2021-07-15 17:15:00+00:00,2021-07-15 19:15:00+00:00,1827.488,1824.878,1832.778,1816.9080000000001,25,timeout,0.4933837429111806
PEM,M5,short,2021-07-15 22:05:00+00:00,2021-07-15 23:25:00+00:00,1820.538,1826.398,1826.398,1808.8180000000002,17,sl,-1.0
PEM,M5,long,2021-07-16 06:05:00+00:00,2021-07-16 08:05:00+00:00,1830.478,1831.031,1828.628,1834.1780000000003,25,timeout,0.29891891891883393
PEM,M5,short,2021-07-16 08:40:00+00:00,2021-07-16 10:40:00+00:00,1827.188,1827.998,1829.968,1821.6280000000002,25,timeout,-0.2913669064748034
PEM,M5,short,2021-07-16 11:15:00+00:00,2021-07-16 12:15:00+00:00,1827.198,1825.3780000000004,1828.108,1825.3780000000004,13,tp,2.0
PEM,M5,short,2021-07-16 14:40:00+00:00,2021-07-16 16:40:00+00:00,1821.808,1823.198,1825.228,1814.9679999999998,25,timeout,-0.4064327485380323
PEM,M5,short,2021-07-16 17:50:00+00:00,2021-07-16 17:50:00+00:00,1822.118,1818.3039999999996,1824.025,1818.3039999999996,1,tp,2.0
PEM,M5,short,2021-07-16 18:15:00+00:00,2021-07-16 18:20:00+00:00,1818.248,1815.4880000000003,1819.628,1815.4880000000003,2,tp,2.0
PEM,M5,short,2021-07-16 21:55:00+00:00,2021-07-16 23:55:00+00:00,1812.258,1815.598,1825.998,1784.778,25,timeout,-0.24308588064045966
PEM,M5,long,2021-07-19 06:30:00+00:00,2021-07-19 06:35:00+00:00,1812.928,1812.108,1812.108,1814.5680000000004,2,sl,-1.0
PEM,M5,short,2021-07-19 09:40:00+00:00,2021-07-19 11:40:00+00:00,1812.965,1813.748,1816.038,1806.8189999999997,25,timeout,-0.2547998698340727
PEM,M5,short,2021-07-19 15:25:00+00:00,2021-07-19 17:25:00+00:00,1802.838,1802.688,1807.428,1793.6579999999997,25,timeout,0.032679738562060745
PEM,M5,long,2021-07-19 21:05:00+00:00,2021-07-19 22:05:00+00:00,1814.788,1808.799,1808.799,1826.766,13,sl,-1.0
PEM,M5,long,2021-07-19 23:00:00+00:00,2021-07-20 01:00:00+00:00,1808.608,1807.198,1804.918,1815.988,25,timeout,-0.3821138211381663
PEM,M5,long,2021-07-20 03:40:00+00:00,2021-07-20 06:35:00+00:00,1812.237,1811.718,1811.008,1814.6950000000002,25,timeout,-0.42229454841333425
PEM,M5,long,2021-07-20 16:55:00+00:00,2021-07-20 18:55:00+00:00,1816.835,1816.948,1811.588,1827.3290000000002,25,timeout,0.02153611587574897
PEM,M5,short,2021-07-20 22:45:00+00:00,2021-07-21 00:45:00+00:00,1806.238,1811.298,1823.378,1771.9580000000003,25,timeout,-0.2952158693115509
PEM,M5,short,2021-07-21 14:40:00+00:00,2021-07-21 16:40:00+00:00,1806.718,1803.218,1813.205,1793.7440000000004,25,timeout,0.5395406197009526
PEM,M5,short,2021-07-21 17:50:00+00:00,2021-07-21 19:05:00+00:00,1802.688,1798.7680000000005,1804.648,1798.7680000000005,16,tp,2.0
PEM,M5,short,2021-07-21 22:00:00+00:00,2021-07-21 22:30:00+00:00,1800.748,1805.228,1805.228,1791.788,7,sl,-1.0
PEM,M5,long,2021-07-22 01:55:00+00:00,2021-07-22 03:55:00+00:00,1803.618,1803.258,1801.818,1807.2179999999998,25,timeout,-0.19999999999994947
PEM,M5,short,2021-07-22 06:20:00+00:00,2021-07-22 07:10:00+00:00,1803.008,1801.528,1803.748,1801.528,11,tp,2.0
PEM,M5,short,2021-07-22 15:20:00+00:00,2021-07-22 17:20:00+00:00,1794.368,1795.708,1801.338,1780.4279999999999,25,timeout,-0.19225251076042185
PEM,M5,long,2021-07-23 06:15:00+00:00,2021-07-23 07:00:00+00:00,1807.828,1807.215,1807.215,1809.054,10,sl,-1.0
PEM,M5,short,2021-07-23 10:55:00+00:00,2021-07-23 12:55:00+00:00,1802.458,1803.458,1807.028,1793.3180000000002,25,timeout,-0.21881838074398555
PEM,M5,long,2021-07-23 15:00:00+00:00,2021-07-23 15:20:00+00:00,1809.648,1806.838,1806.838,1815.2679999999998,5,sl,-1.0
PEM,M5,short,2021-07-23 17:05:00+00:00,2021-07-23 17:10:00+00:00,1801.688,1798.5080000000003,1803.278,1798.5080000000003,2,tp,2.0
PEM,M5,short,2021-07-23 21:45:00+00:00,2021-07-23 22:05:00+00:00,1797.008,1799.448,1799.448,1792.128,5,sl,-1.0
PEM,M5,short,2021-07-26 06:55:00+00:00,2021-07-26 08:20:00+00:00,1800.258,1801.298,1801.298,1798.178,18,sl,-1.0
PEM,M5,long,2021-07-26 17:20:00+00:00,2021-07-26 17:35:00+00:00,1809.748,1807.728,1807.728,1813.788,4,sl,-1.0
PEM,M5,long,2021-07-26 18:25:00+00:00,2021-07-26 19:05:00+00:00,1808.878,1807.398,1807.398,1811.838,9,sl,-1.0
PEM,M5,short,2021-07-27 03:55:00+00:00,2021-07-27 06:50:00+00:00,1797.528,1797.408,1798.318,1795.948,25,timeout,0.15189873417737185
PEM,M5,short,2021-07-27 07:35:00+00:00,2021-07-27 07:45:00+00:00,1796.908,1797.668,1797.668,1795.388,3,sl,-1.0
PEM,M5,long,2021-07-27 16:20:00+00:00,2021-07-27 18:20:00+00:00,1797.278,1796.418,1794.778,1802.278,25,timeout,-0.34400000000005093
PEM,M5,short,2021-07-27 22:00:00+00:00,2021-07-28 00:00:00+00:00,1795.958,1799.685,1804.548,1778.7780000000002,25,timeout,-0.43387660069847467
PEM,M5,short,2021-07-28 03:25:00+00:00,2021-07-28 03:55:00+00:00,1799.868,1798.4939999999997,1800.555,1798.4939999999997,7,tp,2.0
PEM,M5,long,2021-07-29 00:05:00+00:00,2021-07-29 00:35:00+00:00,1802.258,1800.028,1800.028,1806.718,7,sl,-1.0
PEM,M5,long,2021-07-29 08:10:00+00:00,2021-07-29 10:10:00+00:00,1814.737,1815.758,1809.208,1825.795,25,timeout,0.184662687646945
PEM,M5,long,2021-07-29 13:50:00+00:00,2021-07-29 15:00:00+00:00,1817.898,1815.808,1815.808,1822.0779999999997,15,sl,-1.0
PEM,M5,long,2021-07-29 17:15:00+00:00,2021-07-29 18:20:00+00:00,1822.748,1826.188,1821.028,1826.188,14,tp,2.0
PEM,M5,long,2021-07-29 21:25:00+00:00,2021-07-29 23:25:00+00:00,1828.258,1831.998,1824.778,1835.218,25,timeout,1.074712643678158
PEM,M5,short,2021-07-30 11:40:00+00:00,2021-07-30 13:40:00+00:00,1826.908,1826.865,1829.758,1821.2079999999996,25,timeout,0.015087719298207236
PEM,M5,short,2021-07-30 16:35:00+00:00,2021-07-30 18:35:00+00:00,1828.558,1827.288,1829.626,1826.422,25,timeout,1.1891385767790275
PEM,M5,short,2021-07-30 23:25:00+00:00,2021-07-31 01:25:00+00:00,1819.218,1811.868,1828.048,1801.5580000000002,25,timeout,0.8323895809739748
PEM,M5,short,2021-08-02 17:35:00+00:00,2021-08-02 18:55:00+00:00,1808.498,1810.118,1810.118,1805.2580000000003,17,sl,-1.0
PEM,M5,long,2021-08-02 23:45:00+00:00,2021-08-03 01:25:00+00:00,1817.738,1814.288,1814.288,1824.6380000000001,21,sl,-1.0
PEM,M5,short,2021-08-03 01:30:00+00:00,2021-08-03 03:30:00+00:00,1814.508,1813.025,1816.368,1810.7880000000002,25,timeout,0.7973118279570037
PEM,M5,short,2021-08-03 09:40:00+00:00,2021-08-03 09:55:00+00:00,1810.578,1812.098,1812.098,1807.538,4,sl,-1.0
PEM,M5,short,2021-08-03 12:10:00+00:00,2021-08-03 13:25:00+00:00,1811.168,1808.7879999999998,1812.358,1808.7879999999998,16,tp,2.0
PEM,M5,short,2021-08-03 16:25:00+00:00,2021-08-03 18:25:00+00:00,1808.748,1809.885,1811.498,1803.248,25,timeout,-0.4134545454545249
PEM,M5,short,2021-08-03 22:20:00+00:00,2021-08-04 00:20:00+00:00,1809.228,1810.698,1812.626,1802.4320000000002,25,timeout,-0.432607416127153
PEM,M5,long,2021-08-04 10:10:00+00:00,2021-08-04 12:10:00+00:00,1813.998,1812.848,1810.608,1820.7780000000002,25,timeout,-0.3392330383480994
PEM,M5,short,2021-08-04 22:15:00+00:00,2021-08-05 00:15:00+00:00,1809.768,1811.188,1830.948,1767.408,25,timeout,-0.06704438149197679
PEM,M5,short,2021-08-05 05:30:00+00:00,2021-08-05 06:45:00+00:00,1811.478,1812.118,1812.118,1810.1980000000003,16,sl,-1.0
PEM,M5,short,2021-08-05 11:20:00+00:00,2021-08-05 13:20:00+00:00,1810.305,1810.348,1811.508,1807.8990000000001,25,timeout,-0.0357439733997453
PEM,M5,long,2021-08-05 17:25:00+00:00,2021-08-05 19:25:00+00:00,1812.128,1809.758,1809.758,1816.8679999999997,25,sl,-1.0
PEM,M5,short,2021-08-06 00:40:00+00:00,2021-08-06 02:40:00+00:00,1805.068,1805.278,1807.038,1801.128,25,timeout,-0.10659898477159059
PEM,M5,short,2021-08-06 03:10:00+00:00,2021-08-06 06:05:00+00:00,1804.318,1803.928,1805.585,1801.7839999999999,25,timeout,0.30781373322798455
PEM,M5,short,2021-08-06 17:20:00+00:00,2021-08-06 18:00:00+00:00,1797.758,1794.6580000000001,1799.308,1794.6580000000001,9,tp,2.0
PEM,M5,short,2021-08-06 20:35:00+00:00,2021-08-06 22:35:00+00:00,1769.178,1761.048,1799.668,1708.1980000000005,25,timeout,0.26664480157429216
PEM,M5,long,2021-08-09 18:40:00+00:00,2021-08-09 18:55:00+00:00,1748.148,1744.308,1744.308,1755.8279999999997,4,sl,-1.0
PEM,M5,short,2021-08-09 22:00:00+00:00,2021-08-10 00:00:00+00:00,1733.358,1726.518,1740.948,1718.1779999999997,25,timeout,0.9011857707509601
PEM,M5,long,2021-08-10 06:40:00+00:00,2021-08-10 07:05:00+00:00,1732.265,1730.588,1730.588,1735.6190000000004,6,sl,-1.0
PEM,M5,long,2021-08-10 10:30:00+00:00,2021-08-10 12:30:00+00:00,1735.705,1734.668,1730.815,1745.4849999999997,25,timeout,-0.21206543967281422
PEM,M5,long,2021-08-10 19:05:00+00:00,2021-08-10 19:30:00+00:00,1732.478,1729.578,1729.578,1738.2780000000002,6,sl,-1.0
PEM,M5,short,2021-08-11 02:40:00+00:00,2021-08-11 05:35:00+00:00,1728.818,1728.758,1729.918,1726.6180000000002,25,timeout,0.05454545454540945
PEM,M5,long,2021-08-11 11:30:00+00:00,2021-08-11 11:35:00+00:00,1734.408,1733.268,1733.268,1736.6879999999996,2,sl,-1.0
PEM,M5,long,2021-08-11 13:00:00+00:00,2021-08-11 13:10:00+00:00,1733.678,1732.425,1732.425,1736.1840000000004,3,sl,-1.0
PEM,M5,long,2021-08-11 16:00:00+00:00,2021-08-11 18:00:00+00:00,1733.445,1737.9389999999996,1731.198,1737.9389999999996,25,tp,2.0
PEM,M5,long,2021-08-12 00:15:00+00:00,2021-08-12 02:15:00+00:00,1753.468,1751.998,1747.548,1765.3080000000002,25,timeout,-0.24831081081081235
PEM,M5,short,2021-08-12 05:40:00+00:00,2021-08-12 06:40:00+00:00,1750.748,1751.618,1751.618,1749.0080000000003,13,sl,-1.0
PEM,M5,long,2021-08-12 11:25:00+00:00,2021-08-12 13:25:00+00:00,1752.188,1753.245,1750.448,1755.6680000000001,25,timeout,0.6074712643676916
PEM,M5,short,2021-08-12 18:20:00+00:00,2021-08-12 20:20:00+00:00,1749.628,1748.338,1752.948,1742.9879999999996,25,timeout,0.38855421686743974
PEM,M5,short,2021-08-12 20:40:00+00:00,2021-08-12 22:40:00+00:00,1746.288,1749.948,1750.988,1736.888,25,timeout,-0.778723404255329
PEM,M5,long,2021-08-13 01:30:00+00:00,2021-08-13 03:30:00+00:00,1753.048,1753.098,1750.548,1758.048,25,timeout,0.01999999999998181
PEM,M5,long,2021-08-13 09:25:00+00:00,2021-08-13 11:25:00+00:00,1755.128,1754.948,1752.538,1760.3079999999998,25,timeout,-0.06949806949800849
PEM,M5,long,2021-08-13 17:10:00+00:00,2021-08-13 19:10:00+00:00,1758.908,1758.828,1756.968,1762.7879999999996,25,timeout,-0.04123711340202802
PEM,M5,long,2021-08-14 01:00:00+00:00,2021-08-14 02:05:00+00:00,1777.518,1775.898,1775.898,1780.7580000000003,14,sl,-1.0
PEM,M5,long,2021-08-14 02:55:00+00:00,2021-08-14 03:50:00+00:00,1777.678,1779.0180000000003,1777.008,1779.0180000000003,12,tp,2.0
PEM,M5,long,2021-08-16 06:15:00+00:00,2021-08-16 06:55:00+00:00,1779.698,1778.658,1778.658,1781.7780000000005,9,sl,-1.0
PEM,M5,short,2021-08-16 09:05:00+00:00,2021-08-16 11:05:00+00:00,1777.298,1776.308,1781.858,1768.178,25,timeout,0.21710526315789933
PEM,M5,short,2021-08-16 15:10:00+00:00,2021-08-16 17:10:00+00:00,1774.258,1776.198,1776.978,1768.818,25,timeout,-0.71323529411766
PEM,M5,long,2021-08-16 21:45:00+00:00,2021-08-16 23:45:00+00:00,1788.198,1786.338,1774.198,1816.198,25,timeout,-0.13285714285715194
PEM,M5,long,2021-08-17 12:20:00+00:00,2021-08-17 13:05:00+00:00,1787.618,1792.618,1785.118,1792.618,10,tp,2.0
PEM,M5,long,2021-08-17 16:05:00+00:00,2021-08-17 18:05:00+00:00,1794.377,1794.332,1791.308,1800.5149999999999,25,timeout,-0.014662756598190281
PEM,M5,short,2021-08-17 21:10:00+00:00,2021-08-17 23:10:00+00:00,1787.908,1783.298,1792.068,1779.5879999999997,25,timeout,1.1081730769230311
PEM,M5,short,2021-08-18 01:40:00+00:00,2021-08-18 03:40:00+00:00,1783.468,1785.078,1785.608,1779.1880000000003,25,timeout,-0.7523364485981289
PEM,M5,long,2021-08-18 03:55:00+00:00,2021-08-18 06:50:00+00:00,1785.738,1785.468,1784.677,1787.8600000000004,25,timeout,-0.2544769085767614
PEM,M5,long,2021-08-18 10:00:00+00:00,2021-08-18 12:00:00+00:00,1790.628,1789.358,1788.498,1794.8879999999997,25,timeout,-0.5962441314554237
PEM,M5,short,2021-08-18 16:10:00+00:00,2021-08-18 16:55:00+00:00,1787.128,1788.508,1788.508,1784.3679999999997,10,sl,-1.0
PEM,M5,short,2021-08-19 09:40:00+00:00,2021-08-19 11:40:00+00:00,1780.848,1778.358,1787.878,1766.788,25,timeout,0.3541963015647253
PEM,M5,short,2021-08-19 15:30:00+00:00,2021-08-19 15:40:00+00:00,1778.558,1780.708,1780.708,1774.2579999999998,3,sl,-1.0
PEM,M5,short,2021-08-20 01:15:00+00:00,2021-08-20 03:15:00+00:00,1779.578,1781.128,1782.058,1774.618,25,timeout,-0.6249999999999771
PEM,M5,long,2021-08-20 08:00:00+00:00,2021-08-20 10:00:00+00:00,1780.848,1783.905,1778.648,1785.248,25,timeout,1.3895454545454333
PEM,M5,short,2021-08-20 15:50:00+00:00,2021-08-20 17:50:00+00:00,1782.876,1783.908,1786.456,1775.7160000000001,25,timeout,-0.28826815642456605
PEM,M5,short,2021-08-21 03:30:00+00:00,2021-08-23 05:40:00+00:00,1781.588,1779.474,1782.645,1779.474,16,tp,2.0
PEM,M5,long,2021-08-23 08:55:00+00:00,2021-08-23 10:55:00+00:00,1782.618,1787.148,1776.808,1794.2379999999998,25,timeout,0.7796901893287461
PEM,M5,long,2021-08-23 11:15:00+00:00,2021-08-23 12:20:00+00:00,1787.778,1786.598,1786.598,1790.1380000000001,14,sl,-1.0
PEM,M5,long,2021-08-23 17:10:00+00:00,2021-08-23 18:00:00+00:00,1788.088,1790.2679999999998,1786.998,1790.2679999999998,11,tp,2.0
PEM,M5,long,2021-08-23 18:40:00+00:00,2021-08-23 19:05:00+00:00,1792.388,1790.128,1790.128,1796.908,6,sl,-1.0
PEM,M5,long,2021-08-23 23:10:00+00:00,2021-08-23 23:55:00+00:00,1805.078,1803.495,1803.495,1808.2440000000001,10,sl,-1.0
PEM,M5,long,2021-08-24 03:45:00+00:00,2021-08-24 05:15:00+00:00,1804.808,1805.6480000000001,1804.388,1805.6480000000001,8,tp,2.0
PEM,M5,long,2021-08-24 17:25:00+00:00,2021-08-24 19:25:00+00:00,1804.427,1803.708,1800.848,1811.5849999999998,25,timeout,-0.20089410449841671
PEM,M5,long,2021-08-24 22:30:00+00:00,2021-08-25 00:30:00+00:00,1806.928,1806.199,1803.748,1813.2880000000002,25,timeout,-0.22924528301887648
PEM,M5,short,2021-08-25 06:10:00+00:00,2021-08-25 07:25:00+00:00,1802.058,1800.7779999999998,1802.698,1800.7779999999998,16,tp,2.0
PEM,M5,short,2021-08-26 03:40:00+00:00,2021-08-26 05:00:00+00:00,1789.798,1790.768,1790.768,1787.858,6,sl,-1.0
PEM,M5,short,2021-08-26 09:10:00+00:00,2021-08-26 09:45:00+00:00,1789.918,1787.7379999999996,1791.008,1787.7379999999996,8,tp,2.0
PEM,M5,short,2021-08-26 15:35:00+00:00,2021-08-26 17:15:00+00:00,1784.485,1787.035,1787.035,1779.3849999999995,21,sl,-1.0
PEM,M5,long,2021-08-26 21:25:00+00:00,2021-08-26 23:25:00+00:00,1790.042,1791.618,1785.592,1798.9419999999996,25,timeout,0.3541573033708059
PEM,M5,short,2021-08-27 01:15:00+00:00,2021-08-27 03:15:00+00:00,1790.688,1792.005,1793.138,1785.7880000000005,25,timeout,-0.5375510204082061
PEM,M5,long,2021-08-27 06:35:00+00:00,2021-08-27 07:50:00+00:00,1793.078,1794.2779999999998,1792.478,1794.2779999999998,16,tp,2.0
PEM,M5,long,2021-08-27 09:35:00+00:00,2021-08-27 11:35:00+00:00,1797.038,1799.278,1793.098,1804.9180000000001,25,timeout,0.5685279187817204
PEM,M5,short,2021-08-27 16:30:00+00:00,2021-08-27 18:10:00+00:00,1795.768,1792.574,1797.365,1792.574,21,tp,2.0
PEM,M5,long,2021-08-27 22:55:00+00:00,2021-08-28 00:55:00+00:00,1811.448,1817.205,1805.498,1823.3480000000002,25,timeout,0.9675630252100488
PEM,M5,short,2021-08-31 01:15:00+00:00,2021-08-31 02:00:00+00:00,1808.848,1810.068,1810.068,1806.408,10,sl,-1.0
PEM,M5,short,2021-08-31 03:40:00+00:00,2021-08-31 06:35:00+00:00,1809.388,1810.178,1810.818,1806.5279999999998,25,timeout,-0.5524475524476614
PEM,M5,long,2021-08-31 06:50:00+00:00,2021-08-31 07:05:00+00:00,1810.928,1809.648,1809.648,1813.4880000000005,4,sl,-1.0
PEM,M5,long,2021-08-31 10:55:00+00:00,2021-08-31 12:35:00+00:00,1815.248,1816.848,1814.448,1816.848,21,tp,2.0
PEM,M5,short,2021-09-01 07:55:00+00:00,2021-09-01 08:10:00+00:00,1812.398,1814.878,1814.878,1807.4379999999999,4,sl,-1.0
PEM,M5,short,2021-09-02 00:50:00+00:00,2021-09-02 02:15:00+00:00,1812.368,1813.648,1813.648,1809.808,18,sl,-1.0
PEM,M5,long,2021-09-02 02:25:00+00:00,2021-09-02 05:20:00+00:00,1814.888,1813.592,1812.798,1819.0679999999998,25,timeout,-0.6200956937798433
PEM,M5,short,2021-09-02 09:25:00+00:00,2021-09-02 11:25:00+00:00,1813.208,1811.468,1815.668,1808.2880000000005,25,timeout,0.7073170731707903
PEM,M5,short,2021-09-02 11:55:00+00:00,2021-09-02 12:15:00+00:00,1810.588,1811.998,1811.998,1807.7679999999998,5,sl,-1.0
PEM,M5,long,2021-09-02 15:50:00+00:00,2021-09-02 17:50:00+00:00,1815.434,1815.435,1814.038,1818.2259999999999,25,timeout,0.0007163323782065781
PEM,M5,long,2021-09-03 07:05:00+00:00,2021-09-03 07:05:00+00:00,1809.498,1809.078,1809.078,1810.3380000000002,1,sl,-1.0
PEM,M5,long,2021-09-03 07:55:00+00:00,2021-09-03 09:05:00+00:00,1810.595,1813.5490000000002,1809.118,1813.5490000000002,15,tp,2.0
PEM,M5,short,2021-09-03 16:05:00+00:00,2021-09-03 16:40:00+00:00,1811.708,1812.698,1812.698,1809.728,8,sl,-1.0
PEM,M5,long,2021-09-03 21:25:00+00:00,2021-09-03 23:25:00+00:00,1826.537,1829.708,1822.787,1834.037,25,timeout,0.8456000000000131
PEM,M5,short,2021-09-06 06:10:00+00:00,2021-09-06 08:10:00+00:00,1827.978,1827.458,1829.618,1824.6980000000003,25,timeout,0.31707317073172087
PEM,M5,short,2021-09-06 10:45:00+00:00,2021-09-06 12:45:00+00:00,1826.468,1825.548,1828.008,1823.3880000000001,25,timeout,0.5974025974026588
PEM,M5,short,2021-09-06 14:10:00+00:00,2021-09-06 15:05:00+00:00,1826.628,1824.648,1827.618,1824.648,12,tp,2.0
PEM,M5,short,2021-09-06 19:05:00+00:00,2021-09-06 19:30:00+00:00,1823.558,1822.458,1824.108,1822.458,6,tp,2.0
PEM,M5,short,2021-09-07 05:35:00+00:00,2021-09-07 06:25:00+00:00,1822.118,1823.278,1823.278,1819.7979999999998,11,sl,-1.0
PEM,M5,long,2021-09-07 07:55:00+00:00,2021-09-07 09:50:00+00:00,1826.025,1825.155,1825.155,1827.7650000000003,24,sl,-1.0
PEM,M5,short,2021-09-07 10:20:00+00:00,2021-09-07 12:20:00+00:00,1824.488,1821.088,1827.098,1819.2680000000003,25,timeout,1.3026819923372495
PEM,M5,short,2021-09-07 12:35:00+00:00,2021-09-07 14:35:00+00:00,1818.748,1819.657,1821.548,1813.1480000000001,25,timeout,-0.3246428571428189
PEM,M5,short,2021-09-07 18:25:00+00:00,2021-09-07 19:10:00+00:00,1809.138,1812.208,1812.208,1802.9979999999996,10,sl,-1.0
PEM,M5,short,2021-09-07 22:20:00+00:00,2021-09-08 00:20:00+00:00,1793.637,1796.878,1810.108,1760.695,25,timeout,-0.19677008074798039
PEM,M5,short,2021-09-08 02:25:00+00:00,2021-09-08 05:20:00+00:00,1795.874,1795.314,1797.348,1792.9260000000002,25,timeout,0.3799185888737931
PEM,M5,short,2021-09-08 06:20:00+00:00,2021-09-08 06:50:00+00:00,1794.758,1795.424,1795.424,1793.4260000000002,7,sl,-1.0
PEM,M5,long,2021-09-08 18:15:00+00:00,2021-09-08 18:55:00+00:00,1799.168,1796.988,1796.988,1803.5279999999996,9,sl,-1.0
PEM,M5,short,2021-09-08 21:35:00+00:00,2021-09-08 23:35:00+00:00,1785.038,1791.628,1797.583,1759.9479999999999,25,timeout,-0.525308888003179
PEM,M5,long,2021-09-09 18:20:00+00:00,2021-09-09 18:45:00+00:00,1796.478,1800.6400000000003,1794.397,1800.6400000000003,6,tp,2.0
PEM,M5,long,2021-09-09 23:35:00+00:00,2021-09-10 01:35:00+00:00,1793.794,1795.784,1790.498,1800.3860000000002,25,timeout,0.6037621359223239
PEM,M5,long,2021-09-10 03:05:00+00:00,2021-09-10 03:15:00+00:00,1795.874,1794.318,1794.318,1798.986,3,sl,-1.0
PEM,M5,short,2021-09-10 05:45:00+00:00,2021-09-10 05:55:00+00:00,1792.518,1794.964,1794.964,1787.6260000000002,3,sl,-1.0
PEM,M5,long,2021-09-10 08:00:00+00:00,2021-09-10 08:15:00+00:00,1795.748,1794.558,1794.558,1798.1280000000002,4,sl,-1.0
PEM,M5,long,2021-09-10 10:05:00+00:00,2021-09-10 11:20:00+00:00,1799.798,1797.044,1797.044,1805.3059999999998,16,sl,-1.0
PEM,M5,long,2021-09-10 12:35:00+00:00,2021-09-10 12:40:00+00:00,1798.804,1801.6020000000003,1797.405,1801.6020000000003,2,tp,2.0
PEM,M5,long,2021-09-10 19:10:00+00:00,2021-09-10 19:25:00+00:00,1798.494,1796.708,1796.708,1802.0659999999996,4,sl,-1.0
PEM,M5,short,2021-09-10 22:50:00+00:00,2021-09-11 00:50:00+00:00,1792.658,1789.424,1799.098,1779.7779999999998,25,timeout,0.5021739130434622
PEM,M5,short,2021-09-11 01:00:00+00:00,2021-09-11 03:00:00+00:00,1788.774,1787.794,1793.618,1779.0859999999998,25,timeout,0.20231213872827838
PEM,M5,short,2021-09-13 05:00:00+00:00,2021-09-13 05:00:00+00:00,1788.354,1788.875,1788.875,1787.3120000000001,1,sl,-1.0
PEM,M5,long,2021-09-13 08:55:00+00:00,2021-09-13 10:55:00+00:00,1789.784,1792.288,1787.474,1794.4040000000005,25,timeout,1.083982683982562
PEM,M5,long,2021-09-13 12:55:00+00:00,2021-09-13 13:15:00+00:00,1792.784,1790.948,1790.948,1796.4560000000001,5,sl,-1.0
PEM,M5,long,2021-09-13 18:15:00+00:00,2021-09-13 19:35:00+00:00,1789.377,1787.618,1787.618,1792.895,17,sl,-1.0
PEM,M5,short,2021-09-14 07:30:00+00:00,2021-09-14 08:05:00+00:00,1792.008,1790.3280000000002,1792.848,1790.3280000000002,8,tp,2.0
PEM,M5,short,2021-09-14 09:45:00+00:00,2021-09-14 11:45:00+00:00,1791.554,1791.478,1792.618,1789.4260000000004,25,timeout,0.07142857142860196
PEM,M5,long,2021-09-14 14:30:00+00:00,2021-09-14 14:35:00+00:00,1793.497,1792.308,1792.308,1795.8750000000002,2,sl,-1.0
PEM,M5,short,2021-09-14 17:55:00+00:00,2021-09-14 19:30:00+00:00,1785.787,1788.618,1788.618,1780.1250000000002,20,sl,-1.0
PEM,M5,long,2021-09-14 20:05:00+00:00,2021-09-14 22:05:00+00:00,1798.794,1806.174,1787.258,1821.8660000000002,25,timeout,0.6397364771151044
PEM,M5,long,2021-09-15 01:10:00+00:00,2021-09-15 01:35:00+00:00,1806.198,1804.048,1804.048,1810.4980000000003,6,sl,-1.0
PEM,M5,long,2021-09-15 19:10:00+00:00,2021-09-15 19:25:00+00:00,1803.184,1805.5379999999998,1802.007,1805.5379999999998,4,tp,2.0
PEM,M5,short,2021-09-15 22:30:00+00:00,2021-09-16 00:30:00+00:00,1792.207,1793.638,1794.997,1786.6270000000002,25,timeout,-0.5129032258063911
PEM,M5,short,2021-09-16 01:30:00+00:00,2021-09-16 01:40:00+00:00,1791.458,1792.588,1792.588,1789.1980000000003,3,sl,-1.0
PEM,M5,short,2021-09-16 02:15:00+00:00,2021-09-16 02:25:00+00:00,1791.874,1793.284,1793.284,1789.0539999999999,3,sl,-1.0
PEM,M5,long,2021-09-16 06:50:00+00:00,2021-09-16 07:30:00+00:00,1794.554,1793.748,1793.748,1796.1660000000002,9,sl,-1.0
PEM,M5,short,2021-09-16 10:55:00+00:00,2021-09-16 12:40:00+00:00,1792.028,1787.668,1794.208,1787.668,22,tp,2.0
PEM,M5,short,2021-09-16 14:05:00+00:00,2021-09-16 14:15:00+00:00,1785.678,1782.9380000000003,1787.048,1782.9380000000003,3,tp,2.0
PEM,M5,short,2021-09-16 16:20:00+00:00,2021-09-16 17:00:00+00:00,1783.074,1777.248,1785.987,1777.248,9,tp,2.0
PEM,M5,short,2021-09-16 18:30:00+00:00,2021-09-16 19:00:00+00:00,1776.668,1770.7279999999998,1779.638,1770.7279999999998,7,tp,2.0
PEM,M5,short,2021-09-17 02:00:00+00:00,2021-09-17 04:00:00+00:00,1753.684,1753.298,1755.918,1749.2160000000001,25,timeout,0.17278424350939142
PEM,M5,long,2021-09-17 09:40:00+00:00,2021-09-17 11:40:00+00:00,1756.498,1759.268,1754.928,1759.638,25,timeout,1.7643312101911428
PEM,M5,short,2021-09-17 23:10:00+00:00,2021-09-18 01:10:00+00:00,1751.838,1751.328,1755.348,1744.818,25,timeout,0.1452991452991431
PEM,M5,long,2021-09-18 01:55:00+00:00,2021-09-18 02:35:00+00:00,1752.798,1751.698,1751.698,1754.9979999999998,9,sl,-1.0
PEM,M5,short,2021-09-20 08:05:00+00:00,2021-09-20 09:10:00+00:00,1752.244,1748.704,1754.014,1748.704,14,tp,2.0
PEM,M5,short,2021-09-20 10:40:00+00:00,2021-09-20 11:50:00+00:00,1747.254,1749.328,1749.328,1743.1059999999998,15,sl,-1.0
PEM,M5,long,2021-09-20 16:05:00+00:00,2021-09-20 18:05:00+00:00,1758.127,1755.854,1749.858,1774.665,25,timeout,-0.27488208973272577
PEM,M5,long,2021-09-21 02:55:00+00:00,2021-09-21 05:50:00+00:00,1763.714,1763.948,1761.608,1767.926,25,timeout,0.11111111111118309
PEM,M5,short,2021-09-21 11:45:00+00:00,2021-09-21 12:20:00+00:00,1760.904,1762.048,1762.048,1758.616,8,sl,-1.0
PEM,M5,long,2021-09-21 17:25:00+00:00,2021-09-21 17:35:00+00:00,1767.848,1766.054,1766.054,1771.4359999999997,3,sl,-1.0
PEM,M5,long,2021-09-21 22:20:00+00:00,2021-09-22 00:20:00+00:00,1779.003,1776.444,1773.038,1790.9329999999998,25,timeout,-0.42900251466890266
PEM,M5,short,2021-09-22 05:45:00+00:00,2021-09-22 06:50:00+00:00,1774.568,1775.108,1775.108,1773.488,14,sl,-1.0
PEM,M5,short,2021-09-22 16:10:00+00:00,2021-09-22 16:50:00+00:00,1774.788,1776.328,1776.328,1771.708,9,sl,-1.0
PEM,M5,long,2021-09-22 22:30:00+00:00,2021-09-23 00:30:00+00:00,1779.194,1777.948,1774.407,1788.768,25,timeout,-0.2602882807603631
PEM,M5,short,2021-09-23 00:50:00+00:00,2021-09-23 01:00:00+00:00,1775.978,1779.054,1779.054,1769.826,3,sl_first_ambiguous,-1.0
PEM,M5,short,2021-09-23 07:45:00+00:00,2021-09-23 09:45:00+00:00,1764.484,1761.938,1767.178,1759.0959999999995,25,timeout,0.9450631031921473
PEM,M5,long,2021-09-23 17:55:00+00:00,2021-09-23 19:25:00+00:00,1774.068,1770.904,1770.904,1780.396,19,sl,-1.0
PEM,M5,short,2021-09-23 22:20:00+00:00,2021-09-23 22:50:00+00:00,1747.854,1752.858,1752.858,1737.8460000000002,7,sl,-1.0
PEM,M5,short,2021-09-24 02:50:00+00:00,2021-09-24 03:25:00+00:00,1748.048,1744.2279999999998,1749.958,1744.2279999999998,8,tp,2.0
PEM,M5,short,2021-09-24 07:00:00+00:00,2021-09-24 07:10:00+00:00,1745.524,1746.898,1746.898,1742.7759999999998,3,sl,-1.0
PEM,M5,long,2021-09-24 09:50:00+00:00,2021-09-24 11:50:00+00:00,1751.588,1751.668,1749.728,1755.3079999999998,25,timeout,0.043010752688135236
PEM,M5,long,2021-09-24 15:05:00+00:00,2021-09-24 17:05:00+00:00,1754.327,1754.057,1751.094,1760.793,25,timeout,-0.08351376430559425
PEM,M5,long,2021-09-24 22:10:00+00:00,2021-09-25 00:10:00+00:00,1752.777,1750.944,1745.718,1766.895,25,timeout,-0.2596685082873058
PEM,M5,short,2021-09-25 02:05:00+00:00,2021-09-25 02:35:00+00:00,1745.988,1747.458,1747.458,1743.048,7,sl,-1.0
PEM,M5,long,2021-09-25 03:50:00+00:00,2021-09-27 06:45:00+00:00,1748.838,1749.558,1747.288,1751.9379999999999,25,timeout,0.4645161290322893
PEM,M5,long,2021-09-27 09:55:00+00:00,2021-09-27 10:50:00+00:00,1760.154,1758.824,1758.824,1762.8139999999999,12,sl,-1.0
PEM,M5,short,2021-09-27 20:45:00+00:00,2021-09-27 20:50:00+00:00,1751.008,1753.898,1753.898,1745.2280000000003,2,sl,-1.0
PEM,M5,short,2021-09-28 15:20:00+00:00,2021-09-28 17:20:00+00:00,1741.688,1740.228,1750.118,1724.8280000000004,25,timeout,0.17319098457889262
PEM,M5,short,2021-09-28 17:55:00+00:00,2021-09-28 19:55:00+00:00,1734.218,1728.338,1739.098,1724.4580000000003,25,timeout,1.2049180327869369
PEM,M5,long,2021-09-29 09:35:00+00:00,2021-09-29 11:35:00+00:00,1738.288,1738.115,1736.465,1741.9340000000002,25,timeout,-0.09489851892484531
PEM,M5,long,2021-09-29 16:05:00+00:00,2021-09-29 18:05:00+00:00,1743.048,1744.655,1738.778,1751.588,25,timeout,0.37634660421545146
PEM,M5,short,2021-09-30 00:10:00+00:00,2021-09-30 02:10:00+00:00,1724.458,1724.608,1726.558,1720.2580000000003,25,timeout,-0.07142857142850956
PEM,M5,long,2021-09-30 04:00:00+00:00,2021-09-30 06:55:00+00:00,1726.538,1729.128,1723.688,1732.2379999999998,25,timeout,0.9087719298245617
PEM,M5,long,2021-09-30 10:20:00+00:00,2021-09-30 10:25:00+00:00,1733.026,1734.582,1732.248,1734.582,2,tp,2.0
PEM,M5,long,2021-09-30 15:15:00+00:00,2021-09-30 16:10:00+00:00,1733.438,1730.918,1730.918,1738.4780000000005,12,sl,-1.0
PEM,M5,short,2021-09-30 17:00:00+00:00,2021-09-30 17:40:00+00:00,1728.866,1724.462,1731.068,1724.462,9,tp,2.0
PEM,M5,short,2021-10-01 05:55:00+00:00,2021-10-01 06:45:00+00:00,1755.328,1753.696,1756.144,1753.696,11,tp,2.0
PEM,M5,short,2021-10-01 12:15:00+00:00,2021-10-01 13:25:00+00:00,1751.998,1754.018,1754.018,1747.958,15,sl,-1.0
PEM,M5,long,2021-10-01 16:35:00+00:00,2021-10-01 18:35:00+00:00,1755.688,1752.43,1752.43,1762.2040000000002,25,sl,-1.0
PEM,M5,long,2021-10-01 22:45:00+00:00,2021-10-02 00:45:00+00:00,1760.005,1759.065,1756.528,1766.9590000000003,25,timeout,-0.2703480011504258
PEM,M5,short,2021-10-02 02:10:00+00:00,2021-10-02 03:00:00+00:00,1757.955,1759.568,1759.568,1754.7289999999998,11,sl,-1.0
PEM,M5,long,2021-10-02 03:05:00+00:00,2021-10-04 05:25:00+00:00,1759.918,1763.6579999999997,1758.048,1763.6579999999997,18,tp,2.0
PEM,M5,short,2021-10-04 09:55:00+00:00,2021-10-04 11:55:00+00:00,1758.455,1760.808,1761.668,1752.029,25,timeout,-0.7323373793962312
PEM,M5,short,2021-10-04 17:05:00+00:00,2021-10-04 18:55:00+00:00,1750.218,1753.878,1753.878,1742.8980000000004,23,sl,-1.0
PEM,M5,long,2021-10-05 02:45:00+00:00,2021-10-05 05:40:00+00:00,1766.708,1768.598,1763.588,1772.9480000000003,25,timeout,0.605769230769167
PEM,M5,short,2021-10-05 09:50:00+00:00,2021-10-05 11:15:00+00:00,1762.068,1758.4080000000001,1763.898,1758.4080000000001,18,tp,2.0
PEM,M5,short,2021-10-05 12:50:00+00:00,2021-10-05 14:30:00+00:00,1757.455,1760.168,1760.168,1752.029,21,sl,-1.0
PEM,M5,long,2021-10-06 22:50:00+00:00,2021-10-07 00:50:00+00:00,1762.188,1761.748,1756.215,1774.1340000000005,25,timeout,-0.07366482504604739
PEM,M5,short,2021-10-07 09:50:00+00:00,2021-10-07 11:50:00+00:00,1758.565,1759.268,1763.728,1748.239,25,timeout,-0.13616114662017684
PEM,M5,short,2021-10-08 07:15:00+00:00,2021-10-08 07:40:00+00:00,1753.975,1754.908,1754.908,1752.109,6,sl,-1.0
PEM,M5,short,2021-10-08 14:20:00+00:00,2021-10-08 16:20:00+00:00,1754.928,1756.698,1759.698,1745.3880000000001,25,timeout,-0.3710691823899347
PEM,M5,long,2021-10-08 18:10:00+00:00,2021-10-08 19:30:00+00:00,1761.358,1766.7179999999996,1758.678,1766.7179999999996,17,tp,2.0
PEM,M5,long,2021-10-08 20:25:00+00:00,2021-10-08 20:40:00+00:00,1779.688,1775.048,1775.048,1788.9680000000003,4,sl,-1.0
PEM,M5,short,2021-10-08 21:45:00+00:00,2021-10-08 23:45:00+00:00,1757.048,1759.315,1774.078,1722.988,25,timeout,-0.1331180270111601
PEM,M5,long,2021-10-11 07:25:00+00:00,2021-10-11 09:25:00+00:00,1756.965,1758.808,1753.605,1763.6849999999997,25,timeout,0.5485119047619433
PEM,M5,short,2021-10-11 10:35:00+00:00,2021-10-11 12:35:00+00:00,1757.358,1755.868,1759.888,1752.298,25,timeout,0.5889328063241206
PEM,M5,short,2021-10-11 16:00:00+00:00,2021-10-11 18:00:00+00:00,1753.308,1753.525,1756.538,1746.848,25,timeout,-0.06718266253872972
PEM,M5,long,2021-10-11 19:20:00+00:00,2021-10-11 19:35:00+00:00,1756.778,1753.408,1753.408,1763.5180000000003,4,sl,-1.0
PEM,M5,long,2021-10-11 21:15:00+00:00,2021-10-11 23:15:00+00:00,1758.995,1757.028,1754.155,1768.6749999999997,25,timeout,-0.40640495867766613
PEM,M5,short,2021-10-12 00:45:00+00:00,2021-10-12 02:45:00+00:00,1754.788,1755.138,1756.155,1752.054,25,timeout,-0.2560351133869194
PEM,M5,short,2021-10-12 03:00:00+00:00,2021-10-12 05:55:00+00:00,1754.238,1753.588,1755.515,1751.684,25,timeout,0.509005481597548
PEM,M5,long,2021-10-12 09:00:00+00:00,2021-10-12 11:00:00+00:00,1756.238,1758.338,1753.688,1761.338,25,timeout,0.8235294117646849
PEM,M5,long,2021-10-13 11:25:00+00:00,2021-10-13 12:00:00+00:00,1762.588,1761.548,1761.548,1764.668,8,sl,-1.0
PEM,M5,long,2021-10-13 14:45:00+00:00,2021-10-13 16:45:00+00:00,1764.788,1767.378,1762.168,1770.0280000000002,25,timeout,0.9885496183205348
PEM,M5,long,2021-10-13 18:00:00+00:00,2021-10-13 19:35:00+00:00,1773.168,1769.698,1769.698,1780.1079999999995,20,sl,-1.0
PEM,M5,long,2021-10-13 21:10:00+00:00,2021-10-13 23:10:00+00:00,1784.254,1794.688,1760.168,1832.426,25,timeout,0.4331977082122474
PEM,M5,short,2021-10-14 09:35:00+00:00,2021-10-14 11:35:00+00:00,1788.408,1788.888,1791.628,1781.9679999999998,25,timeout,-0.14906832298137085
PEM,M5,long,2021-10-14 15:40:00+00:00,2021-10-14 17:40:00+00:00,1796.618,1798.214,1792.674,1804.5059999999999,25,timeout,0.40466531440162773
PEM,M5,long,2021-10-15 02:05:00+00:00,2021-10-15 02:40:00+00:00,1798.698,1797.598,1797.598,1800.8980000000004,8,sl,-1.0
PEM,M5,short,2021-10-15 03:40:00+00:00,2021-10-15 06:35:00+00:00,1795.628,1795.498,1796.888,1793.108,25,timeout,0.10317460317451008
PEM,M5,short,2021-10-15 15:50:00+00:00,2021-10-15 17:50:00+00:00,1786.848,1781.868,1793.048,1774.4479999999999,25,timeout,0.8032258064516099
PEM,M5,short,2021-10-15 19:20:00+00:00,2021-10-15 21:20:00+00:00,1775.934,1774.618,1782.248,1763.3059999999998,25,timeout,0.20842572062084488
PEM,M5,short,2021-10-16 03:30:00+00:00,2021-10-18 05:35:00+00:00,1767.144,1765.0159999999998,1768.208,1765.0159999999998,15,tp,2.0
PEM,M5,long,2021-10-18 06:15:00+00:00,2021-10-18 08:15:00+00:00,1770.048,1770.434,1765.448,1779.2479999999998,25,timeout,0.08391304347825541
PEM,M5,short,2021-10-18 10:20:00+00:00,2021-10-18 12:20:00+00:00,1768.888,1768.538,1771.468,1763.7279999999996,25,timeout,0.13565891472863878
PEM,M5,short,2021-10-18 13:15:00+00:00,2021-10-18 15:15:00+00:00,1762.064,1765.934,1768.904,1748.3840000000002,25,timeout,-0.5657894736842013
PEM,M5,short,2021-10-18 15:35:00+00:00,2021-10-18 17:35:00+00:00,1761.728,1762.034,1766.548,1752.0880000000002,25,timeout,-0.06348547717843238
PEM,M5,long,2021-10-18 21:35:00+00:00,2021-10-18 23:15:00+00:00,1770.228,1766.274,1766.274,1778.1360000000004,21,sl,-1.0
PEM,M5,long,2021-10-19 19:10:00+00:00,2021-10-19 20:40:00+00:00,1781.568,1777.188,1777.188,1790.3279999999997,19,sl,-1.0
PEM,M5,short,2021-10-20 03:45:00+00:00,2021-10-20 06:40:00+00:00,1768.688,1768.624,1769.858,1766.3480000000004,25,timeout,0.05470085470092878
PEM,M5,long,2021-10-20 15:40:00+00:00,2021-10-20 17:40:00+00:00,1778.328,1778.184,1776.504,1781.976,25,timeout,-0.07894736842105263
PEM,M5,long,2021-10-21 00:50:00+00:00,2021-10-21 02:50:00+00:00,1785.268,1784.474,1783.018,1789.768,25,timeout,-0.3528888888889317
PEM,M5,long,2021-10-21 09:05:00+00:00,2021-10-21 11:05:00+00:00,1787.028,1786.068,1781.318,1798.448,25,timeout,-0.1681260945709335
PEM,M5,short,2021-10-21 11:45:00+00:00,2021-10-21 13:45:00+00:00,1784.454,1785.528,1787.514,1778.334,25,timeout,-0.3509803921568916
PEM,M5,short,2021-10-21 23:35:00+00:00,2021-10-22 01:35:00+00:00,1780.638,1780.458,1783.148,1775.618,25,timeout,0.07171314741029361
PEM,M5,long,2021-10-22 02:55:00+00:00,2021-10-22 03:15:00+00:00,1783.958,1782.998,1782.998,1785.8780000000002,5,sl,-1.0
PEM,M5,long,2021-10-22 06:10:00+00:00,2021-10-22 08:10:00+00:00,1784.048,1786.488,1782.828,1786.488,25,tp,2.0
PEM,M5,long,2021-10-22 13:35:00+00:00,2021-10-22 15:35:00+00:00,1789.598,1792.108,1786.588,1795.618,25,timeout,0.8338870431893682
PEM,M5,long,2021-10-22 17:10:00+00:00,2021-10-22 19:10:00+00:00,1793.688,1793.844,1790.414,1800.2360000000003,25,timeout,0.047648136835657794
PEM,M5,long,2021-10-22 20:45:00+00:00,2021-10-22 22:40:00+00:00,1806.268,1792.224,1792.224,1834.3560000000002,24,sl,-1.0
PEM,M5,short,2021-10-23 03:45:00+00:00,2021-10-25 05:00:00+00:00,1792.474,1793.614,1793.614,1790.1939999999997,5,sl,-1.0
PEM,M5,short,2021-10-25 05:05:00+00:00,2021-10-25 05:05:00+00:00,1792.498,1792.864,1792.864,1791.766,1,sl,-1.0
PEM,M5,long,2021-10-25 10:20:00+00:00,2021-10-25 12:20:00+00:00,1796.858,1797.648,1793.998,1802.5779999999997,25,timeout,0.27622377622377314
PEM,M5,long,2021-10-25 13:00:00+00:00,2021-10-25 13:10:00+00:00,1799.978,1797.488,1797.488,1804.958,3,sl,-1.0
PEM,M5,long,2021-10-25 14:25:00+00:00,2021-10-25 16:25:00+00:00,1798.768,1799.728,1795.938,1804.4279999999999,25,timeout,0.33922261484101096
PEM,M5,long,2021-10-25 19:50:00+00:00,2021-10-25 21:50:00+00:00,1803.844,1807.358,1798.484,1814.5640000000003,25,timeout,0.6555970149253382
PEM,M5,short,2021-10-26 00:20:00+00:00,2021-10-26 01:35:00+00:00,1805.574,1808.078,1808.078,1800.5660000000003,16,sl,-1.0
PEM,M5,short,2021-10-26 02:55:00+00:00,2021-10-26 03:55:00+00:00,1805.704,1807.118,1807.118,1802.876,13,sl,-1.0
PEM,M5,short,2021-10-26 11:05:00+00:00,2021-10-26 12:20:00+00:00,1803.058,1805.168,1805.168,1798.8380000000002,16,sl,-1.0
PEM,M5,long,2021-10-26 13:15:00+00:00,2021-10-26 13:55:00+00:00,1805.928,1803.298,1803.298,1811.1880000000003,9,sl,-1.0
PEM,M5,short,2021-10-27 00:40:00+00:00,2021-10-27 01:35:00+00:00,1791.658,1793.658,1793.658,1787.658,12,sl,-1.0
PEM,M5,long,2021-10-27 01:40:00+00:00,2021-10-27 03:40:00+00:00,1793.424,1793.024,1791.494,1797.284,25,timeout,-0.20725388601040298
PEM,M5,short,2021-10-27 08:40:00+00:00,2021-10-27 10:40:00+00:00,1791.158,1788.178,1793.508,1786.4579999999996,25,timeout,1.268085106382816
PEM,M5,short,2021-10-27 15:40:00+00:00,2021-10-27 16:00:00+00:00,1784.358,1787.178,1787.178,1778.7179999999996,5,sl,-1.0
PEM,M5,long,2021-10-28 03:05:00+00:00,2021-10-28 06:00:00+00:00,1797.694,1796.398,1795.804,1801.4739999999997,25,timeout,-0.6857142857143579
PEM,M5,long,2021-10-28 09:40:00+00:00,2021-10-28 10:05:00+00:00,1801.538,1798.758,1798.758,1807.098,6,sl,-1.0
PEM,M5,short,2021-10-28 16:40:00+00:00,2021-10-28 18:30:00+00:00,1798.738,1800.788,1800.788,1794.6380000000001,23,sl,-1.0
PEM,M5,short,2021-10-28 21:40:00+00:00,2021-10-28 22:20:00+00:00,1794.018,1802.418,1802.418,1777.2180000000003,9,sl,-1.0
PEM,M5,long,2021-10-28 22:25:00+00:00,2021-10-29 00:25:00+00:00,1803.264,1800.744,1797.534,1814.7239999999995,25,timeout,-0.43979057591624326
PEM,M5,short,2021-10-29 02:35:00+00:00,2021-10-29 05:30:00+00:00,1799.144,1800.714,1801.398,1794.6360000000002,25,timeout,-0.6965394853593622
PEM,M5,short,2021-10-29 10:10:00+00:00,2021-10-29 12:10:00+00:00,1795.538,1793.544,1797.604,1791.406,25,timeout,0.9651500484026547
PEM,M5,short,2021-10-29 15:35:00+00:00,2021-10-29 16:45:00+00:00,1792.524,1796.978,1796.978,1783.6159999999995,15,sl,-1.0
PEM,M5,long,2021-10-30 00:20:00+00:00,2021-10-30 02:20:00+00:00,1780.328,1782.818,1777.198,1786.5879999999997,25,timeout,0.7955271565495537
PEM,M5,short,2021-11-01 06:00:00+00:00,2021-11-01 07:05:00+00:00,1780.508,1781.524,1781.524,1778.4760000000003,14,sl,-1.0
PEM,M5,long,2021-11-01 12:45:00+00:00,2021-11-01 13:25:00+00:00,1785.598,1784.048,1784.048,1788.6979999999999,9,sl,-1.0
PEM,M5,short,2021-11-01 15:00:00+00:00,2021-11-01 16:30:00+00:00,1782.504,1784.988,1784.988,1777.5359999999996,19,sl,-1.0
PEM,M5,long,2021-11-01 16:35:00+00:00,2021-11-01 18:25:00+00:00,1784.888,1782.698,1782.698,1789.2679999999996,23,sl,-1.0
PEM,M5,long,2021-11-01 23:35:00+00:00,2021-11-02 01:35:00+00:00,1791.798,1794.018,1789.658,1796.0780000000002,25,timeout,1.0373831775700577
PEM,M5,short,2021-11-02 05:40:00+00:00,2021-11-02 07:40:00+00:00,1792.128,1791.664,1793.174,1790.0359999999998,25,timeout,0.443594646271434
PEM,M5,long,2021-11-02 14:15:00+00:00,2021-11-02 15:05:00+00:00,1796.034,1793.394,1793.394,1801.3140000000003,11,sl,-1.0
PEM,M5,short,2021-11-02 15:40:00+00:00,2021-11-02 15:50:00+00:00,1790.988,1794.718,1794.718,1783.528,3,sl,-1.0
PEM,M5,short,2021-11-02 18:20:00+00:00,2021-11-02 20:20:00+00:00,1791.604,1792.018,1795.074,1784.664,25,timeout,-0.11930835734869856
PEM,M5,short,2021-11-03 05:30:00+00:00,2021-11-03 07:30:00+00:00,1787.004,1784.8559999999998,1788.078,1784.8559999999998,25,tp,2.0
PEM,M5,short,2021-11-03 09:40:00+00:00,2021-11-03 11:40:00+00:00,1780.944,1781.588,1787.348,1768.136,25,timeout,-0.10056214865709023
PEM,M5,short,2021-11-03 17:20:00+00:00,2021-11-03 17:50:00+00:00,1780.904,1782.728,1782.728,1777.2559999999999,7,sl,-1.0
PEM,M5,long,2021-11-03 18:15:00+00:00,2021-11-03 19:35:00+00:00,1784.205,1781.764,1781.764,1789.087,17,sl,-1.0
PEM,M5,long,2021-11-04 02:50:00+00:00,2021-11-04 03:55:00+00:00,1774.464,1769.884,1769.884,1783.6239999999998,14,sl,-1.0
PEM,M5,long,2021-11-04 09:45:00+00:00,2021-11-04 10:05:00+00:00,1777.728,1775.864,1775.864,1781.4560000000001,5,sl,-1.0
PEM,M5,long,2021-11-05 01:00:00+00:00,2021-11-05 01:45:00+00:00,1793.624,1791.634,1791.634,1797.604,10,sl,-1.0
PEM,M5,short,2021-11-05 10:50:00+00:00,2021-11-05 11:30:00+00:00,1792.574,1794.064,1794.064,1789.594,9,sl,-1.0
PEM,M5,short,2021-11-05 19:35:00+00:00,2021-11-05 19:40:00+00:00,1789.064,1794.856,1794.856,1777.4800000000002,2,sl,-1.0
PEM,M5,long,2021-11-06 02:35:00+00:00,2021-11-08 06:05:00+00:00,1817.424,1815.344,1815.344,1821.5839999999998,20,sl,-1.0
PEM,M5,short,2021-11-08 07:10:00+00:00,2021-11-08 08:05:00+00:00,1814.993,1817.368,1817.368,1810.243,12,sl,-1.0
PEM,M5,long,2021-11-08 08:10:00+00:00,2021-11-08 10:10:00+00:00,1817.308,1818.488,1813.293,1825.3380000000002,25,timeout,0.2938978829389874
PEM,M5,long,2021-11-08 13:05:00+00:00,2021-11-08 13:30:00+00:00,1821.288,1819.068,1819.068,1825.728,6,sl,-1.0
PEM,M5,short,2021-11-08 14:00:00+00:00,2021-11-08 16:00:00+00:00,1816.538,1812.798,1820.873,1807.868,25,timeout,0.8627450980392105
PEM,M5,short,2021-11-08 18:30:00+00:00,2021-11-08 19:05:00+00:00,1815.623,1817.798,1817.798,1811.2730000000001,8,sl,-1.0
PEM,M5,long,2021-11-08 19:10:00+00:00,2021-11-08 20:25:00+00:00,1817.138,1820.4679999999998,1815.473,1820.4679999999998,16,tp,2.0
PEM,M5,long,2021-11-09 09:10:00+00:00,2021-11-09 09:40:00+00:00,1826.273,1823.443,1823.443,1831.9329999999998,7,sl,-1.0
PEM,M5,short,2021-11-09 10:30:00+00:00,2021-11-09 12:30:00+00:00,1821.948,1823.268,1824.645,1816.5540000000003,25,timeout,-0.4894327030033336
PEM,M5,long,2021-11-10 00:00:00+00:00,2021-11-10 02:00:00+00:00,1829.213,1830.093,1821.503,1844.633,25,timeout,0.11413748378730285
PEM,M5,long,2021-11-10 04:00:00+00:00,2021-11-10 06:45:00+00:00,1831.893,1830.488,1830.488,1834.703,23,sl,-1.0
PEM,M5,short,2021-11-10 09:25:00+00:00,2021-11-10 09:35:00+00:00,1827.218,1828.613,1828.613,1824.428,3,sl,-1.0
PEM,M5,short,2021-11-10 11:25:00+00:00,2021-11-10 13:25:00+00:00,1826.038,1825.288,1827.228,1823.658,25,timeout,0.6302521008403072
PEM,M5,short,2021-11-10 18:15:00+00:00,2021-11-10 19:15:00+00:00,1823.603,1826.108,1826.108,1818.5930000000003,13,sl,-1.0
PEM,M5,long,2021-11-10 21:25:00+00:00,2021-11-10 23:25:00+00:00,1856.588,1857.178,1824.628,1920.508,25,timeout,0.018460575719654093
PEM,M5,short,2021-11-11 00:55:00+00:00,2021-11-11 01:40:00+00:00,1850.194,1843.0439999999999,1853.769,1843.0439999999999,10,tp,2.0
PEM,M5,long,2021-11-11 02:50:00+00:00,2021-11-11 04:50:00+00:00,1849.524,1849.844,1844.178,1860.2159999999994,25,timeout,0.05985783763564854
PEM,M5,long,2021-11-11 06:45:00+00:00,2021-11-11 07:05:00+00:00,1849.134,1848.104,1848.104,1851.194,5,sl,-1.0
PEM,M5,long,2021-11-11 07:20:00+00:00,2021-11-11 08:40:00+00:00,1850.678,1847.924,1847.924,1856.1860000000004,17,sl,-1.0
PEM,M5,short,2021-11-11 09:10:00+00:00,2021-11-11 10:20:00+00:00,1844.958,1849.678,1849.678,1835.518,15,sl,-1.0
PEM,M5,long,2021-11-11 12:00:00+00:00,2021-11-11 12:30:00+00:00,1849.048,1852.168,1847.488,1852.168,7,tp,2.0
PEM,M5,long,2021-11-11 12:40:00+00:00,2021-11-11 14:40:00+00:00,1852.314,1855.228,1849.988,1856.9660000000001,25,timeout,1.2527944969905245
PEM,M5,long,2021-11-11 14:50:00+00:00,2021-11-11 15:55:00+00:00,1856.298,1862.418,1853.238,1862.418,14,tp,2.0
PEM,M5,long,2021-11-11 16:30:00+00:00,2021-11-11 18:30:00+00:00,1862.248,1862.398,1855.938,1874.868,25,timeout,0.02377179080821947
PEM,M5,long,2021-11-11 18:45:00+00:00,2021-11-11 19:10:00+00:00,1864.648,1861.939,1861.939,1870.0659999999996,6,sl,-1.0
PEM,M5,short,2021-11-12 07:40:00+00:00,2021-11-12 08:10:00+00:00,1859.654,1861.048,1861.048,1856.866,7,sl,-1.0
PEM,M5,short,2021-11-12 13:45:00+00:00,2021-11-12 14:05:00+00:00,1857.314,1859.508,1859.508,1852.9260000000002,5,sl,-1.0
PEM,M5,long,2021-11-12 22:05:00+00:00,2021-11-12 22:25:00+00:00,1859.248,1865.7360000000003,1856.004,1865.7360000000003,5,tp,2.0
PEM,M5,long,2021-11-15 06:10:00+00:00,2021-11-15 08:00:00+00:00,1867.288,1863.784,1863.784,1874.2959999999998,23,sl,-1.0
PEM,M5,short,2021-11-15 10:15:00+00:00,2021-11-15 12:15:00+00:00,1858.178,1857.268,1860.592,1853.3500000000001,25,timeout,0.3769676884838801
PEM,M5,long,2021-11-15 17:10:00+00:00,2021-11-15 19:10:00+00:00,1862.178,1862.368,1860.198,1866.1380000000001,25,timeout,0.0959595959595078
PEM,M5,short,2021-11-15 22:40:00+00:00,2021-11-15 22:55:00+00:00,1859.798,1862.038,1862.038,1855.318,4,sl,-1.0
PEM,M5,long,2021-11-16 09:10:00+00:00,2021-11-16 11:10:00+00:00,1867.014,1867.198,1862.208,1876.6259999999995,25,timeout,0.03828547648776605
PEM,M5,short,2021-11-16 22:10:00+00:00,2021-11-17 00:10:00+00:00,1858.098,1855.724,1873.958,1826.3779999999997,25,timeout,0.14968474148802047
PEM,M5,short,2021-11-17 01:05:00+00:00,2021-11-17 03:05:00+00:00,1851.438,1849.898,1856.304,1841.7060000000001,25,timeout,0.31648170982330365
PEM,M5,long,2021-11-17 14:30:00+00:00,2021-11-17 16:30:00+00:00,1856.228,1859.318,1853.218,1862.248,25,timeout,1.026578073089677
PEM,M5,short,2021-11-18 10:45:00+00:00,2021-11-18 12:45:00+00:00,1865.154,1865.778,1869.458,1856.5459999999998,25,timeout,-0.14498141263940775
PEM,M5,short,2021-11-18 17:25:00+00:00,2021-11-18 19:25:00+00:00,1862.248,1863.908,1864.808,1857.1280000000002,25,timeout,-0.6484374999999569
PEM,M5,short,2021-11-18 20:10:00+00:00,2021-11-18 20:25:00+00:00,1863.038,1856.806,1866.154,1856.806,4,tp,2.0
PEM,M5,short,2021-11-18 22:05:00+00:00,2021-11-19 00:05:00+00:00,1860.278,1862.018,1864.604,1851.626,25,timeout,-0.40221914008321785
PEM,M5,short,2021-11-19 01:50:00+00:00,2021-11-19 02:00:00+00:00,1858.448,1859.748,1859.748,1855.8480000000002,3,sl,-1.0
PEM,M5,long,2021-11-19 09:40:00+00:00,2021-11-19 11:40:00+00:00,1862.805,1863.268,1860.408,1867.5990000000004,25,timeout,0.19315811430952615
PEM,M5,short,2021-11-19 14:50:00+00:00,2021-11-19 16:30:00+00:00,1856.557,1861.398,1861.398,1846.8750000000002,21,sl,-1.0
PEM,M5,long,2021-11-19 17:05:00+00:00,2021-11-19 19:05:00+00:00,1863.904,1862.158,1854.178,1883.3559999999998,25,timeout,-0.17951881554597113
PEM,M5,long,2021-11-19 20:30:00+00:00,2021-11-19 20:40:00+00:00,1863.593,1860.138,1860.138,1870.5030000000004,3,sl,-1.0
PEM,M5,short,2021-11-19 22:55:00+00:00,2021-11-20 00:45:00+00:00,1857.148,1846.7359999999996,1862.354,1846.7359999999996,23,tp,2.0
PEM,M5,short,2021-11-22 18:25:00+00:00,2021-11-22 18:55:00+00:00,1838.388,1843.244,1843.244,1828.676,7,sl,-1.0
PEM,M5,short,2021-11-23 00:35:00+00:00,2021-11-23 02:35:00+00:00,1808.868,1804.408,1838.968,1748.6679999999997,25,timeout,0.1481727574750836
PEM,M5,long,2021-11-23 08:25:00+00:00,2021-11-23 09:15:00+00:00,1810.388,1808.828,1808.828,1813.5079999999998,11,sl,-1.0
PEM,M5,short,2021-11-23 16:40:00+00:00,2021-11-23 18:40:00+00:00,1796.738,1795.028,1802.888,1784.4380000000003,25,timeout,0.27804878048781695
PEM,M5,long,2021-11-24 02:10:00+00:00,2021-11-24 04:10:00+00:00,1788.235,1789.938,1785.335,1794.0349999999996,25,timeout,0.5872413793104421
PEM,M5,short,2021-11-25 00:40:00+00:00,2021-11-25 02:40:00+00:00,1785.375,1785.278,1789.225,1777.6750000000002,25,timeout,0.025194805194800593
PEM,M5,long,2021-11-25 03:30:00+00:00,2021-11-25 06:25:00+00:00,1787.728,1787.138,1784.468,1794.248,25,timeout,-0.18098159509206968
PEM,M5,long,2021-11-25 19:20:00+00:00,2021-11-25 19:55:00+00:00,1792.215,1790.725,1790.725,1795.195,8,sl,-1.0
PEM,M5,long,2021-11-26 06:35:00+00:00,2021-11-26 08:35:00+00:00,1791.808,1792.098,1788.355,1798.714,25,timeout,0.08398494063132515
PEM,M5,long,2021-11-26 12:40:00+00:00,2021-11-26 13:30:00+00:00,1796.555,1799.3150000000003,1795.175,1799.3150000000003,11,tp,2.0
PEM,M5,long,2021-11-29 12:25:00+00:00,2021-11-29 14:10:00+00:00,1794.739,1792.355,1792.355,1799.507,22,sl,-1.0
PEM,M5,long,2021-11-29 15:45:00+00:00,2021-11-29 17:45:00+00:00,1796.928,1796.098,1793.698,1803.3880000000001,25,timeout,-0.25696594427249225
PEM,M5,short,2021-11-29 21:25:00+00:00,2021-11-29 21:50:00+00:00,1785.328,1789.758,1789.758,1776.4679999999998,6,sl,-1.0
PEM,M5,long,2021-11-30 06:45:00+00:00,2021-11-30 07:00:00+00:00,1787.615,1786.348,1786.348,1790.1490000000001,4,sl,-1.0
PEM,M5,long,2021-11-30 09:40:00+00:00,2021-11-30 11:40:00+00:00,1789.699,1788.705,1787.638,1793.8210000000004,25,timeout,-0.4822901504124551
PEM,M5,short,2021-11-30 23:30:00+00:00,2021-11-30 23:45:00+00:00,1778.07,1771.014,1781.598,1771.014,4,tp,2.0
PEM,M5,short,2021-12-01 03:20:00+00:00,2021-12-01 06:15:00+00:00,1772.698,1774.935,1777.699,1762.6960000000001,25,timeout,-0.44731053789239417
PEM,M5,long,2021-12-01 07:55:00+00:00,2021-12-01 09:55:00+00:00,1777.119,1777.598,1772.258,1786.8409999999997,25,timeout,0.0985393951861868
PEM,M5,long,2021-12-01 11:55:00+00:00,2021-12-01 13:00:00+00:00,1779.628,1782.8279999999997,1778.028,1782.8279999999997,14,tp,2.0
PEM,M5,long,2021-12-01 16:50:00+00:00,2021-12-01 18:45:00+00:00,1781.988,1788.4080000000001,1778.778,1788.4080000000001,24,tp,2.0
PEM,M5,short,2021-12-02 03:55:00+00:00,2021-12-02 04:35:00+00:00,1778.828,1782.255,1782.255,1771.9739999999997,9,sl,-1.0
PEM,M5,long,2021-12-02 04:40:00+00:00,2021-12-02 07:35:00+00:00,1782.555,1781.178,1779.125,1789.4150000000002,25,timeout,-0.4014577259475006
PEM,M5,short,2021-12-02 10:20:00+00:00,2021-12-02 11:20:00+00:00,1780.018,1776.598,1781.728,1776.598,13,tp,2.0
PEM,M5,short,2021-12-02 12:15:00+00:00,2021-12-02 13:55:00+00:00,1776.368,1778.738,1778.738,1771.6279999999997,21,sl,-1.0
PEM,M5,long,2021-12-03 04:00:00+00:00,2021-12-03 06:55:00+00:00,1768.715,1769.185,1767.015,1772.1149999999996,25,timeout,0.27647058823533976
PEM,M5,long,2021-12-03 10:20:00+00:00,2021-12-03 12:20:00+00:00,1773.105,1772.468,1769.888,1779.5390000000002,25,timeout,-0.19801056885294502
PEM,M5,long,2021-12-04 00:05:00+00:00,2021-12-04 02:05:00+00:00,1780.44,1782.708,1775.028,1791.2640000000001,25,timeout,0.4190687361419096
PEM,M5,long,2021-12-04 03:10:00+00:00,2021-12-06 06:05:00+00:00,1785.355,1781.415,1781.415,1793.2350000000001,25,sl,-1.0
PEM,M5,long,2021-12-06 08:55:00+00:00,2021-12-06 10:50:00+00:00,1786.365,1783.815,1783.815,1791.465,24,sl,-1.0
PEM,M5,short,2021-12-06 11:50:00+00:00,2021-12-06 13:25:00+00:00,1782.285,1784.225,1784.225,1778.4050000000004,20,sl,-1.0
PEM,M5,short,2021-12-06 15:25:00+00:00,2021-12-06 17:25:00+00:00,1781.048,1780.538,1783.365,1776.414,25,timeout,0.22011221406991338
PEM,M5,short,2021-12-06 22:55:00+00:00,2021-12-06 23:40:00+00:00,1778.598,1781.288,1781.288,1773.2179999999998,10,sl,-1.0
PEM,M5,short,2021-12-07 08:40:00+00:00,2021-12-07 08:45:00+00:00,1778.658,1779.518,1779.518,1776.9379999999996,2,sl,-1.0
PEM,M5,short,2021-12-07 10:20:00+00:00,2021-12-07 11:30:00+00:00,1779.148,1776.7879999999998,1780.328,1776.7879999999998,15,tp,2.0
PEM,M5,short,2021-12-07 11:40:00+00:00,2021-12-07 12:00:00+00:00,1776.768,1777.925,1777.925,1774.4540000000002,5,sl,-1.0
PEM,M5,short,2021-12-07 16:15:00+00:00,2021-12-07 18:15:00+00:00,1778.735,1781.678,1784.078,1768.0489999999998,25,timeout,-0.5508141493543272
PEM,M5,long,2021-12-07 18:55:00+00:00,2021-12-07 20:20:00+00:00,1782.808,1781.318,1781.318,1785.788,18,sl,-1.0
PEM,M5,short,2021-12-07 20:30:00+00:00,2021-12-07 22:30:00+00:00,1778.438,1781.918,1783.398,1768.5180000000005,25,timeout,-0.7016129032257913
PEM,M5,long,2021-12-07 23:35:00+00:00,2021-12-08 01:35:00+00:00,1785.538,1782.545,1780.998,1794.618,25,timeout,-0.6592511013215776
PEM,M5,short,2021-12-08 06:00:00+00:00,2021-12-08 06:55:00+00:00,1783.725,1785.028,1785.028,1781.1189999999997,12,sl,-1.0
PEM,M5,long,2021-12-08 12:45:00+00:00,2021-12-08 13:45:00+00:00,1790.235,1788.468,1788.468,1793.7689999999996,13,sl,-1.0
PEM,M5,long,2021-12-08 16:10:00+00:00,2021-12-08 18:10:00+00:00,1788.908,1790.558,1786.798,1793.1279999999997,25,timeout,0.7819905213270943
PEM,M5,short,2021-12-08 21:45:00+00:00,2021-12-08 21:50:00+00:00,1780.595,1783.058,1783.058,1775.669,2,sl,-1.0
PEM,M5,short,2021-12-08 22:30:00+00:00,2021-12-09 00:25:00+00:00,1781.969,1784.248,1784.248,1777.411,24,sl,-1.0
PEM,M5,short,2021-12-09 04:50:00+00:00,2021-12-09 05:00:00+00:00,1782.548,1783.028,1783.028,1781.588,3,sl,-1.0
PEM,M5,long,2021-12-09 07:55:00+00:00,2021-12-09 08:05:00+00:00,1784.925,1783.975,1783.975,1786.825,3,sl,-1.0
PEM,M5,long,2021-12-09 11:10:00+00:00,2021-12-09 13:10:00+00:00,1785.195,1785.588,1782.708,1790.1689999999996,25,timeout,0.15802171290713807
PEM,M5,short,2021-12-09 16:50:00+00:00,2021-12-09 18:50:00+00:00,1782.468,1780.838,1785.988,1775.428,25,timeout,0.46306818181821524
PEM,M5,short,2021-12-09 18:55:00+00:00,2021-12-09 19:35:00+00:00,1780.828,1774.808,1783.838,1774.808,9,tp,2.0
PEM,M5,short,2021-12-09 20:10:00+00:00,2021-12-09 20:25:00+00:00,1775.075,1778.118,1778.118,1768.9890000000003,4,sl,-1.0
PEM,M5,long,2021-12-10 08:50:00+00:00,2021-12-10 10:50:00+00:00,1778.648,1778.358,1775.948,1784.0479999999995,25,timeout,-0.10740740740740116
PEM,M5,short,2021-12-10 16:20:00+00:00,2021-12-10 18:20:00+00:00,1770.768,1772.028,1772.028,1768.248,25,sl,-1.0
PEM,M5,long,2021-12-10 23:35:00+00:00,2021-12-11 01:35:00+00:00,1785.608,1783.015,1779.265,1798.2939999999996,25,timeout,-0.408797099164419
PEM,M5,short,2021-12-11 02:15:00+00:00,2021-12-11 04:15:00+00:00,1781.988,1781.975,1784.348,1777.2680000000003,25,timeout,0.0055084745763338515
PEM,M5,long,2021-12-13 08:15:00+00:00,2021-12-13 09:05:00+00:00,1784.258,1788.0180000000003,1782.378,1788.0180000000003,11,tp,2.0
PEM,M5,long,2021-12-13 19:35:00+00:00,2021-12-13 20:05:00+00:00,1789.748,1787.455,1787.455,1794.3340000000003,7,sl,-1.0
PEM,M5,long,2021-12-13 23:25:00+00:00,2021-12-14 01:25:00+00:00,1788.738,1788.208,1786.008,1794.198,25,timeout,-0.19413919413918285
PEM,M5,short,2021-12-14 03:50:00+00:00,2021-12-14 06:00:00+00:00,1787.018,1785.0439999999999,1788.005,1785.0439999999999,16,tp,2.0
PEM,M5,short,2021-12-14 11:05:00+00:00,2021-12-14 12:20:00+00:00,1785.735,1786.865,1786.865,1783.4749999999997,16,sl,-1.0
PEM,M5,short,2021-12-14 14:45:00+00:00,2021-12-14 15:30:00+00:00,1785.785,1782.265,1787.545,1782.265,10,tp,2.0
PEM,M5,short,2021-12-14 23:30:00+00:00,2021-12-15 01:30:00+00:00,1773.305,1772.738,1775.558,1768.7990000000002,25,timeout,0.2516644474034732
PEM,M5,short,2021-12-15 02:00:00+00:00,2021-12-15 02:20:00+00:00,1771.408,1772.258,1772.258,1769.7079999999996,5,sl,-1.0
PEM,M5,short,2021-12-15 03:10:00+00:00,2021-12-15 06:05:00+00:00,1771.935,1771.175,1773.025,1769.7549999999997,25,timeout,0.6972477064219169
PEM,M5,long,2021-12-15 07:55:00+00:00,2021-12-15 08:05:00+00:00,1773.295,1772.435,1772.435,1775.0150000000003,3,sl,-1.0
PEM,M5,short,2021-12-16 01:40:00+00:00,2021-12-16 02:00:00+00:00,1763.478,1758.7980000000002,1765.818,1758.7980000000002,5,tp,2.0
PEM,M5,long,2021-12-16 08:35:00+00:00,2021-12-16 10:35:00+00:00,1780.978,1782.558,1776.688,1789.558,25,timeout,0.36829836829835444
PEM,M5,long,2021-12-16 12:40:00+00:00,2021-12-16 13:20:00+00:00,1782.108,1784.568,1780.878,1784.568,9,tp,2.0
PEM,M5,long,2021-12-16 14:05:00+00:00,2021-12-16 16:05:00+00:00,1784.808,1786.9540000000002,1783.735,1786.9540000000002,25,tp,2.0
PEM,M5,long,2021-12-16 17:00:00+00:00,2021-12-16 19:00:00+00:00,1786.208,1785.838,1785.175,1788.2740000000003,25,timeout,-0.3581800580833223
PEM,M5,long,2021-12-16 21:45:00+00:00,2021-12-16 23:45:00+00:00,1790.035,1798.558,1783.428,1803.249,25,timeout,1.2899954593612757
PEM,M5,long,2021-12-17 08:50:00+00:00,2021-12-17 10:50:00+00:00,1800.728,1802.245,1797.708,1806.768,25,timeout,0.5023178807946472
PEM,M5,long,2021-12-17 16:25:00+00:00,2021-12-17 16:40:00+00:00,1809.368,1807.158,1807.158,1813.788,4,sl,-1.0
PEM,M5,short,2021-12-18 03:50:00+00:00,2021-12-20 06:00:00+00:00,1797.948,1799.208,1799.208,1795.428,16,sl,-1.0
PEM,M5,long,2021-12-20 09:05:00+00:00,2021-12-20 11:05:00+00:00,1801.168,1801.638,1799.901,1803.7019999999995,25,timeout,0.3709550118390624
PEM,M5,short,2021-12-20 22:00:00+00:00,2021-12-21 00:00:00+00:00,1794.665,1795.818,1798.058,1787.879,25,timeout,-0.3398172708517566
PEM,M5,short,2021-12-21 01:40:00+00:00,2021-12-21 02:50:00+00:00,1793.635,1791.427,1794.739,1791.427,15,tp,2.0
PEM,M5,short,2021-12-21 03:00:00+00:00,2021-12-21 03:00:00+00:00,1791.315,1789.9750000000004,1791.985,1789.9750000000004,1,tp,2.0
PEM,M5,short,2021-12-21 04:00:00+00:00,2021-12-21 06:00:00+00:00,1789.105,1791.048,1791.048,1785.219,14,sl,-1.0
PEM,M5,short,2021-12-21 10:15:00+00:00,2021-12-21 10:45:00+00:00,1790.068,1791.568,1791.568,1787.068,7,sl,-1.0
PEM,M5,short,2021-12-21 11:25:00+00:00,2021-12-21 11:45:00+00:00,1790.955,1792.055,1792.055,1788.7549999999997,5,sl,-1.0
PEM,M5,long,2021-12-21 17:00:00+00:00,2021-12-21 19:00:00+00:00,1797.858,1797.948,1791.218,1811.1379999999997,25,timeout,0.013554216867492055
PEM,M5,short,2021-12-22 02:25:00+00:00,2021-12-22 02:50:00+00:00,1787.278,1788.455,1788.455,1784.9240000000002,6,sl,-1.0
PEM,M5,short,2021-12-22 12:15:00+00:00,2021-12-22 13:35:00+00:00,1787.638,1788.618,1788.618,1785.6779999999999,17,sl,-1.0
PEM,M5,long,2021-12-22 21:10:00+00:00,2021-12-22 21:50:00+00:00,1794.415,1790.698,1790.698,1801.8489999999997,9,sl,-1.0
PEM,M5,long,2021-12-22 23:00:00+00:00,2021-12-23 01:00:00+00:00,1795.158,1799.888,1792.025,1801.4239999999995,25,timeout,1.5097350781999055
PEM,M5,long,2021-12-23 01:10:00+00:00,2021-12-23 03:10:00+00:00,1800.068,1803.948,1796.958,1806.2879999999998,25,timeout,1.2475884244373743
PEM,M5,long,2021-12-23 06:45:00+00:00,2021-12-23 06:50:00+00:00,1804.588,1803.895,1803.895,1805.974,2,sl,-1.0
PEM,M5,long,2021-12-23 15:40:00+00:00,2021-12-23 17:30:00+00:00,1807.318,1806.225,1806.225,1809.5040000000001,23,sl,-1.0
PEM,M5,long,2021-12-23 19:00:00+00:00,2021-12-23 19:15:00+00:00,1806.045,1804.625,1804.625,1808.8850000000002,4,sl,-1.0
PEM,M5,short,2021-12-27 07:50:00+00:00,2021-12-27 08:05:00+00:00,1806.924,1808.028,1808.028,1804.716,4,sl,-1.0
PEM,M5,short,2021-12-27 11:35:00+00:00,2021-12-27 13:35:00+00:00,1809.244,1809.319,1811.418,1804.896,25,timeout,-0.03449862005521906
PEM,M5,short,2021-12-27 14:45:00+00:00,2021-12-27 15:00:00+00:00,1807.738,1809.004,1809.004,1805.2060000000004,4,sl,-1.0
PEM,M5,short,2021-12-27 16:10:00+00:00,2021-12-27 18:10:00+00:00,1805.764,1805.405,1808.468,1800.3559999999995,25,timeout,0.1327662721893121
PEM,M5,long,2021-12-27 22:30:00+00:00,2021-12-28 00:30:00+00:00,1812.735,1809.828,1806.0,1826.2049999999997,25,timeout,-0.4316258351893049
PEM,M5,short,2021-12-28 01:00:00+00:00,2021-12-28 03:00:00+00:00,1807.945,1809.029,1810.068,1803.6989999999998,25,timeout,-0.5105982100800923
PEM,M5,short,2021-12-28 09:15:00+00:00,2021-12-28 11:15:00+00:00,1809.358,1809.608,1810.788,1806.4979999999998,25,timeout,-0.17482517482516705
PEM,M5,long,2021-12-28 12:25:00+00:00,2021-12-28 12:55:00+00:00,1811.098,1813.138,1810.078,1813.138,7,tp,2.0
PEM,M5,long,2021-12-28 17:35:00+00:00,2021-12-28 19:35:00+00:00,1815.708,1817.508,1814.428,1818.268,25,timeout,1.4062499999999944
PEM,M5,short,2021-12-28 23:05:00+00:00,2021-12-29 01:05:00+00:00,1810.628,1809.628,1818.428,1795.0279999999996,25,timeout,0.12820512820512522
PEM,M5,short,2021-12-29 01:45:00+00:00,2021-12-29 03:45:00+00:00,1808.338,1805.924,1810.564,1803.8859999999997,25,timeout,1.0844564240790049
PEM,M5,short,2021-12-29 09:10:00+00:00,2021-12-29 09:10:00+00:00,1805.428,1806.015,1806.015,1804.2540000000001,1,sl,-1.0
PEM,M5,short,2021-12-29 13:50:00+00:00,2021-12-29 14:40:00+00:00,1806.408,1804.6079999999997,1807.308,1804.6079999999997,11,tp,2.0
PEM,M5,short,2021-12-29 17:00:00+00:00,2021-12-29 17:20:00+00:00,1802.695,1800.5549999999996,1803.765,1800.5549999999996,5,tp,2.0
PEM,M5,short,2021-12-30 09:45:00+00:00,2021-12-30 11:45:00+00:00,1801.978,1800.738,1803.258,1799.4180000000001,25,timeout,0.9687500000000278
PEM,M5,short,2021-12-30 16:45:00+00:00,2021-12-30 18:15:00+00:00,1799.725,1802.048,1802.048,1795.0789999999997,19,sl,-1.0
PEM,M5,long,2021-12-30 23:15:00+00:00,2021-12-31 01:15:00+00:00,1808.448,1814.118,1802.145,1821.0540000000003,25,timeout,0.8995716325558853
PEM,M5,long,2021-12-31 02:40:00+00:00,2021-12-31 04:40:00+00:00,1814.468,1815.538,1813.018,1817.3680000000002,25,timeout,0.7379310344826916
PEM,M5,long,2021-12-31 07:05:00+00:00,2021-12-31 07:45:00+00:00,1815.998,1815.315,1815.315,1817.364,9,sl,-1.0
PEM,M5,short,2021-12-31 09:25:00+00:00,2021-12-31 09:35:00+00:00,1814.734,1816.234,1816.234,1811.734,3,sl,-1.0
PEM,M5,long,2021-12-31 16:10:00+00:00,2021-12-31 18:10:00+00:00,1818.929,1819.884,1815.798,1825.1910000000003,25,timeout,0.3050143724049509
PEM,M5,long,2021-12-31 23:45:00+00:00,2022-01-01 01:45:00+00:00,1824.689,1827.534,1821.458,1831.151,25,timeout,0.8805323429278961
PEM,M5,long,2022-01-01 01:55:00+00:00,2022-01-01 03:55:00+00:00,1827.798,1829.404,1825.318,1832.758,25,timeout,0.6475806451612833
PEM,M5,short,2022-01-03 08:50:00+00:00,2022-01-03 10:50:00+00:00,1827.784,1824.928,1831.294,1820.7640000000001,25,timeout,0.8136752136752142
PEM,M5,short,2022-01-03 13:20:00+00:00,2022-01-03 14:05:00+00:00,1824.778,1823.0380000000002,1825.648,1823.0380000000002,10,tp,2.0
PEM,M5,short,2022-01-03 18:35:00+00:00,2022-01-03 20:10:00+00:00,1823.779,1816.509,1827.414,1816.509,20,tp,2.0
PEM,M5,long,2022-01-04 08:05:00+00:00,2022-01-04 08:25:00+00:00,1805.378,1803.348,1803.348,1809.4379999999999,5,sl,-1.0
PEM,M5,long,2022-01-04 09:35:00+00:00,2022-01-04 10:05:00+00:00,1806.848,1804.754,1804.754,1811.036,7,sl,-1.0
PEM,M5,long,2022-01-04 12:20:00+00:00,2022-01-04 14:00:00+00:00,1804.258,1803.235,1803.235,1806.3040000000003,21,sl,-1.0
PEM,M5,short,2022-01-04 19:20:00+00:00,2022-01-04 20:25:00+00:00,1801.608,1804.298,1804.298,1796.2279999999998,14,sl,-1.0
PEM,M5,short,2022-01-05 06:15:00+00:00,2022-01-05 08:15:00+00:00,1813.418,1812.734,1814.868,1810.5179999999998,25,timeout,0.4717241379309984
PEM,M5,long,2022-01-05 10:40:00+00:00,2022-01-05 11:05:00+00:00,1816.058,1814.678,1814.678,1818.8179999999998,6,sl,-1.0
PEM,M5,short,2022-01-05 14:55:00+00:00,2022-01-05 15:25:00+00:00,1813.258,1816.664,1816.664,1806.4460000000001,7,sl,-1.0
PEM,M5,long,2022-01-05 18:25:00+00:00,2022-01-05 19:20:00+00:00,1819.778,1817.728,1817.728,1823.878,12,sl,-1.0
PEM,M5,long,2022-01-05 20:15:00+00:00,2022-01-05 20:15:00+00:00,1819.528,1816.888,1816.888,1824.8080000000002,1,sl,-1.0
PEM,M5,long,2022-01-05 21:50:00+00:00,2022-01-05 22:00:00+00:00,1828.118,1826.128,1826.128,1832.098,3,sl,-1.0
PEM,M5,short,2022-01-06 03:05:00+00:00,2022-01-06 06:00:00+00:00,1812.468,1810.448,1815.354,1806.6960000000001,25,timeout,0.6999306999307016
PEM,M5,short,2022-01-06 09:10:00+00:00,2022-01-06 11:10:00+00:00,1809.568,1805.8279999999997,1811.438,1805.8279999999997,25,tp,2.0
PEM,M5,short,2022-01-06 11:40:00+00:00,2022-01-06 13:25:00+00:00,1806.018,1801.786,1808.134,1801.786,22,tp,2.0
PEM,M5,short,2022-01-06 15:40:00+00:00,2022-01-06 17:35:00+00:00,1798.318,1800.738,1800.738,1793.4779999999998,24,sl,-1.0
PEM,M5,short,2022-01-06 18:25:00+00:00,2022-01-06 20:25:00+00:00,1797.544,1787.078,1802.968,1786.6960000000001,25,timeout,1.929572271386461
PEM,M5,short,2022-01-07 01:35:00+00:00,2022-01-07 03:35:00+00:00,1789.258,1789.098,1792.018,1783.738,25,timeout,0.057971014492783475
PEM,M5,short,2022-01-07 03:50:00+00:00,2022-01-07 04:30:00+00:00,1788.798,1789.485,1789.485,1787.4240000000002,9,sl,-1.0
PEM,M5,long,2022-01-07 06:00:00+00:00,2022-01-07 08:00:00+00:00,1790.538,1791.818,1788.698,1794.2179999999998,25,timeout,0.6956521739130596
PEM,M5,long,2022-01-07 10:25:00+00:00,2022-01-07 12:25:00+00:00,1792.478,1792.378,1790.128,1797.1780000000003,25,timeout,-0.04255319148941728
PEM,M5,short,2022-01-07 14:50:00+00:00,2022-01-07 16:35:00+00:00,1788.935,1791.055,1791.055,1784.6949999999997,22,sl,-1.0
PEM,M5,long,2022-01-07 16:45:00+00:00,2022-01-07 18:45:00+00:00,1791.288,1791.128,1789.348,1795.1680000000001,25,timeout,-0.08247422680416358
PEM,M5,short,2022-01-07 22:50:00+00:00,2022-01-07 23:05:00+00:00,1787.978,1791.825,1791.825,1780.284,4,sl,-1.0
PEM,M5,long,2022-01-08 00:55:00+00:00,2022-01-08 02:55:00+00:00,1794.888,1796.308,1792.188,1800.2879999999996,25,timeout,0.5259259259259883
PEM,M5,short,2022-01-08 03:55:00+00:00,2022-01-08 04:00:00+00:00,1794.318,1795.368,1795.368,1792.218,2,sl,-1.0
PEM,M5,short,2022-01-10 07:15:00+00:00,2022-01-10 08:05:00+00:00,1793.958,1795.718,1795.718,1790.438,11,sl,-1.0
PEM,M5,short,2022-01-10 10:20:00+00:00,2022-01-10 12:20:00+00:00,1792.528,1792.318,1795.495,1786.5940000000003,25,timeout,0.0707785642062843
PEM,M5,short,2022-01-10 21:05:00+00:00,2022-01-10 21:35:00+00:00,1791.958,1794.458,1794.458,1786.958,7,sl,-1.0
PEM,M5,long,2022-01-11 02:45:00+00:00,2022-01-11 03:25:00+00:00,1801.095,1799.638,1799.638,1804.0090000000002,9,sl,-1.0
PEM,M5,long,2022-01-11 03:50:00+00:00,2022-01-11 06:30:00+00:00,1800.655,1802.329,1799.818,1802.329,22,tp,2.0
PEM,M5,long,2022-01-11 08:15:00+00:00,2022-01-11 10:15:00+00:00,1804.738,1805.938,1801.228,1811.758,25,timeout,0.3418803418803557
PEM,M5,long,2022-01-11 18:55:00+00:00,2022-01-11 20:45:00+00:00,1807.368,1804.768,1804.768,1812.5679999999998,23,sl,-1.0
PEM,M5,long,2022-01-12 06:40:00+00:00,2022-01-12 08:10:00+00:00,1821.328,1820.055,1820.055,1823.8739999999998,19,sl,-1.0
PEM,M5,short,2022-01-12 10:40:00+00:00,2022-01-12 12:25:00+00:00,1818.628,1819.618,1819.618,1816.648,22,sl,-1.0
PEM,M5,short,2022-01-12 15:55:00+00:00,2022-01-12 17:15:00+00:00,1815.728,1818.058,1818.058,1811.0680000000002,17,sl,-1.0
PEM,M5,long,2022-01-12 22:20:00+00:00,2022-01-13 00:20:00+00:00,1824.028,1825.084,1816.624,1838.836,25,timeout,0.14262560777958408
PEM,M5,long,2022-01-13 02:25:00+00:00,2022-01-13 04:25:00+00:00,1827.198,1826.848,1825.728,1830.1380000000001,25,timeout,-0.23809523809532648
PEM,M5,short,2022-01-13 06:50:00+00:00,2022-01-13 08:45:00+00:00,1824.828,1826.008,1826.008,1822.4679999999998,24,sl,-1.0
PEM,M5,short,2022-01-13 16:05:00+00:00,2022-01-13 18:05:00+00:00,1820.684,1822.388,1826.168,1809.7160000000001,25,timeout,-0.3107221006564505
PEM,M5,short,2022-01-13 21:35:00+00:00,2022-01-13 22:55:00+00:00,1820.928,1815.3480000000002,1823.718,1815.3480000000002,17,tp,2.0
PEM,M5,long,2022-01-14 03:50:00+00:00,2022-01-14 06:45:00+00:00,1822.198,1821.428,1820.618,1825.3580000000004,25,timeout,-0.48734177215183955
PEM,M5,long,2022-01-14 10:20:00+00:00,2022-01-14 12:20:00+00:00,1826.018,1826.188,1824.498,1829.058,25,timeout,0.1118421052632071
PEM,M5,long,2022-01-14 12:50:00+00:00,2022-01-14 14:20:00+00:00,1826.958,1826.059,1826.059,1828.7560000000003,19,sl,-1.0
PEM,M5,short,2022-01-14 18:20:00+00:00,2022-01-14 19:15:00+00:00,1822.054,1823.554,1823.554,1819.054,12,sl,-1.0
PEM,M5,short,2022-01-14 22:35:00+00:00,2022-01-15 00:35:00+00:00,1821.878,1817.578,1825.668,1814.298,25,timeout,1.1345646437994712
PEM,M5,short,2022-01-15 00:50:00+00:00,2022-01-15 02:40:00+00:00,1816.148,1818.108,1818.108,1812.2279999999998,23,sl,-1.0
PEM,M5,short,2022-01-15 04:15:00+00:00,2022-01-17 06:00:00+00:00,1816.578,1818.158,1818.158,1813.4180000000001,11,sl,-1.0
PEM,M5,short,2022-01-17 06:50:00+00:00,2022-01-17 07:05:00+00:00,1817.048,1815.548,1817.798,1815.548,4,tp,2.0
PEM,M5,short,2022-01-17 08:10:00+00:00,2022-01-17 09:00:00+00:00,1813.818,1816.198,1816.198,1809.0579999999998,11,sl,-1.0
PEM,M5,long,2022-01-17 11:15:00+00:00,2022-01-17 12:10:00+00:00,1819.354,1818.488,1818.488,1821.086,12,sl,-1.0
PEM,M5,long,2022-01-17 12:50:00+00:00,2022-01-17 14:50:00+00:00,1820.208,1821.394,1818.498,1823.6280000000002,25,timeout,0.6935672514619278
PEM,M5,long,2022-01-17 18:10:00+00:00,2022-01-17 18:45:00+00:00,1821.088,1820.058,1820.058,1823.148,8,sl,-1.0
PEM,M5,long,2022-01-18 07:25:00+00:00,2022-01-18 08:50:00+00:00,1819.598,1822.2379999999998,1818.278,1822.2379999999998,18,tp,2.0
PEM,M5,short,2022-01-18 11:25:00+00:00,2022-01-18 13:25:00+00:00,1816.381,1816.938,1822.118,1804.9070000000004,25,timeout,-0.09708907094300692
PEM,M5,short,2022-01-18 16:55:00+00:00,2022-01-18 18:45:00+00:00,1810.594,1813.088,1813.088,1805.6060000000002,23,sl,-1.0
PEM,M5,long,2022-01-18 22:55:00+00:00,2022-01-18 23:20:00+00:00,1819.878,1813.748,1813.748,1832.1379999999997,6,sl,-1.0
PEM,M5,short,2022-01-19 09:50:00+00:00,2022-01-19 10:20:00+00:00,1812.198,1810.238,1813.178,1810.238,7,tp,2.0
PEM,M5,long,2022-01-19 23:05:00+00:00,2022-01-20 01:05:00+00:00,1838.877,1840.454,1826.858,1862.915,25,timeout,0.13120891921124864
PEM,M5,long,2022-01-20 03:00:00+00:00,2022-01-20 04:15:00+00:00,1842.808,1840.858,1840.858,1846.708,16,sl,-1.0
PEM,M5,short,2022-01-20 06:50:00+00:00,2022-01-20 07:15:00+00:00,1838.878,1839.598,1839.598,1837.4379999999999,6,sl,-1.0
PEM,M5,short,2022-01-21 02:25:00+00:00,2022-01-21 04:25:00+00:00,1840.218,1838.288,1841.908,1836.8380000000004,25,timeout,1.142011834319681
PEM,M5,short,2022-01-21 08:20:00+00:00,2022-01-21 09:10:00+00:00,1836.628,1838.908,1838.908,1832.068,11,sl,-1.0
PEM,M5,long,2022-01-21 09:35:00+00:00,2022-01-21 11:35:00+00:00,1839.828,1841.418,1838.208,1843.0679999999998,25,timeout,0.981481481481497
PEM,M5,long,2022-01-21 11:55:00+00:00,2022-01-21 12:10:00+00:00,1841.588,1840.788,1840.788,1843.1879999999999,4,sl,-1.0
PEM,M5,short,2022-01-21 16:05:00+00:00,2022-01-21 18:05:00+00:00,1830.708,1834.074,1841.018,1810.0880000000002,25,timeout,-0.3264791464597481
PEM,M5,short,2022-01-21 23:15:00+00:00,2022-01-22 01:15:00+00:00,1833.148,1831.918,1842.728,1813.9879999999996,25,timeout,0.1283924843423798
PEM,M5,long,2022-01-24 09:10:00+00:00,2022-01-24 11:10:00+00:00,1836.344,1836.684,1835.108,1838.8160000000003,25,timeout,0.275080906148778
PEM,M5,short,2022-01-24 18:35:00+00:00,2022-01-24 19:10:00+00:00,1837.678,1839.428,1839.428,1834.178,8,sl,-1.0
PEM,M5,short,2022-01-24 21:45:00+00:00,2022-01-24 23:45:00+00:00,1834.448,1833.668,1839.904,1823.5360000000003,25,timeout,0.14296187683288378
PEM,M5,long,2022-01-25 01:40:00+00:00,2022-01-25 03:30:00+00:00,1842.814,1837.698,1837.698,1853.046,23,sl,-1.0
PEM,M5,long,2022-01-25 04:35:00+00:00,2022-01-25 07:30:00+00:00,1843.867,1842.648,1838.488,1854.6249999999998,25,timeout,-0.22662204870795175
PEM,M5,short,2022-01-25 09:40:00+00:00,2022-01-25 10:30:00+00:00,1839.578,1841.118,1841.118,1836.498,11,sl,-1.0
PEM,M5,short,2022-01-26 08:10:00+00:00,2022-01-26 10:10:00+00:00,1847.338,1847.718,1848.954,1844.106,25,timeout,-0.2351485148515548
PEM,M5,short,2022-01-26 13:50:00+00:00,2022-01-26 15:00:00+00:00,1846.548,1843.7879999999998,1847.928,1843.7879999999998,15,tp,2.0
PEM,M5,short,2022-01-26 22:40:00+00:00,2022-01-27 00:40:00+00:00,1833.948,1831.074,1846.948,1807.948,25,timeout,0.2210769230769249
PEM,M5,short,2022-01-27 10:55:00+00:00,2022-01-27 12:55:00+00:00,1815.438,1813.028,1817.128,1812.0580000000004,25,timeout,1.4260355029587741
PEM,M5,short,2022-01-27 17:55:00+00:00,2022-01-27 19:55:00+00:00,1812.228,1807.388,1815.708,1805.268,25,timeout,1.390804597701184
PEM,M5,long,2022-01-28 08:30:00+00:00,2022-01-28 10:30:00+00:00,1797.998,1799.075,1796.128,1801.7380000000003,25,timeout,0.5759358288769679
PEM,M5,short,2022-01-28 16:25:00+00:00,2022-01-28 18:25:00+00:00,1790.478,1782.868,1796.305,1778.824,25,timeout,1.3059893598764596
PEM,M5,long,2022-01-29 01:40:00+00:00,2022-01-29 02:10:00+00:00,1787.698,1785.838,1785.838,1791.4180000000003,7,sl,-1.0
PEM,M5,long,2022-01-31 09:10:00+00:00,2022-01-31 09:35:00+00:00,1789.918,1788.568,1788.568,1792.6179999999997,6,sl,-1.0
PEM,M5,short,2022-01-31 11:15:00+00:00,2022-01-31 11:45:00+00:00,1786.178,1787.328,1787.328,1783.8780000000004,7,sl,-1.0
PEM,M5,short,2022-01-31 14:15:00+00:00,2022-01-31 15:00:00+00:00,1786.808,1789.115,1789.115,1782.194,10,sl,-1.0
PEM,M5,long,2022-02-01 02:40:00+00:00,2022-02-01 03:05:00+00:00,1799.598,1798.065,1798.065,1802.6639999999998,6,sl,-1.0
PEM,M5,long,2022-02-01 04:20:00+00:00,2022-02-01 04:50:00+00:00,1799.355,1796.958,1796.958,1804.149,7,sl,-1.0
PEM,M5,long,2022-02-01 09:50:00+00:00,2022-02-01 10:35:00+00:00,1797.688,1796.588,1796.588,1799.8880000000004,10,sl,-1.0
PEM,M5,long,2022-02-01 11:50:00+00:00,2022-02-01 12:25:00+00:00,1798.268,1801.1680000000001,1796.818,1801.1680000000001,8,tp,2.0
PEM,M5,long,2022-02-01 12:55:00+00:00,2022-02-01 14:55:00+00:00,1802.835,1804.038,1800.435,1807.6350000000002,25,timeout,0.5012499999999704
PEM,M5,long,2022-02-01 16:05:00+00:00,2022-02-01 18:05:00+00:00,1804.658,1807.195,1801.518,1810.9379999999996,25,timeout,0.8079617834395342
PEM,M5,long,2022-02-01 23:00:00+00:00,2022-02-02 01:00:00+00:00,1806.165,1802.805,1799.905,1818.685,25,timeout,-0.5367412140574928
PEM,M5,short,2022-02-02 01:35:00+00:00,2022-02-02 03:35:00+00:00,1801.028,1799.328,1802.425,1798.2340000000002,25,timeout,1.2168933428776845
PEM,M5,short,2022-02-02 07:25:00+00:00,2022-02-02 08:00:00+00:00,1799.918,1801.088,1801.088,1797.5779999999997,8,sl,-1.0
PEM,M5,short,2022-02-02 09:40:00+00:00,2022-02-02 11:40:00+00:00,1798.678,1798.175,1801.348,1793.3380000000004,25,timeout,0.18838951310868374
PEM,M5,short,2022-02-02 14:45:00+00:00,2022-02-02 15:20:00+00:00,1795.338,1798.769,1798.769,1788.4759999999999,8,sl,-1.0
PEM,M5,long,2022-02-03 09:10:00+00:00,2022-02-03 09:40:00+00:00,1808.715,1806.105,1806.105,1813.9349999999997,7,sl,-1.0
PEM,M5,short,2022-02-03 11:15:00+00:00,2022-02-03 11:45:00+00:00,1806.358,1807.048,1807.048,1804.9779999999998,7,sl,-1.0
PEM,M5,short,2022-02-03 12:05:00+00:00,2022-02-03 14:05:00+00:00,1806.278,1805.638,1807.008,1804.818,25,timeout,0.8767123287672385
PEM,M5,long,2022-02-03 22:50:00+00:00,2022-02-04 00:50:00+00:00,1803.365,1804.008,1798.265,1813.5649999999998,25,timeout,0.12607843137255698
PEM,M5,long,2022-02-04 06:40:00+00:00,2022-02-04 06:55:00+00:00,1806.118,1805.108,1805.108,1808.138,4,sl,-1.0
PEM,M5,long,2022-02-04 08:10:00+00:00,2022-02-04 10:10:00+00:00,1806.808,1806.308,1805.338,1809.748,25,timeout,-0.34013605442176237
PEM,M5,long,2022-02-04 11:05:00+00:00,2022-02-04 13:05:00+00:00,1806.418,1806.338,1805.678,1807.8979999999995,25,timeout,-0.10810810810804167
PEM,M5,long,2022-02-04 19:45:00+00:00,2022-02-04 20:30:00+00:00,1811.925,1810.268,1810.268,1815.2389999999998,10,sl,-1.0
PEM,M5,short,2022-02-04 22:55:00+00:00,2022-02-05 00:55:00+00:00,1804.128,1806.048,1808.868,1794.648,25,timeout,-0.4050632911392551
PEM,M5,long,2022-02-07 06:20:00+00:00,2022-02-07 08:00:00+00:00,1809.542,1815.1499999999996,1806.738,1815.1499999999996,21,tp,2.0
PEM,M5,short,2022-02-07 12:25:00+00:00,2022-02-07 12:35:00+00:00,1809.598,1810.538,1810.538,1807.7179999999998,3,sl,-1.0
PEM,M5,long,2022-02-07 15:05:00+00:00,2022-02-07 17:05:00+00:00,1813.558,1812.054,1809.314,1822.0459999999998,25,timeout,-0.35438265786991885
PEM,M5,short,2022-02-07 17:25:00+00:00,2022-02-07 18:35:00+00:00,1810.508,1812.606,1812.606,1806.3120000000001,15,sl,-1.0
PEM,M5,long,2022-02-07 19:00:00+00:00,2022-02-07 19:30:00+00:00,1813.588,1812.298,1812.298,1816.168,7,sl,-1.0
PEM,M5,long,2022-02-07 23:35:00+00:00,2022-02-08 01:35:00+00:00,1817.588,1820.168,1812.048,1828.668,25,timeout,0.4657039711191235
PEM,M5,short,2022-02-08 14:15:00+00:00,2022-02-08 14:40:00+00:00,1818.784,1815.6360000000004,1820.358,1815.6360000000004,6,tp,2.0
PEM,M5,long,2022-02-08 22:35:00+00:00,2022-02-09 00:35:00+00:00,1826.704,1827.398,1821.242,1837.628,25,timeout,0.12705968509702698
PEM,M5,short,2022-02-09 07:25:00+00:00,2022-02-09 08:10:00+00:00,1825.398,1826.138,1826.138,1823.918,10,sl,-1.0
PEM,M5,long,2022-02-09 09:45:00+00:00,2022-02-09 11:45:00+00:00,1827.934,1827.534,1825.448,1832.9059999999997,25,timeout,-0.1609010458567512
PEM,M5,long,2022-02-09 17:10:00+00:00,2022-02-09 18:05:00+00:00,1828.054,1826.548,1826.548,1831.0660000000003,12,sl,-1.0
PEM,M5,long,2022-02-09 23:20:00+00:00,2022-02-10 00:30:00+00:00,1830.304,1835.2360000000003,1827.838,1835.2360000000003,15,tp,2.0
PEM,M5,short,2022-02-10 12:15:00+00:00,2022-02-10 12:45:00+00:00,1833.548,1834.204,1834.204,1832.236,7,sl,-1.0
PEM,M5,short,2022-02-11 02:55:00+00:00,2022-02-11 04:55:00+00:00,1830.058,1826.348,1832.748,1824.6779999999999,25,timeout,1.3791821561338145
PEM,M5,short,2022-02-11 13:35:00+00:00,2022-02-11 14:55:00+00:00,1823.574,1825.518,1825.518,1819.6860000000001,17,sl,-1.0
PEM,M5,long,2022-02-11 22:20:00+00:00,2022-02-12 00:20:00+00:00,1834.908,1839.409,1828.338,1848.0479999999998,25,timeout,0.6850837138508747
PEM,M5,long,2022-02-12 01:45:00+00:00,2022-02-12 03:25:00+00:00,1847.869,1863.7989999999998,1839.904,1863.7989999999998,21,tp,2.0
PEM,M5,short,2022-02-14 10:20:00+00:00,2022-02-14 12:20:00+00:00,1852.318,1853.488,1854.758,1847.4379999999999,25,timeout,-0.47950819672133055
PEM,M5,long,2022-02-14 19:25:00+00:00,2022-02-14 19:40:00+00:00,1857.404,1854.341,1854.341,1863.5300000000002,4,sl,-1.0
PEM,M5,long,2022-02-15 01:05:00+00:00,2022-02-15 01:55:00+00:00,1864.608,1871.648,1861.088,1871.648,11,tp,2.0
PEM,M5,long,2022-02-15 03:25:00+00:00,2022-02-15 06:20:00+00:00,1872.705,1870.958,1867.198,1883.7189999999996,25,timeout,-0.3172326130379328
PEM,M5,long,2022-02-15 07:40:00+00:00,2022-02-15 08:10:00+00:00,1871.714,1870.238,1870.238,1874.6659999999997,7,sl,-1.0
PEM,M5,long,2022-02-15 08:35:00+00:00,2022-02-15 08:35:00+00:00,1871.168,1870.448,1870.448,1872.6079999999995,1,sl,-1.0
PEM,M5,short,2022-02-15 15:20:00+00:00,2022-02-15 15:45:00+00:00,1871.418,1858.5179999999998,1877.868,1858.5179999999998,6,tp,2.0
PEM,M5,short,2022-02-15 18:45:00+00:00,2022-02-15 19:25:00+00:00,1853.224,1846.6759999999997,1856.498,1846.6759999999997,9,tp,2.0
PEM,M5,short,2022-02-15 19:30:00+00:00,2022-02-15 20:40:00+00:00,1847.768,1852.798,1852.798,1837.708,15,sl,-1.0
PEM,M5,long,2022-02-16 00:05:00+00:00,2022-02-16 02:05:00+00:00,1852.218,1854.808,1849.088,1858.4780000000003,25,timeout,0.8274760383386032
PEM,M5,long,2022-02-16 03:15:00+00:00,2022-02-16 03:30:00+00:00,1856.137,1853.028,1853.028,1862.3549999999998,4,sl,-1.0
PEM,M5,long,2022-02-16 06:10:00+00:00,2022-02-16 07:35:00+00:00,1853.628,1851.398,1851.398,1858.088,18,sl,-1.0
PEM,M5,long,2022-02-16 14:00:00+00:00,2022-02-16 14:20:00+00:00,1855.658,1854.435,1854.435,1858.1039999999998,5,sl,-1.0
PEM,M5,long,2022-02-16 15:25:00+00:00,2022-02-16 17:25:00+00:00,1857.318,1855.388,1854.838,1862.278,25,timeout,-0.7782258064516329
PEM,M5,long,2022-02-16 19:05:00+00:00,2022-02-16 19:15:00+00:00,1856.088,1854.818,1854.818,1858.628,3,sl,-1.0
PEM,M5,long,2022-02-16 23:35:00+00:00,2022-02-17 01:15:00+00:00,1864.414,1869.986,1861.628,1869.986,21,tp,2.0
PEM,M5,long,2022-02-17 06:55:00+00:00,2022-02-17 08:10:00+00:00,1870.318,1869.138,1869.138,1872.678,16,sl,-1.0
PEM,M5,long,2022-02-17 13:10:00+00:00,2022-02-17 13:30:00+00:00,1876.028,1873.128,1873.128,1881.8280000000002,5,sl,-1.0
PEM,M5,long,2022-02-18 00:20:00+00:00,2022-02-18 02:20:00+00:00,1897.798,1899.178,1895.308,1902.778,25,timeout,0.5542168674699213
PEM,M5,long,2022-02-18 02:35:00+00:00,2022-02-18 02:50:00+00:00,1900.203,1898.025,1898.025,1904.5589999999997,4,sl,-1.0
PEM,M5,short,2022-02-18 03:50:00+00:00,2022-02-18 06:45:00+00:00,1897.308,1899.588,1900.398,1891.1280000000002,25,timeout,-0.7378640776699136
PEM,M5,long,2022-02-18 07:25:00+00:00,2022-02-18 08:00:00+00:00,1901.958,1899.168,1899.168,1907.5380000000005,8,sl,-1.0
PEM,M5,short,2022-02-18 18:25:00+00:00,2022-02-18 18:40:00+00:00,1887.088,1890.038,1890.038,1881.1879999999999,4,sl,-1.0
PEM,M5,short,2022-02-19 02:10:00+00:00,2022-02-19 04:10:00+00:00,1895.453,1897.303,1897.718,1890.9229999999998,25,timeout,-0.816777041942629
PEM,M5,long,2022-02-21 06:20:00+00:00,2022-02-21 07:55:00+00:00,1904.028,1896.958,1896.958,1918.168,20,sl,-1.0
PEM,M5,short,2022-02-21 13:25:00+00:00,2022-02-21 14:40:00+00:00,1890.124,1892.133,1892.133,1886.106,16,sl,-1.0
PEM,M5,long,2022-02-21 15:45:00+00:00,2022-02-21 17:45:00+00:00,1896.548,1897.048,1891.738,1906.168,25,timeout,0.10395010395010514
PEM,M5,long,2022-02-22 07:25:00+00:00,2022-02-22 09:25:00+00:00,1912.728,1909.438,1899.718,1938.748,25,timeout,-0.2528823981552626
PEM,M5,short,2022-02-22 17:30:00+00:00,2022-02-22 19:30:00+00:00,1895.188,1897.848,1909.548,1866.4680000000003,25,timeout,-0.18523676880221956
PEM,M5,long,2022-02-22 21:25:00+00:00,2022-02-22 21:45:00+00:00,1904.208,1901.758,1901.758,1909.1080000000002,5,sl,-1.0
PEM,M5,short,2022-02-23 06:45:00+00:00,2022-02-23 07:35:00+00:00,1898.658,1899.488,1899.488,1896.9979999999996,11,sl,-1.0
PEM,M5,short,2022-02-23 09:40:00+00:00,2022-02-23 10:10:00+00:00,1898.478,1900.178,1900.178,1895.078,7,sl,-1.0
PEM,M5,short,2022-02-23 12:00:00+00:00,2022-02-23 14:00:00+00:00,1896.798,1897.308,1899.288,1891.818,25,timeout,-0.20481927710842934
PEM,M5,short,2022-02-23 16:35:00+00:00,2022-02-23 18:35:00+00:00,1890.858,1894.933,1897.828,1876.918,25,timeout,-0.5846484935437632
PEM,M5,long,2022-02-23 21:10:00+00:00,2022-02-23 23:10:00+00:00,1901.518,1907.813,1896.748,1911.058,25,timeout,1.3197064989518024
PEM,M5,long,2022-02-23 23:45:00+00:00,2022-02-24 01:45:00+00:00,1907.768,1907.158,1905.688,1911.9279999999999,25,timeout,-0.2932692307693022
PEM,M5,long,2022-02-24 02:10:00+00:00,2022-02-24 02:45:00+00:00,1908.868,1906.958,1906.958,1912.6879999999996,8,sl,-1.0
PEM,M5,long,2022-02-24 04:00:00+00:00,2022-02-24 06:55:00+00:00,1909.743,1910.593,1905.598,1918.033,25,timeout,0.20506634499400245
PEM,M5,long,2022-02-24 09:50:00+00:00,2022-02-24 09:50:00+00:00,1915.068,1919.1919999999998,1913.006,1919.1919999999998,1,tp,2.0
PEM,M5,long,2022-02-24 20:35:00+00:00,2022-02-24 20:50:00+00:00,1965.678,1955.918,1955.918,1985.1980000000005,4,sl,-1.0
PEM,M5,short,2022-02-25 03:15:00+00:00,2022-02-25 06:10:00+00:00,1882.708,1906.298,1920.798,1806.5280000000002,25,timeout,-0.6193226568653182
PEM,M5,long,2022-02-25 14:05:00+00:00,2022-02-25 14:45:00+00:00,1918.848,1914.848,1914.848,1926.848,9,sl,-1.0
PEM,M5,short,2022-02-25 16:40:00+00:00,2022-02-25 18:40:00+00:00,1908.908,1897.678,1916.428,1893.8679999999995,25,timeout,1.4933510638297178
PEM,M5,long,2022-02-26 02:40:00+00:00,2022-02-26 04:25:00+00:00,1890.278,1886.828,1886.828,1897.178,22,sl,-1.0
PEM,M5,short,2022-02-26 04:35:00+00:00,2022-02-26 05:00:00+00:00,1887.053,1889.218,1889.218,1882.7230000000002,6,sl,-1.0
PEM,M5,short,2022-02-28 12:40:00+00:00,2022-02-28 14:30:00+00:00,1906.538,1896.518,1911.548,1896.518,23,tp,2.0
PEM,M5,long,2022-02-28 18:55:00+00:00,2022-02-28 19:00:00+00:00,1908.658,1905.788,1905.788,1914.3979999999997,2,sl,-1.0
PEM,M5,long,2022-02-28 19:40:00+00:00,2022-02-28 20:00:00+00:00,1907.293,1911.7829999999997,1905.048,1911.7829999999997,5,tp,2.0
PEM,M5,long,2022-03-01 15:50:00+00:00,2022-03-01 17:50:00+00:00,1913.62,1923.862,1906.376,1928.1079999999997,25,timeout,1.4138597459967297
PEM,M5,long,2022-03-02 09:15:00+00:00,2022-03-02 11:15:00+00:00,1938.668,1936.978,1930.888,1954.2279999999998,25,timeout,-0.21722365038558267
PEM,M5,long,2022-03-02 14:55:00+00:00,2022-03-02 15:05:00+00:00,1946.428,1940.128,1940.128,1959.0280000000005,3,sl,-1.0
PEM,M5,short,2022-03-02 17:35:00+00:00,2022-03-02 19:35:00+00:00,1926.036,1925.989,1933.878,1910.3520000000003,25,timeout,0.00599336903851393
PEM,M5,long,2022-03-03 03:05:00+00:00,2022-03-03 06:00:00+00:00,1929.218,1928.763,1923.028,1941.5980000000002,25,timeout,-0.07350565428112288
PEM,M5,long,2022-03-03 10:25:00+00:00,2022-03-03 10:50:00+00:00,1930.038,1927.028,1927.028,1936.058,6,sl,-1.0
PEM,M5,long,2022-03-03 13:25:00+00:00,2022-03-03 15:25:00+00:00,1927.408,1930.688,1923.148,1935.9279999999999,25,timeout,0.7699530516432411
PEM,M5,long,2022-03-03 15:45:00+00:00,2022-03-03 16:00:00+00:00,1933.518,1930.268,1930.268,1940.018,4,sl,-1.0
PEM,M5,long,2022-03-03 18:10:00+00:00,2022-03-03 19:40:00+00:00,1934.788,1931.738,1931.738,1940.888,19,sl,-1.0
PEM,M5,short,2022-03-03 21:40:00+00:00,2022-03-03 23:40:00+00:00,1927.988,1928.954,1932.7,1918.564,25,timeout,-0.20500848896432444
PEM,M5,long,2022-03-04 01:20:00+00:00,2022-03-04 03:20:00+00:00,1933.178,1937.9980000000003,1930.768,1937.9980000000003,25,tp,2.0
PEM,M5,short,2022-03-04 09:00:00+00:00,2022-03-04 10:25:00+00:00,1934.318,1940.853,1940.853,1921.2479999999998,18,sl,-1.0
PEM,M5,long,2022-03-04 17:55:00+00:00,2022-03-04 19:55:00+00:00,1946.288,1944.488,1942.328,1954.208,25,timeout,-0.4545454545454389
PEM,M5,long,2022-03-05 03:25:00+00:00,2022-03-07 06:00:00+00:00,1969.04,1976.3939999999998,1965.363,1976.3939999999998,21,tp,2.0
PEM,M5,long,2022-03-07 08:10:00+00:00,2022-03-07 10:10:00+00:00,1991.258,1989.578,1986.038,2001.698,25,timeout,-0.3218390804597806
PEM,M5,short,2022-03-07 14:05:00+00:00,2022-03-07 14:40:00+00:00,1982.098,1988.012,1988.012,1970.27,8,sl,-1.0
PEM,M5,short,2022-03-07 18:40:00+00:00,2022-03-07 20:40:00+00:00,1986.078,1964.088,2001.568,1955.098,25,timeout,1.4196255648805678
PEM,M5,long,2022-03-08 01:35:00+00:00,2022-03-08 03:35:00+00:00,1990.938,1994.932,1986.97,1998.8740000000003,25,timeout,1.0065524193547983
PEM,M5,long,2022-03-09 00:05:00+00:00,2022-03-09 00:15:00+00:00,2068.688,2054.308,2054.308,2097.4480000000003,3,sl,-1.0
PEM,M5,short,2022-03-09 01:15:00+00:00,2022-03-09 01:25:00+00:00,2024.308,2031.718,2031.718,2009.4879999999998,3,sl,-1.0
PEM,M5,long,2022-03-09 03:40:00+00:00,2022-03-09 06:35:00+00:00,2050.592,2047.328,2029.308,2093.1600000000003,25,timeout,-0.15335463258786447
PEM,M5,short,2022-03-09 07:40:00+00:00,2022-03-09 08:25:00+00:00,2037.041,2045.258,2045.258,2020.6069999999997,10,sl,-1.0
PEM,M5,long,2022-03-09 10:20:00+00:00,2022-03-09 12:20:00+00:00,2053.868,2054.851,2045.498,2070.6079999999997,25,timeout,0.11744324970133661
PEM,M5,short,2022-03-10 00:20:00+00:00,2022-03-10 02:20:00+00:00,1994.278,1983.448,2003.138,1976.5580000000002,25,timeout,1.2223476297968454
PEM,M5,short,2022-03-10 08:10:00+00:00,2022-03-10 10:10:00+00:00,1974.028,1973.708,1983.408,1955.2680000000003,25,timeout,0.034115138592744176
PEM,M5,long,2022-03-10 15:50:00+00:00,2022-03-10 16:00:00+00:00,1987.108,1981.118,1981.118,1999.088,3,sl,-1.0
PEM,M5,long,2022-03-10 17:05:00+00:00,2022-03-10 17:15:00+00:00,1985.205,1996.5449999999996,1979.535,1996.5449999999996,3,tp,2.0
PEM,M5,long,2022-03-11 00:55:00+00:00,2022-03-11 01:20:00+00:00,2004.475,1998.788,1998.788,2015.8489999999997,6,sl,-1.0
PEM,M5,long,2022-03-11 03:15:00+00:00,2022-03-11 06:10:00+00:00,1998.242,1997.802,1994.278,2006.1699999999998,25,timeout,-0.11099899091827978
PEM,M5,short,2022-03-11 07:50:00+00:00,2022-03-11 08:00:00+00:00,1994.825,1991.7190000000003,1996.378,1991.7190000000003,3,tp,2.0
PEM,M5,short,2022-03-11 09:10:00+00:00,2022-03-11 09:35:00+00:00,1991.808,1995.012,1995.012,1985.4,6,sl,-1.0
PEM,M5,short,2022-03-11 11:55:00+00:00,2022-03-11 13:55:00+00:00,1986.818,1985.318,1989.872,1980.7099999999998,25,timeout,0.49115913555990737
PEM,M5,short,2022-03-12 02:00:00+00:00,2022-03-12 02:00:00+00:00,1982.148,1985.402,1985.402,1975.6399999999996,1,sl,-1.0
PEM,M5,long,2022-03-14 10:45:00+00:00,2022-03-14 12:45:00+00:00,1975.452,1973.868,1972.138,1982.0800000000002,25,timeout,-0.47797223898612634
PEM,M5,long,2022-03-14 14:00:00+00:00,2022-03-14 14:25:00+00:00,1976.082,1973.072,1973.072,1982.1020000000005,6,sl,-1.0
PEM,M5,short,2022-03-14 18:25:00+00:00,2022-03-14 18:55:00+00:00,1960.001,1966.416,1966.416,1947.171,7,sl,-1.0
PEM,M5,short,2022-03-14 20:20:00+00:00,2022-03-14 20:55:00+00:00,1961.308,1949.842,1967.041,1949.842,8,tp,2.0
PEM,M5,short,2022-03-15 01:30:00+00:00,2022-03-15 03:30:00+00:00,1955.178,1953.638,1958.018,1949.4980000000003,25,timeout,0.5422535211268434
PEM,M5,short,2022-03-15 12:10:00+00:00,2022-03-15 14:10:00+00:00,1934.578,1930.018,1941.288,1921.158,25,timeout,0.6795827123695858
PEM,M5,short,2022-03-15 18:05:00+00:00,2022-03-15 20:05:00+00:00,1921.138,1923.068,1932.455,1898.504,25,timeout,-0.17053989573209
PEM,M5,short,2022-03-16 02:30:00+00:00,2022-03-16 05:25:00+00:00,1919.498,1916.568,1922.908,1912.6780000000003,25,timeout,0.8592375366569468
PEM,M5,short,2022-03-16 11:10:00+00:00,2022-03-16 12:45:00+00:00,1916.738,1918.668,1918.668,1912.8780000000004,20,sl,-1.0
PEM,M5,short,2022-03-16 13:35:00+00:00,2022-03-16 15:35:00+00:00,1915.358,1915.285,1920.038,1905.9979999999998,25,timeout,0.015598290598261625
PEM,M5,long,2022-03-16 16:40:00+00:00,2022-03-16 17:15:00+00:00,1921.078,1918.278,1918.278,1926.6779999999999,8,sl,-1.0
PEM,M5,long,2022-03-16 17:50:00+00:00,2022-03-16 19:25:00+00:00,1921.458,1917.967,1917.967,1928.44,20,sl,-1.0
PEM,M5,long,2022-03-17 09:50:00+00:00,2022-03-17 11:50:00+00:00,1935.248,1936.563,1931.958,1941.828,25,timeout,0.39969604863223984
PEM,M5,long,2022-03-17 12:40:00+00:00,2022-03-17 13:05:00+00:00,1934.508,1933.028,1933.028,1937.468,6,sl,-1.0
PEM,M5,long,2022-03-17 18:50:00+00:00,2022-03-17 18:55:00+00:00,1946.543,1941.54,1941.54,1956.5489999999998,2,sl,-1.0
PEM,M5,short,2022-03-18 01:15:00+00:00,2022-03-18 03:15:00+00:00,1939.803,1936.988,1942.578,1934.2530000000004,25,timeout,1.014414414414484
PEM,M5,long,2022-03-18 03:40:00+00:00,2022-03-18 06:35:00+00:00,1942.169,1941.138,1936.248,1954.0110000000002,25,timeout,-0.17412599223107042
PEM,M5,long,2022-03-18 07:05:00+00:00,2022-03-18 08:00:00+00:00,1943.758,1940.768,1940.768,1949.738,12,sl,-1.0
PEM,M5,short,2022-03-18 13:05:00+00:00,2022-03-18 14:10:00+00:00,1932.128,1935.238,1935.238,1925.9079999999997,14,sl,-1.0
PEM,M5,short,2022-03-18 22:50:00+00:00,2022-03-19 00:50:00+00:00,1931.439,1930.748,1936.393,1921.5310000000002,25,timeout,0.1394832458619374
PEM,M5,short,2022-03-19 01:35:00+00:00,2022-03-19 02:05:00+00:00,1927.248,1921.688,1930.028,1921.688,7,tp,2.0
PEM,M5,long,2022-03-21 07:30:00+00:00,2022-03-21 09:30:00+00:00,1922.668,1925.958,1919.118,1929.7679999999998,25,timeout,0.9267605633803474
PEM,M5,long,2022-03-21 17:05:00+00:00,2022-03-21 17:35:00+00:00,1925.778,1922.778,1922.778,1931.778,7,sl,-1.0
PEM,M5,long,2022-03-21 23:20:00+00:00,2022-03-21 23:35:00+00:00,1936.833,1932.788,1932.788,1944.9230000000002,4,sl,-1.0
PEM,M5,short,2022-03-22 00:25:00+00:00,2022-03-22 01:05:00+00:00,1927.808,1932.368,1932.368,1918.688,9,sl,-1.0
PEM,M5,long,2022-03-22 01:45:00+00:00,2022-03-22 02:00:00+00:00,1934.553,1940.8430000000005,1931.408,1940.8430000000005,4,tp,2.0
PEM,M5,short,2022-03-22 07:30:00+00:00,2022-03-22 09:30:00+00:00,1933.108,1932.763,1935.418,1928.488,25,timeout,0.1493506493506647
PEM,M5,long,2022-03-22 10:10:00+00:00,2022-03-22 12:10:00+00:00,1935.493,1935.638,1930.048,1946.3829999999998,25,timeout,0.026629935720841783
PEM,M5,long,2022-03-22 12:40:00+00:00,2022-03-22 13:45:00+00:00,1937.248,1935.178,1935.178,1941.388,14,sl,-1.0
PEM,M5,short,2022-03-22 21:10:00+00:00,2022-03-22 23:10:00+00:00,1914.298,1918.528,1926.033,1890.8280000000002,25,timeout,-0.3604601619088244
PEM,M5,short,2022-03-23 12:15:00+00:00,2022-03-23 13:35:00+00:00,1920.668,1917.5479999999995,1922.228,1917.5479999999995,17,tp,2.0
PEM,M5,short,2022-03-23 13:40:00+00:00,2022-03-23 15:05:00+00:00,1917.863,1921.308,1921.308,1910.9730000000002,18,sl,-1.0
PEM,M5,long,2022-03-23 15:10:00+00:00,2022-03-23 16:40:00+00:00,1921.369,1929.1309999999996,1917.488,1929.1309999999996,19,tp,2.0
PEM,M5,long,2022-03-23 20:40:00+00:00,2022-03-23 21:20:00+00:00,1933.238,1930.509,1930.509,1938.6960000000001,9,sl,-1.0
PEM,M5,long,2022-03-23 21:55:00+00:00,2022-03-23 22:40:00+00:00,1933.198,1929.768,1929.768,1940.0580000000002,10,sl,-1.0
PEM,M5,long,2022-03-23 23:25:00+00:00,2022-03-24 01:10:00+00:00,1931.358,1938.378,1927.848,1938.378,22,tp,2.0
PEM,M5,long,2022-03-24 02:00:00+00:00,2022-03-24 02:55:00+00:00,1939.448,1946.7080000000003,1935.818,1946.7080000000003,12,tp,2.0
PEM,M5,short,2022-03-24 11:05:00+00:00,2022-03-24 13:05:00+00:00,1938.133,1939.113,1943.093,1928.213,25,timeout,-0.19758064516129253
PEM,M5,long,2022-03-24 14:45:00+00:00,2022-03-24 16:10:00+00:00,1943.403,1939.503,1939.503,1951.2030000000002,18,sl,-1.0
PEM,M5,long,2022-03-24 17:10:00+00:00,2022-03-24 18:40:00+00:00,1942.778,1950.818,1938.758,1950.818,19,tp,2.0
PEM,M5,long,2022-03-24 18:45:00+00:00,2022-03-24 19:25:00+00:00,1950.843,1945.485,1945.485,1961.5590000000004,9,sl,-1.0
PEM,M5,long,2022-03-24 20:25:00+00:00,2022-03-24 20:35:00+00:00,1949.243,1955.933,1945.898,1955.933,3,tp,2.0
PEM,M5,long,2022-03-24 21:40:00+00:00,2022-03-24 23:40:00+00:00,1964.048,1962.352,1952.168,1987.8080000000002,25,timeout,-0.1427609427609341
PEM,M5,long,2022-03-25 08:05:00+00:00,2022-03-25 08:10:00+00:00,1962.902,1960.481,1960.481,1967.7440000000001,2,sl,-1.0
PEM,M5,long,2022-03-25 09:25:00+00:00,2022-03-25 09:55:00+00:00,1963.598,1960.662,1960.662,1969.4699999999998,7,sl,-1.0
PEM,M5,long,2022-03-25 10:20:00+00:00,2022-03-25 10:40:00+00:00,1962.538,1960.578,1960.578,1966.458,5,sl,-1.0
PEM,M5,short,2022-03-25 13:10:00+00:00,2022-03-25 13:10:00+00:00,1957.868,1959.135,1959.135,1955.3339999999998,1,sl,-1.0
PEM,M5,short,2022-03-25 16:05:00+00:00,2022-03-25 18:05:00+00:00,1955.721,1950.001,1959.178,1948.8069999999998,25,timeout,1.6546138270176018
PEM,M5,long,2022-03-26 01:20:00+00:00,2022-03-26 02:05:00+00:00,1954.708,1952.328,1952.328,1959.4680000000003,10,sl,-1.0
PEM,M5,long,2022-03-26 02:35:00+00:00,2022-03-28 05:30:00+00:00,1955.408,1955.753,1951.988,1962.2479999999996,25,timeout,0.10087719298246868
PEM,M5,short,2022-03-28 10:15:00+00:00,2022-03-28 12:15:00+00:00,1946.433,1941.741,1949.488,1940.3229999999999,25,timeout,1.5358428805237019
PEM,M5,short,2022-03-28 12:40:00+00:00,2022-03-28 14:25:00+00:00,1939.378,1932.9659999999997,1942.584,1932.9659999999997,22,tp,2.0
PEM,M5,short,2022-03-28 15:05:00+00:00,2022-03-28 15:40:00+00:00,1933.198,1928.0280000000005,1935.783,1928.0280000000005,8,tp,2.0
PEM,M5,long,2022-03-28 19:25:00+00:00,2022-03-28 21:25:00+00:00,1943.52,1936.844,1928.118,1974.324,25,timeout,-0.4334502012725563
PEM,M5,short,2022-03-29 01:30:00+00:00,2022-03-29 02:05:00+00:00,1931.948,1924.1680000000003,1935.838,1924.1680000000003,8,tp,2.0
PEM,M5,short,2022-03-29 06:40:00+00:00,2022-03-29 07:20:00+00:00,1922.418,1924.148,1924.148,1918.9579999999999,9,sl,-1.0
PEM,M5,long,2022-03-29 09:50:00+00:00,2022-03-29 11:00:00+00:00,1927.618,1924.278,1924.278,1934.2979999999998,15,sl,-1.0
PEM,M5,short,2022-03-29 11:05:00+00:00,2022-03-29 13:05:00+00:00,1924.228,1923.758,1927.867,1916.9500000000003,25,timeout,0.12915636163782376
PEM,M5,short,2022-03-29 15:40:00+00:00,2022-03-29 17:40:00+00:00,1916.118,1914.328,1920.093,1908.1679999999997,25,timeout,0.45031446540878045
PEM,M5,long,2022-03-30 05:15:00+00:00,2022-03-30 06:15:00+00:00,1920.648,1918.618,1918.618,1924.7079999999999,13,sl,-1.0
PEM,M5,long,2022-03-30 09:05:00+00:00,2022-03-30 11:05:00+00:00,1922.919,1923.758,1916.338,1936.0810000000004,25,timeout,0.12748822367420226
PEM,M5,long,2022-03-30 11:50:00+00:00,2022-03-30 13:05:00+00:00,1925.308,1923.168,1923.168,1929.5880000000002,16,sl,-1.0
PEM,M5,long,2022-03-30 18:15:00+00:00,2022-03-30 19:15:00+00:00,1922.233,1927.8429999999996,1919.428,1927.8429999999996,13,tp,2.0
PEM,M5,short,2022-03-31 01:00:00+00:00,2022-03-31 01:35:00+00:00,1930.708,1933.368,1933.368,1925.3880000000004,8,sl,-1.0
PEM,M5,short,2022-03-31 04:00:00+00:00,2022-03-31 06:55:00+00:00,1932.768,1933.253,1934.198,1929.908,25,timeout,-0.3391608391607541
PEM,M5,short,2022-03-31 11:05:00+00:00,2022-03-31 12:30:00+00:00,1924.568,1919.548,1927.078,1919.548,18,tp,2.0
PEM,M5,long,2022-03-31 22:35:00+00:00,2022-04-01 00:35:00+00:00,1943.498,1948.348,1938.628,1953.2380000000003,25,timeout,0.995893223819259
PEM,M5,short,2022-04-01 02:30:00+00:00,2022-04-01 02:50:00+00:00,1940.843,1937.6030000000003,1942.463,1937.6030000000003,5,tp,2.0
PEM,M5,short,2022-04-01 14:05:00+00:00,2022-04-01 16:05:00+00:00,1931.21,1934.63,1937.058,1919.5140000000001,25,timeout,-0.584815321477445
PEM,M5,short,2022-04-01 18:45:00+00:00,2022-04-01 19:50:00+00:00,1925.048,1933.338,1933.338,1908.468,14,sl,-1.0
PEM,M5,short,2022-04-01 21:35:00+00:00,2022-04-01 23:35:00+00:00,1923.388,1924.198,1931.308,1907.5479999999998,25,timeout,-0.10227272727274815
PEM,M5,short,2022-04-04 05:35:00+00:00,2022-04-04 06:55:00+00:00,1921.928,1924.353,1924.353,1917.0780000000002,17,sl,-1.0
PEM,M5,long,2022-04-04 07:00:00+00:00,2022-04-04 08:55:00+00:00,1924.409,1923.218,1923.218,1926.7910000000002,24,sl,-1.0
PEM,M5,long,2022-04-04 14:50:00+00:00,2022-04-04 16:50:00+00:00,1930.088,1926.848,1920.558,1949.148,25,timeout,-0.3399790136411352
PEM,M5,long,2022-04-05 01:35:00+00:00,2022-04-05 03:35:00+00:00,1932.758,1932.598,1928.738,1940.798,25,timeout,-0.03980099502489617
PEM,M5,short,2022-04-05 06:55:00+00:00,2022-04-05 08:55:00+00:00,1931.328,1929.538,1933.448,1927.0879999999997,25,timeout,0.8443396226414451
PEM,M5,short,2022-04-05 11:10:00+00:00,2022-04-05 12:25:00+00:00,1927.448,1929.258,1929.258,1923.8280000000002,16,sl,-1.0
PEM,M5,short,2022-04-05 18:45:00+00:00,2022-04-05 19:10:00+00:00,1927.758,1924.1380000000001,1929.568,1924.1380000000001,6,tp,2.0
PEM,M5,short,2022-04-05 19:15:00+00:00,2022-04-05 19:25:00+00:00,1925.403,1927.798,1927.798,1920.613,3,sl,-1.0
PEM,M5,short,2022-04-05 23:10:00+00:00,2022-04-06 01:10:00+00:00,1918.938,1922.018,1932.668,1891.4780000000005,25,timeout,-0.22432629278951013
PEM,M5,short,2022-04-06 02:55:00+00:00,2022-04-06 05:50:00+00:00,1921.728,1922.098,1924.163,1916.8580000000002,25,timeout,-0.15195071868579021
PEM,M5,short,2022-04-06 06:30:00+00:00,2022-04-06 07:55:00+00:00,1921.313,1918.1530000000002,1922.893,1918.1530000000002,18,tp,2.0
PEM,M5,long,2022-04-06 09:25:00+00:00,2022-04-06 11:25:00+00:00,1923.268,1921.458,1921.298,1927.208,25,timeout,-0.9187817258882844
PEM,M5,short,2022-04-06 11:35:00+00:00,2022-04-06 12:35:00+00:00,1920.953,1922.568,1922.568,1917.723,13,sl,-1.0
PEM,M5,long,2022-04-06 16:05:00+00:00,2022-04-06 18:00:00+00:00,1926.733,1921.858,1921.858,1936.483,24,sl,-1.0
PEM,M5,long,2022-04-06 22:15:00+00:00,2022-04-06 23:20:00+00:00,1928.972,1923.958,1923.958,1938.9999999999998,14,sl,-1.0
PEM,M5,short,2022-04-07 09:10:00+00:00,2022-04-07 09:50:00+00:00,1922.238,1923.612,1923.612,1919.49,9,sl,-1.0
PEM,M5,long,2022-04-07 13:45:00+00:00,2022-04-07 15:45:00+00:00,1925.242,1926.472,1923.229,1929.2679999999998,25,timeout,0.6110283159463821
PEM,M5,long,2022-04-07 21:45:00+00:00,2022-04-07 23:45:00+00:00,1934.228,1933.748,1928.544,1945.596,25,timeout,-0.08444757213230486
PEM,M5,short,2022-04-08 01:45:00+00:00,2022-04-08 03:45:00+00:00,1932.628,1930.918,1936.178,1925.5279999999996,25,timeout,0.481690140845056
PEM,M5,short,2022-04-08 09:30:00+00:00,2022-04-08 11:30:00+00:00,1931.248,1928.578,1933.208,1927.328,25,timeout,1.3622448979591955
PEM,M5,long,2022-04-09 02:40:00+00:00,2022-04-09 04:00:00+00:00,1943.018,1946.9100000000003,1941.072,1946.9100000000003,17,tp,2.0
PEM,M5,short,2022-04-11 11:05:00+00:00,2022-04-11 11:10:00+00:00,1942.652,1944.272,1944.272,1939.4120000000003,2,sl,-1.0
PEM,M5,long,2022-04-11 14:25:00+00:00,2022-04-11 15:20:00+00:00,1944.035,1949.5290000000002,1941.288,1949.5290000000002,12,tp,2.0
PEM,M5,long,2022-04-12 02:45:00+00:00,2022-04-12 05:40:00+00:00,1952.516,1952.172,1950.368,1956.8120000000004,25,timeout,-0.1601489757914473
PEM,M5,long,2022-04-12 06:40:00+00:00,2022-04-12 07:05:00+00:00,1953.698,1951.642,1951.642,1957.8100000000002,6,sl,-1.0
PEM,M5,long,2022-04-12 08:55:00+00:00,2022-04-12 10:55:00+00:00,1953.958,1958.722,1950.168,1961.5380000000005,25,timeout,1.256992084432627
PEM,M5,short,2022-04-12 15:55:00+00:00,2022-04-12 17:05:00+00:00,1951.342,1954.638,1954.638,1944.7500000000005,15,sl,-1.0
PEM,M5,long,2022-04-12 18:25:00+00:00,2022-04-12 18:25:00+00:00,1956.878,1954.938,1954.938,1960.7579999999996,1,sl,-1.0
PEM,M5,long,2022-04-13 11:40:00+00:00,2022-04-13 11:50:00+00:00,1970.282,1969.088,1969.088,1972.6699999999998,3,sl,-1.0
PEM,M5,short,2022-04-13 13:35:00+00:00,2022-04-13 14:55:00+00:00,1967.272,1972.168,1972.168,1957.48,17,sl,-1.0
PEM,M5,long,2022-04-14 00:35:00+00:00,2022-04-14 00:45:00+00:00,1981.068,1979.002,1979.002,1985.2,3,sl,-1.0
PEM,M5,short,2022-04-14 07:15:00+00:00,2022-04-14 08:50:00+00:00,1976.682,1978.638,1978.638,1972.7700000000002,20,sl,-1.0
PEM,M5,short,2022-04-14 16:05:00+00:00,2022-04-14 18:05:00+00:00,1971.668,1975.258,1977.138,1960.7279999999998,25,timeout,-0.6563071297989265
PEM,M5,long,2022-04-18 05:45:00+00:00,2022-04-18 07:00:00+00:00,1978.328,1987.268,1973.858,1987.268,16,tp,2.0
PEM,M5,long,2022-04-18 12:35:00+00:00,2022-04-18 14:35:00+00:00,1987.132,1989.272,1983.322,1994.7520000000004,25,timeout,0.5616797900261878
PEM,M5,long,2022-04-18 15:40:00+00:00,2022-04-18 17:30:00+00:00,1991.732,1989.412,1989.412,1996.3719999999998,23,sl,-1.0
PEM,M5,short,2022-04-19 00:40:00+00:00,2022-04-19 02:40:00+00:00,1981.128,1979.392,1993.458,1956.4679999999996,25,timeout,0.1407948094079363
PEM,M5,short,2022-04-19 05:50:00+00:00,2022-04-19 07:10:00+00:00,1977.306,1978.392,1978.392,1975.134,17,sl,-1.0
PEM,M5,short,2022-04-19 12:00:00+00:00,2022-04-19 14:00:00+00:00,1973.838,1975.211,1978.578,1964.358,25,timeout,-0.2896624472573934
PEM,M5,short,2022-04-19 20:10:00+00:00,2022-04-19 22:10:00+00:00,1961.192,1953.11,1980.082,1923.4119999999998,25,timeout,0.4278454208576
PEM,M5,short,2022-04-20 02:10:00+00:00,2022-04-20 02:15:00+00:00,1952.728,1949.5480000000002,1954.318,1949.5480000000002,2,tp,2.0
PEM,M5,short,2022-04-20 07:20:00+00:00,2022-04-20 09:20:00+00:00,1947.612,1945.778,1950.918,1941.0000000000005,25,timeout,0.5547489413188639
PEM,M5,short,2022-04-20 11:10:00+00:00,2022-04-20 12:20:00+00:00,1942.542,1945.098,1945.098,1937.4299999999998,15,sl,-1.0
PEM,M5,short,2022-04-20 13:00:00+00:00,2022-04-20 15:00:00+00:00,1943.205,1943.458,1946.062,1937.491,25,timeout,-0.08855442772144173
PEM,M5,long,2022-04-20 16:40:00+00:00,2022-04-20 18:05:00+00:00,1948.738,1954.718,1945.748,1954.718,18,tp,2.0
PEM,M5,long,2022-04-21 02:40:00+00:00,2022-04-21 05:35:00+00:00,1954.998,1955.058,1950.858,1963.2780000000002,25,timeout,0.014492753623174875
PEM,M5,long,2022-04-21 07:00:00+00:00,2022-04-21 07:15:00+00:00,1956.838,1954.648,1954.648,1961.218,4,sl,-1.0
PEM,M5,short,2022-04-21 10:00:00+00:00,2022-04-21 12:00:00+00:00,1951.898,1950.888,1954.788,1946.1179999999997,25,timeout,0.34948096885811625
PEM,M5,short,2022-04-21 15:35:00+00:00,2022-04-21 17:35:00+00:00,1944.968,1943.092,1951.158,1932.5880000000004,25,timeout,0.3030694668820725
PEM,M5,short,2022-04-21 18:10:00+00:00,2022-04-21 19:35:00+00:00,1941.982,1945.162,1945.162,1935.6219999999998,18,sl,-1.0
PEM,M5,short,2022-04-22 01:20:00+00:00,2022-04-22 01:40:00+00:00,1943.532,1947.692,1947.692,1935.2119999999998,5,sl,-1.0
PEM,M5,short,2022-04-22 10:05:00+00:00,2022-04-22 10:45:00+00:00,1946.942,1950.262,1950.262,1940.3020000000001,9,sl,-1.0
PEM,M5,short,2022-04-22 15:35:00+00:00,2022-04-22 17:25:00+00:00,1947.548,1939.168,1951.738,1939.168,23,tp,2.0
PEM,M5,short,2022-04-22 19:10:00+00:00,2022-04-22 19:30:00+00:00,1932.708,1936.232,1936.232,1925.6600000000003,5,sl,-1.0
PEM,M5,short,2022-04-22 22:15:00+00:00,2022-04-22 22:55:00+00:00,1932.588,1936.068,1936.068,1925.628,9,sl,-1.0
PEM,M5,short,2022-04-23 00:00:00+00:00,2022-04-23 02:00:00+00:00,1935.028,1932.688,1938.412,1928.26,25,timeout,0.6914893617021005
PEM,M5,short,2022-04-23 02:10:00+00:00,2022-04-23 02:20:00+00:00,1932.218,1934.512,1934.512,1927.6300000000003,3,sl,-1.0
PEM,M5,short,2022-04-25 05:35:00+00:00,2022-04-25 07:20:00+00:00,1932.163,1928.263,1934.113,1928.263,22,tp,2.0
PEM,M5,short,2022-04-25 11:45:00+00:00,2022-04-25 13:00:00+00:00,1921.198,1914.3980000000004,1924.598,1914.3980000000004,16,tp,2.0
PEM,M5,short,2022-04-25 14:45:00+00:00,2022-04-25 15:30:00+00:00,1915.563,1920.048,1920.048,1906.5930000000003,10,sl,-1.0
PEM,M5,short,2022-04-25 17:45:00+00:00,2022-04-25 19:20:00+00:00,1911.963,1901.943,1916.973,1901.943,20,tp,2.0
PEM,M5,long,2022-04-26 11:45:00+00:00,2022-04-26 12:10:00+00:00,1904.913,1901.463,1901.463,1911.813,6,sl,-1.0
PEM,M5,short,2022-04-27 00:50:00+00:00,2022-04-27 01:35:00+00:00,1901.973,1896.7929999999997,1904.563,1896.7929999999997,10,tp,2.0
PEM,M5,long,2022-04-27 03:30:00+00:00,2022-04-27 06:25:00+00:00,1905.578,1904.863,1899.484,1917.766,25,timeout,-0.11732851985558125
PEM,M5,short,2022-04-27 10:05:00+00:00,2022-04-27 12:05:00+00:00,1899.033,1897.968,1902.753,1891.5929999999998,25,timeout,0.2862903225805966
PEM,M5,short,2022-04-27 15:10:00+00:00,2022-04-27 17:10:00+00:00,1894.195,1894.685,1900.668,1881.249,25,timeout,-0.07569905762397844
PEM,M5,short,2022-04-27 21:50:00+00:00,2022-04-27 23:50:00+00:00,1886.113,1888.253,1890.588,1877.1630000000002,25,timeout,-0.4782122905027746
PEM,M5,long,2022-04-28 15:10:00+00:00,2022-04-28 15:10:00+00:00,1885.428,1883.248,1883.248,1889.7880000000002,1,sl,-1.0
PEM,M5,long,2022-04-28 20:45:00+00:00,2022-04-28 21:15:00+00:00,1888.726,1884.698,1884.698,1896.7820000000002,7,sl,-1.0
PEM,M5,long,2022-04-29 11:00:00+00:00,2022-04-29 13:00:00+00:00,1903.598,1906.398,1897.468,1915.8579999999997,25,timeout,0.4567699836867877
PEM,M5,long,2022-04-29 19:00:00+00:00,2022-04-29 20:35:00+00:00,1918.703,1907.138,1907.138,1941.833,20,sl,-1.0
PEM,M5,short,2022-04-30 02:10:00+00:00,2022-04-30 02:50:00+00:00,1906.523,1897.9729999999997,1910.798,1897.9729999999997,9,tp,2.0
PEM,M5,short,2022-05-02 09:00:00+00:00,2022-05-02 11:00:00+00:00,1890.788,1888.168,1899.078,1874.208,25,timeout,0.31604342581424966
PEM,M5,short,2022-05-02 11:10:00+00:00,2022-05-02 13:10:00+00:00,1886.568,1883.813,1889.163,1881.378,25,timeout,1.061657032755242
PEM,M5,short,2022-05-02 18:25:00+00:00,2022-05-02 19:20:00+00:00,1877.928,1869.3980000000004,1882.193,1869.3980000000004,12,tp,2.0
PEM,M5,short,2022-05-03 00:40:00+00:00,2022-05-03 00:40:00+00:00,1862.473,1865.183,1865.183,1857.0529999999999,1,sl,-1.0
PEM,M5,short,2022-05-03 01:20:00+00:00,2022-05-03 03:20:00+00:00,1863.863,1861.618,1866.563,1858.463,25,timeout,0.8314814814815112
PEM,M5,short,2022-05-03 14:55:00+00:00,2022-05-03 15:50:00+00:00,1857.423,1850.8329999999999,1860.718,1850.8329999999999,12,tp,2.0
PEM,M5,long,2022-05-03 21:50:00+00:00,2022-05-03 23:50:00+00:00,1876.703,1869.633,1862.243,1905.623,25,timeout,-0.48893499308436505
PEM,M5,long,2022-05-04 05:30:00+00:00,2022-05-04 06:45:00+00:00,1868.795,1867.368,1867.368,1871.6490000000003,16,sl,-1.0
PEM,M5,short,2022-05-04 08:05:00+00:00,2022-05-04 10:05:00+00:00,1865.253,1864.038,1868.558,1858.6429999999998,25,timeout,0.36762481089255516
PEM,M5,short,2022-05-04 11:30:00+00:00,2022-05-04 11:50:00+00:00,1863.728,1865.648,1865.648,1859.8880000000004,5,sl,-1.0
PEM,M5,long,2022-05-05 06:55:00+00:00,2022-05-05 08:15:00+00:00,1891.123,1900.013,1886.678,1900.013,17,tp,2.0
PEM,M5,long,2022-05-05 10:50:00+00:00,2022-05-05 10:55:00+00:00,1902.268,1900.778,1900.778,1905.248,2,sl,-1.0
PEM,M5,long,2022-05-05 17:00:00+00:00,2022-05-05 19:00:00+00:00,1897.393,1898.248,1894.568,1903.0430000000001,25,timeout,0.30265486725663876
PEM,M5,short,2022-05-05 22:15:00+00:00,2022-05-06 00:15:00+00:00,1880.368,1877.178,1904.028,1833.0479999999998,25,timeout,0.1348267117497809
PEM,M5,short,2022-05-06 06:50:00+00:00,2022-05-06 08:00:00+00:00,1875.938,1871.6180000000004,1878.098,1871.6180000000004,15,tp,2.0
PEM,M5,long,2022-05-06 12:40:00+00:00,2022-05-06 12:45:00+00:00,1877.16,1875.448,1875.448,1880.584,2,sl,-1.0
PEM,M5,long,2022-05-06 18:00:00+00:00,2022-05-06 18:20:00+00:00,1884.118,1881.368,1881.368,1889.618,5,sl,-1.0
PEM,M5,short,2022-05-09 09:50:00+00:00,2022-05-09 11:50:00+00:00,1874.558,1873.348,1878.388,1866.8980000000001,25,timeout,0.31592689295040716
PEM,M5,short,2022-05-09 15:45:00+00:00,2022-05-09 17:45:00+00:00,1865.103,1859.658,1870.798,1853.7130000000002,25,timeout,0.9561018437226031
PEM,M5,long,2022-05-10 18:40:00+00:00,2022-05-10 19:25:00+00:00,1863.948,1857.222,1857.222,1877.4000000000003,10,sl,-1.0
PEM,M5,short,2022-05-11 03:40:00+00:00,2022-05-11 06:35:00+00:00,1837.524,1837.738,1842.098,1828.3759999999997,25,timeout,-0.04678618277222692
PEM,M5,short,2022-05-11 06:50:00+00:00,2022-05-11 08:50:00+00:00,1834.958,1836.378,1840.088,1824.6980000000003,25,timeout,-0.2768031189083583
PEM,M5,short,2022-05-11 11:05:00+00:00,2022-05-11 11:30:00+00:00,1835.993,1838.128,1838.128,1831.723,6,sl,-1.0
PEM,M5,long,2022-05-11 14:50:00+00:00,2022-05-11 16:50:00+00:00,1850.418,1851.572,1837.938,1875.3779999999995,25,timeout,0.09246794871794997
PEM,M5,short,2022-05-12 11:45:00+00:00,2022-05-12 13:40:00+00:00,1851.063,1853.528,1853.528,1846.1330000000003,24,sl,-1.0
PEM,M5,short,2022-05-12 14:20:00+00:00,2022-05-12 14:50:00+00:00,1847.293,1852.033,1852.033,1837.8129999999999,7,sl,-1.0
PEM,M5,short,2022-05-12 18:45:00+00:00,2022-05-12 20:25:00+00:00,1843.398,1847.908,1847.908,1834.378,21,sl,-1.0
PEM,M5,short,2022-05-12 22:45:00+00:00,2022-05-13 00:45:00+00:00,1835.778,1823.863,1847.593,1812.148,25,timeout,1.0084638171815412
PEM,M5,short,2022-05-13 03:10:00+00:00,2022-05-13 05:30:00+00:00,1822.918,1819.6879999999999,1824.533,1819.6879999999999,18,tp,2.0
PEM,M5,short,2022-05-13 05:35:00+00:00,2022-05-13 05:35:00+00:00,1818.828,1811.1680000000001,1822.658,1811.1680000000001,1,tp,2.0
PEM,M5,long,2022-05-14 03:30:00+00:00,2022-05-16 05:05:00+00:00,1810.134,1812.386,1809.008,1812.386,9,tp,2.0
PEM,M5,long,2022-05-16 08:00:00+00:00,2022-05-16 09:05:00+00:00,1815.078,1812.848,1812.848,1819.538,14,sl,-1.0
PEM,M5,short,2022-05-16 11:50:00+00:00,2022-05-16 13:50:00+00:00,1808.348,1805.658,1811.168,1802.708,25,timeout,0.953900709219899
PEM,M5,short,2022-05-16 19:00:00+00:00,2022-05-16 19:25:00+00:00,1799.058,1803.678,1803.678,1789.8179999999998,6,sl,-1.0
PEM,M5,long,2022-05-16 21:25:00+00:00,2022-05-16 23:25:00+00:00,1812.078,1813.158,1808.418,1819.3980000000001,25,timeout,0.29508196721308827
PEM,M5,long,2022-05-17 01:55:00+00:00,2022-05-17 02:25:00+00:00,1817.658,1824.8979999999997,1814.038,1824.8979999999997,7,tp,2.0
PEM,M5,long,2022-05-17 09:35:00+00:00,2022-05-17 10:10:00+00:00,1826.198,1823.608,1823.608,1831.3780000000004,8,sl,-1.0
PEM,M5,long,2022-05-17 12:25:00+00:00,2022-05-17 13:10:00+00:00,1825.558,1829.938,1823.368,1829.938,10,tp,2.0
PEM,M5,long,2022-05-17 17:30:00+00:00,2022-05-17 18:05:00+00:00,1829.678,1826.944,1826.944,1835.1460000000004,8,sl,-1.0
PEM,M5,short,2022-05-18 03:35:00+00:00,2022-05-18 06:30:00+00:00,1812.868,1813.758,1816.478,1805.6479999999997,25,timeout,-0.24653739612190267
PEM,M5,short,2022-05-18 10:30:00+00:00,2022-05-18 12:30:00+00:00,1808.043,1809.678,1813.098,1797.9329999999998,25,timeout,-0.3234421364985554
PEM,M5,long,2022-05-18 22:20:00+00:00,2022-05-19 00:20:00+00:00,1816.248,1818.265,1811.548,1825.6480000000001,25,timeout,0.4291489361702198
PEM,M5,long,2022-05-19 21:15:00+00:00,2022-05-19 23:15:00+00:00,1844.498,1842.094,1830.198,1873.098,25,timeout,-0.1681118881118884
PEM,M5,long,2022-05-20 06:30:00+00:00,2022-05-20 07:45:00+00:00,1842.963,1841.248,1841.248,1846.3929999999998,16,sl,-1.0
PEM,M5,short,2022-05-20 09:25:00+00:00,2022-05-20 10:05:00+00:00,1836.838,1839.348,1839.348,1831.818,9,sl,-1.0
PEM,M5,long,2022-05-20 16:10:00+00:00,2022-05-20 18:10:00+00:00,1845.323,1846.258,1843.018,1849.9330000000002,25,timeout,0.4056399132320692
PEM,M5,short,2022-05-20 20:35:00+00:00,2022-05-20 22:20:00+00:00,1839.0,1845.656,1845.656,1825.688,22,sl,-1.0
PEM,M5,short,2022-05-20 23:10:00+00:00,2022-05-21 01:10:00+00:00,1840.828,1842.858,1846.448,1829.5879999999997,25,timeout,-0.36120996441279896
PEM,M5,short,2022-05-21 01:40:00+00:00,2022-05-21 02:30:00+00:00,1841.178,1843.648,1843.648,1836.2380000000005,11,sl,-1.0
PEM,M5,long,2022-05-21 02:40:00+00:00,2022-05-23 05:00:00+00:00,1843.703,1846.8429999999998,1842.133,1846.8429999999998,18,tp,2.0
PEM,M5,long,2022-05-23 10:10:00+00:00,2022-05-23 12:10:00+00:00,1853.878,1854.968,1851.364,1858.9059999999997,25,timeout,0.433571996817896
PEM,M5,long,2022-05-23 12:55:00+00:00,2022-05-23 13:05:00+00:00,1856.763,1854.268,1854.268,1861.7529999999997,3,sl,-1.0
PEM,M5,long,2022-05-23 14:30:00+00:00,2022-05-23 15:25:00+00:00,1855.089,1859.3109999999997,1852.978,1859.3109999999997,12,tp,2.0
PEM,M5,short,2022-05-23 22:05:00+00:00,2022-05-23 23:20:00+00:00,1853.186,1848.666,1855.446,1848.666,16,tp,2.0
PEM,M5,short,2022-05-24 00:05:00+00:00,2022-05-24 00:40:00+00:00,1849.653,1851.488,1851.488,1845.983,8,sl,-1.0
PEM,M5,long,2022-05-24 01:10:00+00:00,2022-05-24 03:10:00+00:00,1853.978,1853.128,1850.798,1860.3380000000002,25,timeout,-0.26729559748431425
PEM,M5,long,2022-05-24 11:05:00+00:00,2022-05-24 13:05:00+00:00,1855.798,1854.478,1854.478,1858.4379999999999,25,sl,-1.0
PEM,M5,long,2022-05-25 02:30:00+00:00,2022-05-25 05:05:00+00:00,1866.163,1864.794,1864.794,1868.9009999999998,21,sl,-1.0
PEM,M5,long,2022-05-25 07:00:00+00:00,2022-05-25 07:15:00+00:00,1867.558,1865.768,1865.768,1871.138,4,sl,-1.0
PEM,M5,short,2022-05-25 09:05:00+00:00,2022-05-25 11:05:00+00:00,1861.898,1862.468,1865.703,1854.2879999999998,25,timeout,-0.14980289093302343
PEM,M5,short,2022-05-25 17:05:00+00:00,2022-05-25 17:15:00+00:00,1856.698,1853.1480000000004,1858.473,1853.1480000000004,3,tp,2.0
PEM,M5,short,2022-05-25 18:00:00+00:00,2022-05-25 18:20:00+00:00,1852.143,1855.518,1855.518,1845.393,5,sl,-1.0
PEM,M5,short,2022-05-25 20:50:00+00:00,2022-05-25 22:50:00+00:00,1851.378,1843.7579999999996,1855.188,1843.7579999999996,25,tp,2.0
PEM,M5,short,2022-05-25 22:55:00+00:00,2022-05-26 00:55:00+00:00,1845.038,1847.333,1850.933,1833.248,25,timeout,-0.38931297709925017
PEM,M5,long,2022-05-26 01:10:00+00:00,2022-05-26 03:10:00+00:00,1851.106,1853.938,1846.798,1859.722,25,timeout,0.6573816155989118
PEM,M5,long,2022-05-26 07:05:00+00:00,2022-05-26 07:15:00+00:00,1854.043,1852.848,1852.848,1856.4329999999998,3,sl,-1.0
PEM,M5,short,2022-05-26 16:05:00+00:00,2022-05-26 18:05:00+00:00,1845.978,1845.649,1848.278,1841.3780000000002,25,timeout,0.1430434782609499
PEM,M5,short,2022-05-26 20:40:00+00:00,2022-05-26 20:40:00+00:00,1844.705,1847.093,1847.093,1839.9289999999996,1,sl,-1.0
PEM,M5,short,2022-05-26 22:05:00+00:00,2022-05-27 00:05:00+00:00,1846.603,1849.033,1852.663,1834.4830000000002,25,timeout,-0.4009900990098776
PEM,M5,long,2022-05-27 00:10:00+00:00,2022-05-27 02:10:00+00:00,1849.108,1853.248,1843.849,1859.626,25,timeout,0.787221905305208
PEM,M5,short,2022-05-27 05:00:00+00:00,2022-05-27 06:10:00+00:00,1850.328,1851.738,1851.738,1847.5079999999998,15,sl,-1.0
PEM,M5,short,2022-05-27 07:55:00+00:00,2022-05-27 08:50:00+00:00,1848.758,1852.338,1852.338,1841.5980000000002,12,sl,-1.0
PEM,M5,long,2022-05-27 11:50:00+00:00,2022-05-27 12:20:00+00:00,1853.993,1852.898,1852.898,1856.183,7,sl,-1.0
PEM,M5,long,2022-05-27 14:00:00+00:00,2022-05-27 14:15:00+00:00,1854.678,1857.9180000000003,1853.058,1857.9180000000003,4,tp,2.0
PEM,M5,long,2022-05-27 15:05:00+00:00,2022-05-27 17:05:00+00:00,1858.573,1859.523,1856.384,1862.9510000000002,25,timeout,0.4339881224302349
PEM,M5,short,2022-05-30 05:35:00+00:00,2022-05-30 06:10:00+00:00,1852.408,1850.0279999999998,1853.598,1850.0279999999998,8,tp,2.0
PEM,M5,long,2022-05-30 11:00:00+00:00,2022-05-30 13:00:00+00:00,1860.293,1862.058,1850.508,1879.8629999999996,25,timeout,0.18037812979050857
PEM,M5,long,2022-05-30 20:15:00+00:00,2022-05-30 21:15:00+00:00,1857.848,1854.208,1854.208,1865.1279999999997,13,sl,-1.0
PEM,M5,long,2022-05-31 05:25:00+00:00,2022-05-31 05:30:00+00:00,1856.698,1855.598,1855.598,1858.8980000000004,2,sl,-1.0
PEM,M5,short,2022-05-31 06:00:00+00:00,2022-05-31 06:20:00+00:00,1854.438,1852.1380000000004,1855.588,1852.1380000000004,5,tp,2.0
PEM,M5,short,2022-05-31 07:15:00+00:00,2022-05-31 07:30:00+00:00,1851.758,1849.3480000000002,1852.963,1849.3480000000002,4,tp,2.0
PEM,M5,long,2022-05-31 15:30:00+00:00,2022-05-31 15:55:00+00:00,1856.428,1853.708,1853.708,1861.8680000000002,6,sl,-1.0
PEM,M5,short,2022-05-31 16:50:00+00:00,2022-05-31 18:50:00+00:00,1850.259,1847.438,1854.008,1842.761,25,timeout,0.7524673246198706
PEM,M5,long,2022-05-31 20:25:00+00:00,2022-05-31 21:00:00+00:00,1851.758,1848.388,1848.388,1858.4980000000003,8,sl,-1.0
PEM,M5,short,2022-05-31 22:25:00+00:00,2022-06-01 00:25:00+00:00,1842.678,1845.118,1854.083,1819.8680000000002,25,timeout,-0.2139412538360222
PEM,M5,short,2022-06-01 01:05:00+00:00,2022-06-01 03:00:00+00:00,1842.424,1835.2559999999999,1846.008,1835.2559999999999,24,tp,2.0
PEM,M5,short,2022-06-01 07:15:00+00:00,2022-06-01 09:15:00+00:00,1835.488,1835.138,1837.448,1831.568,25,timeout,0.17857142857149486
PEM,M5,short,2022-06-01 11:15:00+00:00,2022-06-01 13:15:00+00:00,1833.328,1833.958,1836.773,1826.438,25,timeout,-0.18287373004357643
PEM,M5,short,2022-06-01 15:50:00+00:00,2022-06-01 17:50:00+00:00,1832.958,1831.724,1835.852,1827.17,25,timeout,0.4263994471320486
PEM,M5,short,2022-06-01 18:25:00+00:00,2022-06-01 19:15:00+00:00,1829.508,1832.918,1832.918,1822.6880000000003,11,sl,-1.0
PEM,M5,long,2022-06-01 22:55:00+00:00,2022-06-02 00:55:00+00:00,1844.523,1847.694,1839.158,1855.253,25,timeout,0.591053122087613
PEM,M5,short,2022-06-02 05:00:00+00:00,2022-06-02 07:00:00+00:00,1846.138,1846.284,1847.718,1842.9779999999996,25,timeout,-0.09240506329124763
PEM,M5,short,2022-06-02 12:05:00+00:00,2022-06-02 12:30:00+00:00,1844.758,1845.878,1845.878,1842.5180000000003,6,sl,-1.0
PEM,M5,long,2022-06-02 16:30:00+00:00,2022-06-02 18:30:00+00:00,1853.528,1855.159,1851.458,1857.668,25,timeout,0.7879227053140752
PEM,M5,short,2022-06-03 03:55:00+00:00,2022-06-03 05:00:00+00:00,1867.924,1868.814,1868.814,1866.1439999999998,3,sl,-1.0
PEM,M5,long,2022-06-03 06:15:00+00:00,2022-06-03 07:05:00+00:00,1869.935,1868.788,1868.788,1872.2289999999998,11,sl,-1.0
PEM,M5,short,2022-06-03 15:10:00+00:00,2022-06-03 17:10:00+00:00,1864.873,1866.228,1867.693,1859.2330000000002,25,timeout,-0.48049645390072654
PEM,M5,short,2022-06-03 22:05:00+00:00,2022-06-04 00:05:00+00:00,1855.973,1850.668,1864.188,1839.5429999999997,25,timeout,0.6457699330492964
PEM,M5,long,2022-06-06 05:45:00+00:00,2022-06-06 07:45:00+00:00,1851.583,1851.068,1849.913,1854.9230000000002,25,timeout,-0.3083832335329806
PEM,M5,long,2022-06-06 14:10:00+00:00,2022-06-06 14:10:00+00:00,1854.598,1853.394,1853.394,1857.0059999999999,1,sl,-1.0
PEM,M5,short,2022-06-06 20:15:00+00:00,2022-06-06 21:00:00+00:00,1852.188,1847.5980000000004,1854.483,1847.5980000000004,10,tp,2.0
PEM,M5,short,2022-06-06 21:40:00+00:00,2022-06-06 23:40:00+00:00,1846.068,1841.853,1853.296,1831.6119999999999,25,timeout,0.5831488655229496
PEM,M5,short,2022-06-07 01:05:00+00:00,2022-06-07 03:05:00+00:00,1841.663,1842.338,1843.558,1837.873,25,timeout,-0.3562005277044649
PEM,M5,short,2022-06-07 06:30:00+00:00,2022-06-07 08:30:00+00:00,1839.048,1839.723,1841.353,1834.4379999999999,25,timeout,-0.2928416485899939
PEM,M5,long,2022-06-07 15:15:00+00:00,2022-06-07 17:15:00+00:00,1844.405,1846.334,1839.484,1854.247,25,timeout,0.391993497256669
PEM,M5,short,2022-06-08 00:15:00+00:00,2022-06-08 01:35:00+00:00,1849.308,1852.88,1852.88,1842.1639999999998,17,sl,-1.0
PEM,M5,short,2022-06-08 10:20:00+00:00,2022-06-08 12:20:00+00:00,1847.798,1847.734,1850.763,1841.8680000000002,25,timeout,0.021585160202387852
PEM,M5,long,2022-06-08 22:45:00+00:00,2022-06-08 22:45:00+00:00,1858.983,1857.424,1857.424,1862.1009999999999,1,sl,-1.0
PEM,M5,short,2022-06-09 02:00:00+00:00,2022-06-09 04:00:00+00:00,1852.743,1853.088,1854.938,1848.3529999999996,25,timeout,-0.1571753986332581
PEM,M5,long,2022-06-09 05:40:00+00:00,2022-06-09 07:05:00+00:00,1854.058,1852.238,1852.238,1857.6979999999999,18,sl,-1.0
PEM,M5,short,2022-06-09 09:10:00+00:00,2022-06-09 10:00:00+00:00,1851.158,1852.838,1852.838,1847.7979999999998,11,sl,-1.0
PEM,M5,long,2022-06-09 10:40:00+00:00,2022-06-09 12:40:00+00:00,1854.218,1854.088,1852.138,1858.3780000000004,25,timeout,-0.06250000000004782
PEM,M5,short,2022-06-09 15:00:00+00:00,2022-06-09 17:00:00+00:00,1849.228,1848.673,1852.148,1843.3880000000004,25,timeout,0.1900684931507168
PEM,M5,short,2022-06-10 06:05:00+00:00,2022-06-10 06:50:00+00:00,1846.314,1846.978,1846.978,1844.986,10,sl,-1.0
PEM,M5,short,2022-06-10 09:45:00+00:00,2022-06-10 11:45:00+00:00,1845.198,1844.273,1846.458,1842.678,25,timeout,0.7341269841271338
PEM,M5,short,2022-06-10 17:00:00+00:00,2022-06-10 18:20:00+00:00,1842.718,1840.6180000000002,1843.768,1840.6180000000002,17,tp,2.0
PEM,M5,long,2022-06-10 22:35:00+00:00,2022-06-11 00:35:00+00:00,1864.563,1872.058,1834.758,1924.1730000000002,25,timeout,0.2514678745176942
PEM,M5,short,2022-06-13 08:45:00+00:00,2022-06-13 08:55:00+00:00,1866.948,1863.4080000000001,1868.718,1863.4080000000001,3,tp,2.0
PEM,M5,short,2022-06-13 09:20:00+00:00,2022-06-13 09:50:00+00:00,1860.783,1863.198,1863.198,1855.9529999999995,7,sl,-1.0
PEM,M5,long,2022-06-14 09:45:00+00:00,2022-06-14 11:45:00+00:00,1826.578,1824.648,1823.818,1832.098,25,timeout,-0.699275362318866
PEM,M5,short,2022-06-14 17:35:00+00:00,2022-06-14 19:35:00+00:00,1820.723,1819.328,1829.698,1802.7729999999997,25,timeout,0.15543175487464742
PEM,M5,short,2022-06-14 20:40:00+00:00,2022-06-14 21:15:00+00:00,1818.318,1812.798,1821.078,1812.798,8,tp,2.0
PEM,M5,short,2022-06-14 22:50:00+00:00,2022-06-15 00:50:00+00:00,1811.398,1812.078,1815.238,1803.7179999999996,25,timeout,-0.1770833333333432
PEM,M5,short,2022-06-15 06:25:00+00:00,2022-06-15 06:25:00+00:00,1808.005,1809.018,1809.018,1805.9790000000003,1,sl,-1.0
PEM,M5,long,2022-06-15 08:15:00+00:00,2022-06-15 08:40:00+00:00,1811.814,1816.6660000000004,1809.388,1816.6660000000004,6,tp,2.0
PEM,M5,long,2022-06-15 16:50:00+00:00,2022-06-15 18:20:00+00:00,1824.824,1831.6760000000004,1821.398,1831.6760000000004,19,tp,2.0
PEM,M5,long,2022-06-16 07:05:00+00:00,2022-06-16 08:20:00+00:00,1834.498,1831.978,1831.978,1839.538,16,sl,-1.0
PEM,M5,long,2022-06-16 10:20:00+00:00,2022-06-16 10:40:00+00:00,1832.408,1831.298,1831.298,1834.6279999999997,5,sl,-1.0
PEM,M5,short,2022-06-16 14:10:00+00:00,2022-06-16 14:20:00+00:00,1829.013,1826.263,1830.388,1826.263,3,tp,2.0
PEM,M5,short,2022-06-16 17:00:00+00:00,2022-06-16 17:05:00+00:00,1829.188,1831.518,1831.518,1824.5280000000002,2,sl,-1.0
PEM,M5,long,2022-06-16 19:40:00+00:00,2022-06-16 21:40:00+00:00,1831.62,1830.078,1818.853,1857.1539999999995,25,timeout,-0.12078013628886484
PEM,M5,long,2022-06-16 22:05:00+00:00,2022-06-16 22:35:00+00:00,1832.898,1845.8379999999995,1826.428,1845.8379999999995,7,tp,2.0
PEM,M5,long,2022-06-16 23:00:00+00:00,2022-06-16 23:55:00+00:00,1845.223,1852.1329999999998,1841.768,1852.1329999999998,12,tp,2.0
PEM,M5,long,2022-06-17 01:50:00+00:00,2022-06-17 03:45:00+00:00,1849.684,1855.3639999999998,1846.844,1855.3639999999998,24,tp,2.0
PEM,M5,short,2022-06-17 06:45:00+00:00,2022-06-17 07:35:00+00:00,1850.178,1846.6980000000005,1851.918,1846.6980000000005,11,tp,2.0
PEM,M5,long,2022-06-18 03:30:00+00:00,2022-06-20 05:10:00+00:00,1838.728,1834.748,1834.748,1846.688,10,sl,-1.0
PEM,M5,long,2022-06-20 05:45:00+00:00,2022-06-20 07:45:00+00:00,1839.393,1838.018,1836.728,1844.723,25,timeout,-0.5159474671669864
PEM,M5,long,2022-06-20 08:05:00+00:00,2022-06-20 08:30:00+00:00,1840.383,1837.958,1837.958,1845.233,6,sl,-1.0
PEM,M5,long,2022-06-20 09:45:00+00:00,2022-06-20 11:45:00+00:00,1840.418,1843.968,1835.918,1849.418,25,timeout,0.7888888888889293
PEM,M5,short,2022-06-20 17:15:00+00:00,2022-06-20 19:15:00+00:00,1838.088,1838.498,1843.648,1826.968,25,timeout,-0.07374100719426005
PEM,M5,long,2022-06-20 20:15:00+00:00,2022-06-20 21:00:00+00:00,1840.328,1838.318,1838.318,1844.348,10,sl,-1.0
PEM,M5,short,2022-06-20 23:55:00+00:00,2022-06-21 05:00:00+00:00,1836.803,1838.324,1838.324,1833.7610000000002,21,sl,-1.0
PEM,M5,long,2022-06-21 20:55:00+00:00,2022-06-21 22:55:00+00:00,1837.413,1836.058,1832.823,1846.5929999999998,25,timeout,-0.29520697167756915
PEM,M5,long,2022-06-22 00:25:00+00:00,2022-06-22 00:45:00+00:00,1836.748,1834.26,1834.26,1841.7240000000002,5,sl,-1.0
PEM,M5,short,2022-06-22 01:55:00+00:00,2022-06-22 03:55:00+00:00,1831.478,1833.244,1834.558,1825.3180000000002,25,timeout,-0.5733766233765879
PEM,M5,short,2022-06-22 05:15:00+00:00,2022-06-22 07:15:00+00:00,1831.363,1828.668,1833.638,1826.8130000000003,25,timeout,1.1846153846155276
PEM,M5,long,2022-06-22 17:40:00+00:00,2022-06-22 19:40:00+00:00,1830.684,1841.473,1823.591,1844.8700000000001,25,timeout,1.521077118285616
PEM,M5,short,2022-06-23 00:15:00+00:00,2022-06-23 00:45:00+00:00,1836.813,1838.638,1838.638,1833.1630000000005,7,sl,-1.0
PEM,M5,short,2022-06-23 18:15:00+00:00,2022-06-23 19:10:00+00:00,1826.208,1830.068,1830.068,1818.4880000000003,12,sl,-1.0
PEM,M5,short,2022-06-24 00:35:00+00:00,2022-06-24 02:35:00+00:00,1827.403,1826.679,1831.344,1819.521,25,timeout,0.18370971834557903
PEM,M5,long,2022-06-24 09:45:00+00:00,2022-06-24 10:20:00+00:00,1825.958,1824.073,1824.073,1829.728,8,sl,-1.0
PEM,M5,short,2022-06-24 13:35:00+00:00,2022-06-24 14:35:00+00:00,1823.062,1826.063,1826.063,1817.0599999999995,13,sl,-1.0
PEM,M5,short,2022-06-24 18:05:00+00:00,2022-06-24 20:05:00+00:00,1825.263,1819.3129999999996,1828.238,1819.3129999999996,25,tp,2.0
PEM,M5,short,2022-06-27 07:40:00+00:00,2022-06-27 08:10:00+00:00,1828.698,1830.328,1830.328,1825.4380000000003,7,sl,-1.0
PEM,M5,long,2022-06-27 08:40:00+00:00,2022-06-27 10:40:00+00:00,1835.688,1835.388,1831.534,1843.996,25,timeout,-0.07221954742421333
PEM,M5,long,2022-06-27 12:30:00+00:00,2022-06-27 14:25:00+00:00,1836.398,1840.5079999999996,1834.343,1840.5079999999996,24,tp,2.0
PEM,M5,short,2022-06-27 21:05:00+00:00,2022-06-27 23:05:00+00:00,1825.843,1825.0,1835.788,1805.9530000000002,25,timeout,0.08476621417798692
PEM,M5,short,2022-06-28 05:50:00+00:00,2022-06-28 06:05:00+00:00,1821.798,1822.738,1822.738,1819.918,4,sl,-1.0
PEM,M5,long,2022-06-28 13:40:00+00:00,2022-06-28 14:35:00+00:00,1828.098,1825.828,1825.828,1832.638,12,sl,-1.0
PEM,M5,long,2022-06-28 15:35:00+00:00,2022-06-28 15:50:00+00:00,1828.558,1827.348,1827.348,1830.978,4,sl,-1.0
PEM,M5,short,2022-06-29 00:30:00+00:00,2022-06-29 02:30:00+00:00,1820.913,1819.503,1822.398,1817.9430000000002,25,timeout,0.9494949494950686
PEM,M5,short,2022-06-29 15:00:00+00:00,2022-06-29 17:00:00+00:00,1816.259,1814.945,1818.562,1811.6530000000002,25,timeout,0.5705601389492595
PEM,M5,long,2022-06-29 18:30:00+00:00,2022-06-29 18:55:00+00:00,1826.303,1823.938,1823.938,1831.0330000000001,6,sl,-1.0
PEM,M5,short,2022-06-30 11:10:00+00:00,2022-06-30 13:10:00+00:00,1816.808,1817.198,1819.088,1812.248,25,timeout,-0.1710526315789933
PEM,M5,short,2022-06-30 16:50:00+00:00,2022-06-30 18:40:00+00:00,1812.298,1804.7479999999998,1816.073,1804.7479999999998,23,tp,2.0
PEM,M5,short,2022-06-30 23:50:00+00:00,2022-07-01 01:50:00+00:00,1809.398,1807.548,1813.254,1801.686,25,timeout,0.47977178423234224
PEM,M5,short,2022-07-01 06:15:00+00:00,2022-07-01 06:45:00+00:00,1805.175,1806.168,1806.168,1803.189,7,sl,-1.0
PEM,M5,short,2022-07-01 10:05:00+00:00,2022-07-01 10:50:00+00:00,1804.314,1802.086,1805.428,1802.086,10,tp,2.0
PEM,M5,short,2022-07-01 12:20:00+00:00,2022-07-01 12:40:00+00:00,1801.284,1797.9360000000001,1802.958,1797.9360000000001,5,tp,2.0
PEM,M5,short,2022-07-01 14:20:00+00:00,2022-07-01 16:20:00+00:00,1794.204,1796.308,1798.378,1785.856,25,timeout,-0.5040728318160165
PEM,M5,short,2022-07-01 19:20:00+00:00,2022-07-01 20:05:00+00:00,1787.084,1795.858,1795.858,1769.5360000000003,10,sl,-1.0
PEM,M5,short,2022-07-02 00:05:00+00:00,2022-07-02 00:45:00+00:00,1799.064,1803.658,1803.658,1789.8760000000004,9,sl,-1.0
PEM,M5,short,2022-07-04 08:10:00+00:00,2022-07-04 09:10:00+00:00,1807.258,1808.808,1808.808,1804.1580000000001,13,sl,-1.0
PEM,M5,long,2022-07-04 10:30:00+00:00,2022-07-04 12:30:00+00:00,1812.388,1812.504,1809.314,1818.5359999999996,25,timeout,0.03773584905660098
PEM,M5,short,2022-07-04 18:50:00+00:00,2022-07-04 19:10:00+00:00,1805.245,1807.027,1807.027,1801.6809999999996,5,sl,-1.0
PEM,M5,long,2022-07-04 19:55:00+00:00,2022-07-04 20:10:00+00:00,1809.148,1807.158,1807.158,1813.128,4,sl,-1.0
PEM,M5,short,2022-07-04 23:00:00+00:00,2022-07-05 01:00:00+00:00,1805.778,1806.528,1808.188,1800.9579999999999,25,timeout,-0.31120331950206415
PEM,M5,long,2022-07-05 06:05:00+00:00,2022-07-05 07:05:00+00:00,1809.088,1807.828,1807.828,1811.608,13,sl,-1.0
PEM,M5,long,2022-07-05 08:20:00+00:00,2022-07-05 10:20:00+00:00,1809.874,1811.018,1806.658,1816.3060000000003,25,timeout,0.3557213930348141
PEM,M5,short,2022-07-05 14:15:00+00:00,2022-07-05 16:15:00+00:00,1807.624,1802.838,1811.334,1800.204,25,timeout,1.2900269541779006
PEM,M5,short,2022-07-06 00:40:00+00:00,2022-07-06 02:40:00+00:00,1764.354,1766.638,1770.259,1752.544,25,timeout,-0.38679085520743245
PEM,M5,long,2022-07-06 05:35:00+00:00,2022-07-06 07:35:00+00:00,1768.018,1769.304,1766.668,1770.7180000000003,25,timeout,0.9525925925925395
PEM,M5,short,2022-07-06 15:45:00+00:00,2022-07-06 17:45:00+00:00,1766.829,1761.004,1770.814,1758.8589999999997,25,timeout,1.4617314930990863
PEM,M5,short,2022-07-06 21:45:00+00:00,2022-07-06 23:45:00+00:00,1751.558,1735.244,1763.574,1727.5259999999998,25,timeout,1.3576897470039926
PEM,M5,long,2022-07-07 07:35:00+00:00,2022-07-07 08:40:00+00:00,1741.278,1738.398,1738.398,1747.0380000000002,14,sl,-1.0
PEM,M5,long,2022-07-07 09:45:00+00:00,2022-07-07 09:55:00+00:00,1741.268,1743.888,1739.958,1743.888,3,tp,2.0
PEM,M5,long,2022-07-07 12:15:00+00:00,2022-07-07 14:00:00+00:00,1746.048,1743.918,1743.918,1750.3080000000002,22,sl,-1.0
PEM,M5,long,2022-07-07 18:45:00+00:00,2022-07-07 19:20:00+00:00,1744.538,1741.604,1741.604,1750.406,8,sl,-1.0
PEM,M5,long,2022-07-08 08:00:00+00:00,2022-07-08 10:00:00+00:00,1744.078,1742.398,1741.578,1749.078,25,timeout,-0.6720000000000255
PEM,M5,short,2022-07-08 11:25:00+00:00,2022-07-08 12:55:00+00:00,1740.008,1743.208,1743.208,1733.608,19,sl,-1.0
PEM,M5,short,2022-07-09 03:35:00+00:00,2022-07-09 03:55:00+00:00,1741.078,1742.202,1742.202,1738.83,5,sl,-1.0
PEM,M5,short,2022-07-11 16:55:00+00:00,2022-07-11 18:55:00+00:00,1735.708,1734.708,1740.564,1725.996,25,timeout,0.20593080724876464
PEM,M5,long,2022-07-11 22:05:00+00:00,2022-07-11 22:15:00+00:00,1740.538,1737.694,1737.694,1746.226,3,sl,-1.0
PEM,M5,short,2022-07-12 00:35:00+00:00,2022-07-12 01:00:00+00:00,1732.924,1735.938,1735.938,1726.8959999999997,6,sl,-1.0
PEM,M5,long,2022-07-12 01:05:00+00:00,2022-07-12 02:10:00+00:00,1736.334,1733.828,1733.828,1741.3460000000002,14,sl,-1.0
PEM,M5,short,2022-07-12 02:55:00+00:00,2022-07-12 05:50:00+00:00,1731.478,1733.508,1734.202,1726.0300000000002,25,timeout,-0.745227606461095
PEM,M5,short,2022-07-12 10:50:00+00:00,2022-07-12 12:50:00+00:00,1732.948,1727.908,1736.838,1725.1680000000003,25,timeout,1.2956298200515053
PEM,M5,short,2022-07-13 02:35:00+00:00,2022-07-13 05:30:00+00:00,1725.648,1725.468,1728.368,1720.2079999999999,25,timeout,0.06617647058817444
PEM,M5,short,2022-07-13 11:15:00+00:00,2022-07-13 12:20:00+00:00,1726.434,1724.4459999999997,1727.428,1724.4459999999997,14,tp,2.0
PEM,M5,short,2022-07-13 15:25:00+00:00,2022-07-13 16:00:00+00:00,1725.407,1727.618,1727.618,1720.985,8,sl,-1.0
PEM,M5,long,2022-07-13 21:50:00+00:00,2022-07-13 23:50:00+00:00,1733.808,1737.094,1711.12,1779.1840000000002,25,timeout,0.14483427362482562
PEM,M5,short,2022-07-14 02:40:00+00:00,2022-07-14 03:25:00+00:00,1732.958,1734.844,1734.844,1729.1860000000001,10,sl,-1.0
PEM,M5,short,2022-07-14 18:05:00+00:00,2022-07-14 20:05:00+00:00,1710.468,1707.198,1716.721,1697.9620000000002,25,timeout,0.5229489844874491
PEM,M5,long,2022-07-15 06:40:00+00:00,2022-07-15 07:10:00+00:00,1711.288,1710.484,1710.484,1712.8960000000002,7,sl,-1.0
PEM,M5,short,2022-07-15 20:45:00+00:00,2022-07-15 22:45:00+00:00,1705.074,1706.298,1708.688,1697.846,25,timeout,-0.3386828998339573
PEM,M5,long,2022-07-16 03:40:00+00:00,2022-07-16 04:00:00+00:00,1705.908,1707.5479999999998,1705.088,1707.5479999999998,5,tp,2.0
PEM,M5,long,2022-07-18 06:00:00+00:00,2022-07-18 07:00:00+00:00,1708.468,1710.428,1707.488,1710.428,13,tp,2.0
PEM,M5,long,2022-07-18 07:35:00+00:00,2022-07-18 07:40:00+00:00,1709.564,1708.574,1708.574,1711.544,2,sl,-1.0
PEM,M5,long,2022-07-18 11:10:00+00:00,2022-07-18 11:55:00+00:00,1716.604,1714.188,1714.188,1721.436,10,sl,-1.0
PEM,M5,long,2022-07-18 16:30:00+00:00,2022-07-18 17:40:00+00:00,1720.757,1717.666,1717.666,1726.9390000000003,15,sl,-1.0
PEM,M5,short,2022-07-18 18:40:00+00:00,2022-07-18 20:00:00+00:00,1713.728,1716.608,1716.608,1707.9680000000003,17,sl,-1.0
PEM,M5,long,2022-07-19 05:10:00+00:00,2022-07-19 07:10:00+00:00,1709.948,1706.988,1706.584,1716.6760000000002,25,timeout,-0.8799048751486348
PEM,M5,short,2022-07-19 07:20:00+00:00,2022-07-19 09:20:00+00:00,1706.398,1708.224,1708.224,1702.7459999999999,25,sl,-1.0
PEM,M5,short,2022-07-19 11:45:00+00:00,2022-07-19 12:05:00+00:00,1707.594,1709.714,1709.714,1703.3540000000003,5,sl,-1.0
PEM,M5,long,2022-07-19 15:00:00+00:00,2022-07-19 17:00:00+00:00,1710.512,1713.394,1707.838,1715.86,25,timeout,1.0777860882573245
PEM,M5,long,2022-07-19 17:55:00+00:00,2022-07-19 19:00:00+00:00,1715.941,1713.998,1713.998,1719.827,14,sl,-1.0
PEM,M5,short,2022-07-20 01:50:00+00:00,2022-07-20 02:20:00+00:00,1710.098,1711.384,1711.384,1707.5259999999998,7,sl,-1.0
PEM,M5,short,2022-07-20 12:20:00+00:00,2022-07-20 14:20:00+00:00,1710.604,1708.078,1713.294,1705.224,25,timeout,0.9390334572490766
PEM,M5,long,2022-07-20 16:40:00+00:00,2022-07-20 17:45:00+00:00,1712.531,1709.351,1709.351,1718.8909999999996,14,sl,-1.0
PEM,M5,short,2022-07-20 18:45:00+00:00,2022-07-20 19:10:00+00:00,1706.737,1708.791,1708.791,1702.6290000000004,6,sl,-1.0
PEM,M5,short,2022-07-20 23:55:00+00:00,2022-07-21 01:55:00+00:00,1701.924,1701.048,1706.858,1692.056,25,timeout,0.17754357519253786
PEM,M5,short,2022-07-21 02:05:00+00:00,2022-07-21 02:45:00+00:00,1701.006,1698.5100000000004,1702.254,1698.5100000000004,9,tp,2.0
PEM,M5,short,2022-07-21 14:15:00+00:00,2022-07-21 14:25:00+00:00,1687.978,1690.388,1690.388,1683.1580000000004,3,sl,-1.0
PEM,M5,short,2022-07-21 15:40:00+00:00,2022-07-21 16:05:00+00:00,1687.658,1684.4979999999996,1689.238,1684.4979999999996,6,tp,2.0
PEM,M5,short,2022-07-21 17:10:00+00:00,2022-07-21 19:10:00+00:00,1682.864,1684.225,1686.404,1675.784,25,timeout,-0.3844632768361272
PEM,M5,long,2022-07-22 03:10:00+00:00,2022-07-22 05:15:00+00:00,1719.378,1717.334,1717.334,1723.4659999999997,15,sl,-1.0
PEM,M5,long,2022-07-22 14:25:00+00:00,2022-07-22 14:35:00+00:00,1718.226,1717.148,1717.148,1720.3820000000005,3,sl,-1.0
PEM,M5,long,2022-07-22 15:35:00+00:00,2022-07-22 15:45:00+00:00,1719.054,1717.368,1717.368,1722.4260000000004,3,sl,-1.0
PEM,M5,short,2022-07-23 00:40:00+00:00,2022-07-23 01:15:00+00:00,1726.808,1722.408,1729.008,1722.408,8,tp,2.0
PEM,M5,long,2022-07-23 03:40:00+00:00,2022-07-25 06:35:00+00:00,1725.864,1724.548,1722.778,1732.036,25,timeout,-0.4264419961114794
PEM,M5,long,2022-07-25 09:20:00+00:00,2022-07-25 11:20:00+00:00,1725.052,1726.598,1721.878,1731.3999999999999,25,timeout,0.48708254568369874
PEM,M5,long,2022-07-25 15:20:00+00:00,2022-07-25 16:15:00+00:00,1726.778,1730.2279999999998,1725.053,1730.2279999999998,12,tp,2.0
PEM,M5,long,2022-07-26 08:50:00+00:00,2022-07-26 10:50:00+00:00,1727.238,1724.118,1718.704,1744.3060000000003,25,timeout,-0.3655964377783079
PEM,M5,long,2022-07-26 13:40:00+00:00,2022-07-26 15:40:00+00:00,1723.614,1721.504,1721.048,1728.746,25,timeout,-0.8222915042868675
PEM,M5,short,2022-07-26 16:35:00+00:00,2022-07-26 18:35:00+00:00,1719.604,1718.214,1727.124,1704.564,25,timeout,0.18484042553192864
PEM,M5,short,2022-07-26 20:10:00+00:00,2022-07-26 20:35:00+00:00,1717.514,1720.684,1720.684,1711.1739999999998,6,sl,-1.0
PEM,M5,short,2022-07-26 21:55:00+00:00,2022-07-26 23:55:00+00:00,1716.228,1719.048,1721.184,1706.3160000000003,25,timeout,-0.5690072639225164
PEM,M5,short,2022-07-27 00:45:00+00:00,2022-07-27 02:45:00+00:00,1717.888,1717.618,1719.498,1714.6679999999997,25,timeout,0.16770186335401271
PEM,M5,short,2022-07-27 09:25:00+00:00,2022-07-27 11:25:00+00:00,1715.934,1716.568,1719.394,1709.014,25,timeout,-0.18323699421965545
PEM,M5,long,2022-07-27 23:20:00+00:00,2022-07-28 01:05:00+00:00,1721.054,1726.3740000000003,1718.394,1726.3740000000003,22,tp,2.0
PEM,M5,long,2022-07-28 06:50:00+00:00,2022-07-28 07:30:00+00:00,1738.948,1736.598,1736.598,1743.6480000000004,9,sl,-1.0
PEM,M5,long,2022-07-28 10:00:00+00:00,2022-07-28 12:00:00+00:00,1737.424,1736.438,1734.938,1742.3959999999997,25,timeout,-0.3966210780369772
PEM,M5,long,2022-07-28 22:05:00+00:00,2022-07-29 00:05:00+00:00,1755.138,1754.564,1748.41,1768.5939999999996,25,timeout,-0.08531510107013311
PEM,M5,long,2022-07-29 02:10:00+00:00,2022-07-29 05:05:00+00:00,1753.538,1755.378,1750.818,1758.978,25,timeout,0.6764705882352572
PEM,M5,long,2022-07-29 10:05:00+00:00,2022-07-29 10:25:00+00:00,1755.328,1758.708,1753.638,1758.708,5,tp,2.0
PEM,M5,long,2022-07-29 10:45:00+00:00,2022-07-29 10:55:00+00:00,1759.448,1762.5160000000003,1757.914,1762.5160000000003,3,tp,2.0
PEM,M5,short,2022-07-29 19:15:00+00:00,2022-07-29 19:25:00+00:00,1758.238,1761.219,1761.219,1752.276,3,sl,-1.0
PEM,M5,long,2022-07-29 22:25:00+00:00,2022-07-30 00:25:00+00:00,1765.248,1762.868,1754.724,1786.2960000000003,25,timeout,-0.22614975294565595
PEM,M5,long,2022-07-30 00:55:00+00:00,2022-07-30 02:00:00+00:00,1765.938,1763.644,1763.644,1770.5260000000003,14,sl,-1.0
PEM,M5,short,2022-08-01 06:30:00+00:00,2022-08-01 08:30:00+00:00,1762.054,1763.954,1765.85,1754.4620000000004,25,timeout,-0.5005268703898716
PEM,M5,short,2022-08-01 11:55:00+00:00,2022-08-01 13:45:00+00:00,1759.854,1764.278,1764.278,1751.006,23,sl,-1.0
PEM,M5,long,2022-08-01 16:45:00+00:00,2022-08-01 18:45:00+00:00,1769.267,1772.598,1764.445,1778.9110000000003,25,timeout,0.6907922024056041
PEM,M5,long,2022-08-02 02:40:00+00:00,2022-08-02 05:35:00+00:00,1771.194,1771.464,1768.634,1776.3139999999999,25,timeout,0.10546874999999514
PEM,M5,long,2022-08-02 22:40:00+00:00,2022-08-02 23:00:00+00:00,1781.194,1777.454,1777.454,1788.674,5,sl,-1.0
PEM,M5,short,2022-08-03 00:40:00+00:00,2022-08-03 02:40:00+00:00,1771.754,1763.242,1777.038,1761.1859999999997,25,timeout,1.6109008327024552
PEM,M5,short,2022-08-03 04:00:00+00:00,2022-08-03 06:55:00+00:00,1760.734,1756.088,1766.052,1750.098,25,timeout,0.8736367055283889
PEM,M5,long,2022-08-03 10:10:00+00:00,2022-08-03 12:10:00+00:00,1766.678,1768.349,1762.888,1774.2580000000005,25,timeout,0.4408970976252606
PEM,M5,long,2022-08-03 18:25:00+00:00,2022-08-03 20:25:00+00:00,1766.022,1768.554,1760.772,1776.522,25,timeout,0.4822857142857434
PEM,M5,long,2022-08-04 01:00:00+00:00,2022-08-04 01:45:00+00:00,1761.748,1760.424,1760.424,1764.3960000000002,10,sl,-1.0
PEM,M5,long,2022-08-04 02:25:00+00:00,2022-08-04 05:20:00+00:00,1764.958,1764.024,1762.028,1770.8180000000002,25,timeout,-0.3187713310580806
PEM,M5,long,2022-08-04 13:55:00+00:00,2022-08-04 15:55:00+00:00,1771.858,1775.7139999999997,1769.93,1775.7139999999997,25,tp,2.0
PEM,M5,long,2022-08-04 17:00:00+00:00,2022-08-04 19:00:00+00:00,1779.844,1784.7760000000003,1777.378,1784.7760000000003,25,tp,2.0
PEM,M5,long,2022-08-04 22:30:00+00:00,2022-08-05 00:30:00+00:00,1788.114,1789.434,1785.178,1793.9859999999999,25,timeout,0.44959128065394127
PEM,M5,long,2022-08-05 01:00:00+00:00,2022-08-05 03:00:00+00:00,1792.544,1793.088,1789.264,1799.1040000000005,25,timeout,0.16585365853653533
PEM,M5,short,2022-08-05 05:15:00+00:00,2022-08-05 06:10:00+00:00,1789.914,1791.624,1791.624,1786.494,12,sl,-1.0
PEM,M5,short,2022-08-05 15:30:00+00:00,2022-08-05 17:30:00+00:00,1786.095,1786.498,1789.804,1778.677,25,timeout,-0.10865462388784403
PEM,M5,short,2022-08-06 02:05:00+00:00,2022-08-06 02:30:00+00:00,1772.648,1774.874,1774.874,1768.1959999999997,6,sl,-1.0
PEM,M5,short,2022-08-08 10:05:00+00:00,2022-08-08 12:05:00+00:00,1773.254,1771.798,1775.238,1769.2859999999996,25,timeout,0.733870967741831
PEM,M5,long,2022-08-08 17:45:00+00:00,2022-08-08 18:10:00+00:00,1778.584,1782.3840000000002,1776.684,1782.3840000000002,6,tp,2.0
PEM,M5,long,2022-08-08 21:45:00+00:00,2022-08-08 23:45:00+00:00,1789.314,1787.614,1782.128,1803.6860000000004,25,timeout,-0.23657111049262597
PEM,M5,long,2022-08-09 00:40:00+00:00,2022-08-09 02:40:00+00:00,1788.928,1787.408,1785.534,1795.7160000000001,25,timeout,-0.4478491455510332
PEM,M5,short,2022-08-09 09:10:00+00:00,2022-08-09 11:10:00+00:00,1783.618,1785.398,1788.814,1773.2259999999997,25,timeout,-0.34257120862200247
PEM,M5,long,2022-08-09 17:05:00+00:00,2022-08-09 19:05:00+00:00,1791.202,1790.334,1788.127,1797.352,25,timeout,-0.28227642276420334
PEM,M5,long,2022-08-09 22:55:00+00:00,2022-08-10 00:55:00+00:00,1794.998,1794.188,1792.138,1800.7180000000003,25,timeout,-0.28321678321675153
PEM,M5,long,2022-08-10 21:40:00+00:00,2022-08-10 23:40:00+00:00,1799.604,1799.894,1795.744,1807.3240000000003,25,timeout,0.07512953367874457
PEM,M5,long,2022-08-10 23:45:00+00:00,2022-08-11 00:20:00+00:00,1799.894,1796.966,1796.966,1805.7500000000002,8,sl,-1.0
PEM,M5,short,2022-08-11 09:50:00+00:00,2022-08-11 10:35:00+00:00,1784.798,1787.384,1787.384,1779.626,10,sl,-1.0
PEM,M5,short,2022-08-11 11:00:00+00:00,2022-08-11 11:10:00+00:00,1785.994,1786.928,1786.928,1784.1259999999995,3,sl,-1.0
PEM,M5,short,2022-08-11 11:35:00+00:00,2022-08-11 13:20:00+00:00,1785.408,1786.984,1786.984,1782.2559999999999,22,sl,-1.0
PEM,M5,long,2022-08-11 16:05:00+00:00,2022-08-11 18:05:00+00:00,1789.868,1791.108,1786.468,1796.6679999999997,25,timeout,0.3647058823529585
PEM,M5,short,2022-08-12 06:20:00+00:00,2022-08-12 06:50:00+00:00,1787.154,1787.918,1787.918,1785.6260000000002,7,sl,-1.0
PEM,M5,long,2022-08-12 09:25:00+00:00,2022-08-12 09:30:00+00:00,1788.268,1786.838,1786.838,1791.1280000000002,2,sl,-1.0
PEM,M5,long,2022-08-12 10:00:00+00:00,2022-08-12 12:00:00+00:00,1788.818,1790.374,1786.768,1792.918,25,timeout,0.7590243902439388
PEM,M5,long,2022-08-12 22:10:00+00:00,2022-08-13 00:05:00+00:00,1793.735,1798.5089999999998,1791.348,1798.5089999999998,24,tp,2.0
PEM,M5,long,2022-08-13 02:45:00+00:00,2022-08-13 03:15:00+00:00,1801.618,1800.358,1800.358,1804.138,7,sl,-1.0
PEM,M5,long,2022-08-13 04:00:00+00:00,2022-08-15 05:45:00+00:00,1801.424,1800.128,1800.128,1804.016,11,sl,-1.0
PEM,M5,short,2022-08-15 05:55:00+00:00,2022-08-15 07:55:00+00:00,1799.918,1800.798,1800.798,1798.1579999999997,25,sl,-1.0
PEM,M5,short,2022-08-15 10:30:00+00:00,2022-08-15 12:25:00+00:00,1795.028,1792.3480000000002,1796.368,1792.3480000000002,24,tp,2.0
PEM,M5,short,2022-08-15 13:05:00+00:00,2022-08-15 14:50:00+00:00,1792.088,1787.3879999999997,1794.438,1787.3879999999997,22,tp,2.0
PEM,M5,short,2022-08-15 16:35:00+00:00,2022-08-15 18:35:00+00:00,1781.944,1773.998,1791.988,1761.8559999999998,25,timeout,0.7911190760652963
PEM,M5,short,2022-08-15 18:40:00+00:00,2022-08-15 19:25:00+00:00,1773.998,1781.474,1781.474,1759.0460000000003,10,sl,-1.0
PEM,M5,short,2022-08-15 21:05:00+00:00,2022-08-15 22:00:00+00:00,1776.148,1779.144,1779.144,1770.1559999999997,12,sl,-1.0
PEM,M5,short,2022-08-16 08:05:00+00:00,2022-08-16 08:40:00+00:00,1777.294,1778.964,1778.964,1773.9540000000004,8,sl,-1.0
PEM,M5,long,2022-08-16 09:10:00+00:00,2022-08-16 11:10:00+00:00,1780.844,1781.278,1776.668,1789.1960000000004,25,timeout,0.10392720306512275
PEM,M5,short,2022-08-16 22:30:00+00:00,2022-08-17 00:30:00+00:00,1774.564,1774.724,1777.418,1768.8560000000004,25,timeout,-0.056061667834570734
PEM,M5,short,2022-08-17 01:50:00+00:00,2022-08-17 02:00:00+00:00,1775.355,1776.884,1776.884,1772.297,3,sl,-1.0
PEM,M5,short,2022-08-17 03:05:00+00:00,2022-08-17 06:00:00+00:00,1775.374,1774.998,1776.998,1772.126,25,timeout,0.23152709359604118
PEM,M5,long,2022-08-17 11:05:00+00:00,2022-08-17 11:40:00+00:00,1775.968,1778.6680000000003,1774.618,1778.6680000000003,8,tp,2.0
PEM,M5,long,2022-08-17 15:45:00+00:00,2022-08-17 17:30:00+00:00,1776.385,1771.884,1771.884,1785.387,22,sl,-1.0
PEM,M5,short,2022-08-17 17:35:00+00:00,2022-08-17 18:20:00+00:00,1772.448,1767.948,1774.698,1767.948,10,tp,2.0
PEM,M5,short,2022-08-17 22:50:00+00:00,2022-08-18 00:50:00+00:00,1761.968,1761.254,1764.124,1757.6560000000002,25,timeout,0.33116883116891743
PEM,M5,long,2022-08-18 01:15:00+00:00,2022-08-18 03:15:00+00:00,1764.73,1765.074,1761.048,1772.094,25,timeout,0.09342748506247947
PEM,M5,short,2022-08-18 03:35:00+00:00,2022-08-18 06:30:00+00:00,1763.314,1763.528,1765.188,1759.566,25,timeout,-0.11419423692632823
PEM,M5,long,2022-08-18 07:45:00+00:00,2022-08-18 09:25:00+00:00,1765.858,1764.474,1764.474,1768.626,21,sl,-1.0
PEM,M5,short,2022-08-18 09:35:00+00:00,2022-08-18 11:35:00+00:00,1763.928,1761.998,1766.678,1758.428,25,timeout,0.701818181818205
PEM,M5,long,2022-08-18 15:50:00+00:00,2022-08-18 17:10:00+00:00,1764.724,1770.356,1761.908,1770.356,17,tp,2.0
PEM,M5,short,2022-08-18 20:15:00+00:00,2022-08-18 22:15:00+00:00,1763.094,1761.614,1770.894,1747.4940000000001,25,timeout,0.18974358974359318
PEM,M5,short,2022-08-19 07:15:00+00:00,2022-08-19 09:15:00+00:00,1755.978,1756.004,1758.584,1750.766,25,timeout,-0.009976976208687637
PEM,M5,short,2022-08-19 14:20:00+00:00,2022-08-19 16:20:00+00:00,1753.548,1753.818,1757.178,1746.2879999999998,25,timeout,-0.07438016528924896
PEM,M5,short,2022-08-19 17:10:00+00:00,2022-08-19 19:10:00+00:00,1750.004,1750.759,1754.398,1741.216,25,timeout,-0.17182521620393906
PEM,M5,short,2022-08-20 01:50:00+00:00,2022-08-20 03:50:00+00:00,1747.274,1746.448,1749.214,1743.3939999999998,25,timeout,0.42577319587617074
PEM,M5,long,2022-08-22 05:40:00+00:00,2022-08-22 06:40:00+00:00,1747.698,1746.078,1746.078,1750.9380000000003,13,sl,-1.0
PEM,M5,short,2022-08-22 13:10:00+00:00,2022-08-22 15:10:00+00:00,1742.138,1736.782,1745.194,1736.0259999999998,25,timeout,1.7526178010470956
PEM,M5,short,2022-08-22 16:40:00+00:00,2022-08-22 16:45:00+00:00,1732.144,1733.618,1733.618,1729.1960000000001,2,sl,-1.0
PEM,M5,short,2022-08-22 18:40:00+00:00,2022-08-22 20:25:00+00:00,1732.768,1735.734,1735.734,1726.8360000000002,22,sl,-1.0
PEM,M5,short,2022-08-22 22:35:00+00:00,2022-08-23 00:35:00+00:00,1734.394,1736.564,1737.118,1728.9460000000001,25,timeout,-0.7966226138032769
PEM,M5,short,2022-08-23 02:40:00+00:00,2022-08-23 05:35:00+00:00,1735.502,1735.531,1737.614,1731.2779999999998,25,timeout,-0.013731060606058363
PEM,M5,short,2022-08-23 06:40:00+00:00,2022-08-23 07:20:00+00:00,1734.911,1735.638,1735.638,1733.4570000000003,9,sl,-1.0
PEM,M5,short,2022-08-23 17:20:00+00:00,2022-08-23 19:20:00+00:00,1736.348,1733.968,1741.368,1726.308,25,timeout,0.47410358565734867
PEM,M5,short,2022-08-23 19:25:00+00:00,2022-08-23 20:25:00+00:00,1733.968,1738.294,1738.294,1725.316,13,sl,-1.0
PEM,M5,long,2022-08-24 04:00:00+00:00,2022-08-24 05:10:00+00:00,1748.064,1747.104,1747.104,1749.9840000000002,4,sl,-1.0
PEM,M5,long,2022-08-24 09:10:00+00:00,2022-08-24 09:30:00+00:00,1747.238,1745.378,1745.378,1750.9580000000003,5,sl,-1.0
PEM,M5,short,2022-08-24 09:40:00+00:00,2022-08-24 11:30:00+00:00,1745.008,1746.214,1746.214,1742.5960000000002,23,sl,-1.0
PEM,M5,long,2022-08-24 15:45:00+00:00,2022-08-24 17:25:00+00:00,1751.308,1746.538,1746.538,1760.848,21,sl,-1.0
PEM,M5,short,2022-08-24 18:40:00+00:00,2022-08-24 18:45:00+00:00,1742.984,1745.494,1745.494,1737.964,2,sl,-1.0
PEM,M5,short,2022-08-24 19:50:00+00:00,2022-08-24 20:00:00+00:00,1743.522,1746.394,1746.394,1737.7779999999998,3,sl,-1.0
PEM,M5,long,2022-08-25 03:00:00+00:00,2022-08-25 05:55:00+00:00,1752.004,1751.268,1749.768,1756.4759999999997,25,timeout,-0.329159212880106
PEM,M5,long,2022-08-25 06:15:00+00:00,2022-08-25 06:55:00+00:00,1751.448,1750.828,1750.828,1752.6880000000003,9,sl,-1.0
PEM,M5,long,2022-08-25 09:35:00+00:00,2022-08-25 11:35:00+00:00,1756.118,1756.178,1753.138,1762.078,25,timeout,0.02013422818797733
PEM,M5,long,2022-08-25 14:15:00+00:00,2022-08-25 16:15:00+00:00,1761.964,1764.094,1756.904,1772.0839999999998,25,timeout,0.4209486166008166
PEM,M5,short,2022-08-25 22:40:00+00:00,2022-08-25 23:45:00+00:00,1755.084,1756.768,1756.768,1751.7160000000001,14,sl,-1.0
PEM,M5,short,2022-08-26 14:00:00+00:00,2022-08-26 16:00:00+00:00,1755.414,1751.698,1758.684,1748.874,25,timeout,1.1363914373088426
PEM,M5,short,2022-08-26 17:45:00+00:00,2022-08-26 19:30:00+00:00,1746.868,1749.978,1749.978,1740.6479999999997,22,sl,-1.0
PEM,M5,short,2022-08-26 22:00:00+00:00,2022-08-27 00:00:00+00:00,1740.108,1735.608,1753.684,1712.956,25,timeout,0.3314672952268704
PEM,M5,short,2022-08-29 06:30:00+00:00,2022-08-29 08:25:00+00:00,1734.554,1728.7060000000001,1737.478,1728.7060000000001,24,tp,2.0
PEM,M5,short,2022-08-29 11:50:00+00:00,2022-08-29 12:40:00+00:00,1721.164,1723.858,1723.858,1715.776,11,sl,-1.0
PEM,M5,short,2022-08-29 15:15:00+00:00,2022-08-29 16:15:00+00:00,1720.648,1723.238,1723.238,1715.4679999999996,13,sl,-1.0
PEM,M5,long,2022-08-29 17:30:00+00:00,2022-08-29 19:30:00+00:00,1725.968,1732.548,1721.458,1734.988,25,timeout,1.458980044345885
PEM,M5,long,2022-08-29 21:20:00+00:00,2022-08-29 21:55:00+00:00,1744.704,1737.938,1737.938,1758.2359999999996,8,sl,-1.0
PEM,M5,long,2022-08-30 03:05:00+00:00,2022-08-30 06:00:00+00:00,1737.518,1736.418,1736.038,1740.478,25,timeout,-0.7432432432433262
PEM,M5,short,2022-08-30 12:20:00+00:00,2022-08-30 14:20:00+00:00,1734.408,1729.5279999999998,1736.848,1729.5279999999998,25,tp,2.0
PEM,M5,short,2022-08-30 14:25:00+00:00,2022-08-30 14:40:00+00:00,1729.954,1733.678,1733.678,1722.5059999999996,4,sl,-1.0
PEM,M5,short,2022-08-30 16:15:00+00:00,2022-08-30 16:25:00+00:00,1732.188,1735.064,1735.064,1726.4360000000001,3,sl,-1.0
PEM,M5,short,2022-08-30 19:30:00+00:00,2022-08-30 19:30:00+00:00,1730.468,1732.738,1732.738,1725.928,1,sl,-1.0
PEM,M5,long,2022-08-31 02:15:00+00:00,2022-08-31 02:55:00+00:00,1725.448,1723.364,1723.364,1729.6160000000002,9,sl,-1.0
PEM,M5,long,2022-08-31 11:10:00+00:00,2022-08-31 13:10:00+00:00,1724.434,1724.568,1722.328,1728.646,25,timeout,0.06362773029440404
PEM,M5,short,2022-08-31 13:50:00+00:00,2022-08-31 15:50:00+00:00,1721.268,1714.314,1725.594,1712.616,25,timeout,1.6074895977808406
PEM,M5,short,2022-09-01 01:00:00+00:00,2022-09-01 02:40:00+00:00,1712.768,1709.7240000000002,1714.29,1709.7240000000002,21,tp,2.0
PEM,M5,short,2022-09-01 06:10:00+00:00,2022-09-01 08:10:00+00:00,1708.584,1705.184,1710.588,1704.5760000000002,25,timeout,1.6966067864272711
PEM,M5,short,2022-09-01 08:40:00+00:00,2022-09-01 10:40:00+00:00,1704.384,1705.828,1708.314,1696.524,25,timeout,-0.3674300254452765
PEM,M5,short,2022-09-01 15:20:00+00:00,2022-09-01 16:40:00+00:00,1702.368,1707.658,1707.658,1691.788,17,sl,-1.0
PEM,M5,short,2022-09-01 17:45:00+00:00,2022-09-01 19:45:00+00:00,1700.008,1697.004,1704.284,1691.456,25,timeout,0.7025257249766337
PEM,M5,long,2022-09-02 05:00:00+00:00,2022-09-02 05:00:00+00:00,1696.608,1696.048,1696.048,1697.7279999999998,1,sl,-1.0
PEM,M5,long,2022-09-02 07:35:00+00:00,2022-09-02 08:15:00+00:00,1698.928,1697.088,1697.088,1702.6080000000004,9,sl,-1.0
PEM,M5,long,2022-09-02 21:50:00+00:00,2022-09-02 23:50:00+00:00,1716.504,1713.324,1708.498,1732.5159999999996,25,timeout,-0.39720209842616694
PEM,M5,short,2022-09-03 00:30:00+00:00,2022-09-03 01:35:00+00:00,1711.628,1714.374,1714.374,1706.1359999999997,14,sl,-1.0
PEM,M5,long,2022-09-03 01:40:00+00:00,2022-09-03 01:55:00+00:00,1714.794,1712.974,1712.974,1718.4340000000004,4,sl,-1.0
PEM,M5,short,2022-09-03 02:45:00+00:00,2022-09-05 05:40:00+00:00,1708.978,1710.614,1714.034,1698.866,25,timeout,-0.32357594936707956
PEM,M5,short,2022-09-05 05:55:00+00:00,2022-09-05 07:55:00+00:00,1709.648,1709.068,1711.278,1706.3879999999997,25,timeout,0.35582822085882726
PEM,M5,long,2022-09-05 11:35:00+00:00,2022-09-05 12:20:00+00:00,1713.624,1711.098,1711.098,1718.6760000000002,10,sl,-1.0
PEM,M5,short,2022-09-05 13:40:00+00:00,2022-09-05 13:55:00+00:00,1710.044,1711.654,1711.654,1706.8240000000003,4,sl,-1.0
PEM,M5,long,2022-09-05 15:10:00+00:00,2022-09-05 17:10:00+00:00,1711.694,1714.416,1708.395,1718.292,25,timeout,0.825098514701424
PEM,M5,long,2022-09-05 17:20:00+00:00,2022-09-05 17:35:00+00:00,1714.758,1713.618,1713.618,1717.0380000000002,4,sl,-1.0
PEM,M5,long,2022-09-06 07:15:00+00:00,2022-09-06 07:35:00+00:00,1715.144,1717.76,1713.836,1717.76,5,tp,2.0
PEM,M5,long,2022-09-06 12:45:00+00:00,2022-09-06 14:20:00+00:00,1718.271,1715.068,1715.068,1724.677,20,sl,-1.0
PEM,M5,short,2022-09-06 15:40:00+00:00,2022-09-06 17:05:00+00:00,1713.975,1710.6789999999996,1715.623,1710.6789999999996,18,tp,2.0
PEM,M5,short,2022-09-06 22:30:00+00:00,2022-09-07 00:30:00+00:00,1702.464,1701.878,1708.194,1691.004,25,timeout,0.10226876090750626
PEM,M5,short,2022-09-07 05:55:00+00:00,2022-09-07 06:30:00+00:00,1701.004,1702.264,1702.264,1698.484,8,sl,-1.0
PEM,M5,short,2022-09-07 07:30:00+00:00,2022-09-07 09:30:00+00:00,1696.614,1697.088,1703.738,1682.366,25,timeout,-0.06653565412688534
PEM,M5,short,2022-09-07 10:05:00+00:00,2022-09-07 11:30:00+00:00,1695.237,1691.335,1697.188,1691.335,18,tp,2.0
PEM,M5,long,2022-09-07 23:50:00+00:00,2022-09-08 01:50:00+00:00,1712.921,1714.474,1709.488,1719.787,25,timeout,0.4523740168948112
PEM,M5,short,2022-09-08 09:45:00+00:00,2022-09-08 10:15:00+00:00,1713.588,1715.518,1715.518,1709.7279999999998,7,sl,-1.0
PEM,M5,long,2022-09-08 14:05:00+00:00,2022-09-08 14:30:00+00:00,1720.281,1718.149,1718.149,1724.545,6,sl,-1.0
PEM,M5,long,2022-09-08 15:25:00+00:00,2022-09-08 15:30:00+00:00,1718.429,1717.104,1717.104,1721.0790000000002,2,sl,-1.0
PEM,M5,long,2022-09-08 17:00:00+00:00,2022-09-08 19:00:00+00:00,1720.99,1724.668,1717.424,1728.122,25,timeout,1.0314077397644004
PEM,M5,short,2022-09-09 01:55:00+00:00,2022-09-09 03:55:00+00:00,1707.898,1708.608,1709.822,1704.05,25,timeout,-0.3690228690228921
PEM,M5,long,2022-09-09 10:30:00+00:00,2022-09-09 12:30:00+00:00,1719.728,1720.594,1717.428,1724.328,25,timeout,0.3765217391304359
PEM,M5,long,2022-09-09 13:50:00+00:00,2022-09-09 14:05:00+00:00,1721.674,1725.386,1719.818,1725.386,4,tp,2.0
PEM,M5,long,2022-09-09 17:10:00+00:00,2022-09-09 17:20:00+00:00,1728.688,1726.384,1726.384,1733.2960000000003,3,sl,-1.0
PEM,M5,short,2022-09-09 23:00:00+00:00,2022-09-09 23:45:00+00:00,1716.388,1718.518,1718.518,1712.1279999999997,10,sl,-1.0
PEM,M5,short,2022-09-10 01:05:00+00:00,2022-09-10 03:05:00+00:00,1716.284,1715.554,1720.194,1708.4640000000004,25,timeout,0.1867007672634387
PEM,M5,long,2022-09-10 04:00:00+00:00,2022-09-12 06:55:00+00:00,1717.164,1718.135,1715.414,1720.664,25,timeout,0.5548571428571449
PEM,M5,short,2022-09-12 08:10:00+00:00,2022-09-12 08:30:00+00:00,1716.104,1717.914,1717.914,1712.4840000000002,5,sl,-1.0
PEM,M5,short,2022-09-12 09:30:00+00:00,2022-09-12 11:30:00+00:00,1714.948,1711.938,1716.834,1711.1760000000002,25,timeout,1.5959703075291851
PEM,M5,long,2022-09-12 21:55:00+00:00,2022-09-12 22:55:00+00:00,1729.129,1734.399,1726.494,1734.399,13,tp,2.0
PEM,M5,long,2022-09-12 23:00:00+00:00,2022-09-12 23:45:00+00:00,1734.747,1731.114,1731.114,1742.0130000000001,10,sl,-1.0
PEM,M5,short,2022-09-13 01:05:00+00:00,2022-09-13 01:30:00+00:00,1728.444,1725.1439999999998,1730.094,1725.1439999999998,6,tp,2.0
PEM,M5,short,2022-09-13 12:15:00+00:00,2022-09-13 12:20:00+00:00,1720.788,1722.284,1722.284,1717.7959999999998,2,sl,-1.0
PEM,M5,long,2022-09-13 18:15:00+00:00,2022-09-13 19:30:00+00:00,1729.834,1727.31,1727.31,1734.8820000000003,16,sl,-1.0
PEM,M5,short,2022-09-14 03:30:00+00:00,2022-09-14 06:25:00+00:00,1701.768,1701.948,1703.228,1698.848,25,timeout,-0.12328767123291724
PEM,M5,short,2022-09-14 12:55:00+00:00,2022-09-14 14:10:00+00:00,1701.778,1703.364,1703.364,1698.606,16,sl,-1.0
PEM,M5,long,2022-09-14 20:55:00+00:00,2022-09-14 21:05:00+00:00,1705.378,1702.428,1702.428,1711.2779999999996,3,sl,-1.0
PEM,M5,short,2022-09-14 23:30:00+00:00,2022-09-15 01:00:00+00:00,1701.614,1697.386,1703.728,1697.386,19,tp,2.0
PEM,M5,long,2022-09-15 06:25:00+00:00,2022-09-15 07:15:00+00:00,1697.918,1696.488,1696.488,1700.7779999999996,11,sl,-1.0
PEM,M5,short,2022-09-15 09:20:00+00:00,2022-09-15 11:20:00+00:00,1694.318,1692.154,1696.864,1689.2259999999999,25,timeout,0.8499607227022566
PEM,M5,short,2022-09-15 11:40:00+00:00,2022-09-15 13:40:00+00:00,1690.324,1687.618,1692.904,1685.1640000000002,25,timeout,1.0488372093024059
PEM,M5,short,2022-09-15 18:15:00+00:00,2022-09-15 19:50:00+00:00,1685.158,1690.188,1690.188,1675.0979999999995,20,sl,-1.0
PEM,M5,short,2022-09-15 21:40:00+00:00,2022-09-15 21:55:00+00:00,1683.388,1669.924,1690.12,1669.924,4,tp,2.0
PEM,M5,short,2022-09-16 12:20:00+00:00,2022-09-16 13:40:00+00:00,1663.338,1659.5179999999998,1665.248,1659.5179999999998,17,tp,2.0
PEM,M5,long,2022-09-16 21:10:00+00:00,2022-09-16 23:10:00+00:00,1667.055,1674.095,1659.825,1681.515,25,timeout,0.9737206085753729
PEM,M5,long,2022-09-17 01:30:00+00:00,2022-09-17 03:30:00+00:00,1674.498,1674.872,1671.058,1681.3780000000002,25,timeout,0.1087209302325633
PEM,M5,short,2022-09-19 07:50:00+00:00,2022-09-19 08:35:00+00:00,1676.608,1672.1139999999998,1678.855,1672.1139999999998,10,tp,2.0
PEM,M5,short,2022-09-19 11:20:00+00:00,2022-09-19 13:20:00+00:00,1667.165,1665.488,1673.315,1654.8649999999998,25,timeout,0.27268292682924916
PEM,M5,short,2022-09-19 14:15:00+00:00,2022-09-19 15:40:00+00:00,1663.998,1666.468,1666.468,1659.058,18,sl,-1.0
PEM,M5,long,2022-09-19 22:05:00+00:00,2022-09-20 00:05:00+00:00,1672.868,1670.805,1666.738,1685.1279999999997,25,timeout,-0.33654159869492895
PEM,M5,long,2022-09-20 02:50:00+00:00,2022-09-20 05:45:00+00:00,1674.605,1675.268,1670.508,1682.799,25,timeout,0.1618257261410823
PEM,M5,long,2022-09-20 07:10:00+00:00,2022-09-20 08:35:00+00:00,1678.825,1674.835,1674.835,1686.805,18,sl,-1.0
PEM,M5,short,2022-09-20 14:45:00+00:00,2022-09-20 15:30:00+00:00,1672.895,1668.069,1675.308,1668.069,10,tp,2.0
PEM,M5,short,2022-09-20 16:00:00+00:00,2022-09-20 16:45:00+00:00,1669.385,1667.265,1670.445,1667.265,10,tp,2.0
PEM,M5,short,2022-09-20 18:45:00+00:00,2022-09-20 20:40:00+00:00,1666.895,1661.6749999999997,1669.505,1661.6749999999997,24,tp,2.0
PEM,M5,short,2022-09-21 00:35:00+00:00,2022-09-21 02:35:00+00:00,1662.208,1665.785,1665.785,1655.054,25,sl,-1.0
PEM,M5,long,2022-09-21 06:10:00+00:00,2022-09-21 07:45:00+00:00,1665.534,1664.008,1664.008,1668.5860000000002,20,sl,-1.0
PEM,M5,short,2022-09-21 10:20:00+00:00,2022-09-21 12:20:00+00:00,1663.675,1664.355,1666.318,1658.389,25,timeout,-0.2572833900870436
PEM,M5,long,2022-09-21 16:25:00+00:00,2022-09-21 18:25:00+00:00,1673.868,1674.165,1664.568,1692.4679999999998,25,timeout,0.031935483870970637
PEM,M5,short,2022-09-22 06:25:00+00:00,2022-09-22 07:05:00+00:00,1669.332,1663.4600000000003,1672.268,1663.4600000000003,9,tp,2.0
PEM,M5,short,2022-09-22 07:15:00+00:00,2022-09-22 09:15:00+00:00,1663.478,1658.675,1666.938,1656.558,25,timeout,1.3881502890173585
PEM,M5,long,2022-09-23 06:45:00+00:00,2022-09-23 07:05:00+00:00,1672.195,1673.4349999999997,1671.575,1673.4349999999997,5,tp,2.0
PEM,M5,short,2022-09-23 09:25:00+00:00,2022-09-23 11:25:00+00:00,1670.428,1669.078,1671.928,1667.428,25,timeout,0.900000000000091
PEM,M5,short,2022-09-23 16:40:00+00:00,2022-09-23 18:40:00+00:00,1659.965,1646.308,1673.468,1632.9589999999996,25,timeout,1.01140487299117
PEM,M5,short,2022-09-26 12:00:00+00:00,2022-09-26 12:50:00+00:00,1636.868,1639.665,1639.665,1631.274,11,sl,-1.0
PEM,M5,long,2022-09-26 21:25:00+00:00,2022-09-26 22:30:00+00:00,1646.425,1639.532,1639.532,1660.211,14,sl,-1.0
PEM,M5,short,2022-09-27 00:20:00+00:00,2022-09-27 02:20:00+00:00,1626.995,1627.63,1631.755,1617.4749999999995,25,timeout,-0.13340336134457756
PEM,M5,short,2022-09-27 02:40:00+00:00,2022-09-27 05:35:00+00:00,1625.353,1624.785,1628.395,1619.2690000000002,25,timeout,0.18671926364234032
PEM,M5,long,2022-09-27 10:55:00+00:00,2022-09-27 12:55:00+00:00,1631.345,1636.078,1628.855,1636.325,25,timeout,1.9008032128513774
PEM,M5,long,2022-09-27 18:30:00+00:00,2022-09-27 19:00:00+00:00,1639.025,1636.515,1636.515,1644.045,7,sl,-1.0
PEM,M5,short,2022-09-27 22:30:00+00:00,2022-09-27 22:45:00+00:00,1632.158,1637.668,1637.668,1621.138,4,sl,-1.0
PEM,M5,short,2022-09-28 00:45:00+00:00,2022-09-28 00:45:00+00:00,1627.595,1629.675,1629.675,1623.4350000000002,1,sl,-1.0
PEM,M5,short,2022-09-28 09:05:00+00:00,2022-09-28 11:05:00+00:00,1623.665,1624.675,1628.808,1613.379,25,timeout,-0.19638343379350284
PEM,M5,short,2022-09-28 12:05:00+00:00,2022-09-28 12:20:00+00:00,1623.708,1624.965,1624.965,1621.1940000000004,4,sl,-1.0
PEM,M5,short,2022-09-28 18:45:00+00:00,2022-09-28 19:15:00+00:00,1622.698,1630.115,1630.115,1607.8640000000003,7,sl,-1.0
PEM,M5,short,2022-09-29 09:30:00+00:00,2022-09-29 09:30:00+00:00,1652.658,1654.388,1654.388,1649.1979999999999,1,sl,-1.0
PEM,M5,short,2022-09-29 10:05:00+00:00,2022-09-29 10:50:00+00:00,1653.348,1654.475,1654.475,1651.094,10,sl,-1.0
PEM,M5,short,2022-09-29 12:00:00+00:00,2022-09-29 12:40:00+00:00,1652.095,1647.729,1654.278,1647.729,9,tp,2.0
PEM,M5,long,2022-09-29 22:10:00+00:00,2022-09-30 00:10:00+00:00,1653.958,1658.745,1647.138,1667.5980000000004,25,timeout,0.7019061583577262
PEM,M5,long,2022-09-30 05:15:00+00:00,2022-09-30 07:15:00+00:00,1662.035,1663.095,1659.158,1667.7890000000004,25,timeout,0.3684393465414943
PEM,M5,long,2022-09-30 10:00:00+00:00,2022-09-30 12:00:00+00:00,1663.438,1663.048,1660.808,1668.6980000000003,25,timeout,-0.1482889733840623
PEM,M5,short,2022-09-30 19:00:00+00:00,2022-09-30 19:25:00+00:00,1662.943,1666.705,1666.705,1655.419,6,sl,-1.0
PEM,M5,long,2022-09-30 20:40:00+00:00,2022-09-30 22:40:00+00:00,1667.525,1673.318,1662.455,1677.6650000000004,25,timeout,1.1426035502957999
PEM,M5,short,2022-10-01 00:40:00+00:00,2022-10-01 02:40:00+00:00,1661.848,1661.178,1665.798,1653.9479999999999,25,timeout,0.16962025316451587
PEM,M5,short,2022-10-01 04:00:00+00:00,2022-10-03 05:00:00+00:00,1660.448,1662.358,1662.358,1656.6280000000004,2,sl,-1.0
PEM,M5,long,2022-10-03 08:15:00+00:00,2022-10-03 08:45:00+00:00,1665.285,1668.2790000000002,1663.788,1668.2790000000002,7,tp,2.0
PEM,M5,short,2022-10-03 11:45:00+00:00,2022-10-03 12:30:00+00:00,1662.358,1663.768,1663.768,1659.5379999999998,10,sl,-1.0
PEM,M5,long,2022-10-03 18:00:00+00:00,2022-10-03 20:00:00+00:00,1665.985,1666.215,1662.806,1672.3429999999996,25,timeout,0.07234979553319544
PEM,M5,short,2022-10-04 08:20:00+00:00,2022-10-04 10:20:00+00:00,1696.944,1695.988,1698.598,1693.636,25,timeout,0.5779927448608861
PEM,M5,long,2022-10-04 10:45:00+00:00,2022-10-04 12:45:00+00:00,1699.136,1700.124,1695.794,1705.8199999999997,25,timeout,0.29563135846801153
PEM,M5,long,2022-10-04 13:00:00+00:00,2022-10-04 15:00:00+00:00,1703.874,1708.102,1697.734,1716.1540000000002,25,timeout,0.6885993485342013
PEM,M5,long,2022-10-04 17:30:00+00:00,2022-10-04 18:00:00+00:00,1711.418,1706.874,1706.874,1720.5059999999996,7,sl,-1.0
PEM,M5,long,2022-10-04 21:45:00+00:00,2022-10-04 23:45:00+00:00,1718.208,1726.308,1703.918,1746.7880000000005,25,timeout,0.5668299510146817
PEM,M5,short,2022-10-05 09:45:00+00:00,2022-10-05 11:45:00+00:00,1719.864,1718.093,1723.098,1713.3960000000002,25,timeout,0.5476190476190477
PEM,M5,long,2022-10-05 14:00:00+00:00,2022-10-05 14:10:00+00:00,1727.147,1722.688,1722.688,1736.0649999999996,3,sl,-1.0
PEM,M5,short,2022-10-05 15:30:00+00:00,2022-10-05 17:30:00+00:00,1711.807,1708.398,1718.258,1698.905,25,timeout,0.5284452022942325
PEM,M5,short,2022-10-05 18:45:00+00:00,2022-10-05 19:40:00+00:00,1705.875,1713.042,1713.042,1691.5410000000002,12,sl,-1.0
PEM,M5,long,2022-10-06 10:20:00+00:00,2022-10-06 12:20:00+00:00,1723.358,1721.908,1720.238,1729.5979999999997,25,timeout,-0.46474358974362057
PEM,M5,long,2022-10-07 00:25:00+00:00,2022-10-07 02:25:00+00:00,1713.664,1714.548,1710.164,1720.664,25,timeout,0.2525714285714327
PEM,M5,long,2022-10-07 07:30:00+00:00,2022-10-07 08:00:00+00:00,1712.984,1711.294,1711.294,1716.3639999999996,7,sl,-1.0
PEM,M5,long,2022-10-07 16:15:00+00:00,2022-10-07 16:30:00+00:00,1713.748,1711.684,1711.684,1717.8760000000002,4,sl,-1.0
PEM,M5,long,2022-10-10 05:15:00+00:00,2022-10-10 07:15:00+00:00,1699.248,1696.664,1694.214,1709.3160000000003,25,timeout,-0.5133094954310699
PEM,M5,short,2022-10-10 10:00:00+00:00,2022-10-10 10:25:00+00:00,1691.428,1688.4760000000003,1692.904,1688.4760000000003,6,tp,2.0
PEM,M5,short,2022-10-10 13:10:00+00:00,2022-10-10 13:10:00+00:00,1686.568,1687.508,1687.508,1684.6879999999999,1,sl,-1.0
PEM,M5,short,2022-10-10 16:30:00+00:00,2022-10-10 18:30:00+00:00,1679.925,1680.628,1684.058,1671.6589999999999,25,timeout,-0.17009436244857684
PEM,M5,short,2022-10-11 03:00:00+00:00,2022-10-11 03:00:00+00:00,1667.718,1669.148,1669.148,1664.8580000000004,1,sl,-1.0
PEM,M5,long,2022-10-11 06:15:00+00:00,2022-10-11 08:15:00+00:00,1669.208,1672.8940000000002,1667.365,1672.8940000000002,25,tp,2.0
PEM,M5,short,2022-10-11 11:30:00+00:00,2022-10-11 12:55:00+00:00,1663.068,1666.538,1666.538,1656.128,18,sl,-1.0
PEM,M5,short,2022-10-11 16:40:00+00:00,2022-10-11 18:00:00+00:00,1663.708,1666.598,1666.598,1657.9280000000003,17,sl,-1.0
PEM,M5,long,2022-10-11 22:00:00+00:00,2022-10-11 22:35:00+00:00,1670.298,1677.8039999999999,1666.545,1677.8039999999999,8,tp,2.0
PEM,M5,short,2022-10-12 09:20:00+00:00,2022-10-12 11:05:00+00:00,1661.945,1666.688,1666.688,1652.4589999999996,22,sl,-1.0
PEM,M5,short,2022-10-12 21:30:00+00:00,2022-10-12 21:35:00+00:00,1668.958,1671.515,1671.515,1663.844,2,sl,-1.0
PEM,M5,long,2022-10-13 01:00:00+00:00,2022-10-13 01:10:00+00:00,1671.495,1674.9549999999995,1669.765,1674.9549999999995,3,tp,2.0
PEM,M5,short,2022-10-13 07:20:00+00:00,2022-10-13 07:35:00+00:00,1673.108,1674.628,1674.628,1670.068,4,sl,-1.0
PEM,M5,short,2022-10-13 08:35:00+00:00,2022-10-13 09:25:00+00:00,1672.733,1669.8229999999996,1674.188,1669.8229999999996,11,tp,2.0
PEM,M5,short,2022-10-13 10:10:00+00:00,2022-10-13 12:10:00+00:00,1669.115,1669.315,1671.665,1664.015,25,timeout,-0.07843137254903884
PEM,M5,long,2022-10-13 15:35:00+00:00,2022-10-13 17:35:00+00:00,1673.065,1674.968,1667.868,1683.4590000000003,25,timeout,0.3661727919953776
PEM,M5,short,2022-10-14 05:35:00+00:00,2022-10-14 05:40:00+00:00,1665.015,1665.795,1665.795,1663.4550000000002,2,sl,-1.0
PEM,M5,long,2022-10-14 10:55:00+00:00,2022-10-14 11:05:00+00:00,1669.858,1667.668,1667.668,1674.238,3,sl,-1.0
PEM,M5,short,2022-10-14 16:40:00+00:00,2022-10-14 18:40:00+00:00,1652.958,1658.884,1661.215,1636.4440000000004,25,timeout,-0.7176940777522163
PEM,M5,short,2022-10-14 21:55:00+00:00,2022-10-14 23:55:00+00:00,1646.868,1643.515,1658.783,1623.038,25,timeout,0.28140998741081397
PEM,M5,short,2022-10-15 01:25:00+00:00,2022-10-15 03:25:00+00:00,1641.488,1643.165,1645.228,1634.008,25,timeout,-0.4483957219251078
PEM,M5,long,2022-10-17 06:20:00+00:00,2022-10-17 08:20:00+00:00,1646.405,1648.808,1643.965,1651.285,25,timeout,0.9848360655737567
PEM,M5,long,2022-10-17 09:00:00+00:00,2022-10-17 11:00:00+00:00,1652.188,1649.968,1647.448,1661.6680000000001,25,timeout,-0.4683544303797517
PEM,M5,long,2022-10-17 12:15:00+00:00,2022-10-17 13:40:00+00:00,1651.435,1649.188,1649.188,1655.9289999999996,18,sl,-1.0
PEM,M5,long,2022-10-17 14:55:00+00:00,2022-10-17 16:55:00+00:00,1654.318,1656.785,1649.518,1663.918,25,timeout,0.5139583333333587
PEM,M5,short,2022-10-18 00:10:00+00:00,2022-10-18 00:15:00+00:00,1657.458,1659.208,1659.208,1653.958,2,sl,-1.0
PEM,M5,short,2022-10-18 00:55:00+00:00,2022-10-18 02:40:00+00:00,1655.648,1647.2879999999998,1659.828,1647.2879999999998,22,tp,2.0
PEM,M5,short,2022-10-18 15:50:00+00:00,2022-10-18 17:50:00+00:00,1653.088,1651.518,1656.818,1645.628,25,timeout,0.4209115281501149
PEM,M5,long,2022-10-18 18:45:00+00:00,2022-10-18 20:45:00+00:00,1653.908,1654.287,1651.148,1659.4279999999999,25,timeout,0.1373188405797587
PEM,M5,short,2022-10-19 00:10:00+00:00,2022-10-19 00:15:00+00:00,1648.947,1650.447,1650.447,1645.947,2,sl,-1.0
PEM,M5,short,2022-10-19 01:50:00+00:00,2022-10-19 03:50:00+00:00,1649.168,1651.748,1652.328,1642.8479999999997,25,timeout,-0.8164556962025594
PEM,M5,long,2022-10-19 06:10:00+00:00,2022-10-19 07:00:00+00:00,1653.148,1651.728,1651.728,1655.9879999999996,11,sl,-1.0
PEM,M5,short,2022-10-19 12:30:00+00:00,2022-10-19 12:30:00+00:00,1645.268,1646.175,1646.175,1643.4540000000002,1,sl,-1.0
PEM,M5,short,2022-10-19 16:30:00+00:00,2022-10-19 18:05:00+00:00,1640.078,1632.078,1644.078,1632.078,20,tp,2.0
PEM,M5,short,2022-10-20 09:40:00+00:00,2022-10-20 11:20:00+00:00,1622.767,1628.717,1628.717,1610.867,21,sl,-1.0
PEM,M5,long,2022-10-20 11:30:00+00:00,2022-10-20 13:30:00+00:00,1630.435,1629.818,1622.257,1646.7909999999997,25,timeout,-0.07544631939349114
PEM,M5,long,2022-10-20 16:15:00+00:00,2022-10-20 17:45:00+00:00,1631.817,1637.6170000000002,1628.917,1637.6170000000002,19,tp,2.0
PEM,M5,long,2022-10-20 19:25:00+00:00,2022-10-20 19:30:00+00:00,1638.488,1636.448,1636.448,1642.568,2,sl,-1.0
PEM,M5,long,2022-10-20 21:25:00+00:00,2022-10-20 23:25:00+00:00,1641.528,1638.027,1633.178,1658.2279999999998,25,timeout,-0.4192814371257502
PEM,M5,short,2022-10-21 02:30:00+00:00,2022-10-21 05:25:00+00:00,1625.117,1627.398,1628.758,1617.8349999999998,25,timeout,-0.626476242790415
PEM,M5,short,2022-10-21 05:40:00+00:00,2022-10-21 07:40:00+00:00,1626.467,1626.428,1628.147,1623.1070000000004,25,timeout,0.023214285714280396
PEM,M5,short,2022-10-21 10:45:00+00:00,2022-10-21 12:45:00+00:00,1622.518,1622.497,1626.298,1614.958,25,timeout,0.005555555555544528
PEM,M5,long,2022-10-21 22:55:00+00:00,2022-10-22 00:55:00+00:00,1649.237,1651.847,1622.777,1702.1570000000002,25,timeout,0.09863945578230901
PEM,M5,long,2022-10-24 05:05:00+00:00,2022-10-24 07:05:00+00:00,1661.547,1661.507,1653.728,1677.185,25,timeout,-0.0051157437012359416
PEM,M5,short,2022-10-24 11:00:00+00:00,2022-10-24 11:05:00+00:00,1653.697,1654.748,1654.748,1651.5949999999996,2,sl,-1.0
PEM,M5,short,2022-10-24 15:15:00+00:00,2022-10-24 17:15:00+00:00,1648.348,1648.787,1658.097,1628.85,25,timeout,-0.045030259513804204
PEM,M5,short,2022-10-25 09:10:00+00:00,2022-10-25 09:40:00+00:00,1649.728,1647.5080000000003,1650.838,1647.5080000000003,7,tp,2.0
PEM,M5,long,2022-10-25 10:35:00+00:00,2022-10-25 12:15:00+00:00,1651.348,1648.748,1648.748,1656.5479999999998,21,sl,-1.0
PEM,M5,short,2022-10-25 15:55:00+00:00,2022-10-25 16:50:00+00:00,1644.968,1640.3280000000002,1647.288,1640.3280000000002,12,tp,2.0
PEM,M5,long,2022-10-26 15:55:00+00:00,2022-10-26 17:55:00+00:00,1672.558,1668.838,1661.898,1693.8780000000002,25,timeout,-0.34896810506566595
PEM,M5,short,2022-10-26 20:30:00+00:00,2022-10-26 22:15:00+00:00,1661.987,1670.898,1670.898,1644.1650000000004,22,sl,-1.0
PEM,M5,long,2022-10-26 22:20:00+00:00,2022-10-26 22:55:00+00:00,1671.347,1666.358,1666.358,1681.325,8,sl,-1.0
PEM,M5,short,2022-10-27 00:35:00+00:00,2022-10-27 01:10:00+00:00,1664.648,1666.648,1666.648,1660.648,8,sl,-1.0
PEM,M5,long,2022-10-27 05:45:00+00:00,2022-10-27 07:20:00+00:00,1665.498,1668.978,1663.758,1668.978,20,tp,2.0
PEM,M5,short,2022-10-27 09:10:00+00:00,2022-10-27 11:10:00+00:00,1666.148,1663.647,1668.648,1661.148,25,timeout,1.0003999999999906
PEM,M5,short,2022-10-27 14:05:00+00:00,2022-10-27 15:20:00+00:00,1660.577,1666.108,1666.108,1649.515,16,sl,-1.0
PEM,M5,short,2022-10-27 23:30:00+00:00,2022-10-28 01:30:00+00:00,1659.737,1658.298,1662.438,1654.335,25,timeout,0.5327656423547081
PEM,M5,long,2022-10-28 05:00:00+00:00,2022-10-28 07:00:00+00:00,1661.957,1661.158,1660.887,1664.0970000000004,25,timeout,-0.7467289719626947
PEM,M5,long,2022-10-28 08:15:00+00:00,2022-10-28 10:15:00+00:00,1663.408,1663.347,1660.648,1668.9279999999999,25,timeout,-0.022101449275334053
PEM,M5,short,2022-10-28 16:20:00+00:00,2022-10-28 18:20:00+00:00,1647.438,1648.678,1651.837,1638.6400000000003,25,timeout,-0.28188224596500133
PEM,M5,short,2022-10-28 20:30:00+00:00,2022-10-28 22:30:00+00:00,1643.727,1640.908,1651.378,1628.4250000000004,25,timeout,0.3684485688145662
PEM,M5,long,2022-10-29 03:50:00+00:00,2022-10-29 04:00:00+00:00,1644.948,1643.617,1643.617,1647.6100000000004,3,sl,-1.0
PEM,M5,short,2022-10-31 06:55:00+00:00,2022-10-31 07:05:00+00:00,1643.408,1644.767,1644.767,1640.6899999999996,3,sl,-1.0
PEM,M5,short,2022-10-31 07:40:00+00:00,2022-10-31 08:05:00+00:00,1642.918,1641.2179999999996,1643.768,1641.2179999999996,6,tp,2.0
PEM,M5,long,2022-10-31 11:35:00+00:00,2022-10-31 11:40:00+00:00,1645.247,1643.647,1643.647,1648.4470000000003,2,sl,-1.0
PEM,M5,long,2022-10-31 12:15:00+00:00,2022-10-31 12:30:00+00:00,1645.138,1643.678,1643.678,1648.0579999999995,4,sl,-1.0
PEM,M5,short,2022-10-31 20:25:00+00:00,2022-10-31 20:45:00+00:00,1635.985,1637.518,1637.518,1632.9189999999996,5,sl,-1.0
PEM,M5,long,2022-10-31 21:25:00+00:00,2022-10-31 22:45:00+00:00,1640.117,1636.898,1636.898,1646.555,17,sl,-1.0
PEM,M5,short,2022-11-01 02:25:00+00:00,2022-11-01 05:20:00+00:00,1632.628,1633.148,1635.847,1626.1899999999998,25,timeout,-0.1615408511960154
PEM,M5,short,2022-11-01 06:40:00+00:00,2022-11-01 07:35:00+00:00,1632.078,1633.247,1633.247,1629.7399999999998,12,sl,-1.0
PEM,M5,long,2022-11-01 09:30:00+00:00,2022-11-01 10:50:00+00:00,1638.607,1636.518,1636.518,1642.7849999999999,17,sl,-1.0
PEM,M5,long,2022-11-01 13:45:00+00:00,2022-11-01 14:10:00+00:00,1644.667,1649.2849999999999,1642.358,1649.2849999999999,6,tp,2.0
PEM,M5,long,2022-11-01 15:10:00+00:00,2022-11-01 17:10:00+00:00,1647.918,1650.928,1642.127,1659.4999999999998,25,timeout,0.5197720600932912
PEM,M5,long,2022-11-01 18:35:00+00:00,2022-11-01 20:35:00+00:00,1654.327,1653.228,1650.898,1661.1850000000002,25,timeout,-0.32050160396614313
PEM,M5,short,2022-11-02 02:20:00+00:00,2022-11-02 05:15:00+00:00,1647.028,1646.048,1650.928,1639.2279999999998,25,timeout,0.2512820512820501
PEM,M5,short,2022-11-02 07:00:00+00:00,2022-11-02 07:05:00+00:00,1646.538,1647.348,1647.348,1644.9180000000001,2,sl,-1.0
PEM,M5,long,2022-11-02 09:55:00+00:00,2022-11-02 11:55:00+00:00,1650.737,1650.008,1647.428,1657.355,25,timeout,-0.22030825022666928
PEM,M5,long,2022-11-02 12:15:00+00:00,2022-11-02 12:35:00+00:00,1650.418,1651.8579999999995,1649.698,1651.8579999999995,5,tp,2.0
PEM,M5,long,2022-11-02 15:30:00+00:00,2022-11-02 17:30:00+00:00,1654.348,1656.147,1650.348,1662.348,25,timeout,0.44974999999999454
PEM,M5,short,2022-11-02 22:15:00+00:00,2022-11-03 00:15:00+00:00,1647.428,1646.558,1651.078,1640.1280000000004,25,timeout,0.23835616438360294
PEM,M5,short,2022-11-03 10:05:00+00:00,2022-11-03 12:05:00+00:00,1636.307,1636.628,1640.617,1627.6870000000001,25,timeout,-0.07447795823663962
PEM,M5,short,2022-11-03 17:25:00+00:00,2022-11-03 19:25:00+00:00,1620.847,1621.938,1635.237,1592.0669999999998,25,timeout,-0.07581653926338529
PEM,M5,long,2022-11-04 00:40:00+00:00,2022-11-04 01:35:00+00:00,1629.108,1631.628,1627.848,1631.628,12,tp,2.0
PEM,M5,long,2022-11-04 09:00:00+00:00,2022-11-04 09:35:00+00:00,1632.627,1635.9449999999997,1630.968,1635.9449999999997,8,tp,2.0
PEM,M5,long,2022-11-04 16:25:00+00:00,2022-11-04 16:45:00+00:00,1650.638,1647.068,1647.068,1657.7779999999998,5,sl,-1.0
PEM,M5,long,2022-11-04 17:35:00+00:00,2022-11-04 19:30:00+00:00,1648.708,1645.157,1645.157,1655.8100000000004,24,sl,-1.0
PEM,M5,short,2022-11-07 07:35:00+00:00,2022-11-07 09:35:00+00:00,1671.577,1672.428,1676.498,1661.735,25,timeout,-0.17293233082708886
PEM,M5,long,2022-11-07 16:55:00+00:00,2022-11-07 18:55:00+00:00,1679.758,1676.468,1668.058,1703.1580000000001,25,timeout,-0.281196581196577
PEM,M5,long,2022-11-07 21:10:00+00:00,2022-11-07 22:25:00+00:00,1678.278,1675.047,1675.047,1684.74,16,sl,-1.0
PEM,M5,short,2022-11-08 03:30:00+00:00,2022-11-08 06:25:00+00:00,1674.778,1673.998,1676.068,1672.198,25,timeout,0.6046511627906935
PEM,M5,short,2022-11-08 06:40:00+00:00,2022-11-08 06:50:00+00:00,1673.698,1674.458,1674.458,1672.178,3,sl,-1.0
PEM,M5,short,2022-11-08 19:25:00+00:00,2022-11-08 20:15:00+00:00,1670.368,1672.848,1672.848,1665.408,11,sl,-1.0
PEM,M5,short,2022-11-09 17:00:00+00:00,2022-11-09 19:00:00+00:00,1708.898,1708.258,1712.548,1701.5979999999997,25,timeout,0.1753424657533854
PEM,M5,short,2022-11-10 01:55:00+00:00,2022-11-10 03:55:00+00:00,1704.898,1704.438,1711.118,1692.4579999999999,25,timeout,0.07395498392279855
PEM,M5,short,2022-11-10 07:15:00+00:00,2022-11-10 07:40:00+00:00,1705.548,1706.518,1706.518,1703.608,6,sl,-1.0
PEM,M5,short,2022-11-10 16:25:00+00:00,2022-11-10 16:35:00+00:00,1705.608,1707.948,1707.948,1700.9279999999997,3,sl,-1.0
PEM,M5,short,2022-11-10 17:20:00+00:00,2022-11-10 18:45:00+00:00,1705.437,1708.658,1708.658,1698.995,18,sl,-1.0
PEM,M5,long,2022-11-10 18:50:00+00:00,2022-11-10 20:30:00+00:00,1708.577,1713.135,1706.298,1713.135,21,tp,2.0
PEM,M5,long,2022-11-10 21:55:00+00:00,2022-11-10 23:55:00+00:00,1744.048,1750.178,1737.147,1757.8500000000001,25,timeout,0.8882770612954716
PEM,M5,long,2022-11-11 02:50:00+00:00,2022-11-11 04:50:00+00:00,1753.187,1754.587,1749.698,1760.1649999999995,25,timeout,0.4012611063342416
PEM,M5,long,2022-11-11 12:35:00+00:00,2022-11-11 14:35:00+00:00,1761.387,1761.448,1751.767,1780.6269999999997,25,timeout,0.006340956340971917
PEM,M5,long,2022-11-11 23:10:00+00:00,2022-11-11 23:30:00+00:00,1764.398,1760.778,1760.778,1771.6379999999997,5,sl,-1.0
PEM,M5,long,2022-11-12 04:50:00+00:00,2022-11-14 06:00:00+00:00,1770.048,1766.368,1766.368,1777.4080000000001,4,sl,-1.0
PEM,M5,long,2022-11-14 10:25:00+00:00,2022-11-14 11:15:00+00:00,1765.148,1761.648,1761.648,1772.148,11,sl,-1.0
PEM,M5,short,2022-11-14 17:10:00+00:00,2022-11-14 19:10:00+00:00,1756.848,1756.448,1760.867,1748.81,25,timeout,0.0995272455834444
PEM,M5,long,2022-11-15 03:05:00+00:00,2022-11-15 03:45:00+00:00,1773.428,1771.378,1771.378,1777.5280000000005,9,sl,-1.0
PEM,M5,short,2022-11-15 04:15:00+00:00,2022-11-15 07:10:00+00:00,1771.098,1769.238,1772.838,1767.618,25,timeout,1.0689655172413162
PEM,M5,long,2022-11-15 14:35:00+00:00,2022-11-15 16:35:00+00:00,1777.078,1774.598,1770.627,1789.98,25,timeout,-0.3844365214695411
PEM,M5,short,2022-11-15 21:40:00+00:00,2022-11-15 23:40:00+00:00,1772.707,1769.598,1776.958,1764.2050000000002,25,timeout,0.7313573276876425
PEM,M5,short,2022-11-16 08:55:00+00:00,2022-11-16 10:55:00+00:00,1773.838,1772.517,1779.248,1763.0179999999998,25,timeout,0.24417744916818718
PEM,M5,long,2022-11-16 17:15:00+00:00,2022-11-16 19:15:00+00:00,1783.808,1781.668,1779.987,1791.4499999999998,25,timeout,-0.5600628107825566
PEM,M5,short,2022-11-17 01:00:00+00:00,2022-11-17 03:00:00+00:00,1774.187,1774.498,1776.558,1769.4449999999997,25,timeout,-0.131168283424773
PEM,M5,long,2022-11-17 08:20:00+00:00,2022-11-17 08:25:00+00:00,1774.387,1772.908,1772.908,1777.345,2,sl,-1.0
PEM,M5,short,2022-11-17 17:45:00+00:00,2022-11-17 18:50:00+00:00,1763.148,1764.937,1764.937,1759.57,14,sl,-1.0
PEM,M5,short,2022-11-17 21:00:00+00:00,2022-11-17 23:00:00+00:00,1756.748,1760.068,1765.308,1739.6280000000002,25,timeout,-0.3878504672897147
PEM,M5,long,2022-11-18 00:55:00+00:00,2022-11-18 02:55:00+00:00,1760.298,1760.748,1757.888,1765.1180000000002,25,timeout,0.18672199170125733
PEM,M5,long,2022-11-18 07:35:00+00:00,2022-11-18 09:35:00+00:00,1761.978,1763.708,1759.488,1766.958,25,timeout,0.6947791164658682
PEM,M5,long,2022-11-18 13:05:00+00:00,2022-11-18 15:05:00+00:00,1764.017,1765.147,1761.737,1768.577,25,timeout,0.4956140350876734
PEM,M5,long,2022-11-18 18:00:00+00:00,2022-11-18 18:30:00+00:00,1765.368,1761.727,1761.727,1772.6499999999996,7,sl,-1.0
PEM,M5,long,2022-11-18 20:30:00+00:00,2022-11-18 20:50:00+00:00,1762.788,1759.918,1759.918,1768.5280000000002,5,sl,-1.0
PEM,M5,long,2022-11-21 07:00:00+00:00,2022-11-21 07:20:00+00:00,1752.187,1750.798,1750.798,1754.9649999999997,5,sl,-1.0
PEM,M5,short,2022-11-21 07:40:00+00:00,2022-11-21 08:20:00+00:00,1749.787,1746.6450000000002,1751.358,1746.6450000000002,9,tp,2.0
PEM,M5,short,2022-11-21 16:20:00+00:00,2022-11-21 18:20:00+00:00,1739.707,1740.648,1746.558,1726.0050000000003,25,timeout,-0.13735221135598005
PEM,M5,long,2022-11-22 01:15:00+00:00,2022-11-22 03:00:00+00:00,1738.838,1736.367,1736.367,1743.78,22,sl,-1.0
PEM,M5,short,2022-11-22 03:05:00+00:00,2022-11-22 04:00:00+00:00,1735.657,1739.108,1739.108,1728.7549999999999,12,sl,-1.0
PEM,M5,long,2022-11-22 11:40:00+00:00,2022-11-22 12:20:00+00:00,1745.078,1743.788,1743.788,1747.658,9,sl,-1.0
PEM,M5,short,2022-11-22 22:45:00+00:00,2022-11-23 00:45:00+00:00,1741.827,1738.628,1744.498,1736.485,25,timeout,1.197678771995511
PEM,M5,short,2022-11-23 01:40:00+00:00,2022-11-23 03:40:00+00:00,1738.335,1739.588,1740.268,1734.469,25,timeout,-0.6482152095188483
PEM,M5,short,2022-11-23 10:35:00+00:00,2022-11-23 11:05:00+00:00,1739.117,1733.8749999999998,1741.738,1733.8749999999998,7,tp,2.0
PEM,M5,short,2022-11-23 20:30:00+00:00,2022-11-23 20:35:00+00:00,1734.067,1737.738,1737.738,1726.725,2,sl,-1.0
PEM,M5,long,2022-11-23 21:55:00+00:00,2022-11-23 23:55:00+00:00,1743.547,1741.658,1735.748,1759.145,25,timeout,-0.24221053981281304
PEM,M5,long,2022-11-24 03:00:00+00:00,2022-11-24 05:00:00+00:00,1751.258,1749.225,1748.437,1756.9000000000003,25,timeout,-0.7206664303438597
PEM,M5,long,2022-11-24 07:00:00+00:00,2022-11-24 07:30:00+00:00,1751.828,1754.23,1750.627,1754.23,7,tp,2.0
PEM,M5,long,2022-11-24 11:05:00+00:00,2022-11-24 12:10:00+00:00,1756.577,1754.628,1754.628,1760.4750000000001,14,sl,-1.0
PEM,M5,long,2022-11-24 16:15:00+00:00,2022-11-24 18:15:00+00:00,1757.778,1756.108,1752.898,1767.5380000000002,25,timeout,-0.3422131147541056
PEM,M5,short,2022-11-25 00:40:00+00:00,2022-11-25 06:05:00+00:00,1754.977,1754.658,1758.167,1748.5970000000004,25,timeout,0.10000000000006415
PEM,M5,short,2022-11-28 08:25:00+00:00,2022-11-28 10:25:00+00:00,1749.137,1748.958,1755.787,1735.8369999999998,25,timeout,0.026917293233061277
PEM,M5,long,2022-11-28 13:30:00+00:00,2022-11-28 15:20:00+00:00,1751.118,1754.6999999999998,1749.327,1754.6999999999998,23,tp,2.0
PEM,M5,short,2022-11-28 22:45:00+00:00,2022-11-29 00:45:00+00:00,1746.567,1744.058,1749.447,1740.8070000000002,25,timeout,0.8711805555555964
PEM,M5,short,2022-11-29 02:05:00+00:00,2022-11-29 04:05:00+00:00,1740.637,1740.488,1741.898,1738.115,25,timeout,0.11816019032505241
PEM,M5,short,2022-11-29 06:45:00+00:00,2022-11-29 07:15:00+00:00,1740.818,1741.848,1741.848,1738.758,7,sl,-1.0
PEM,M5,long,2022-11-29 11:00:00+00:00,2022-11-29 13:00:00+00:00,1750.078,1753.898,1744.448,1761.3379999999997,25,timeout,0.6785079928952072
PEM,M5,short,2022-11-30 07:10:00+00:00,2022-11-30 07:15:00+00:00,1748.098,1749.007,1749.007,1746.2799999999997,2,sl,-1.0
PEM,M5,long,2022-11-30 11:05:00+00:00,2022-11-30 13:05:00+00:00,1754.947,1752.998,1752.998,1758.8449999999996,25,sl,-1.0
PEM,M5,short,2022-12-01 01:20:00+00:00,2022-12-01 01:30:00+00:00,1750.967,1753.078,1753.078,1746.7450000000003,3,sl_first_ambiguous,-1.0
PEM,M5,long,2022-12-01 02:55:00+00:00,2022-12-01 04:55:00+00:00,1767.598,1768.108,1758.578,1785.638,25,timeout,0.05654101995565321
PEM,M5,long,2022-12-01 07:10:00+00:00,2022-12-01 09:10:00+00:00,1774.098,1772.698,1770.038,1782.2179999999998,25,timeout,-0.3448275862068676
PEM,M5,long,2022-12-01 19:15:00+00:00,2022-12-01 20:45:00+00:00,1781.948,1790.1080000000004,1777.868,1790.1080000000004,19,tp,2.0
PEM,M5,long,2022-12-01 21:35:00+00:00,2022-12-01 23:35:00+00:00,1799.398,1800.808,1781.878,1834.4379999999999,25,timeout,0.08047945205479928
PEM,M5,long,2022-12-01 23:45:00+00:00,2022-12-02 01:45:00+00:00,1800.858,1801.338,1796.958,1808.6579999999997,25,timeout,0.12307692307693205
PEM,M5,long,2022-12-02 03:00:00+00:00,2022-12-02 05:00:00+00:00,1802.928,1802.948,1800.517,1807.7500000000002,25,timeout,0.008295313148063595
PEM,M5,short,2022-12-02 09:30:00+00:00,2022-12-02 10:05:00+00:00,1796.838,1798.118,1798.118,1794.278,8,sl,-1.0
PEM,M5,long,2022-12-02 16:40:00+00:00,2022-12-02 18:40:00+00:00,1802.408,1798.298,1797.848,1811.5279999999998,25,timeout,-0.9013157894736731
PEM,M5,short,2022-12-02 18:45:00+00:00,2022-12-02 20:00:00+00:00,1798.307,1800.138,1800.138,1794.6450000000002,16,sl,-1.0
PEM,M5,long,2022-12-02 23:55:00+00:00,2022-12-03 01:55:00+00:00,1795.148,1794.928,1787.708,1810.0279999999996,25,timeout,-0.029569892473092073
PEM,M5,long,2022-12-03 03:05:00+00:00,2022-12-05 06:00:00+00:00,1797.378,1796.337,1794.908,1802.318,25,timeout,-0.42145748987851356
PEM,M5,long,2022-12-05 08:45:00+00:00,2022-12-05 10:45:00+00:00,1807.518,1808.477,1802.088,1818.3780000000002,25,timeout,0.17661141804789113
PEM,M5,short,2022-12-05 14:55:00+00:00,2022-12-05 16:55:00+00:00,1798.077,1796.448,1808.167,1777.8970000000002,25,timeout,0.16144697720514556
PEM,M5,short,2022-12-05 17:30:00+00:00,2022-12-05 19:30:00+00:00,1794.847,1794.248,1797.277,1789.9869999999999,25,timeout,0.24650205761313457
PEM,M5,short,2022-12-05 21:35:00+00:00,2022-12-05 22:00:00+00:00,1789.587,1783.7269999999999,1792.517,1783.7269999999999,6,tp,2.0
PEM,M5,short,2022-12-06 12:40:00+00:00,2022-12-06 14:40:00+00:00,1770.778,1770.808,1773.048,1766.238,25,timeout,-0.01321585903082509
PEM,M5,short,2022-12-07 01:30:00+00:00,2022-12-07 03:15:00+00:00,1769.978,1772.555,1772.555,1764.824,22,sl,-1.0
PEM,M5,long,2022-12-07 10:55:00+00:00,2022-12-07 11:40:00+00:00,1772.497,1771.008,1771.008,1775.4750000000001,10,sl,-1.0
PEM,M5,long,2022-12-07 14:10:00+00:00,2022-12-07 16:10:00+00:00,1773.317,1773.238,1770.638,1778.6750000000002,25,timeout,-0.029488615154889253
PEM,M5,short,2022-12-07 16:45:00+00:00,2022-12-07 18:45:00+00:00,1771.678,1772.288,1775.568,1763.8980000000004,25,timeout,-0.15681233933159897
PEM,M5,short,2022-12-07 19:00:00+00:00,2022-12-07 19:50:00+00:00,1771.558,1774.408,1774.408,1765.8580000000002,11,sl,-1.0
PEM,M5,short,2022-12-08 15:50:00+00:00,2022-12-08 17:50:00+00:00,1782.548,1782.608,1785.438,1776.7679999999998,25,timeout,-0.020761245674720884
PEM,M5,long,2022-12-08 22:35:00+00:00,2022-12-08 22:55:00+00:00,1794.068,1789.877,1789.877,1802.45,5,sl,-1.0
PEM,M5,long,2022-12-09 08:10:00+00:00,2022-12-09 10:10:00+00:00,1791.348,1794.588,1788.348,1797.348,25,timeout,1.080000000000003
PEM,M5,long,2022-12-09 11:20:00+00:00,2022-12-09 13:00:00+00:00,1795.838,1794.888,1794.888,1797.738,21,sl,-1.0
PEM,M5,long,2022-12-09 14:05:00+00:00,2022-12-09 14:25:00+00:00,1795.698,1794.338,1794.338,1798.4180000000003,5,sl,-1.0
PEM,M5,short,2022-12-09 15:55:00+00:00,2022-12-09 17:15:00+00:00,1790.498,1794.337,1794.337,1782.8200000000002,17,sl,-1.0
PEM,M5,long,2022-12-09 19:30:00+00:00,2022-12-09 20:30:00+00:00,1800.638,1793.478,1793.478,1814.9579999999996,13,sl,-1.0
PEM,M5,short,2022-12-09 22:20:00+00:00,2022-12-09 23:15:00+00:00,1793.508,1798.528,1798.528,1783.468,12,sl,-1.0
PEM,M5,short,2022-12-10 01:10:00+00:00,2022-12-10 02:35:00+00:00,1798.067,1799.448,1799.448,1795.3049999999998,18,sl,-1.0
PEM,M5,short,2022-12-12 08:15:00+00:00,2022-12-12 10:15:00+00:00,1791.248,1786.948,1793.838,1786.0680000000002,25,timeout,1.660231660231695
PEM,M5,short,2022-12-12 12:20:00+00:00,2022-12-12 12:40:00+00:00,1785.828,1787.698,1787.698,1782.0879999999997,5,sl,-1.0
PEM,M5,long,2022-12-12 18:30:00+00:00,2022-12-12 19:50:00+00:00,1794.028,1791.228,1791.228,1799.628,17,sl,-1.0
PEM,M5,long,2022-12-13 07:00:00+00:00,2022-12-13 08:45:00+00:00,1781.895,1784.1749999999997,1780.755,1784.1749999999997,22,tp,2.0
PEM,M5,long,2022-12-13 12:45:00+00:00,2022-12-13 14:05:00+00:00,1783.985,1786.7049999999997,1782.625,1786.7049999999997,17,tp,2.0
PEM,M5,long,2022-12-13 20:00:00+00:00,2022-12-13 20:10:00+00:00,1789.175,1787.485,1787.485,1792.555,3,sl,-1.0
PEM,M5,long,2022-12-13 22:05:00+00:00,2022-12-13 22:15:00+00:00,1823.698,1816.428,1816.428,1838.238,3,sl,-1.0
PEM,M5,long,2022-12-14 01:30:00+00:00,2022-12-14 03:30:00+00:00,1813.028,1811.115,1806.995,1825.0940000000003,25,timeout,-0.3170893419525891
PEM,M5,long,2022-12-14 06:15:00+00:00,2022-12-14 06:55:00+00:00,1811.125,1809.447,1809.447,1814.4810000000002,9,sl,-1.0
PEM,M5,short,2022-12-14 11:45:00+00:00,2022-12-14 12:40:00+00:00,1809.085,1809.975,1809.975,1807.3050000000003,12,sl,-1.0
PEM,M5,short,2022-12-14 20:00:00+00:00,2022-12-14 20:20:00+00:00,1804.425,1808.635,1808.635,1796.0049999999999,5,sl,-1.0
PEM,M5,long,2022-12-14 22:55:00+00:00,2022-12-15 00:15:00+00:00,1812.045,1808.505,1808.505,1819.125,17,sl,-1.0
PEM,M5,short,2022-12-15 01:25:00+00:00,2022-12-15 01:40:00+00:00,1807.905,1809.455,1809.455,1804.805,4,sl,-1.0
PEM,M5,short,2022-12-15 11:15:00+00:00,2022-12-15 13:15:00+00:00,1792.435,1793.005,1794.355,1788.5949999999998,25,timeout,-0.296875000000074
PEM,M5,short,2022-12-15 18:45:00+00:00,2022-12-15 18:50:00+00:00,1778.198,1780.205,1780.205,1774.1840000000004,2,sl,-1.0
PEM,M5,long,2022-12-16 00:40:00+00:00,2022-12-16 00:55:00+00:00,1779.645,1777.398,1777.398,1784.1390000000001,4,sl,-1.0
PEM,M5,long,2022-12-16 01:25:00+00:00,2022-12-16 03:25:00+00:00,1778.848,1777.895,1775.848,1784.848,25,timeout,-0.31766666666665816
PEM,M5,long,2022-12-16 09:30:00+00:00,2022-12-16 11:30:00+00:00,1780.175,1779.065,1776.375,1787.7749999999999,25,timeout,-0.2921052631578719
PEM,M5,short,2022-12-16 12:00:00+00:00,2022-12-16 12:35:00+00:00,1778.375,1779.345,1779.345,1776.435,8,sl,-1.0
PEM,M5,long,2022-12-16 14:00:00+00:00,2022-12-16 14:25:00+00:00,1783.455,1780.885,1780.885,1788.5949999999998,6,sl,-1.0
PEM,M5,long,2022-12-16 18:20:00+00:00,2022-12-16 20:20:00+00:00,1783.248,1785.325,1779.255,1791.234,25,timeout,0.5201602804908666
PEM,M5,long,2022-12-16 22:55:00+00:00,2022-12-17 00:55:00+00:00,1788.415,1787.415,1783.088,1799.069,25,timeout,-0.18772292096865034
PEM,M5,long,2022-12-19 07:40:00+00:00,2022-12-19 09:40:00+00:00,1793.055,1794.095,1790.835,1797.4950000000001,25,timeout,0.4684684684684463
PEM,M5,long,2022-12-19 10:05:00+00:00,2022-12-19 10:40:00+00:00,1794.848,1793.705,1793.705,1797.134,8,sl,-1.0
PEM,M5,short,2022-12-19 14:10:00+00:00,2022-12-19 14:30:00+00:00,1791.038,1793.195,1793.195,1786.7240000000002,5,sl,-1.0
PEM,M5,short,2022-12-19 18:50:00+00:00,2022-12-19 20:50:00+00:00,1794.008,1791.625,1796.355,1789.314,25,timeout,1.0153387302940173
PEM,M5,short,2022-12-20 02:35:00+00:00,2022-12-20 04:35:00+00:00,1787.368,1787.448,1788.418,1785.268,25,timeout,-0.07619047619062674
PEM,M5,long,2022-12-20 14:05:00+00:00,2022-12-20 16:05:00+00:00,1793.325,1803.895,1785.995,1807.9850000000004,25,timeout,1.4420190995906839
PEM,M5,long,2022-12-20 16:40:00+00:00,2022-12-20 18:40:00+00:00,1803.985,1807.495,1796.075,1819.8049999999996,25,timeout,0.44374209860936226
PEM,M5,long,2022-12-20 21:50:00+00:00,2022-12-20 23:50:00+00:00,1808.448,1817.117,1799.238,1826.8680000000002,25,timeout,0.9412595005428702
PEM,M5,short,2022-12-21 06:55:00+00:00,2022-12-21 07:05:00+00:00,1816.995,1817.945,1817.945,1815.0949999999998,3,sl,-1.0
PEM,M5,long,2022-12-22 20:00:00+00:00,2022-12-22 20:35:00+00:00,1817.615,1815.565,1815.565,1821.715,8,sl,-1.0
PEM,M5,short,2022-12-22 22:30:00+00:00,2022-12-23 00:30:00+00:00,1796.465,1794.655,1800.965,1787.465,25,timeout,0.4022222222222101
PEM,M5,short,2022-12-23 01:05:00+00:00,2022-12-23 03:05:00+00:00,1788.985,1788.695,1796.605,1773.7449999999997,25,timeout,0.03805774278214687
PEM,M5,long,2022-12-23 03:30:00+00:00,2022-12-23 06:25:00+00:00,1792.165,1793.497,1788.375,1799.745,25,timeout,0.35145118733512404
PEM,M5,long,2022-12-23 12:30:00+00:00,2022-12-23 14:30:00+00:00,1795.705,1796.587,1792.485,1802.145,25,timeout,0.2739130434782778
PEM,M5,long,2022-12-23 17:05:00+00:00,2022-12-23 19:05:00+00:00,1798.478,1797.405,1796.447,1802.5400000000004,25,timeout,-0.5283111767602164
PEM,M5,long,2022-12-23 23:20:00+00:00,2022-12-24 01:05:00+00:00,1802.825,1796.908,1796.908,1814.6590000000003,22,sl,-1.0
PEM,M5,long,2022-12-24 05:00:00+00:00,2022-12-27 06:05:00+00:00,1798.398,1800.3379999999995,1797.428,1800.3379999999995,3,tp,2.0
PEM,M5,long,2022-12-27 07:15:00+00:00,2022-12-27 08:35:00+00:00,1802.145,1800.648,1800.648,1805.1390000000001,17,sl,-1.0
PEM,M5,long,2022-12-27 09:45:00+00:00,2022-12-27 11:05:00+00:00,1805.505,1804.095,1804.095,1808.3250000000003,17,sl,-1.0
PEM,M5,long,2022-12-27 11:30:00+00:00,2022-12-27 12:30:00+00:00,1804.805,1804.058,1804.058,1806.2990000000002,13,sl,-1.0
PEM,M5,long,2022-12-27 14:05:00+00:00,2022-12-27 16:05:00+00:00,1807.407,1806.695,1804.805,1812.6109999999996,25,timeout,-0.2736356648731848
PEM,M5,long,2022-12-27 16:25:00+00:00,2022-12-27 18:25:00+00:00,1807.875,1809.645,1806.495,1810.6350000000002,25,timeout,1.2826086956520593
PEM,M5,long,2022-12-27 21:50:00+00:00,2022-12-27 22:25:00+00:00,1808.648,1818.8279999999997,1803.558,1818.8279999999997,8,tp,2.0
PEM,M5,short,2022-12-28 02:55:00+00:00,2022-12-28 04:55:00+00:00,1812.175,1813.848,1814.945,1806.635,25,timeout,-0.6039711191335786
PEM,M5,short,2022-12-28 06:55:00+00:00,2022-12-28 08:30:00+00:00,1812.285,1814.385,1814.385,1808.0850000000003,20,sl,-1.0
PEM,M5,short,2022-12-28 15:50:00+00:00,2022-12-28 17:50:00+00:00,1803.865,1801.468,1809.975,1791.6450000000002,25,timeout,0.392307692307688
PEM,M5,short,2022-12-28 23:20:00+00:00,2022-12-29 00:30:00+00:00,1797.765,1803.885,1803.885,1785.5250000000003,15,sl,-1.0
PEM,M5,long,2022-12-29 01:15:00+00:00,2022-12-29 01:45:00+00:00,1807.475,1804.798,1804.798,1812.8289999999997,7,sl,-1.0
PEM,M5,short,2022-12-29 03:25:00+00:00,2022-12-29 06:20:00+00:00,1803.698,1805.375,1805.817,1799.4600000000003,25,timeout,-0.7914110429447734
PEM,M5,long,2022-12-29 08:05:00+00:00,2022-12-29 09:35:00+00:00,1806.415,1808.795,1805.225,1808.795,19,tp,2.0
PEM,M5,long,2022-12-29 13:00:00+00:00,2022-12-29 13:40:00+00:00,1809.955,1807.635,1807.635,1814.5949999999998,9,sl,-1.0
PEM,M5,long,2022-12-29 16:10:00+00:00,2022-12-29 17:15:00+00:00,1811.065,1807.785,1807.785,1817.625,14,sl,-1.0
PEM,M5,long,2022-12-30 00:05:00+00:00,2022-12-30 02:05:00+00:00,1816.205,1817.257,1811.875,1824.8649999999998,25,timeout,0.24295612009241394
PEM,M5,short,2022-12-30 12:00:00+00:00,2022-12-30 12:35:00+00:00,1815.745,1817.807,1817.807,1811.6209999999996,8,sl,-1.0
PEM,M5,long,2022-12-30 19:25:00+00:00,2022-12-30 20:25:00+00:00,1820.008,1818.105,1818.105,1823.814,13,sl,-1.0
PEM,M5,short,2022-12-30 23:20:00+00:00,2022-12-31 00:20:00+00:00,1815.298,1818.667,1818.667,1808.5600000000002,13,sl,-1.0
PEM,M5,long,2022-12-31 01:10:00+00:00,2022-12-31 01:25:00+00:00,1825.097,1819.775,1819.775,1835.7409999999998,4,sl,-1.0
PEM,M5,long,2022-12-31 04:00:00+00:00,2023-01-03 06:05:00+00:00,1823.348,1827.348,1821.348,1827.348,15,tp,2.0
PEM,M5,long,2023-01-03 07:10:00+00:00,2023-01-03 08:30:00+00:00,1829.735,1826.965,1826.965,1835.2749999999999,17,sl,-1.0
PEM,M5,long,2023-01-03 09:40:00+00:00,2023-01-03 09:50:00+00:00,1832.395,1839.435,1828.875,1839.435,3,tp,2.0
PEM,M5,long,2023-01-03 13:20:00+00:00,2023-01-03 14:40:00+00:00,1842.675,1849.3349999999998,1839.345,1849.3349999999998,17,tp,2.0
PEM,M5,long,2023-01-03 16:35:00+00:00,2023-01-03 17:35:00+00:00,1841.578,1836.785,1836.785,1851.1639999999998,13,sl,-1.0
PEM,M5,long,2023-01-03 20:20:00+00:00,2023-01-03 21:45:00+00:00,1837.705,1848.5649999999996,1832.275,1848.5649999999996,18,tp,2.0
PEM,M5,long,2023-01-04 00:10:00+00:00,2023-01-04 02:10:00+00:00,1835.855,1838.385,1828.495,1850.5750000000003,25,timeout,0.34374999999999034
PEM,M5,long,2023-01-04 04:20:00+00:00,2023-01-04 06:45:00+00:00,1838.578,1836.568,1836.568,1842.598,19,sl,-1.0
PEM,M5,long,2023-01-04 10:00:00+00:00,2023-01-04 12:00:00+00:00,1845.405,1846.385,1844.208,1847.7989999999998,25,timeout,0.8187134502924888
PEM,M5,long,2023-01-04 14:05:00+00:00,2023-01-04 14:35:00+00:00,1848.285,1855.6450000000002,1844.605,1855.6450000000002,7,tp,2.0
PEM,M5,long,2023-01-04 20:35:00+00:00,2023-01-04 22:00:00+00:00,1859.408,1852.988,1852.988,1872.2479999999996,18,sl,-1.0
PEM,M5,short,2023-01-05 01:00:00+00:00,2023-01-05 03:00:00+00:00,1851.345,1851.805,1856.085,1841.865,25,timeout,-0.0970464135021172
PEM,M5,long,2023-01-05 08:55:00+00:00,2023-01-05 09:10:00+00:00,1858.485,1854.995,1854.995,1865.465,4,sl,-1.0
PEM,M5,long,2023-01-05 09:55:00+00:00,2023-01-05 10:55:00+00:00,1855.685,1854.025,1854.025,1859.0049999999997,13,sl,-1.0
PEM,M5,short,2023-01-05 22:30:00+00:00,2023-01-06 00:30:00+00:00,1828.125,1832.995,1846.885,1790.605,25,timeout,-0.2595948827292054
PEM,M5,short,2023-01-06 06:10:00+00:00,2023-01-06 07:40:00+00:00,1831.908,1833.925,1833.925,1827.8739999999998,19,sl,-1.0
PEM,M5,long,2023-01-06 17:50:00+00:00,2023-01-06 19:50:00+00:00,1836.805,1836.725,1834.195,1842.0250000000003,25,timeout,-0.030651340996226326
PEM,M5,long,2023-01-06 22:15:00+00:00,2023-01-07 00:15:00+00:00,1860.248,1862.367,1843.085,1894.574,25,timeout,0.12346326399813047
PEM,M5,long,2023-01-07 01:40:00+00:00,2023-01-07 03:40:00+00:00,1865.737,1867.298,1860.848,1875.5150000000003,25,timeout,0.31928819799547603
PEM,M5,long,2023-01-09 09:50:00+00:00,2023-01-09 11:50:00+00:00,1878.365,1877.008,1873.455,1888.1850000000002,25,timeout,-0.27637474541750473
PEM,M5,long,2023-01-09 13:20:00+00:00,2023-01-09 14:45:00+00:00,1879.615,1875.975,1875.975,1886.8950000000002,18,sl,-1.0
PEM,M5,short,2023-01-09 18:40:00+00:00,2023-01-09 19:00:00+00:00,1871.065,1872.815,1872.815,1867.565,5,sl,-1.0
PEM,M5,long,2023-01-09 23:55:00+00:00,2023-01-10 00:10:00+00:00,1877.615,1872.745,1872.745,1887.3550000000002,4,sl,-1.0
PEM,M5,long,2023-01-10 01:35:00+00:00,2023-01-10 03:35:00+00:00,1873.395,1870.255,1869.215,1881.755,25,timeout,-0.7511961722487619
PEM,M5,long,2023-01-10 10:25:00+00:00,2023-01-10 10:55:00+00:00,1873.565,1871.655,1871.655,1877.3850000000002,7,sl,-1.0
PEM,M5,short,2023-01-10 11:20:00+00:00,2023-01-10 11:40:00+00:00,1871.035,1872.125,1872.125,1868.8550000000002,5,sl,-1.0
PEM,M5,long,2023-01-10 12:40:00+00:00,2023-01-10 13:35:00+00:00,1874.155,1872.465,1872.465,1877.535,12,sl,-1.0
PEM,M5,short,2023-01-10 14:25:00+00:00,2023-01-10 15:25:00+00:00,1872.165,1873.668,1873.668,1869.159,13,sl,-1.0
PEM,M5,long,2023-01-11 01:45:00+00:00,2023-01-11 03:45:00+00:00,1874.765,1877.158,1871.865,1880.5650000000003,25,timeout,0.8251724137930092
PEM,M5,long,2023-01-11 12:40:00+00:00,2023-01-11 14:40:00+00:00,1882.055,1882.305,1877.315,1891.535,25,timeout,0.05274261603375517
PEM,M5,long,2023-01-12 00:25:00+00:00,2023-01-12 02:25:00+00:00,1874.905,1876.938,1869.145,1886.425,25,timeout,0.35295138888891187
PEM,M5,long,2023-01-12 09:35:00+00:00,2023-01-12 11:35:00+00:00,1882.348,1883.105,1877.625,1891.7939999999999,25,timeout,0.1602794833792227
PEM,M5,short,2023-01-12 21:55:00+00:00,2023-01-12 23:45:00+00:00,1883.495,1892.968,1892.968,1864.5489999999995,23,sl,-1.0
PEM,M5,short,2023-01-13 20:15:00+00:00,2023-01-13 20:20:00+00:00,1894.155,1896.995,1896.995,1888.4750000000001,2,sl,-1.0
PEM,M5,long,2023-01-13 21:40:00+00:00,2023-01-13 22:50:00+00:00,1904.258,1915.0040000000001,1898.885,1915.0040000000001,15,tp,2.0
PEM,M5,long,2023-01-14 01:15:00+00:00,2023-01-14 01:45:00+00:00,1917.968,1921.4080000000001,1916.248,1921.4080000000001,7,tp,2.0
PEM,M5,long,2023-01-16 09:40:00+00:00,2023-01-16 11:40:00+00:00,1925.495,1923.945,1918.848,1938.7889999999998,25,timeout,-0.23318790431773279
PEM,M5,short,2023-01-16 19:35:00+00:00,2023-01-16 20:05:00+00:00,1915.658,1912.8439999999996,1917.065,1912.8439999999996,7,tp,2.0
PEM,M5,long,2023-01-17 23:30:00+00:00,2023-01-18 00:25:00+00:00,1911.865,1909.085,1909.085,1917.425,12,sl,-1.0
PEM,M5,long,2023-01-18 03:15:00+00:00,2023-01-18 03:15:00+00:00,1909.855,1907.475,1907.475,1914.6150000000002,1,sl,-1.0
PEM,M5,short,2023-01-18 10:35:00+00:00,2023-01-18 12:35:00+00:00,1901.475,1897.155,1909.875,1884.6749999999997,25,timeout,0.5142857142857011
PEM,M5,short,2023-01-18 12:40:00+00:00,2023-01-18 13:15:00+00:00,1897.135,1900.608,1900.608,1890.189,8,sl,-1.0
PEM,M5,long,2023-01-18 16:40:00+00:00,2023-01-18 18:40:00+00:00,1913.125,1914.745,1901.015,1937.3449999999998,25,timeout,0.133773740710149
PEM,M5,short,2023-01-19 00:40:00+00:00,2023-01-19 02:40:00+00:00,1901.517,1903.898,1908.605,1887.3410000000001,25,timeout,-0.33591986455980105
PEM,M5,short,2023-01-19 06:05:00+00:00,2023-01-19 06:10:00+00:00,1903.687,1904.348,1904.348,1902.3649999999998,2,sl,-1.0
PEM,M5,long,2023-01-19 06:55:00+00:00,2023-01-19 08:20:00+00:00,1906.315,1904.085,1904.085,1910.775,18,sl,-1.0
PEM,M5,short,2023-01-19 09:00:00+00:00,2023-01-19 09:35:00+00:00,1901.425,1903.735,1903.735,1896.805,8,sl,-1.0
PEM,M5,short,2023-01-19 18:50:00+00:00,2023-01-19 19:15:00+00:00,1906.635,1909.925,1909.925,1900.055,6,sl,-1.0
PEM,M5,long,2023-01-19 22:15:00+00:00,2023-01-20 00:15:00+00:00,1918.825,1921.845,1912.925,1930.6250000000002,25,timeout,0.5118644067796501
PEM,M5,long,2023-01-20 02:35:00+00:00,2023-01-20 04:35:00+00:00,1928.245,1931.875,1921.815,1941.1049999999996,25,timeout,0.5645412130637949
PEM,M5,long,2023-01-20 14:35:00+00:00,2023-01-20 16:15:00+00:00,1930.395,1926.445,1926.445,1938.295,21,sl,-1.0
PEM,M5,long,2023-01-20 22:35:00+00:00,2023-01-20 23:25:00+00:00,1930.275,1925.055,1925.055,1940.7150000000001,11,sl,-1.0
PEM,M5,short,2023-01-20 23:30:00+00:00,2023-01-21 01:30:00+00:00,1924.725,1926.835,1928.465,1917.245,25,timeout,-0.5641711229946851
PEM,M5,long,2023-01-21 02:00:00+00:00,2023-01-21 04:00:00+00:00,1928.428,1927.248,1925.075,1935.1340000000002,25,timeout,-0.3519236504622847
PEM,M5,short,2023-01-21 04:10:00+00:00,2023-01-23 06:05:00+00:00,1927.098,1923.998,1928.648,1923.998,13,tp,2.0
PEM,M5,long,2023-01-23 07:10:00+00:00,2023-01-23 07:55:00+00:00,1927.615,1931.9510000000002,1925.447,1931.9510000000002,10,tp,2.0
PEM,M5,long,2023-01-23 08:55:00+00:00,2023-01-23 10:40:00+00:00,1933.655,1931.125,1931.125,1938.715,22,sl,-1.0
PEM,M5,short,2023-01-23 13:05:00+00:00,2023-01-23 13:40:00+00:00,1926.115,1922.055,1928.145,1922.055,8,tp,2.0
PEM,M5,short,2023-01-24 00:40:00+00:00,2023-01-24 00:45:00+00:00,1920.655,1922.045,1922.045,1917.8749999999998,2,sl,-1.0
PEM,M5,long,2023-01-24 09:45:00+00:00,2023-01-24 10:45:00+00:00,1935.645,1934.188,1934.188,1938.5589999999997,13,sl,-1.0
PEM,M5,long,2023-01-24 12:35:00+00:00,2023-01-24 13:55:00+00:00,1934.905,1939.7049999999997,1932.505,1939.7049999999997,17,tp,2.0
PEM,M5,short,2023-01-25 11:55:00+00:00,2023-01-25 13:55:00+00:00,1929.995,1931.585,1933.115,1923.7549999999997,25,timeout,-0.5096153846154119
PEM,M5,short,2023-01-25 17:15:00+00:00,2023-01-25 19:15:00+00:00,1926.725,1923.645,1930.875,1918.4249999999997,25,timeout,0.7421686746987614
PEM,M5,long,2023-01-26 00:05:00+00:00,2023-01-26 02:05:00+00:00,1937.155,1941.035,1928.805,1953.8549999999998,25,timeout,0.46467065868265284
PEM,M5,long,2023-01-26 03:05:00+00:00,2023-01-26 03:05:00+00:00,1942.318,1947.0579999999998,1939.948,1947.0579999999998,1,tp,2.0
PEM,M5,long,2023-01-26 11:05:00+00:00,2023-01-26 11:15:00+00:00,1947.765,1946.885,1946.885,1949.5250000000003,3,sl,-1.0
PEM,M5,long,2023-01-26 11:50:00+00:00,2023-01-26 11:50:00+00:00,1947.835,1946.315,1946.315,1950.875,1,sl,-1.0
PEM,M5,long,2023-01-26 15:50:00+00:00,2023-01-26 15:55:00+00:00,1944.625,1942.925,1942.925,1948.025,2,sl,-1.0
PEM,M5,short,2023-01-26 18:35:00+00:00,2023-01-26 19:00:00+00:00,1934.345,1937.545,1937.545,1927.945,6,sl,-1.0
PEM,M5,short,2023-01-26 22:45:00+00:00,2023-01-27 00:45:00+00:00,1926.125,1926.675,1934.085,1910.205,25,timeout,-0.06909547738692864
PEM,M5,long,2023-01-27 07:15:00+00:00,2023-01-27 09:00:00+00:00,1931.515,1929.638,1929.638,1935.2690000000005,22,sl,-1.0
PEM,M5,short,2023-01-27 10:35:00+00:00,2023-01-27 12:35:00+00:00,1925.115,1925.445,1930.118,1915.1090000000002,25,timeout,-0.06596042374573895
PEM,M5,short,2023-01-27 22:55:00+00:00,2023-01-27 23:15:00+00:00,1918.555,1927.475,1927.475,1900.7150000000004,5,sl,-1.0
PEM,M5,short,2023-01-28 00:30:00+00:00,2023-01-28 02:30:00+00:00,1926.495,1931.755,1931.755,1915.9749999999995,25,sl,-1.0
PEM,M5,short,2023-01-28 03:30:00+00:00,2023-01-30 06:25:00+00:00,1929.425,1927.098,1931.898,1924.479,25,timeout,0.940962393853635
PEM,M5,short,2023-01-30 10:40:00+00:00,2023-01-30 11:15:00+00:00,1924.835,1929.205,1929.205,1916.0950000000003,8,sl,-1.0
PEM,M5,short,2023-01-30 15:05:00+00:00,2023-01-30 17:05:00+00:00,1923.605,1925.355,1931.135,1908.545,25,timeout,-0.2324037184594962
PEM,M5,short,2023-01-31 02:20:00+00:00,2023-01-31 02:25:00+00:00,1921.145,1923.035,1923.035,1917.3649999999998,2,sl,-1.0
PEM,M5,short,2023-01-31 03:35:00+00:00,2023-01-31 04:15:00+00:00,1921.488,1923.428,1923.428,1917.608,9,sl,-1.0
PEM,M5,short,2023-01-31 06:55:00+00:00,2023-01-31 06:55:00+00:00,1921.755,1922.648,1922.648,1919.9690000000005,1,sl,-1.0
PEM,M5,short,2023-01-31 10:50:00+00:00,2023-01-31 12:50:00+00:00,1921.215,1917.405,1926.295,1911.0549999999996,25,timeout,0.7499999999999665
PEM,M5,short,2023-01-31 16:45:00+00:00,2023-01-31 18:45:00+00:00,1904.525,1903.965,1907.455,1898.6650000000004,25,timeout,0.19112627986355088
PEM,M5,long,2023-01-31 22:00:00+00:00,2023-02-01 00:00:00+00:00,1925.395,1927.028,1908.675,1958.835,25,timeout,0.09766746411483467
PEM,M5,long,2023-02-01 02:40:00+00:00,2023-02-01 03:00:00+00:00,1930.528,1928.805,1928.805,1933.974,5,sl,-1.0
PEM,M5,short,2023-02-01 09:15:00+00:00,2023-02-01 11:15:00+00:00,1926.185,1927.775,1927.775,1923.0049999999997,25,sl,-1.0
PEM,M5,short,2023-02-01 14:40:00+00:00,2023-02-01 16:40:00+00:00,1925.025,1924.845,1927.505,1920.065,25,timeout,0.07258064516131546
PEM,M5,long,2023-02-02 01:40:00+00:00,2023-02-02 02:00:00+00:00,1928.075,1924.175,1924.175,1935.8750000000002,5,sl,-1.0
PEM,M5,long,2023-02-02 06:20:00+00:00,2023-02-02 08:20:00+00:00,1955.115,1954.998,1948.998,1967.349,25,timeout,-0.019127023050508833
PEM,M5,long,2023-02-02 15:15:00+00:00,2023-02-02 17:15:00+00:00,1957.715,1956.025,1952.718,1967.7089999999996,25,timeout,-0.33820292175302785
PEM,M5,short,2023-02-03 11:15:00+00:00,2023-02-03 11:55:00+00:00,1914.595,1916.545,1916.545,1910.695,9,sl,-1.0
PEM,M5,short,2023-02-03 17:20:00+00:00,2023-02-03 18:55:00+00:00,1911.015,1914.145,1914.145,1904.7550000000003,20,sl,-1.0
PEM,M5,short,2023-02-03 23:00:00+00:00,2023-02-04 01:00:00+00:00,1872.035,1863.098,1881.835,1852.4350000000002,25,timeout,0.9119387755102211
PEM,M5,short,2023-02-06 06:45:00+00:00,2023-02-06 08:00:00+00:00,1865.775,1869.775,1869.775,1857.775,16,sl,-1.0
PEM,M5,long,2023-02-06 08:55:00+00:00,2023-02-06 10:55:00+00:00,1873.075,1875.945,1868.125,1882.9750000000001,25,timeout,0.5797979797979524
PEM,M5,short,2023-02-07 03:00:00+00:00,2023-02-07 05:00:00+00:00,1865.625,1866.698,1871.105,1854.665,25,timeout,-0.19580291970804548
PEM,M5,long,2023-02-07 07:05:00+00:00,2023-02-07 08:05:00+00:00,1868.505,1871.0650000000005,1867.225,1871.0650000000005,13,tp,2.0
PEM,M5,long,2023-02-07 09:35:00+00:00,2023-02-07 11:35:00+00:00,1873.625,1872.215,1870.425,1880.025,25,timeout,-0.4406250000000193
PEM,M5,short,2023-02-07 20:20:00+00:00,2023-02-07 22:20:00+00:00,1868.075,1868.995,1872.685,1858.8550000000002,25,timeout,-0.19956616052057816
PEM,M5,long,2023-02-08 07:15:00+00:00,2023-02-08 09:15:00+00:00,1874.265,1875.568,1871.305,1880.1850000000002,25,timeout,0.440202702702658
PEM,M5,long,2023-02-08 16:10:00+00:00,2023-02-08 17:55:00+00:00,1884.145,1879.035,1879.035,1894.3649999999998,22,sl,-1.0
PEM,M5,long,2023-02-08 19:15:00+00:00,2023-02-08 19:55:00+00:00,1882.955,1879.645,1879.645,1889.5749999999998,9,sl,-1.0
PEM,M5,long,2023-02-09 09:15:00+00:00,2023-02-09 11:15:00+00:00,1878.715,1879.065,1874.165,1887.8149999999998,25,timeout,0.07692307692310768
PEM,M5,long,2023-02-09 12:40:00+00:00,2023-02-09 12:45:00+00:00,1879.778,1879.035,1879.035,1881.264,2,sl_first_ambiguous,-1.0
PEM,M5,long,2023-02-09 17:45:00+00:00,2023-02-09 18:20:00+00:00,1883.605,1881.435,1881.435,1887.9450000000002,8,sl,-1.0
PEM,M5,short,2023-02-10 01:45:00+00:00,2023-02-10 02:25:00+00:00,1865.805,1869.355,1869.355,1858.7050000000002,9,sl,-1.0
PEM,M5,short,2023-02-10 10:35:00+00:00,2023-02-10 12:35:00+00:00,1857.875,1854.405,1861.755,1850.1149999999998,25,timeout,0.8943298969071983
PEM,M5,short,2023-02-10 16:25:00+00:00,2023-02-10 18:25:00+00:00,1862.695,1861.698,1869.785,1848.5149999999996,25,timeout,0.140620592383614
PEM,M5,short,2023-02-10 22:55:00+00:00,2023-02-11 00:55:00+00:00,1859.615,1861.205,1868.415,1842.015,25,timeout,-0.1806818181818098
PEM,M5,long,2023-02-11 04:50:00+00:00,2023-02-13 06:05:00+00:00,1865.398,1863.575,1863.575,1869.0439999999996,5,sl,-1.0
PEM,M5,long,2023-02-13 07:55:00+00:00,2023-02-13 08:15:00+00:00,1863.465,1861.365,1861.365,1867.6649999999997,5,sl,-1.0
PEM,M5,short,2023-02-13 09:45:00+00:00,2023-02-13 10:00:00+00:00,1860.715,1861.865,1861.865,1858.4149999999997,4,sl,-1.0
PEM,M5,short,2023-02-13 10:55:00+00:00,2023-02-13 12:55:00+00:00,1859.225,1859.408,1861.435,1854.8049999999998,25,timeout,-0.08280542986424874
PEM,M5,long,2023-02-13 14:20:00+00:00,2023-02-13 16:20:00+00:00,1864.325,1858.625,1858.625,1875.7250000000001,25,sl,-1.0
PEM,M5,long,2023-02-15 08:45:00+00:00,2023-02-15 09:40:00+00:00,1858.615,1855.755,1855.755,1864.3349999999998,12,sl,-1.0
PEM,M5,short,2023-02-15 10:45:00+00:00,2023-02-15 12:45:00+00:00,1849.055,1846.055,1857.605,1831.9550000000002,25,timeout,0.350877192982458
PEM,M5,short,2023-02-15 17:55:00+00:00,2023-02-15 19:55:00+00:00,1834.985,1834.985,1837.378,1830.1989999999998,25,timeout,0.0
PEM,M5,short,2023-02-16 00:40:00+00:00,2023-02-16 01:45:00+00:00,1832.668,1836.005,1836.005,1825.9939999999995,14,sl,-1.0
PEM,M5,long,2023-02-16 02:10:00+00:00,2023-02-16 04:10:00+00:00,1836.705,1837.698,1833.895,1842.3249999999998,25,timeout,0.35338078291821523
PEM,M5,long,2023-02-16 07:10:00+00:00,2023-02-16 07:30:00+00:00,1837.515,1835.735,1835.735,1841.0750000000005,5,sl,-1.0
PEM,M5,long,2023-02-16 14:45:00+00:00,2023-02-16 16:45:00+00:00,1839.758,1835.205,1835.205,1848.8640000000003,25,sl,-1.0
PEM,M5,long,2023-02-16 17:40:00+00:00,2023-02-16 18:55:00+00:00,1838.565,1835.225,1835.225,1845.2450000000003,16,sl,-1.0
PEM,M5,short,2023-02-17 06:05:00+00:00,2023-02-17 07:00:00+00:00,1836.198,1832.3840000000002,1838.105,1832.3840000000002,12,tp,2.0
PEM,M5,short,2023-02-17 07:35:00+00:00,2023-02-17 09:05:00+00:00,1831.445,1827.1449999999998,1833.595,1827.1449999999998,19,tp,2.0
PEM,M5,short,2023-02-17 09:45:00+00:00,2023-02-17 11:45:00+00:00,1828.565,1825.775,1833.475,1818.7450000000003,25,timeout,0.5682281059063231
PEM,M5,long,2023-02-17 23:50:00+00:00,2023-02-18 01:50:00+00:00,1839.468,1842.735,1833.875,1850.6540000000002,25,timeout,0.5841230109064512
PEM,M5,long,2023-02-20 09:15:00+00:00,2023-02-20 11:15:00+00:00,1841.095,1843.315,1837.345,1848.595,25,timeout,0.5920000000000073
PEM,M5,short,2023-02-21 19:05:00+00:00,2023-02-21 19:15:00+00:00,1833.735,1831.0749999999996,1835.065,1831.0749999999996,3,tp,2.0
PEM,M5,long,2023-02-22 03:10:00+00:00,2023-02-22 06:05:00+00:00,1834.905,1834.798,1831.915,1840.885,25,timeout,-0.035785953177247684
PEM,M5,long,2023-02-22 18:15:00+00:00,2023-02-22 19:30:00+00:00,1836.555,1843.575,1833.045,1843.575,16,tp,2.0
PEM,M5,short,2023-02-22 23:50:00+00:00,2023-02-23 01:50:00+00:00,1832.955,1830.265,1835.565,1827.7349999999997,25,timeout,1.030651340996052
PEM,M5,short,2023-02-23 15:15:00+00:00,2023-02-23 17:15:00+00:00,1826.825,1825.595,1830.018,1820.439,25,timeout,0.38521766363921844
PEM,M5,short,2023-02-23 22:50:00+00:00,2023-02-24 00:50:00+00:00,1822.415,1821.105,1825.175,1816.895,25,timeout,0.4746376811594021
PEM,M5,long,2023-02-24 02:20:00+00:00,2023-02-24 04:15:00+00:00,1823.325,1822.145,1822.145,1825.6850000000002,24,sl,-1.0
PEM,M5,long,2023-02-24 07:00:00+00:00,2023-02-24 07:55:00+00:00,1823.405,1826.119,1822.048,1826.119,12,tp,2.0
PEM,M5,short,2023-02-24 14:55:00+00:00,2023-02-24 15:40:00+00:00,1821.825,1825.085,1825.085,1815.305,10,sl,-1.0
PEM,M5,short,2023-02-24 18:50:00+00:00,2023-02-24 20:50:00+00:00,1817.985,1816.005,1823.175,1807.6049999999998,25,timeout,0.3815028901733661
PEM,M5,short,2023-02-24 23:00:00+00:00,2023-02-25 01:00:00+00:00,1810.015,1810.185,1814.095,1801.8550000000002,25,timeout,-0.041666666666629514
PEM,M5,long,2023-02-27 08:10:00+00:00,2023-02-27 08:30:00+00:00,1813.695,1812.324,1812.324,1816.4369999999997,5,sl,-1.0
PEM,M5,short,2023-02-27 09:55:00+00:00,2023-02-27 10:40:00+00:00,1812.005,1808.505,1813.755,1808.505,10,tp,2.0
PEM,M5,long,2023-02-27 21:25:00+00:00,2023-02-27 23:25:00+00:00,1816.255,1813.835,1811.755,1825.255,25,timeout,-0.5377777777777939
PEM,M5,short,2023-02-28 10:45:00+00:00,2023-02-28 11:30:00+00:00,1816.445,1814.0849999999998,1817.625,1814.0849999999998,10,tp,2.0
PEM,M5,short,2023-02-28 15:15:00+00:00,2023-02-28 17:15:00+00:00,1808.085,1810.595,1815.975,1792.3050000000003,25,timeout,-0.3181242078580521
PEM,M5,short,2023-02-28 17:55:00+00:00,2023-02-28 19:55:00+00:00,1808.495,1808.648,1812.425,1800.6349999999998,25,timeout,-0.03893129770992813
PEM,M5,long,2023-02-28 23:15:00+00:00,2023-03-01 01:15:00+00:00,1827.055,1829.718,1823.165,1834.8350000000003,25,timeout,0.6845758354755636
PEM,M5,short,2023-03-01 06:35:00+00:00,2023-03-01 07:00:00+00:00,1826.675,1825.5889999999997,1827.218,1825.5889999999997,6,tp,2.0
PEM,M5,short,2023-03-01 08:00:00+00:00,2023-03-01 08:35:00+00:00,1823.058,1825.985,1825.985,1817.2040000000002,8,sl,-1.0
PEM,M5,long,2023-03-01 13:20:00+00:00,2023-03-01 15:20:00+00:00,1832.895,1833.365,1830.808,1837.069,25,timeout,0.22520364159081444
PEM,M5,long,2023-03-01 18:10:00+00:00,2023-03-01 20:10:00+00:00,1835.565,1836.015,1830.975,1844.7450000000003,25,timeout,0.09803921568628131
PEM,M5,long,2023-03-01 21:40:00+00:00,2023-03-01 22:10:00+00:00,1840.445,1836.995,1836.995,1847.345,7,sl,-1.0
PEM,M5,short,2023-03-02 07:00:00+00:00,2023-03-02 07:25:00+00:00,1836.625,1838.105,1838.105,1833.665,6,sl,-1.0
PEM,M5,short,2023-03-02 13:20:00+00:00,2023-03-02 15:20:00+00:00,1831.978,1830.255,1834.345,1827.2440000000001,25,timeout,0.7279256442754475
PEM,M5,short,2023-03-02 17:10:00+00:00,2023-03-02 18:25:00+00:00,1831.405,1834.095,1834.095,1826.0249999999999,16,sl,-1.0
PEM,M5,short,2023-03-03 00:20:00+00:00,2023-03-03 02:20:00+00:00,1833.535,1836.055,1838.544,1823.517,25,timeout,-0.5030944300259482
PEM,M5,long,2023-03-03 09:10:00+00:00,2023-03-03 10:05:00+00:00,1839.215,1838.095,1838.095,1841.4549999999997,12,sl,-1.0
PEM,M5,long,2023-03-03 16:15:00+00:00,2023-03-03 18:15:00+00:00,1846.485,1847.965,1842.875,1853.7049999999997,25,timeout,0.40997229916899147
PEM,M5,long,2023-03-04 02:40:00+00:00,2023-03-04 04:40:00+00:00,1852.625,1854.768,1847.465,1862.9450000000002,25,timeout,0.4153100775193789
PEM,M5,short,2023-03-06 08:05:00+00:00,2023-03-06 09:50:00+00:00,1851.528,1853.605,1853.605,1847.374,22,sl,-1.0
PEM,M5,long,2023-03-06 14:25:00+00:00,2023-03-06 15:35:00+00:00,1855.735,1852.958,1852.958,1861.2889999999995,15,sl,-1.0
PEM,M5,long,2023-03-07 00:25:00+00:00,2023-03-07 00:30:00+00:00,1852.195,1850.075,1850.075,1856.4349999999997,2,sl,-1.0
PEM,M5,short,2023-03-07 01:50:00+00:00,2023-03-07 03:50:00+00:00,1847.125,1846.435,1850.208,1840.9589999999998,25,timeout,0.22380797924101065
PEM,M5,short,2023-03-07 10:55:00+00:00,2023-03-07 12:55:00+00:00,1846.675,1847.805,1849.935,1840.155,25,timeout,-0.3466257668712001
PEM,M5,short,2023-03-07 17:25:00+00:00,2023-03-07 17:25:00+00:00,1843.115,1844.025,1844.025,1841.2949999999998,1,sl,-1.0
PEM,M5,short,2023-03-07 18:35:00+00:00,2023-03-07 19:35:00+00:00,1842.265,1839.6850000000002,1843.555,1839.6850000000002,13,tp,2.0
PEM,M5,short,2023-03-07 19:40:00+00:00,2023-03-07 20:25:00+00:00,1839.485,1835.7249999999997,1841.365,1835.7249999999997,10,tp,2.0
PEM,M5,short,2023-03-08 04:40:00+00:00,2023-03-08 07:35:00+00:00,1813.805,1812.975,1815.725,1809.9650000000004,25,timeout,0.432291666666782
PEM,M5,short,2023-03-08 08:15:00+00:00,2023-03-08 08:35:00+00:00,1811.605,1813.235,1813.235,1808.3450000000003,5,sl,-1.0
PEM,M5,short,2023-03-08 19:55:00+00:00,2023-03-08 21:35:00+00:00,1813.775,1815.838,1815.838,1809.6490000000003,21,sl,-1.0
PEM,M5,long,2023-03-08 23:15:00+00:00,2023-03-08 23:35:00+00:00,1821.625,1819.175,1819.175,1826.525,5,sl,-1.0
PEM,M5,long,2023-03-09 00:45:00+00:00,2023-03-09 00:55:00+00:00,1818.048,1815.495,1815.495,1823.1540000000002,3,sl,-1.0
PEM,M5,short,2023-03-09 01:50:00+00:00,2023-03-09 02:15:00+00:00,1813.735,1815.865,1815.865,1809.4749999999997,6,sl,-1.0
PEM,M5,long,2023-03-09 16:45:00+00:00,2023-03-09 18:45:00+00:00,1818.365,1819.715,1814.815,1825.465,25,timeout,0.3802816901408243
PEM,M5,long,2023-03-09 22:15:00+00:00,2023-03-09 23:10:00+00:00,1833.935,1826.258,1826.258,1849.2889999999998,12,sl,-1.0
PEM,M5,long,2023-03-10 01:50:00+00:00,2023-03-10 03:50:00+00:00,1833.355,1830.478,1825.725,1848.6150000000002,25,timeout,-0.37706422018347463
PEM,M5,long,2023-03-10 07:30:00+00:00,2023-03-10 08:10:00+00:00,1833.905,1831.055,1831.055,1839.6049999999998,9,sl,-1.0
PEM,M5,long,2023-03-10 09:15:00+00:00,2023-03-10 09:30:00+00:00,1832.385,1830.535,1830.535,1836.0849999999998,4,sl,-1.0
PEM,M5,short,2023-03-10 10:35:00+00:00,2023-03-10 10:45:00+00:00,1828.185,1829.985,1829.985,1824.585,3,sl,-1.0
PEM,M5,long,2023-03-10 14:10:00+00:00,2023-03-10 15:05:00+00:00,1832.148,1836.2539999999997,1830.095,1836.2539999999997,12,tp,2.0
PEM,M5,long,2023-03-10 15:45:00+00:00,2023-03-10 17:00:00+00:00,1835.444,1832.094,1832.094,1842.1439999999998,16,sl,-1.0
PEM,M5,long,2023-03-10 22:35:00+00:00,2023-03-11 00:35:00+00:00,1865.235,1861.675,1847.964,1899.7769999999998,25,timeout,-0.20612587574546662
PEM,M5,long,2023-03-11 03:45:00+00:00,2023-03-13 05:00:00+00:00,1867.415,1880.5349999999999,1860.855,1880.5349999999999,17,tp,2.0
PEM,M5,short,2023-03-13 13:05:00+00:00,2023-03-13 13:15:00+00:00,1877.608,1881.775,1881.775,1869.2739999999997,3,sl,-1.0
PEM,M5,short,2023-03-13 13:50:00+00:00,2023-03-13 15:15:00+00:00,1876.534,1879.334,1879.334,1870.9340000000002,18,sl,-1.0
PEM,M5,long,2023-03-13 21:55:00+00:00,2023-03-13 22:50:00+00:00,1912.005,1904.045,1904.045,1927.9250000000002,12,sl,-1.0
PEM,M5,short,2023-03-14 09:35:00+00:00,2023-03-14 11:35:00+00:00,1905.125,1902.435,1913.645,1888.085,25,timeout,0.3157276995305235
PEM,M5,long,2023-03-14 13:20:00+00:00,2023-03-14 15:20:00+00:00,1911.105,1907.365,1903.035,1927.245,25,timeout,-0.4634448574969069
PEM,M5,long,2023-03-15 00:05:00+00:00,2023-03-15 02:05:00+00:00,1908.855,1906.025,1904.885,1916.795,25,timeout,-0.7128463476070297
PEM,M5,short,2023-03-15 02:10:00+00:00,2023-03-15 05:05:00+00:00,1906.035,1904.078,1909.148,1899.8090000000004,25,timeout,0.6286540314809556
PEM,M5,short,2023-03-15 07:10:00+00:00,2023-03-15 08:05:00+00:00,1901.955,1903.775,1903.775,1898.3149999999996,12,sl,-1.0
PEM,M5,long,2023-03-15 18:40:00+00:00,2023-03-15 20:40:00+00:00,1917.035,1918.484,1904.575,1941.9550000000002,25,timeout,0.11629213483144764
PEM,M5,long,2023-03-16 16:15:00+00:00,2023-03-16 16:30:00+00:00,1921.604,1918.765,1918.765,1927.282,4,sl,-1.0
PEM,M5,long,2023-03-16 20:30:00+00:00,2023-03-16 20:50:00+00:00,1931.405,1923.945,1923.945,1946.325,5,sl,-1.0
PEM,M5,long,2023-03-17 01:55:00+00:00,2023-03-17 03:55:00+00:00,1920.878,1919.464,1915.185,1932.264,25,timeout,-0.24837519761109983
PEM,M5,long,2023-03-17 11:30:00+00:00,2023-03-17 13:30:00+00:00,1928.328,1931.465,1920.565,1943.8539999999998,25,timeout,0.4040963545021224
PEM,M5,long,2023-03-17 14:45:00+00:00,2023-03-17 15:15:00+00:00,1931.504,1928.195,1928.195,1938.1219999999998,7,sl,-1.0
PEM,M5,long,2023-03-17 16:40:00+00:00,2023-03-17 18:40:00+00:00,1932.495,1935.005,1928.274,1940.937,25,timeout,0.5946458185264667
PEM,M5,long,2023-03-17 19:10:00+00:00,2023-03-17 19:25:00+00:00,1936.185,1940.9849999999997,1933.785,1940.9849999999997,4,tp,2.0
PEM,M5,long,2023-03-18 00:15:00+00:00,2023-03-18 01:55:00+00:00,1963.875,1985.049,1953.288,1985.049,21,tp,2.0
PEM,M5,long,2023-03-18 03:40:00+00:00,2023-03-20 05:40:00+00:00,1983.724,1975.175,1975.175,2000.822,14,sl,-1.0
PEM,M5,short,2023-03-20 10:45:00+00:00,2023-03-20 11:35:00+00:00,1972.745,1974.965,1974.965,1968.3049999999998,11,sl,-1.0
PEM,M5,long,2023-03-20 12:45:00+00:00,2023-03-20 12:50:00+00:00,1976.345,1981.6050000000002,1973.715,1981.6050000000002,2,tp,2.0
PEM,M5,short,2023-03-20 17:35:00+00:00,2023-03-20 17:35:00+00:00,1983.248,1974.8340000000003,1987.455,1974.8340000000003,1,tp,2.0
PEM,M5,long,2023-03-21 00:20:00+00:00,2023-03-21 02:00:00+00:00,1977.325,1984.1450000000002,1973.915,1984.1450000000002,21,tp,2.0
PEM,M5,short,2023-03-21 03:10:00+00:00,2023-03-21 06:05:00+00:00,1978.735,1977.854,1983.545,1969.1149999999996,25,timeout,0.1831600831600471
PEM,M5,long,2023-03-21 10:40:00+00:00,2023-03-21 11:10:00+00:00,1983.375,1982.225,1982.225,1985.6750000000002,7,sl,-1.0
PEM,M5,short,2023-03-21 15:05:00+00:00,2023-03-21 17:05:00+00:00,1970.045,1968.835,1981.435,1947.2650000000003,25,timeout,0.10623353819140034
PEM,M5,short,2023-03-21 23:35:00+00:00,2023-03-22 01:35:00+00:00,1941.045,1938.035,1948.295,1926.545,25,timeout,0.4151724137931022
PEM,M5,short,2023-03-22 01:45:00+00:00,2023-03-22 03:45:00+00:00,1937.935,1939.914,1940.618,1932.569,25,timeout,-0.7376071561684857
PEM,M5,long,2023-03-22 06:15:00+00:00,2023-03-22 08:15:00+00:00,1942.515,1944.745,1940.095,1947.3550000000002,25,timeout,0.921487603305671
PEM,M5,long,2023-03-22 13:40:00+00:00,2023-03-22 14:10:00+00:00,1941.765,1938.835,1938.835,1947.6250000000002,7,sl,-1.0
PEM,M5,short,2023-03-22 17:50:00+00:00,2023-03-22 19:50:00+00:00,1940.385,1939.545,1944.585,1931.985,25,timeout,0.19999999999997833
PEM,M5,long,2023-03-22 21:55:00+00:00,2023-03-22 23:55:00+00:00,1948.845,1948.888,1939.925,1966.6850000000002,25,timeout,0.004820627802678512
PEM,M5,long,2023-03-23 08:00:00+00:00,2023-03-23 08:15:00+00:00,1971.835,1968.685,1968.685,1978.1350000000002,4,sl,-1.0
PEM,M5,long,2023-03-23 09:15:00+00:00,2023-03-23 10:55:00+00:00,1970.924,1976.6019999999999,1968.085,1976.6019999999999,21,tp,2.0
PEM,M5,long,2023-03-23 12:05:00+00:00,2023-03-23 13:30:00+00:00,1977.485,1982.8249999999996,1974.815,1982.8249999999996,18,tp,2.0
PEM,M5,long,2023-03-24 01:45:00+00:00,2023-03-24 01:55:00+00:00,2003.115,1998.264,1998.264,2012.8170000000002,3,sl,-1.0
PEM,M5,long,2023-03-24 03:10:00+00:00,2023-03-24 03:35:00+00:00,1998.085,1993.945,1993.945,2006.3650000000002,6,sl,-1.0
PEM,M5,short,2023-03-24 13:30:00+00:00,2023-03-24 15:05:00+00:00,1986.305,1990.305,1990.305,1978.305,20,sl,-1.0
PEM,M5,long,2023-03-24 19:10:00+00:00,2023-03-24 19:35:00+00:00,1995.694,2001.9919999999997,1992.545,2001.9919999999997,6,tp,2.0
PEM,M5,short,2023-03-24 22:25:00+00:00,2023-03-25 00:25:00+00:00,1991.085,1983.665,1997.708,1977.839,25,timeout,1.1203382153102854
PEM,M5,short,2023-03-25 03:35:00+00:00,2023-03-25 03:40:00+00:00,1975.245,1977.835,1977.835,1970.0649999999996,2,sl,-1.0
PEM,M5,long,2023-03-27 10:00:00+00:00,2023-03-27 10:25:00+00:00,1976.235,1974.535,1974.535,1979.6349999999995,6,sl,-1.0
PEM,M5,short,2023-03-27 12:00:00+00:00,2023-03-27 12:50:00+00:00,1973.795,1971.0550000000003,1975.165,1971.0550000000003,11,tp,2.0
PEM,M5,short,2023-03-27 15:40:00+00:00,2023-03-27 16:20:00+00:00,1969.245,1965.1049999999996,1971.315,1965.1049999999996,9,tp,2.0
PEM,M5,short,2023-03-27 17:10:00+00:00,2023-03-27 19:10:00+00:00,1955.305,1951.835,1959.198,1947.519,25,timeout,0.8913434369380944
PEM,M5,long,2023-03-28 17:45:00+00:00,2023-03-28 19:45:00+00:00,1956.878,1966.295,1951.378,1967.878,25,timeout,1.7121818181818442
PEM,M5,long,2023-03-29 00:10:00+00:00,2023-03-29 02:10:00+00:00,1969.715,1973.658,1965.605,1977.9349999999997,25,timeout,0.9593673965936933
PEM,M5,short,2023-03-29 10:30:00+00:00,2023-03-29 12:30:00+00:00,1966.735,1966.125,1969.065,1962.0749999999996,25,timeout,0.2618025751072358
PEM,M5,short,2023-03-29 14:10:00+00:00,2023-03-29 16:05:00+00:00,1960.035,1965.515,1965.515,1949.075,24,sl,-1.0
PEM,M5,short,2023-03-29 23:00:00+00:00,2023-03-30 01:00:00+00:00,1964.015,1968.335,1970.015,1952.015,25,timeout,-0.7199999999999894
PEM,M5,short,2023-03-30 02:30:00+00:00,2023-03-30 05:25:00+00:00,1963.255,1963.995,1966.295,1957.1750000000002,25,timeout,-0.24342105263151007
PEM,M5,short,2023-03-30 11:05:00+00:00,2023-03-30 11:40:00+00:00,1959.528,1960.745,1960.745,1957.0940000000003,8,sl,-1.0
PEM,M5,long,2023-03-30 12:30:00+00:00,2023-03-30 13:15:00+00:00,1962.745,1967.5049999999997,1960.365,1967.5049999999997,10,tp,2.0
PEM,M5,long,2023-03-30 18:25:00+00:00,2023-03-30 20:25:00+00:00,1970.238,1967.135,1967.135,1976.4440000000002,25,sl,-1.0
PEM,M5,long,2023-03-30 23:10:00+00:00,2023-03-31 01:10:00+00:00,1978.145,1979.675,1969.818,1994.799,25,timeout,0.18373964212801405
PEM,M5,short,2023-03-31 21:25:00+00:00,2023-03-31 22:45:00+00:00,1977.105,1980.705,1980.705,1969.9050000000002,17,sl,-1.0
PEM,M5,short,2023-04-01 00:30:00+00:00,2023-04-01 02:30:00+00:00,1971.245,1970.598,1976.885,1959.9649999999997,25,timeout,0.11471631205672395
PEM,M5,short,2023-04-03 06:20:00+00:00,2023-04-03 07:55:00+00:00,1960.575,1963.925,1963.925,1953.8750000000002,20,sl,-1.0
PEM,M5,short,2023-04-03 09:45:00+00:00,2023-04-03 11:45:00+00:00,1956.615,1951.475,1962.655,1944.535,25,timeout,0.8509933774834654
PEM,M5,long,2023-04-03 16:05:00+00:00,2023-04-03 16:35:00+00:00,1965.825,1963.065,1963.065,1971.345,7,sl,-1.0
PEM,M5,long,2023-04-03 17:55:00+00:00,2023-04-03 18:20:00+00:00,1970.855,1974.2150000000001,1969.175,1974.2150000000001,6,tp,2.0
PEM,M5,short,2023-04-04 05:45:00+00:00,2023-04-04 06:50:00+00:00,1983.615,1985.375,1985.375,1980.095,14,sl,-1.0
PEM,M5,short,2023-04-04 11:00:00+00:00,2023-04-04 13:00:00+00:00,1978.425,1978.225,1981.705,1971.865,25,timeout,0.06097560975611193
PEM,M5,long,2023-04-04 16:15:00+00:00,2023-04-04 18:15:00+00:00,1983.145,1980.795,1980.165,1989.105,25,timeout,-0.7885906040268102
PEM,M5,long,2023-04-04 23:15:00+00:00,2023-04-05 01:15:00+00:00,2024.288,2018.458,1985.065,2102.734,25,timeout,-0.14863727914743732
PEM,M5,long,2023-04-05 06:15:00+00:00,2023-04-05 07:50:00+00:00,2021.905,2019.678,2019.678,2026.3589999999997,20,sl,-1.0
PEM,M5,short,2023-04-05 08:00:00+00:00,2023-04-05 08:10:00+00:00,2019.664,2021.095,2021.095,2016.802,3,sl,-1.0
PEM,M5,short,2023-04-05 09:15:00+00:00,2023-04-05 09:30:00+00:00,2020.248,2021.198,2021.198,2018.348,4,sl,-1.0
PEM,M5,long,2023-04-05 17:00:00+00:00,2023-04-05 18:00:00+00:00,2024.975,2021.745,2021.745,2031.435,13,sl,-1.0
PEM,M5,long,2023-04-06 17:40:00+00:00,2023-04-06 18:35:00+00:00,2019.905,2017.428,2017.428,2024.8589999999997,12,sl,-1.0
PEM,M5,short,2023-04-07 03:05:00+00:00,2023-04-10 05:00:00+00:00,2006.175,1998.9549999999997,2009.785,1998.9549999999997,13,tp,2.0
PEM,M5,short,2023-04-10 07:40:00+00:00,2023-04-10 08:05:00+00:00,2001.345,1996.765,2003.635,1996.765,6,tp,2.0
PEM,M5,short,2023-04-10 20:55:00+00:00,2023-04-10 22:55:00+00:00,1988.255,1988.515,2001.925,1960.9150000000004,25,timeout,-0.019019751280175117
PEM,M5,short,2023-04-11 01:25:00+00:00,2023-04-11 01:50:00+00:00,1988.015,1989.248,1989.248,1985.5490000000002,6,sl,-1.0
PEM,M5,long,2023-04-11 22:20:00+00:00,2023-04-12 00:20:00+00:00,2005.505,2001.498,2001.498,2013.5190000000002,25,sl,-1.0
PEM,M5,short,2023-04-12 03:40:00+00:00,2023-04-12 06:35:00+00:00,2003.015,2003.798,2004.505,2000.035,25,timeout,-0.5255033557046288
PEM,M5,long,2023-04-12 09:40:00+00:00,2023-04-12 09:50:00+00:00,2016.805,2013.835,2013.835,2022.7450000000001,3,sl,-1.0
PEM,M5,short,2023-04-12 15:20:00+00:00,2023-04-12 17:20:00+00:00,2010.525,2009.658,2013.534,2004.507,25,timeout,0.28813559322040044
PEM,M5,short,2023-04-12 17:30:00+00:00,2023-04-12 19:30:00+00:00,2008.248,2011.525,2011.525,2001.694,25,sl,-1.0
PEM,M5,short,2023-04-12 21:45:00+00:00,2023-04-12 23:45:00+00:00,2006.355,2007.755,2021.478,1976.109,25,timeout,-0.09257422469087394
PEM,M5,long,2023-04-13 14:40:00+00:00,2023-04-13 16:40:00+00:00,2023.955,2026.875,2015.898,2040.069,25,timeout,0.36241777336478426
PEM,M5,long,2023-04-13 22:30:00+00:00,2023-04-14 00:30:00+00:00,2040.205,2041.115,2036.195,2048.225,25,timeout,0.22693266832919798
PEM,M5,long,2023-04-14 07:45:00+00:00,2023-04-14 07:45:00+00:00,2040.725,2043.2849999999999,2039.445,2043.2849999999999,1,tp,2.0
PEM,M5,short,2023-04-14 14:05:00+00:00,2023-04-14 14:50:00+00:00,2040.865,2036.579,2043.008,2036.579,10,tp,2.0
PEM,M5,long,2023-04-14 17:15:00+00:00,2023-04-14 19:15:00+00:00,2041.535,2034.735,2031.765,2061.075,25,timeout,-0.6960081883316473
PEM,M5,long,2023-04-17 07:35:00+00:00,2023-04-17 08:00:00+00:00,2004.295,2001.665,2001.665,2009.5550000000003,6,sl,-1.0
PEM,M5,long,2023-04-17 10:30:00+00:00,2023-04-17 12:30:00+00:00,2004.945,2006.155,2003.575,2007.6849999999997,25,timeout,0.8832116788322137
PEM,M5,long,2023-04-17 12:40:00+00:00,2023-04-17 14:10:00+00:00,2007.335,2014.5750000000003,2003.715,2014.5750000000003,19,tp,2.0
PEM,M5,long,2023-04-17 14:15:00+00:00,2023-04-17 14:55:00+00:00,2014.164,2011.165,2011.165,2020.162,9,sl,-1.0
PEM,M5,long,2023-04-17 16:20:00+00:00,2023-04-17 17:15:00+00:00,2011.435,2008.215,2008.215,2017.875,12,sl,-1.0
PEM,M5,short,2023-04-17 17:20:00+00:00,2023-04-17 19:20:00+00:00,2007.555,2010.095,2011.205,2000.2550000000003,25,timeout,-0.6958904109589201
PEM,M5,short,2023-04-17 20:45:00+00:00,2023-04-17 22:45:00+00:00,1997.215,1989.498,2008.625,1974.3949999999998,25,timeout,0.676336546888678
PEM,M5,long,2023-04-18 01:45:00+00:00,2023-04-18 03:45:00+00:00,1996.555,1995.248,1991.115,2007.4350000000002,25,timeout,-0.24025735294117706
PEM,M5,short,2023-04-18 07:15:00+00:00,2023-04-18 07:30:00+00:00,1993.228,1994.675,1994.675,1990.3340000000003,4,sl,-1.0
PEM,M5,long,2023-04-18 10:05:00+00:00,2023-04-18 12:05:00+00:00,1999.975,1998.625,1997.655,2004.6149999999998,25,timeout,-0.5818965517241147
PEM,M5,long,2023-04-18 19:35:00+00:00,2023-04-18 19:35:00+00:00,2005.268,2002.155,2002.155,2011.4940000000001,1,sl,-1.0
PEM,M5,long,2023-04-19 03:30:00+00:00,2023-04-19 06:25:00+00:00,2005.275,2005.215,2004.145,2007.5350000000003,25,timeout,-0.05309734513289116
PEM,M5,long,2023-04-19 08:05:00+00:00,2023-04-19 08:20:00+00:00,2007.745,2004.925,2004.925,2013.3849999999998,4,sl,-1.0
PEM,M5,short,2023-04-19 10:55:00+00:00,2023-04-19 12:55:00+00:00,2002.885,1999.6449999999998,2004.505,1999.6449999999998,25,tp,2.0
PEM,M5,short,2023-04-19 14:50:00+00:00,2023-04-19 15:10:00+00:00,1992.205,1986.0989999999997,1995.258,1986.0989999999997,5,tp,2.0
PEM,M5,short,2023-04-19 15:50:00+00:00,2023-04-19 17:50:00+00:00,1977.565,1973.665,1986.925,1958.8450000000003,25,timeout,0.41666666666668084
PEM,M5,short,2023-04-19 18:10:00+00:00,2023-04-19 19:25:00+00:00,1971.415,1975.425,1975.425,1963.395,16,sl,-1.0
PEM,M5,long,2023-04-19 23:45:00+00:00,2023-04-20 01:45:00+00:00,1994.675,1995.818,1990.755,2002.5149999999996,25,timeout,0.2915816326530801
PEM,M5,long,2023-04-20 13:05:00+00:00,2023-04-20 15:05:00+00:00,1994.998,1995.295,1991.025,2002.944,25,timeout,0.07475459350617386
PEM,M5,long,2023-04-20 20:45:00+00:00,2023-04-20 22:10:00+00:00,2006.005,1999.068,1999.068,2019.8790000000004,18,sl,-1.0
PEM,M5,long,2023-04-20 23:20:00+00:00,2023-04-21 01:20:00+00:00,2005.425,2004.495,1999.115,2018.0449999999998,25,timeout,-0.14738510301110486
PEM,M5,short,2023-04-21 02:15:00+00:00,2023-04-21 05:10:00+00:00,2004.345,2003.845,2006.145,2000.7450000000001,25,timeout,0.2777777777777848
PEM,M5,short,2023-04-21 19:15:00+00:00,2023-04-21 19:30:00+00:00,1983.775,1988.138,1988.138,1975.0490000000004,4,sl,-1.0
PEM,M5,short,2023-04-24 08:55:00+00:00,2023-04-24 10:55:00+00:00,1981.035,1980.815,1984.155,1974.7950000000003,25,timeout,0.07051282051283173
PEM,M5,short,2023-04-24 13:50:00+00:00,2023-04-24 14:25:00+00:00,1978.978,1981.475,1981.475,1973.9840000000004,8,sl,-1.0
PEM,M5,long,2023-04-24 14:30:00+00:00,2023-04-24 16:30:00+00:00,1982.155,1986.035,1977.795,1990.8749999999998,25,timeout,0.8899082568807793
PEM,M5,long,2023-04-25 05:50:00+00:00,2023-04-25 06:45:00+00:00,1992.845,1995.5850000000003,1991.475,1995.5850000000003,12,tp,2.0
PEM,M5,short,2023-04-25 12:00:00+00:00,2023-04-25 12:15:00+00:00,1991.255,1993.525,1993.525,1986.7150000000001,4,sl,-1.0
PEM,M5,short,2023-04-25 14:50:00+00:00,2023-04-25 16:50:00+00:00,1989.245,1988.948,1995.865,1976.0049999999997,25,timeout,0.04486404833833728
PEM,M5,short,2023-04-25 17:05:00+00:00,2023-04-25 18:05:00+00:00,1987.508,1981.528,1990.498,1981.528,13,tp,2.0
PEM,M5,long,2023-04-26 06:50:00+00:00,2023-04-26 07:50:00+00:00,2001.015,1998.995,1998.995,2005.0550000000005,13,sl,-1.0
PEM,M5,short,2023-04-26 09:20:00+00:00,2023-04-26 11:20:00+00:00,1997.155,1994.595,2000.905,1989.655,25,timeout,0.6826666666666521
PEM,M5,long,2023-04-26 20:10:00+00:00,2023-04-26 20:30:00+00:00,2000.055,2009.055,1995.555,2009.055,5,tp,2.0
PEM,M5,short,2023-04-26 22:20:00+00:00,2023-04-27 00:20:00+00:00,1994.325,1986.905,2000.798,1981.3790000000001,25,timeout,1.1463000154488063
PEM,M5,short,2023-04-27 00:40:00+00:00,2023-04-27 00:50:00+00:00,1983.875,1987.515,1987.515,1976.5949999999998,3,sl,-1.0
PEM,M5,short,2023-04-27 01:25:00+00:00,2023-04-27 01:50:00+00:00,1985.225,1988.635,1988.635,1978.4049999999997,6,sl,-1.0
PEM,M5,long,2023-04-27 06:05:00+00:00,2023-04-27 07:00:00+00:00,1990.014,1991.9519999999995,1989.045,1991.9519999999995,12,tp,2.0
PEM,M5,long,2023-04-27 09:20:00+00:00,2023-04-27 11:20:00+00:00,1995.965,1999.505,1991.045,2005.8049999999996,25,timeout,0.7195121951220127
PEM,M5,long,2023-04-27 13:30:00+00:00,2023-04-27 14:55:00+00:00,2000.485,1998.525,1998.525,2004.4049999999995,18,sl,-1.0
PEM,M5,short,2023-04-28 02:50:00+00:00,2023-04-28 05:45:00+00:00,1986.825,1986.765,1989.795,1980.885,25,timeout,0.020202020202001642
PEM,M5,short,2023-04-28 07:15:00+00:00,2023-04-28 07:25:00+00:00,1985.995,1987.275,1987.275,1983.4349999999995,3,sl,-1.0
PEM,M5,short,2023-04-28 17:40:00+00:00,2023-04-28 18:20:00+00:00,1982.825,1984.338,1984.338,1979.7990000000002,9,sl,-1.0
PEM,M5,short,2023-05-01 08:50:00+00:00,2023-05-01 10:50:00+00:00,1982.485,1982.235,1986.158,1975.139,25,timeout,0.06806425265450582
PEM,M5,short,2023-05-01 12:25:00+00:00,2023-05-01 14:25:00+00:00,1981.305,1980.498,1985.135,1973.6450000000002,25,timeout,0.2107049608355174
PEM,M5,long,2023-05-01 18:10:00+00:00,2023-05-01 18:15:00+00:00,1988.955,1987.138,1987.138,1992.589,2,sl,-1.0
PEM,M5,long,2023-05-02 05:50:00+00:00,2023-05-02 06:55:00+00:00,1982.685,1981.095,1981.095,1985.8649999999998,14,sl,-1.0
PEM,M5,long,2023-05-02 18:10:00+00:00,2023-05-02 20:10:00+00:00,1989.368,1985.915,1983.965,2000.174,25,timeout,-0.6390893947806703
PEM,M5,long,2023-05-02 23:10:00+00:00,2023-05-03 01:10:00+00:00,2015.925,2011.485,2008.735,2030.305,25,timeout,-0.6175243393602254
PEM,M5,long,2023-05-03 01:35:00+00:00,2023-05-03 03:35:00+00:00,2014.485,2016.598,2011.205,2021.0449999999998,25,timeout,0.6442073170731932
PEM,M5,long,2023-05-03 11:10:00+00:00,2023-05-03 11:20:00+00:00,2018.598,2017.424,2017.424,2020.946,3,sl,-1.0
PEM,M5,short,2023-05-03 18:40:00+00:00,2023-05-03 19:15:00+00:00,2014.955,2011.6949999999997,2016.585,2011.6949999999997,8,tp,2.0
PEM,M5,long,2023-05-03 20:35:00+00:00,2023-05-03 21:20:00+00:00,2018.045,2012.325,2012.325,2029.4850000000001,10,sl,-1.0
PEM,M5,long,2023-05-03 22:30:00+00:00,2023-05-04 00:30:00+00:00,2025.595,2027.965,2020.595,2035.595,25,timeout,0.47399999999997816
PEM,M5,long,2023-05-04 00:35:00+00:00,2023-05-04 01:00:00+00:00,2027.955,2022.775,2022.775,2038.3149999999996,6,sl,-1.0
PEM,M5,long,2023-05-04 02:30:00+00:00,2023-05-04 02:55:00+00:00,2024.335,2034.5150000000003,2019.245,2034.5150000000003,6,tp,2.0
PEM,M5,long,2023-05-04 05:40:00+00:00,2023-05-04 07:40:00+00:00,2060.594,2055.105,2046.834,2088.114,25,timeout,-0.3989098837209329
PEM,M5,short,2023-05-04 14:15:00+00:00,2023-05-04 16:15:00+00:00,2035.118,2034.915,2039.455,2026.444,25,timeout,0.04680654830527439
PEM,M5,long,2023-05-04 17:20:00+00:00,2023-05-04 19:20:00+00:00,2039.495,2040.805,2036.345,2045.7949999999996,25,timeout,0.4158730158730887
PEM,M5,short,2023-05-05 01:10:00+00:00,2023-05-05 01:40:00+00:00,2045.515,2048.535,2048.535,2039.4750000000006,7,sl,-1.0
PEM,M5,long,2023-05-05 10:30:00+00:00,2023-05-05 12:30:00+00:00,2049.025,2047.675,2046.345,2054.385,25,timeout,-0.503731343283621
PEM,M5,short,2023-05-05 16:10:00+00:00,2023-05-05 18:10:00+00:00,2038.855,2038.435,2047.324,2021.917,25,timeout,0.04959263195183259
PEM,M5,long,2023-05-08 07:30:00+00:00,2023-05-08 09:30:00+00:00,2017.735,2018.844,2014.484,2024.2369999999999,25,timeout,0.34112580744391235
PEM,M5,long,2023-05-08 10:55:00+00:00,2023-05-08 12:55:00+00:00,2023.144,2020.664,2020.664,2028.104,25,sl,-1.0
PEM,M5,short,2023-05-08 20:40:00+00:00,2023-05-08 20:50:00+00:00,2020.435,2022.794,2022.794,2015.7169999999996,3,sl,-1.0
PEM,M5,short,2023-05-09 00:55:00+00:00,2023-05-09 02:55:00+00:00,2023.045,2020.475,2025.054,2019.027,25,timeout,1.2792434046790169
PEM,M5,short,2023-05-09 03:05:00+00:00,2023-05-09 06:00:00+00:00,2020.415,2021.054,2022.375,2016.495,25,timeout,-0.32602040816332234
PEM,M5,short,2023-05-09 07:15:00+00:00,2023-05-09 08:20:00+00:00,2019.915,2022.355,2022.355,2015.0349999999999,14,sl,-1.0
PEM,M5,long,2023-05-09 09:30:00+00:00,2023-05-09 10:25:00+00:00,2023.494,2022.005,2022.005,2026.4719999999995,12,sl,-1.0
PEM,M5,long,2023-05-09 10:45:00+00:00,2023-05-09 12:15:00+00:00,2023.854,2026.872,2022.345,2026.872,19,tp,2.0
PEM,M5,short,2023-05-09 15:30:00+00:00,2023-05-09 16:45:00+00:00,2021.844,2027.715,2027.715,2010.1020000000003,16,sl,-1.0
PEM,M5,short,2023-05-09 22:05:00+00:00,2023-05-09 23:15:00+00:00,2025.744,2031.394,2031.394,2014.4439999999997,15,sl,-1.0
PEM,M5,long,2023-05-10 00:10:00+00:00,2023-05-10 02:10:00+00:00,2032.314,2034.194,2029.144,2038.6540000000002,25,timeout,0.5930599369084665
PEM,M5,long,2023-05-10 05:40:00+00:00,2023-05-10 07:40:00+00:00,2035.965,2035.265,2034.685,2038.5249999999999,25,timeout,-0.5468749999998695
PEM,M5,short,2023-05-10 21:45:00+00:00,2023-05-10 23:45:00+00:00,2030.484,2027.174,2036.804,2017.8439999999996,25,timeout,0.5237341772151677
PEM,M5,long,2023-05-11 00:35:00+00:00,2023-05-11 01:50:00+00:00,2030.264,2033.8639999999998,2028.464,2033.8639999999998,16,tp,2.0
PEM,M5,short,2023-05-11 02:35:00+00:00,2023-05-11 05:30:00+00:00,2029.774,2030.868,2031.698,2025.9259999999995,25,timeout,-0.5686070686070344
PEM,M5,short,2023-05-11 11:20:00+00:00,2023-05-11 13:20:00+00:00,2031.025,2031.934,2033.275,2026.525,25,timeout,-0.40399999999994585
PEM,M5,long,2023-05-12 07:05:00+00:00,2023-05-12 07:45:00+00:00,2016.464,2015.364,2015.364,2018.6639999999998,9,sl,-1.0
PEM,M5,short,2023-05-12 15:00:00+00:00,2023-05-12 16:45:00+00:00,2008.894,2002.894,2011.894,2002.894,22,tp,2.0
PEM,M5,short,2023-05-13 02:40:00+00:00,2023-05-13 04:00:00+00:00,2012.235,2010.0749999999996,2013.315,2010.0749999999996,17,tp,2.0
PEM,M5,long,2023-05-15 12:25:00+00:00,2023-05-15 14:25:00+00:00,2016.865,2018.234,2013.444,2023.707,25,timeout,0.40017538731362023
PEM,M5,long,2023-05-15 23:15:00+00:00,2023-05-16 01:10:00+00:00,2018.444,2016.724,2016.724,2021.884,24,sl,-1.0
PEM,M5,short,2023-05-16 06:50:00+00:00,2023-05-16 08:00:00+00:00,2014.955,2015.605,2015.605,2013.6549999999997,15,sl,-1.0
PEM,M5,short,2023-05-16 23:45:00+00:00,2023-05-17 01:45:00+00:00,1991.845,1989.764,1996.974,1981.5870000000002,25,timeout,0.405732111522747
PEM,M5,long,2023-05-17 07:10:00+00:00,2023-05-17 09:10:00+00:00,1990.564,1991.945,1988.624,1994.4440000000002,25,timeout,0.7118556701029997
PEM,M5,short,2023-05-17 12:35:00+00:00,2023-05-17 14:35:00+00:00,1988.054,1988.754,1992.384,1979.3940000000002,25,timeout,-0.16166281755192374
PEM,M5,short,2023-05-17 15:20:00+00:00,2023-05-17 16:05:00+00:00,1987.494,1984.7339999999997,1988.874,1984.7339999999997,10,tp,2.0
PEM,M5,short,2023-05-17 16:50:00+00:00,2023-05-17 17:05:00+00:00,1984.324,1986.054,1986.054,1980.864,4,sl,-1.0
PEM,M5,short,2023-05-17 18:10:00+00:00,2023-05-17 19:25:00+00:00,1986.924,1983.364,1988.704,1983.364,16,tp,2.0
PEM,M5,long,2023-05-18 02:05:00+00:00,2023-05-18 02:40:00+00:00,1984.178,1982.228,1982.228,1988.0780000000002,8,sl,-1.0
PEM,M5,long,2023-05-18 05:50:00+00:00,2023-05-18 07:05:00+00:00,1983.265,1982.325,1982.325,1985.1450000000002,16,sl,-1.0
PEM,M5,short,2023-05-18 10:30:00+00:00,2023-05-18 12:30:00+00:00,1981.805,1979.075,1985.224,1974.9670000000003,25,timeout,0.7984790874525074
PEM,M5,short,2023-05-18 19:05:00+00:00,2023-05-18 19:35:00+00:00,1974.155,1969.095,1976.685,1969.095,7,tp,2.0
PEM,M5,short,2023-05-18 21:45:00+00:00,2023-05-18 23:45:00+00:00,1954.555,1955.015,1974.475,1914.7150000000004,25,timeout,-0.02309236947791365
PEM,M5,short,2023-05-19 02:25:00+00:00,2023-05-19 02:40:00+00:00,1955.495,1957.495,1957.495,1951.495,4,sl,-1.0
PEM,M5,long,2023-05-19 05:10:00+00:00,2023-05-19 07:10:00+00:00,1958.148,1959.175,1956.425,1961.5939999999998,25,timeout,0.5960533952408994
PEM,M5,long,2023-05-19 09:55:00+00:00,2023-05-19 11:55:00+00:00,1960.405,1962.354,1955.525,1970.1649999999997,25,timeout,0.3993852459016632
PEM,M5,long,2023-05-19 15:40:00+00:00,2023-05-19 15:55:00+00:00,1966.848,1964.958,1964.958,1970.6279999999997,4,sl,-1.0
PEM,M5,long,2023-05-19 16:45:00+00:00,2023-05-19 17:20:00+00:00,1966.408,1964.625,1964.625,1969.9739999999997,8,sl,-1.0
PEM,M5,short,2023-05-20 02:45:00+00:00,2023-05-22 05:10:00+00:00,1974.738,1979.445,1979.445,1965.3240000000003,19,sl,-1.0
PEM,M5,long,2023-05-22 15:50:00+00:00,2023-05-22 17:50:00+00:00,1978.205,1978.245,1974.895,1984.8249999999998,25,timeout,0.012084592145004314
PEM,M5,short,2023-05-22 18:20:00+00:00,2023-05-22 18:40:00+00:00,1977.155,1972.9689999999998,1979.248,1972.9689999999998,5,tp,2.0
PEM,M5,short,2023-05-22 22:25:00+00:00,2023-05-22 23:20:00+00:00,1972.125,1974.475,1974.475,1967.4250000000002,12,sl,-1.0
PEM,M5,short,2023-05-23 01:40:00+00:00,2023-05-23 03:40:00+00:00,1972.795,1971.688,1975.695,1966.9950000000003,25,timeout,0.38172413793104243
PEM,M5,short,2023-05-23 05:50:00+00:00,2023-05-23 06:55:00+00:00,1971.455,1969.5149999999999,1972.425,1969.5149999999999,14,tp,2.0
PEM,M5,short,2023-05-23 07:55:00+00:00,2023-05-23 08:00:00+00:00,1969.455,1966.9969999999998,1970.684,1966.9969999999998,2,tp,2.0
PEM,M5,short,2023-05-23 15:50:00+00:00,2023-05-23 17:50:00+00:00,1959.025,1957.284,1961.375,1954.3250000000003,25,timeout,0.7408510638298097
PEM,M5,long,2023-05-23 20:20:00+00:00,2023-05-23 22:20:00+00:00,1963.985,1966.705,1958.185,1975.5849999999998,25,timeout,0.4689655172413877
PEM,M5,long,2023-05-23 23:20:00+00:00,2023-05-23 23:40:00+00:00,1968.475,1972.1549999999997,1966.635,1972.1549999999997,5,tp,2.0
PEM,M5,long,2023-05-24 06:00:00+00:00,2023-05-24 06:35:00+00:00,1976.575,1975.275,1975.275,1979.175,8,sl,-1.0
PEM,M5,long,2023-05-24 11:00:00+00:00,2023-05-24 13:00:00+00:00,1976.135,1980.175,1974.115,1980.175,25,tp,2.0
PEM,M5,short,2023-05-24 14:25:00+00:00,2023-05-24 16:25:00+00:00,1971.045,1975.145,1977.975,1957.1850000000004,25,timeout,-0.5916305916305925
PEM,M5,long,2023-05-24 18:00:00+00:00,2023-05-24 18:40:00+00:00,1976.648,1980.3679999999997,1974.788,1980.3679999999997,9,tp,2.0
PEM,M5,short,2023-05-24 22:00:00+00:00,2023-05-24 22:55:00+00:00,1968.635,1961.8149999999998,1972.045,1961.8149999999998,12,tp,2.0
PEM,M5,long,2023-05-25 15:25:00+00:00,2023-05-25 17:25:00+00:00,1961.755,1961.898,1959.295,1966.6750000000002,25,timeout,0.05813008130073155
PEM,M5,short,2023-05-26 02:15:00+00:00,2023-05-26 05:10:00+00:00,1941.088,1942.545,1942.545,1938.1739999999998,25,sl,-1.0
PEM,M5,short,2023-05-27 00:40:00+00:00,2023-05-27 01:05:00+00:00,1943.664,1945.194,1945.194,1940.604,6,sl,-1.0
PEM,M5,long,2023-05-29 09:40:00+00:00,2023-05-29 11:40:00+00:00,1944.255,1945.375,1942.765,1947.2350000000001,25,timeout,0.7516778523489155
PEM,M5,short,2023-05-29 23:25:00+00:00,2023-05-30 01:25:00+00:00,1944.405,1942.985,1945.575,1942.0649999999998,25,timeout,1.2136752136752005
PEM,M5,short,2023-05-30 10:50:00+00:00,2023-05-30 12:20:00+00:00,1941.285,1935.4850000000004,1944.185,1935.4850000000004,19,tp,2.0
PEM,M5,long,2023-05-30 22:30:00+00:00,2023-05-31 00:30:00+00:00,1960.285,1958.245,1954.525,1971.805,25,timeout,-0.3541666666667004
PEM,M5,long,2023-05-31 06:25:00+00:00,2023-05-31 07:10:00+00:00,1959.228,1958.258,1958.258,1961.1680000000001,10,sl,-1.0
PEM,M5,long,2023-05-31 22:20:00+00:00,2023-05-31 23:00:00+00:00,1971.425,1969.055,1969.055,1976.1649999999997,9,sl,-1.0
PEM,M5,short,2023-06-01 01:50:00+00:00,2023-06-01 03:50:00+00:00,1965.115,1962.828,1967.434,1960.477,25,timeout,0.9862009486848099
PEM,M5,long,2023-06-01 10:15:00+00:00,2023-06-01 11:05:00+00:00,1966.035,1963.515,1963.515,1971.075,11,sl,-1.0
PEM,M5,short,2023-06-01 15:45:00+00:00,2023-06-01 16:00:00+00:00,1953.945,1955.705,1955.705,1950.425,4,sl,-1.0
PEM,M5,long,2023-06-01 22:05:00+00:00,2023-06-02 00:05:00+00:00,1976.998,1976.975,1971.415,1988.1640000000002,25,timeout,-0.004119648934289432
PEM,M5,long,2023-06-02 02:30:00+00:00,2023-06-02 05:00:00+00:00,1977.975,1976.285,1976.285,1981.3549999999996,20,sl,-1.0
PEM,M5,short,2023-06-02 06:30:00+00:00,2023-06-02 06:50:00+00:00,1975.955,1977.035,1977.035,1973.7949999999996,5,sl,-1.0
PEM,M5,short,2023-06-02 14:05:00+00:00,2023-06-02 14:10:00+00:00,1977.528,1978.665,1978.665,1975.2540000000001,2,sl,-1.0
PEM,M5,short,2023-06-02 22:10:00+00:00,2023-06-02 23:10:00+00:00,1963.675,1956.7549999999999,1967.135,1956.7549999999999,13,tp,2.0
PEM,M5,short,2023-06-03 02:40:00+00:00,2023-06-05 05:35:00+00:00,1949.425,1949.655,1951.575,1945.1249999999998,25,timeout,-0.10697674418605045
PEM,M5,short,2023-06-05 06:30:00+00:00,2023-06-05 08:30:00+00:00,1948.315,1945.915,1949.805,1945.335,25,timeout,1.6107382550336082
PEM,M5,short,2023-06-05 12:15:00+00:00,2023-06-05 12:50:00+00:00,1944.505,1945.825,1945.825,1941.8650000000002,8,sl,-1.0
PEM,M5,short,2023-06-05 18:35:00+00:00,2023-06-05 20:05:00+00:00,1939.605,1944.875,1944.875,1929.065,19,sl,-1.0
PEM,M5,long,2023-06-06 01:25:00+00:00,2023-06-06 03:25:00+00:00,1961.528,1961.335,1959.995,1964.5940000000003,25,timeout,-0.1258969341160909
PEM,M5,long,2023-06-06 06:30:00+00:00,2023-06-06 07:20:00+00:00,1962.295,1960.835,1960.835,1965.2150000000001,11,sl,-1.0
PEM,M5,short,2023-06-06 08:15:00+00:00,2023-06-06 09:10:00+00:00,1960.034,1961.985,1961.985,1956.1320000000005,12,sl,-1.0
PEM,M5,long,2023-06-06 11:55:00+00:00,2023-06-06 12:40:00+00:00,1960.914,1958.935,1958.935,1964.872,10,sl,-1.0
PEM,M5,long,2023-06-06 16:05:00+00:00,2023-06-06 18:05:00+00:00,1960.435,1963.975,1957.675,1965.955,25,timeout,1.282608695652165
PEM,M5,long,2023-06-07 00:15:00+00:00,2023-06-07 02:15:00+00:00,1963.745,1963.235,1961.005,1969.2249999999995,25,timeout,-0.18613138686132538
PEM,M5,long,2023-06-07 07:30:00+00:00,2023-06-07 08:15:00+00:00,1964.144,1966.242,1963.095,1966.242,10,tp,2.0
PEM,M5,short,2023-06-07 13:25:00+00:00,2023-06-07 14:10:00+00:00,1961.295,1955.969,1963.958,1955.969,10,tp,2.0
PEM,M5,short,2023-06-07 22:35:00+00:00,2023-06-07 23:20:00+00:00,1954.845,1943.345,1960.595,1943.345,10,tp,2.0
PEM,M5,short,2023-06-07 23:50:00+00:00,2023-06-08 00:30:00+00:00,1940.835,1943.704,1943.704,1935.0970000000002,9,sl,-1.0
PEM,M5,short,2023-06-08 01:35:00+00:00,2023-06-08 03:35:00+00:00,1942.615,1940.388,1945.955,1935.9350000000002,25,timeout,0.6667664670659113
PEM,M5,long,2023-06-08 06:45:00+00:00,2023-06-08 08:05:00+00:00,1943.245,1946.5249999999996,1941.605,1946.5249999999996,17,tp,2.0
PEM,M5,long,2023-06-08 23:25:00+00:00,2023-06-09 00:00:00+00:00,1968.628,1965.715,1965.715,1974.454,8,sl,-1.0
PEM,M5,long,2023-06-09 03:05:00+00:00,2023-06-09 04:00:00+00:00,1964.955,1963.695,1963.695,1967.475,12,sl,-1.0
PEM,M5,short,2023-06-09 08:05:00+00:00,2023-06-09 08:05:00+00:00,1963.814,1964.878,1964.878,1961.6860000000004,1,sl,-1.0
PEM,M5,long,2023-06-09 18:30:00+00:00,2023-06-09 20:30:00+00:00,1965.675,1963.795,1960.498,1976.0289999999998,25,timeout,-0.3631446783851488
PEM,M5,short,2023-06-09 20:45:00+00:00,2023-06-09 21:25:00+00:00,1958.365,1966.845,1966.845,1941.405,9,sl,-1.0
PEM,M5,short,2023-06-09 22:45:00+00:00,2023-06-10 00:45:00+00:00,1961.425,1961.895,1966.435,1951.405,25,timeout,-0.09381237524950661
PEM,M5,long,2023-06-10 01:20:00+00:00,2023-06-10 01:45:00+00:00,1962.365,1960.925,1960.925,1965.2450000000001,6,sl,-1.0
PEM,M5,long,2023-06-13 03:00:00+00:00,2023-06-13 05:55:00+00:00,1958.425,1958.155,1955.715,1963.845,25,timeout,-0.09963099630995505
PEM,M5,long,2023-06-13 09:45:00+00:00,2023-06-13 10:35:00+00:00,1958.075,1960.7350000000004,1956.745,1960.7350000000004,11,tp,2.0
PEM,M5,long,2023-06-13 10:45:00+00:00,2023-06-13 12:30:00+00:00,1960.705,1959.515,1959.515,1963.0849999999996,22,sl,-1.0
PEM,M5,long,2023-06-13 18:00:00+00:00,2023-06-13 19:15:00+00:00,1965.658,1960.598,1960.598,1975.7779999999998,16,sl,-1.0
PEM,M5,short,2023-06-13 20:25:00+00:00,2023-06-13 22:25:00+00:00,1958.345,1946.435,1965.625,1943.785,25,timeout,1.6359890109890283
PEM,M5,short,2023-06-13 22:35:00+00:00,2023-06-14 00:35:00+00:00,1944.335,1943.705,1955.655,1921.6950000000002,25,timeout,0.05565371024735978
PEM,M5,short,2023-06-14 03:45:00+00:00,2023-06-14 05:35:00+00:00,1942.088,1944.155,1944.155,1937.954,12,sl,-1.0
PEM,M5,long,2023-06-14 05:45:00+00:00,2023-06-14 06:00:00+00:00,1944.725,1943.424,1943.424,1947.3269999999998,4,sl,-1.0
PEM,M5,long,2023-06-14 07:20:00+00:00,2023-06-14 09:20:00+00:00,1944.815,1947.215,1942.835,1948.775,25,timeout,1.212121212121132
PEM,M5,long,2023-06-14 11:40:00+00:00,2023-06-14 12:25:00+00:00,1949.025,1947.815,1947.815,1951.4450000000002,10,sl,-1.0
PEM,M5,long,2023-06-14 20:45:00+00:00,2023-06-14 20:50:00+00:00,1958.235,1954.995,1954.995,1964.715,2,sl,-1.0
PEM,M5,short,2023-06-15 03:45:00+00:00,2023-06-15 06:40:00+00:00,1942.068,1944.285,1946.965,1932.2740000000001,25,timeout,-0.4527261588728054
PEM,M5,short,2023-06-15 14:10:00+00:00,2023-06-15 16:10:00+00:00,1930.655,1931.755,1935.565,1920.8349999999998,25,timeout,-0.22403258655806885
PEM,M5,long,2023-06-16 07:15:00+00:00,2023-06-16 07:20:00+00:00,1958.894,1958.058,1958.058,1960.566,2,sl,-1.0
PEM,M5,long,2023-06-16 09:30:00+00:00,2023-06-16 09:50:00+00:00,1958.515,1956.815,1956.815,1961.9150000000002,5,sl,-1.0
PEM,M5,long,2023-06-16 16:10:00+00:00,2023-06-16 18:10:00+00:00,1964.155,1964.798,1961.414,1969.637,25,timeout,0.2345859175483519
PEM,M5,long,2023-06-16 19:20:00+00:00,2023-06-16 19:20:00+00:00,1967.495,1965.325,1965.325,1971.8349999999996,1,sl,-1.0
PEM,M5,short,2023-06-16 22:50:00+00:00,2023-06-17 00:50:00+00:00,1957.175,1958.595,1961.075,1949.3749999999998,25,timeout,-0.36410256410257424
PEM,M5,short,2023-06-17 02:50:00+00:00,2023-06-17 03:50:00+00:00,1956.515,1957.795,1957.795,1953.9550000000002,13,sl,-1.0
PEM,M5,short,2023-06-19 14:20:00+00:00,2023-06-19 15:00:00+00:00,1953.478,1954.775,1954.775,1950.884,9,sl,-1.0
PEM,M5,short,2023-06-19 17:55:00+00:00,2023-06-19 19:25:00+00:00,1949.695,1950.755,1950.755,1947.5749999999996,19,sl,-1.0
PEM,M5,long,2023-06-20 05:15:00+00:00,2023-06-20 07:15:00+00:00,1952.058,1952.025,1949.395,1957.384,25,timeout,-0.0123920390536619
PEM,M5,long,2023-06-20 14:30:00+00:00,2023-06-20 16:30:00+00:00,1952.805,1953.805,1948.645,1961.1250000000002,25,timeout,0.24038461538461064
PEM,M5,long,2023-06-20 18:10:00+00:00,2023-06-20 19:35:00+00:00,1953.085,1950.175,1950.175,1958.9050000000002,18,sl,-1.0
PEM,M5,short,2023-06-20 21:05:00+00:00,2023-06-20 23:05:00+00:00,1930.595,1934.495,1950.988,1889.809,25,timeout,-0.19124209287499916
PEM,M5,short,2023-06-21 02:25:00+00:00,2023-06-21 02:45:00+00:00,1935.985,1938.185,1938.185,1931.5849999999998,5,sl,-1.0
PEM,M5,short,2023-06-21 03:45:00+00:00,2023-06-21 05:10:00+00:00,1935.515,1936.695,1936.695,1933.1550000000004,7,sl,-1.0
PEM,M5,long,2023-06-21 06:05:00+00:00,2023-06-21 06:55:00+00:00,1938.248,1936.325,1936.325,1942.094,11,sl,-1.0
PEM,M5,short,2023-06-21 12:15:00+00:00,2023-06-21 12:40:00+00:00,1934.615,1936.335,1936.335,1931.175,6,sl,-1.0
PEM,M5,long,2023-06-21 14:30:00+00:00,2023-06-21 16:15:00+00:00,1936.245,1932.955,1932.955,1942.8249999999998,22,sl,-1.0
PEM,M5,short,2023-06-21 16:25:00+00:00,2023-06-21 16:30:00+00:00,1932.564,1934.695,1934.695,1928.3020000000004,2,sl,-1.0
PEM,M5,long,2023-06-22 00:15:00+00:00,2023-06-22 02:15:00+00:00,1934.505,1934.578,1932.595,1938.3250000000003,25,timeout,0.038219895287886003
PEM,M5,short,2023-06-22 03:45:00+00:00,2023-06-22 05:25:00+00:00,1932.345,1933.545,1933.545,1929.945,10,sl,-1.0
PEM,M5,short,2023-06-22 06:10:00+00:00,2023-06-22 06:55:00+00:00,1933.068,1934.225,1934.225,1930.7540000000001,10,sl,-1.0
PEM,M5,short,2023-06-22 11:50:00+00:00,2023-06-22 12:05:00+00:00,1931.185,1929.4449999999997,1932.055,1929.4449999999997,4,tp,2.0
PEM,M5,short,2023-06-22 15:45:00+00:00,2023-06-22 17:45:00+00:00,1926.205,1927.715,1930.635,1917.3449999999998,25,timeout,-0.3408577878103768
PEM,M5,short,2023-06-22 21:25:00+00:00,2023-06-22 23:25:00+00:00,1917.755,1915.655,1922.745,1907.7750000000005,25,timeout,0.42084168336677924
PEM,M5,short,2023-06-23 00:10:00+00:00,2023-06-23 02:10:00+00:00,1914.475,1914.915,1917.075,1909.2749999999996,25,timeout,-0.16923076923078134
PEM,M5,short,2023-06-23 03:15:00+00:00,2023-06-23 06:10:00+00:00,1913.645,1913.765,1914.455,1912.025,25,timeout,-0.1481481481483041
PEM,M5,long,2023-06-23 20:35:00+00:00,2023-06-23 22:35:00+00:00,1934.995,1921.715,1919.005,1966.9749999999995,25,timeout,-0.8305190744215231
PEM,M5,long,2023-06-26 15:05:00+00:00,2023-06-26 17:05:00+00:00,1929.335,1930.045,1925.745,1936.5150000000003,25,timeout,0.1977715877437347
PEM,M5,long,2023-06-27 07:40:00+00:00,2023-06-27 07:55:00+00:00,1924.195,1922.178,1922.178,1928.2289999999996,4,sl,-1.0
PEM,M5,short,2023-06-27 13:10:00+00:00,2023-06-27 14:05:00+00:00,1924.395,1929.475,1929.475,1914.2350000000001,12,sl,-1.0
PEM,M5,short,2023-06-27 15:35:00+00:00,2023-06-27 17:35:00+00:00,1925.095,1923.815,1929.045,1917.195,25,timeout,0.32405063291138175
PEM,M5,short,2023-06-27 22:25:00+00:00,2023-06-28 00:25:00+00:00,1914.345,1914.775,1919.255,1904.5249999999999,25,timeout,-0.08757637474542902
PEM,M5,long,2023-06-28 12:45:00+00:00,2023-06-28 13:20:00+00:00,1916.425,1914.905,1914.905,1919.465,8,sl,-1.0
PEM,M5,short,2023-06-28 22:00:00+00:00,2023-06-28 22:20:00+00:00,1905.825,1910.415,1910.415,1896.6450000000002,5,sl,-1.0
PEM,M5,long,2023-06-29 00:15:00+00:00,2023-06-29 02:15:00+00:00,1912.675,1910.655,1910.545,1916.9349999999997,25,timeout,-0.9483568075117812
PEM,M5,short,2023-06-29 07:10:00+00:00,2023-06-29 08:00:00+00:00,1908.588,1909.928,1909.928,1905.9079999999997,11,sl,-1.0
PEM,M5,short,2023-06-29 16:25:00+00:00,2023-06-29 17:30:00+00:00,1904.805,1906.525,1906.525,1901.365,14,sl,-1.0
PEM,M5,long,2023-06-29 17:45:00+00:00,2023-06-29 19:35:00+00:00,1908.194,1903.865,1903.865,1916.8519999999999,23,sl,-1.0
PEM,M5,short,2023-06-30 01:15:00+00:00,2023-06-30 03:15:00+00:00,1906.835,1907.565,1910.415,1899.6750000000002,25,timeout,-0.2039106145251489
PEM,M5,long,2023-06-30 03:45:00+00:00,2023-06-30 06:00:00+00:00,1908.108,1907.315,1907.315,1909.6939999999997,17,sl,-1.0
PEM,M5,long,2023-06-30 10:35:00+00:00,2023-06-30 11:30:00+00:00,1908.375,1907.545,1907.545,1910.0349999999999,12,sl,-1.0
PEM,M5,long,2023-07-03 05:50:00+00:00,2023-07-03 06:15:00+00:00,1919.345,1918.424,1918.424,1921.1870000000001,6,sl,-1.0
PEM,M5,long,2023-07-04 10:15:00+00:00,2023-07-04 11:30:00+00:00,1922.038,1924.038,1921.038,1924.038,16,tp,2.0
PEM,M5,long,2023-07-04 16:05:00+00:00,2023-07-04 18:05:00+00:00,1928.574,1929.378,1927.174,1931.3740000000003,25,timeout,0.574285714285577
PEM,M5,short,2023-07-04 23:40:00+00:00,2023-07-05 05:05:00+00:00,1924.815,1926.188,1926.188,1922.069,25,sl,-1.0
PEM,M5,long,2023-07-05 14:55:00+00:00,2023-07-05 16:55:00+00:00,1926.315,1928.095,1923.125,1932.6950000000002,25,timeout,0.5579937304075054
PEM,M5,long,2023-07-05 17:10:00+00:00,2023-07-05 17:55:00+00:00,1928.905,1926.965,1926.965,1932.785,10,sl,-1.0
PEM,M5,short,2023-07-05 23:15:00+00:00,2023-07-06 01:15:00+00:00,1922.448,1918.095,1924.724,1917.8960000000004,25,timeout,1.912565905096824
PEM,M5,short,2023-07-06 05:50:00+00:00,2023-07-06 07:50:00+00:00,1916.758,1916.555,1917.795,1914.684,25,timeout,0.19575699132108754
PEM,M5,short,2023-07-06 11:45:00+00:00,2023-07-06 12:00:00+00:00,1917.104,1917.864,1917.864,1915.584,4,sl,-1.0
PEM,M5,long,2023-07-06 12:05:00+00:00,2023-07-06 12:30:00+00:00,1917.875,1919.929,1916.848,1919.929,6,tp,2.0
PEM,M5,long,2023-07-06 13:35:00+00:00,2023-07-06 15:15:00+00:00,1920.734,1918.318,1918.318,1925.5659999999998,21,sl,-1.0
PEM,M5,long,2023-07-06 17:25:00+00:00,2023-07-06 18:45:00+00:00,1920.225,1926.0269999999996,1917.324,1926.0269999999996,17,tp,2.0
PEM,M5,short,2023-07-06 21:35:00+00:00,2023-07-06 23:00:00+00:00,1903.885,1911.195,1911.195,1889.265,18,sl,-1.0
PEM,M5,long,2023-07-07 06:10:00+00:00,2023-07-07 07:40:00+00:00,1911.384,1910.658,1910.658,1912.8360000000002,19,sl,-1.0
PEM,M5,long,2023-07-07 11:55:00+00:00,2023-07-07 13:55:00+00:00,1912.125,1913.725,1910.285,1915.8049999999998,25,timeout,0.8695652173912936
PEM,M5,long,2023-07-07 18:30:00+00:00,2023-07-07 19:20:00+00:00,1917.055,1915.795,1915.795,1919.575,11,sl,-1.0
PEM,M5,long,2023-07-07 22:40:00+00:00,2023-07-07 22:55:00+00:00,1931.215,1928.265,1928.265,1937.1149999999996,4,sl,-1.0
PEM,M5,short,2023-07-10 06:05:00+00:00,2023-07-10 08:05:00+00:00,1924.314,1925.155,1926.995,1918.9520000000005,25,timeout,-0.313688922043996
PEM,M5,short,2023-07-10 09:20:00+00:00,2023-07-10 09:30:00+00:00,1924.525,1925.235,1925.235,1923.1050000000005,3,sl,-1.0
PEM,M5,short,2023-07-10 10:35:00+00:00,2023-07-10 12:05:00+00:00,1923.675,1920.9089999999999,1925.058,1920.9089999999999,19,tp,2.0
PEM,M5,short,2023-07-10 17:45:00+00:00,2023-07-10 18:25:00+00:00,1923.075,1924.335,1924.335,1920.555,9,sl,-1.0
PEM,M5,short,2023-07-10 19:25:00+00:00,2023-07-10 21:15:00+00:00,1918.445,1924.688,1924.688,1905.9589999999996,23,sl,-1.0
PEM,M5,long,2023-07-11 02:40:00+00:00,2023-07-11 02:40:00+00:00,1926.058,1925.055,1925.055,1928.0639999999999,1,sl,-1.0
PEM,M5,short,2023-07-11 05:35:00+00:00,2023-07-11 06:20:00+00:00,1924.605,1925.445,1925.445,1922.9250000000002,10,sl,-1.0
PEM,M5,long,2023-07-11 09:40:00+00:00,2023-07-11 11:40:00+00:00,1926.815,1928.305,1925.185,1930.0750000000003,25,timeout,0.9141104294477971
PEM,M5,long,2023-07-11 13:10:00+00:00,2023-07-11 13:30:00+00:00,1929.214,1931.1119999999996,1928.265,1931.1119999999996,5,tp,2.0
PEM,M5,long,2023-07-11 23:50:00+00:00,2023-07-12 01:50:00+00:00,1932.185,1931.255,1929.285,1937.9849999999997,25,timeout,-0.3206896551723724
PEM,M5,short,2023-07-12 03:45:00+00:00,2023-07-12 05:15:00+00:00,1931.504,1932.385,1932.385,1929.7419999999997,8,sl,-1.0
PEM,M5,long,2023-07-12 05:35:00+00:00,2023-07-12 07:35:00+00:00,1933.255,1935.264,1931.828,1936.1090000000004,25,timeout,1.4078486334965645
PEM,M5,short,2023-07-13 05:00:00+00:00,2023-07-13 07:00:00+00:00,1955.934,1957.605,1958.505,1950.7919999999997,25,timeout,-0.6499416569428075
PEM,M5,long,2023-07-13 10:35:00+00:00,2023-07-13 10:35:00+00:00,1960.665,1959.385,1959.385,1963.225,1,sl,-1.0
PEM,M5,long,2023-07-13 11:45:00+00:00,2023-07-13 11:55:00+00:00,1961.515,1959.638,1959.638,1965.2690000000005,3,sl,-1.0
PEM,M5,long,2023-07-13 14:00:00+00:00,2023-07-13 16:00:00+00:00,1962.315,1960.575,1956.905,1973.1350000000002,25,timeout,-0.32162661737522785
PEM,M5,long,2023-07-14 19:20:00+00:00,2023-07-14 20:05:00+00:00,1960.035,1955.955,1955.955,1968.1950000000004,10,sl,-1.0
PEM,M5,long,2023-07-15 01:35:00+00:00,2023-07-15 02:00:00+00:00,1960.875,1959.005,1959.005,1964.6149999999998,6,sl,-1.0
PEM,M5,long,2023-07-18 00:50:00+00:00,2023-07-18 02:50:00+00:00,1954.388,1954.535,1952.715,1957.734,25,timeout,0.08786610878670754
PEM,M5,long,2023-07-18 06:15:00+00:00,2023-07-18 08:15:00+00:00,1955.395,1957.045,1954.485,1957.2150000000001,25,timeout,1.8131868131867501
PEM,M5,long,2023-07-18 10:05:00+00:00,2023-07-18 12:05:00+00:00,1958.825,1959.775,1956.945,1962.5850000000003,25,timeout,0.505319148936165
PEM,M5,long,2023-07-18 16:10:00+00:00,2023-07-18 18:10:00+00:00,1962.385,1962.235,1960.988,1965.1789999999999,25,timeout,-0.10737294201868144
PEM,M5,long,2023-07-19 01:30:00+00:00,2023-07-19 03:30:00+00:00,1976.985,1978.225,1975.245,1980.465,25,timeout,0.712643678160921
PEM,M5,long,2023-07-19 16:25:00+00:00,2023-07-19 16:55:00+00:00,1978.385,1977.075,1977.075,1981.0049999999999,7,sl,-1.0
PEM,M5,short,2023-07-19 17:45:00+00:00,2023-07-19 19:25:00+00:00,1975.485,1978.135,1978.135,1970.1849999999997,21,sl,-1.0
PEM,M5,long,2023-07-19 20:50:00+00:00,2023-07-19 21:00:00+00:00,1978.565,1975.478,1975.478,1984.739,3,sl,-1.0
PEM,M5,short,2023-07-20 05:05:00+00:00,2023-07-20 05:05:00+00:00,1975.685,1977.408,1977.408,1972.239,1,sl,-1.0
PEM,M5,long,2023-07-20 08:00:00+00:00,2023-07-20 08:30:00+00:00,1979.065,1982.2050000000004,1977.495,1982.2050000000004,7,tp,2.0
PEM,M5,long,2023-07-20 09:40:00+00:00,2023-07-20 11:40:00+00:00,1985.455,1984.315,1983.498,1989.3689999999997,25,timeout,-0.5825242718446308
PEM,M5,long,2023-07-20 17:20:00+00:00,2023-07-20 17:55:00+00:00,1982.735,1980.455,1980.455,1987.2949999999998,8,sl,-1.0
PEM,M5,short,2023-07-20 20:45:00+00:00,2023-07-20 22:45:00+00:00,1973.335,1967.518,1978.725,1962.5550000000003,25,timeout,1.0792207792208062
PEM,M5,short,2023-07-20 22:50:00+00:00,2023-07-21 00:50:00+00:00,1967.518,1969.745,1975.055,1952.444,25,timeout,-0.29547565344299476
PEM,M5,long,2023-07-21 06:40:00+00:00,2023-07-21 08:20:00+00:00,1972.145,1971.408,1971.408,1973.6190000000001,21,sl,-1.0
PEM,M5,short,2023-07-21 10:15:00+00:00,2023-07-21 12:15:00+00:00,1970.225,1969.815,1972.305,1966.0649999999996,25,timeout,0.1971153846153
PEM,M5,short,2023-07-21 12:40:00+00:00,2023-07-21 13:05:00+00:00,1968.855,1970.205,1970.205,1966.1550000000002,6,sl,-1.0
PEM,M5,short,2023-07-21 15:10:00+00:00,2023-07-21 17:10:00+00:00,1963.035,1963.555,1967.225,1954.6550000000004,25,timeout,-0.124105011933175
PEM,M5,short,2023-07-21 20:15:00+00:00,2023-07-21 22:15:00+00:00,1961.245,1961.325,1966.445,1950.8449999999998,25,timeout,-0.015384615384644983
PEM,M5,short,2023-07-24 05:40:00+00:00,2023-07-24 06:35:00+00:00,1962.025,1960.9050000000002,1962.585,1960.9050000000002,12,tp,2.0
PEM,M5,short,2023-07-24 11:10:00+00:00,2023-07-24 11:50:00+00:00,1959.695,1960.415,1960.415,1958.2549999999999,9,sl,-1.0
PEM,M5,long,2023-07-24 14:30:00+00:00,2023-07-24 15:45:00+00:00,1964.885,1960.215,1960.215,1974.2250000000001,16,sl,-1.0
PEM,M5,long,2023-07-24 18:10:00+00:00,2023-07-24 19:05:00+00:00,1966.758,1964.644,1964.644,1970.986,12,sl,-1.0
PEM,M5,short,2023-07-24 21:30:00+00:00,2023-07-24 23:30:00+00:00,1958.645,1959.935,1966.315,1943.3049999999998,25,timeout,-0.16818774445892457
PEM,M5,short,2023-07-25 01:15:00+00:00,2023-07-25 03:15:00+00:00,1957.615,1954.575,1960.765,1951.3149999999998,25,timeout,0.9650793650793257
PEM,M5,short,2023-07-25 05:00:00+00:00,2023-07-25 07:00:00+00:00,1954.285,1954.155,1955.345,1952.1650000000002,25,timeout,0.12264150943407154
PEM,M5,long,2023-07-25 09:40:00+00:00,2023-07-25 10:30:00+00:00,1962.735,1961.828,1961.828,1964.5489999999998,11,sl,-1.0
PEM,M5,long,2023-07-25 16:05:00+00:00,2023-07-25 17:30:00+00:00,1962.865,1960.995,1960.995,1966.6050000000002,18,sl,-1.0
PEM,M5,short,2023-07-25 18:05:00+00:00,2023-07-25 18:15:00+00:00,1959.055,1955.155,1961.005,1955.155,3,tp,2.0
PEM,M5,short,2023-07-25 21:05:00+00:00,2023-07-25 21:05:00+00:00,1954.925,1958.725,1958.725,1947.325,1,sl,-1.0
PEM,M5,long,2023-07-25 22:05:00+00:00,2023-07-26 00:05:00+00:00,1962.114,1961.705,1956.825,1972.692,25,timeout,-0.07733030818682293
PEM,M5,short,2023-07-26 00:15:00+00:00,2023-07-26 00:40:00+00:00,1961.565,1962.895,1962.895,1958.9050000000002,6,sl,-1.0
PEM,M5,short,2023-07-26 11:35:00+00:00,2023-07-26 12:50:00+00:00,1963.335,1964.285,1964.285,1961.435,16,sl,-1.0
PEM,M5,long,2023-07-26 18:15:00+00:00,2023-07-26 20:05:00+00:00,1973.445,1970.095,1970.095,1980.1449999999998,23,sl,-1.0
PEM,M5,long,2023-07-26 22:05:00+00:00,2023-07-27 00:05:00+00:00,1969.045,1968.745,1964.825,1977.4850000000001,25,timeout,-0.07109004739340757
PEM,M5,long,2023-07-27 09:45:00+00:00,2023-07-27 11:45:00+00:00,1981.325,1977.485,1971.725,2000.5250000000003,25,timeout,-0.40000000000000946
PEM,M5,long,2023-07-27 18:25:00+00:00,2023-07-27 19:10:00+00:00,1977.425,1975.645,1975.645,1980.985,10,sl,-1.0
PEM,M5,short,2023-07-27 20:45:00+00:00,2023-07-27 22:45:00+00:00,1944.995,1946.045,1977.655,1879.6749999999997,25,timeout,-0.03214941824862766
PEM,M5,long,2023-07-28 05:10:00+00:00,2023-07-28 07:10:00+00:00,1946.458,1947.215,1943.445,1952.4840000000004,25,timeout,0.2512446067042142
PEM,M5,long,2023-07-28 10:00:00+00:00,2023-07-28 12:00:00+00:00,1951.695,1951.905,1948.985,1957.115,25,timeout,0.07749077490776146
PEM,M5,short,2023-07-28 15:00:00+00:00,2023-07-28 16:35:00+00:00,1948.695,1950.435,1950.435,1945.215,20,sl,-1.0
PEM,M5,long,2023-07-28 19:10:00+00:00,2023-07-28 20:05:00+00:00,1957.725,1952.915,1952.915,1967.3449999999998,12,sl,-1.0
PEM,M5,long,2023-07-28 21:00:00+00:00,2023-07-28 23:00:00+00:00,1957.594,1961.045,1954.025,1964.732,25,timeout,0.966937517511925
PEM,M5,short,2023-07-31 06:10:00+00:00,2023-07-31 08:10:00+00:00,1957.664,1956.065,1960.285,1952.4219999999998,25,timeout,0.6100724914154426
PEM,M5,short,2023-07-31 10:45:00+00:00,2023-07-31 12:45:00+00:00,1955.695,1953.915,1957.378,1952.329,25,timeout,1.0576351752822224
PEM,M5,long,2023-07-31 18:25:00+00:00,2023-07-31 19:35:00+00:00,1959.475,1964.4689999999996,1956.978,1964.4689999999996,15,tp,2.0
PEM,M5,long,2023-07-31 22:30:00+00:00,2023-08-01 00:30:00+00:00,1969.235,1970.685,1965.555,1976.5949999999996,25,timeout,0.3940217391304647
PEM,M5,short,2023-08-01 06:10:00+00:00,2023-08-01 08:10:00+00:00,1963.955,1962.995,1965.715,1960.435,25,timeout,0.545454545454569
PEM,M5,short,2023-08-01 14:15:00+00:00,2023-08-01 16:15:00+00:00,1955.324,1956.304,1959.715,1946.5420000000004,25,timeout,-0.2231837850148148
PEM,M5,short,2023-08-01 18:50:00+00:00,2023-08-01 19:05:00+00:00,1953.538,1955.135,1955.135,1950.344,4,sl,-1.0
PEM,M5,short,2023-08-01 22:15:00+00:00,2023-08-02 00:15:00+00:00,1943.185,1941.898,1947.155,1935.245,25,timeout,0.32418136020151783
PEM,M5,long,2023-08-02 06:05:00+00:00,2023-08-02 07:30:00+00:00,1951.114,1948.875,1948.875,1955.592,18,sl,-1.0
PEM,M5,long,2023-08-03 09:25:00+00:00,2023-08-03 10:05:00+00:00,1937.595,1935.148,1935.148,1942.4890000000003,9,sl,-1.0
PEM,M5,long,2023-08-03 11:00:00+00:00,2023-08-03 11:35:00+00:00,1937.025,1936.065,1936.065,1938.9450000000002,8,sl,-1.0
PEM,M5,short,2023-08-03 14:10:00+00:00,2023-08-03 14:25:00+00:00,1931.985,1933.805,1933.805,1928.3449999999996,4,sl,-1.0
PEM,M5,long,2023-08-03 15:05:00+00:00,2023-08-03 17:05:00+00:00,1937.264,1935.795,1931.825,1948.1419999999996,25,timeout,-0.27008641294353075
PEM,M5,long,2023-08-03 21:10:00+00:00,2023-08-03 23:10:00+00:00,1935.225,1933.845,1931.975,1941.725,25,timeout,-0.42461538461534826
PEM,M5,short,2023-08-04 01:45:00+00:00,2023-08-04 03:45:00+00:00,1933.785,1933.985,1935.175,1931.0050000000003,25,timeout,-0.14388489208621325
PEM,M5,long,2023-08-04 05:30:00+00:00,2023-08-04 07:30:00+00:00,1935.615,1935.735,1934.385,1938.075,25,timeout,0.09756097560966592
PEM,M5,short,2023-08-04 13:40:00+00:00,2023-08-04 15:40:00+00:00,1932.655,1932.655,1936.915,1924.135,25,timeout,0.0
PEM,M5,short,2023-08-04 17:15:00+00:00,2023-08-04 19:15:00+00:00,1932.475,1931.075,1933.838,1929.7489999999998,25,timeout,1.027146001467209
PEM,M5,long,2023-08-04 20:50:00+00:00,2023-08-04 22:50:00+00:00,1945.615,1943.305,1932.625,1971.595,25,timeout,-0.17782909930715501
PEM,M5,short,2023-08-05 01:35:00+00:00,2023-08-05 01:55:00+00:00,1939.805,1941.225,1941.225,1936.9650000000004,5,sl,-1.0
PEM,M5,long,2023-08-05 02:05:00+00:00,2023-08-07 05:00:00+00:00,1941.415,1942.104,1940.065,1944.1149999999998,25,timeout,0.5103703703704627
PEM,M5,long,2023-08-07 07:55:00+00:00,2023-08-07 08:00:00+00:00,1944.425,1943.485,1943.485,1946.305,2,sl,-1.0
PEM,M5,long,2023-08-08 02:05:00+00:00,2023-08-08 03:15:00+00:00,1936.858,1935.805,1935.805,1938.9639999999997,15,sl,-1.0
PEM,M5,long,2023-08-08 05:45:00+00:00,2023-08-08 05:55:00+00:00,1937.135,1935.565,1935.565,1940.2749999999999,3,sl,-1.0
PEM,M5,short,2023-08-08 07:15:00+00:00,2023-08-08 08:25:00+00:00,1935.915,1933.475,1937.135,1933.475,15,tp,2.0
PEM,M5,short,2023-08-08 11:00:00+00:00,2023-08-08 13:00:00+00:00,1932.995,1934.465,1935.035,1928.9149999999995,25,timeout,-0.7205882352940636
PEM,M5,long,2023-08-08 17:05:00+00:00,2023-08-08 17:10:00+00:00,1935.225,1933.005,1933.005,1939.6649999999995,2,sl,-1.0
PEM,M5,long,2023-08-09 15:05:00+00:00,2023-08-09 15:20:00+00:00,1930.365,1929.365,1929.365,1932.365,4,sl,-1.0
PEM,M5,short,2023-08-09 17:00:00+00:00,2023-08-09 19:00:00+00:00,1925.955,1923.895,1928.245,1921.375,25,timeout,0.899563318777283
PEM,M5,short,2023-08-09 19:10:00+00:00,2023-08-09 19:40:00+00:00,1922.985,1925.955,1925.955,1917.0449999999998,7,sl,-1.0
PEM,M5,short,2023-08-10 03:15:00+00:00,2023-08-10 06:10:00+00:00,1914.865,1916.295,1916.605,1911.385,25,timeout,-0.8218390804598024
PEM,M5,long,2023-08-10 07:50:00+00:00,2023-08-10 08:15:00+00:00,1916.565,1915.635,1915.635,1918.4250000000002,6,sl,-1.0
PEM,M5,long,2023-08-10 12:30:00+00:00,2023-08-10 13:05:00+00:00,1917.925,1916.645,1916.645,1920.485,8,sl,-1.0
PEM,M5,long,2023-08-10 15:30:00+00:00,2023-08-10 17:30:00+00:00,1920.845,1921.595,1918.025,1926.485,25,timeout,0.26595744680851663
PEM,M5,long,2023-08-10 17:40:00+00:00,2023-08-10 19:30:00+00:00,1921.875,1925.895,1919.865,1925.895,23,tp,2.0
PEM,M5,short,2023-08-10 21:15:00+00:00,2023-08-10 23:15:00+00:00,1918.655,1919.818,1924.645,1906.675,25,timeout,-0.19415692821369102
PEM,M5,long,2023-08-10 23:50:00+00:00,2023-08-11 00:05:00+00:00,1920.908,1919.435,1919.435,1923.8539999999998,4,sl,-1.0
PEM,M5,short,2023-08-11 00:35:00+00:00,2023-08-11 02:35:00+00:00,1916.345,1913.775,1918.548,1911.939,25,timeout,1.166591012255999
PEM,M5,long,2023-08-11 10:00:00+00:00,2023-08-11 10:20:00+00:00,1914.765,1914.185,1914.185,1915.9250000000004,5,sl,-1.0
PEM,M5,long,2023-08-11 12:35:00+00:00,2023-08-11 14:35:00+00:00,1914.398,1917.5439999999996,1912.825,1917.5439999999996,25,tp,2.0
PEM,M5,long,2023-08-11 15:20:00+00:00,2023-08-11 15:35:00+00:00,1918.408,1917.385,1917.385,1920.4539999999997,4,sl,-1.0
PEM,M5,long,2023-08-11 18:50:00+00:00,2023-08-11 19:30:00+00:00,1918.705,1917.095,1917.095,1921.9249999999997,9,sl,-1.0
PEM,M5,long,2023-08-14 17:05:00+00:00,2023-08-14 17:05:00+00:00,1914.055,1913.025,1913.025,1916.115,1,sl,-1.0
PEM,M5,short,2023-08-14 19:15:00+00:00,2023-08-14 20:50:00+00:00,1910.525,1903.3450000000003,1914.115,1903.3450000000003,20,tp,2.0
PEM,M5,short,2023-08-15 01:00:00+00:00,2023-08-15 03:00:00+00:00,1910.465,1907.265,1912.415,1906.5649999999998,25,timeout,1.6410256410255095
PEM,M5,short,2023-08-15 06:10:00+00:00,2023-08-15 06:50:00+00:00,1905.455,1907.675,1907.675,1901.0149999999999,9,sl,-1.0
PEM,M5,short,2023-08-15 07:40:00+00:00,2023-08-15 08:50:00+00:00,1905.015,1907.605,1907.605,1899.8350000000003,15,sl,-1.0
PEM,M5,short,2023-08-15 17:35:00+00:00,2023-08-15 19:30:00+00:00,1902.825,1898.7450000000001,1904.865,1898.7450000000001,24,tp,2.0
PEM,M5,long,2023-08-15 21:35:00+00:00,2023-08-15 23:35:00+00:00,1906.975,1904.515,1903.058,1914.8089999999997,25,timeout,-0.6280316568802302
PEM,M5,short,2023-08-16 03:45:00+00:00,2023-08-16 06:40:00+00:00,1901.578,1901.585,1902.608,1899.518,25,timeout,-0.006796116504914593
PEM,M5,short,2023-08-16 08:05:00+00:00,2023-08-16 08:30:00+00:00,1901.645,1902.345,1902.345,1900.245,6,sl,-1.0
PEM,M5,long,2023-08-16 15:40:00+00:00,2023-08-16 17:40:00+00:00,1905.065,1906.385,1903.785,1907.625,25,timeout,1.0312499999999722
PEM,M5,short,2023-08-17 07:55:00+00:00,2023-08-17 08:00:00+00:00,1891.068,1892.775,1892.775,1887.6539999999998,2,sl,-1.0
PEM,M5,long,2023-08-17 16:55:00+00:00,2023-08-17 17:25:00+00:00,1895.065,1898.2070000000003,1893.494,1898.2070000000003,7,tp,2.0
PEM,M5,short,2023-08-17 21:40:00+00:00,2023-08-17 23:40:00+00:00,1894.205,1889.885,1900.465,1881.685,25,timeout,0.6900958466453583
PEM,M5,short,2023-08-18 00:15:00+00:00,2023-08-18 02:15:00+00:00,1886.195,1888.525,1888.525,1881.5349999999996,25,sl,-1.0
PEM,M5,long,2023-08-18 02:55:00+00:00,2023-08-18 05:50:00+00:00,1889.735,1889.945,1887.875,1893.4549999999997,25,timeout,0.11290322580647724
PEM,M5,long,2023-08-18 17:10:00+00:00,2023-08-18 19:10:00+00:00,1893.475,1893.675,1891.295,1897.8349999999996,25,timeout,0.09174311926608279
PEM,M5,long,2023-08-18 21:40:00+00:00,2023-08-18 21:40:00+00:00,1894.155,1891.975,1891.975,1898.515,1,sl,-1.0
PEM,M5,short,2023-08-18 22:50:00+00:00,2023-08-19 00:50:00+00:00,1890.455,1889.035,1893.455,1884.455,25,timeout,0.4733333333332818
PEM,M5,long,2023-08-19 04:00:00+00:00,2023-08-21 06:55:00+00:00,1889.515,1889.285,1888.408,1891.7290000000005,25,timeout,-0.20776874435408943
PEM,M5,long,2023-08-21 10:00:00+00:00,2023-08-21 12:00:00+00:00,1892.455,1892.595,1886.605,1904.1549999999997,25,timeout,0.023931623931641405
PEM,M5,short,2023-08-21 13:55:00+00:00,2023-08-21 14:05:00+00:00,1888.255,1889.475,1889.475,1885.8150000000005,3,sl,-1.0
PEM,M5,long,2023-08-21 18:40:00+00:00,2023-08-21 20:40:00+00:00,1891.335,1892.095,1887.005,1899.995,25,timeout,0.1755196304849893
PEM,M5,short,2023-08-21 21:25:00+00:00,2023-08-21 23:25:00+00:00,1887.565,1890.308,1891.765,1879.165,25,timeout,-0.6530952380952163
PEM,M5,long,2023-08-22 09:15:00+00:00,2023-08-22 10:00:00+00:00,1895.705,1894.385,1894.385,1898.3449999999998,10,sl,-1.0
PEM,M5,long,2023-08-22 14:50:00+00:00,2023-08-22 15:25:00+00:00,1900.975,1898.975,1898.975,1904.975,8,sl,-1.0
PEM,M5,long,2023-08-22 16:55:00+00:00,2023-08-22 18:55:00+00:00,1903.005,1902.535,1900.365,1908.2850000000003,25,timeout,-0.17803030303030662
PEM,M5,long,2023-08-22 22:45:00+00:00,2023-08-23 00:45:00+00:00,1897.715,1897.265,1895.945,1901.2549999999999,25,timeout,-0.25423728813549307
PEM,M5,short,2023-08-23 03:25:00+00:00,2023-08-23 05:05:00+00:00,1897.165,1897.718,1897.718,1896.0589999999997,10,sl,-1.0
PEM,M5,long,2023-08-23 07:15:00+00:00,2023-08-23 08:30:00+00:00,1899.285,1901.1450000000002,1898.355,1901.1450000000002,16,tp,2.0
PEM,M5,long,2023-08-23 11:50:00+00:00,2023-08-23 13:50:00+00:00,1902.715,1903.838,1900.335,1907.4749999999997,25,timeout,0.4718487394958416
PEM,M5,short,2023-08-23 17:40:00+00:00,2023-08-23 17:55:00+00:00,1901.455,1902.835,1902.835,1898.6949999999997,4,sl,-1.0
PEM,M5,long,2023-08-24 06:45:00+00:00,2023-08-24 08:45:00+00:00,1917.505,1918.245,1916.628,1919.2590000000005,25,timeout,0.8437856328388025
PEM,M5,long,2023-08-24 12:40:00+00:00,2023-08-24 14:40:00+00:00,1921.415,1921.295,1919.875,1924.495,25,timeout,-0.07792207792200889
PEM,M5,short,2023-08-24 19:05:00+00:00,2023-08-24 19:35:00+00:00,1916.455,1912.935,1918.215,1912.935,7,tp,2.0
PEM,M5,short,2023-08-25 06:10:00+00:00,2023-08-25 08:10:00+00:00,1915.645,1915.185,1917.155,1912.625,25,timeout,0.3046357615894299
PEM,M5,short,2023-08-25 09:50:00+00:00,2023-08-25 11:50:00+00:00,1914.695,1914.425,1916.995,1910.095,25,timeout,0.1173913043478205
PEM,M5,long,2023-08-25 18:10:00+00:00,2023-08-25 20:10:00+00:00,1917.655,1916.155,1915.625,1921.715,25,timeout,-0.7389162561576454
PEM,M5,long,2023-08-26 01:00:00+00:00,2023-08-26 03:00:00+00:00,1912.235,1913.955,1910.318,1916.0689999999997,25,timeout,0.8972352634324999
PEM,M5,short,2023-08-28 11:30:00+00:00,2023-08-28 12:25:00+00:00,1914.865,1916.625,1916.625,1911.345,12,sl,-1.0
PEM,M5,short,2023-08-28 15:10:00+00:00,2023-08-28 16:20:00+00:00,1913.675,1915.495,1915.495,1910.035,15,sl,-1.0
PEM,M5,long,2023-08-28 22:25:00+00:00,2023-08-29 00:10:00+00:00,1920.585,1917.595,1917.595,1926.565,22,sl,-1.0
PEM,M5,long,2023-08-29 09:55:00+00:00,2023-08-29 10:05:00+00:00,1922.465,1924.1649999999997,1921.615,1924.1649999999997,3,tp,2.0
PEM,M5,long,2023-08-29 12:45:00+00:00,2023-08-29 13:45:00+00:00,1925.225,1923.235,1923.235,1929.205,13,sl,-1.0
PEM,M5,short,2023-08-29 17:35:00+00:00,2023-08-29 19:25:00+00:00,1921.205,1915.0449999999996,1924.285,1915.0449999999996,23,tp,2.0
PEM,M5,short,2023-08-30 13:00:00+00:00,2023-08-30 15:00:00+00:00,1935.388,1936.275,1936.875,1932.4139999999998,25,timeout,-0.5965030262273862
PEM,M5,long,2023-08-30 16:35:00+00:00,2023-08-30 18:35:00+00:00,1938.165,1938.315,1935.555,1943.3849999999998,25,timeout,0.057471264367853145
PEM,M5,long,2023-08-31 07:15:00+00:00,2023-08-31 08:05:00+00:00,1944.785,1946.285,1944.035,1946.285,11,tp,2.0
PEM,M5,short,2023-08-31 16:30:00+00:00,2023-08-31 18:30:00+00:00,1943.775,1944.565,1946.195,1938.9350000000004,25,timeout,-0.32644628099174133
PEM,M5,short,2023-09-01 03:40:00+00:00,2023-09-01 06:35:00+00:00,1939.348,1939.705,1940.515,1937.0139999999997,25,timeout,-0.3059125964009657
PEM,M5,long,2023-09-01 16:35:00+00:00,2023-09-01 18:35:00+00:00,1943.915,1945.415,1939.785,1952.1749999999997,25,timeout,0.3631961259080007
PEM,M5,long,2023-09-01 19:15:00+00:00,2023-09-01 19:30:00+00:00,1945.595,1948.7749999999999,1944.005,1948.7749999999999,4,tp,2.0
PEM,M5,short,2023-09-02 03:40:00+00:00,2023-09-04 06:35:00+00:00,1939.765,1939.785,1940.755,1937.785,25,timeout,-0.020202020202001642
PEM,M5,long,2023-09-04 06:55:00+00:00,2023-09-04 08:50:00+00:00,1940.695,1943.537,1939.274,1943.537,24,tp,2.0
PEM,M5,long,2023-09-04 09:40:00+00:00,2023-09-04 11:40:00+00:00,1945.455,1944.825,1943.575,1949.2149999999997,25,timeout,-0.3351063829786816
PEM,M5,short,2023-09-04 17:55:00+00:00,2023-09-04 18:45:00+00:00,1940.495,1941.495,1941.495,1938.495,11,sl,-1.0
PEM,M5,short,2023-09-05 05:55:00+00:00,2023-09-05 07:55:00+00:00,1937.925,1937.795,1938.575,1936.6249999999998,25,timeout,0.19999999999979012
PEM,M5,long,2023-09-05 11:35:00+00:00,2023-09-05 12:45:00+00:00,1937.545,1936.695,1936.695,1939.2450000000003,15,sl,-1.0
PEM,M5,short,2023-09-05 15:05:00+00:00,2023-09-05 17:05:00+00:00,1935.265,1930.675,1938.425,1928.9450000000004,25,timeout,1.4525316455697332
PEM,M5,short,2023-09-05 18:10:00+00:00,2023-09-05 19:45:00+00:00,1930.485,1931.915,1931.915,1927.6249999999998,20,sl,-1.0
PEM,M5,short,2023-09-06 01:50:00+00:00,2023-09-06 02:30:00+00:00,1926.045,1926.808,1926.808,1924.5190000000002,9,sl,-1.0
PEM,M5,short,2023-09-06 03:25:00+00:00,2023-09-06 05:05:00+00:00,1925.545,1926.285,1926.285,1924.065,10,sl,-1.0
PEM,M5,long,2023-09-06 07:00:00+00:00,2023-09-06 07:15:00+00:00,1926.735,1926.115,1926.115,1927.9749999999997,4,sl,-1.0
PEM,M5,long,2023-09-06 11:05:00+00:00,2023-09-06 12:10:00+00:00,1926.465,1927.8849999999995,1925.755,1927.8849999999995,14,tp,2.0
PEM,M5,short,2023-09-06 16:30:00+00:00,2023-09-06 16:55:00+00:00,1923.718,1925.105,1925.105,1920.9440000000002,6,sl,-1.0
PEM,M5,short,2023-09-06 20:10:00+00:00,2023-09-06 20:55:00+00:00,1921.635,1927.305,1927.305,1910.2949999999998,10,sl,-1.0
PEM,M5,short,2023-09-07 00:45:00+00:00,2023-09-07 02:45:00+00:00,1917.885,1916.645,1920.605,1912.445,25,timeout,0.45588235294117524
PEM,M5,short,2023-09-07 06:05:00+00:00,2023-09-07 08:05:00+00:00,1917.145,1916.965,1918.045,1915.3449999999998,25,timeout,0.20000000000005053
PEM,M5,long,2023-09-07 10:15:00+00:00,2023-09-07 11:45:00+00:00,1920.515,1918.465,1918.465,1924.6150000000005,19,sl,-1.0
PEM,M5,long,2023-09-07 18:15:00+00:00,2023-09-07 19:30:00+00:00,1921.395,1919.735,1919.735,1924.7150000000001,16,sl,-1.0
PEM,M5,short,2023-09-08 01:05:00+00:00,2023-09-08 01:15:00+00:00,1918.205,1918.855,1918.855,1916.9049999999997,3,sl,-1.0
PEM,M5,long,2023-09-08 03:30:00+00:00,2023-09-08 06:25:00+00:00,1919.395,1919.855,1918.888,1920.409,25,timeout,0.9072978303747146
PEM,M5,long,2023-09-08 07:10:00+00:00,2023-09-08 07:35:00+00:00,1920.555,1922.2550000000003,1919.705,1922.2550000000003,6,tp,2.0
PEM,M5,short,2023-09-08 23:40:00+00:00,2023-09-09 01:00:00+00:00,1917.808,1920.265,1920.265,1912.8939999999998,17,sl,-1.0
PEM,M5,long,2023-09-11 06:50:00+00:00,2023-09-11 08:40:00+00:00,1919.398,1922.4779999999998,1917.858,1922.4779999999998,23,tp,2.0
PEM,M5,long,2023-09-11 09:40:00+00:00,2023-09-11 11:40:00+00:00,1923.965,1924.405,1922.075,1927.7449999999997,25,timeout,0.23280423280427737
PEM,M5,long,2023-09-11 14:10:00+00:00,2023-09-11 16:10:00+00:00,1928.855,1927.508,1923.285,1939.995,25,timeout,-0.2418312387791733
PEM,M5,long,2023-09-11 20:00:00+00:00,2023-09-11 20:15:00+00:00,1926.104,1928.642,1924.835,1928.642,4,tp,2.0
PEM,M5,short,2023-09-12 06:10:00+00:00,2023-09-12 08:10:00+00:00,1921.705,1922.075,1923.158,1918.799,25,timeout,-0.25464556090855106
PEM,M5,short,2023-09-12 08:45:00+00:00,2023-09-12 09:00:00+00:00,1920.535,1921.885,1921.885,1917.8350000000003,4,sl,-1.0
PEM,M5,long,2023-09-12 09:50:00+00:00,2023-09-12 11:50:00+00:00,1923.235,1922.645,1921.095,1927.5149999999996,25,timeout,-0.2757009345794174
PEM,M5,short,2023-09-12 12:05:00+00:00,2023-09-12 13:25:00+00:00,1922.145,1918.9850000000001,1923.725,1918.9850000000001,17,tp,2.0
PEM,M5,short,2023-09-12 14:15:00+00:00,2023-09-12 15:15:00+00:00,1919.298,1920.035,1920.035,1917.8239999999998,13,sl,-1.0
PEM,M5,short,2023-09-12 16:45:00+00:00,2023-09-12 17:35:00+00:00,1918.738,1916.3440000000003,1919.935,1916.3440000000003,11,tp,2.0
PEM,M5,short,2023-09-12 18:30:00+00:00,2023-09-12 20:05:00+00:00,1913.125,1908.2649999999999,1915.555,1908.2649999999999,20,tp,2.0
PEM,M5,long,2023-09-13 01:35:00+00:00,2023-09-13 03:35:00+00:00,1913.075,1913.185,1911.725,1915.7750000000003,25,timeout,0.08148148148139914
PEM,M5,short,2023-09-13 09:50:00+00:00,2023-09-13 11:25:00+00:00,1909.645,1911.185,1911.185,1906.565,20,sl,-1.0
PEM,M5,short,2023-09-13 16:25:00+00:00,2023-09-13 18:00:00+00:00,1910.925,1912.495,1912.495,1907.785,20,sl,-1.0
PEM,M5,short,2023-09-13 19:15:00+00:00,2023-09-13 19:30:00+00:00,1911.105,1912.435,1912.435,1908.4450000000002,4,sl_first_ambiguous,-1.0
PEM,M5,short,2023-09-14 01:15:00+00:00,2023-09-14 03:15:00+00:00,1909.578,1908.625,1910.838,1907.058,25,timeout,0.7563492063491916
PEM,M5,short,2023-09-14 06:10:00+00:00,2023-09-14 06:30:00+00:00,1907.715,1909.245,1909.245,1904.655,5,sl,-1.0
PEM,M5,long,2023-09-14 11:40:00+00:00,2023-09-14 12:15:00+00:00,1910.128,1909.085,1909.085,1912.2139999999997,8,sl,-1.0
PEM,M5,short,2023-09-14 18:50:00+00:00,2023-09-14 19:05:00+00:00,1907.295,1908.005,1908.005,1905.875,4,sl,-1.0
PEM,M5,long,2023-09-15 05:00:00+00:00,2023-09-15 05:00:00+00:00,1910.068,1910.494,1909.855,1910.494,1,tp,2.0
PEM,M5,long,2023-09-15 20:20:00+00:00,2023-09-15 22:20:00+00:00,1922.625,1928.005,1916.735,1934.4050000000002,25,timeout,0.9134125636672357
PEM,M5,long,2023-09-18 05:35:00+00:00,2023-09-18 05:50:00+00:00,1924.025,1923.444,1923.444,1925.1870000000004,4,sl,-1.0
PEM,M5,long,2023-09-18 07:50:00+00:00,2023-09-18 08:10:00+00:00,1924.085,1926.005,1923.125,1926.005,5,tp,2.0
PEM,M5,long,2023-09-18 09:45:00+00:00,2023-09-18 11:45:00+00:00,1927.298,1928.675,1925.618,1930.6580000000001,25,timeout,0.8196428571427979
PEM,M5,long,2023-09-18 17:10:00+00:00,2023-09-18 19:05:00+00:00,1927.238,1925.825,1925.825,1930.064,24,sl,-1.0
PEM,M5,long,2023-09-18 23:35:00+00:00,2023-09-19 00:15:00+00:00,1929.478,1932.1840000000002,1928.125,1932.1840000000002,9,tp,2.0
PEM,M5,long,2023-09-19 02:55:00+00:00,2023-09-19 05:50:00+00:00,1932.985,1933.465,1931.028,1936.8989999999997,25,timeout,0.24527337761882864
PEM,M5,short,2023-09-19 11:55:00+00:00,2023-09-19 13:55:00+00:00,1931.408,1929.8939999999998,1932.165,1929.8939999999998,25,tp,2.0
PEM,M5,long,2023-09-19 14:50:00+00:00,2023-09-19 16:50:00+00:00,1933.705,1934.805,1930.278,1940.5589999999997,25,timeout,0.3209804493726776
PEM,M5,long,2023-09-19 17:35:00+00:00,2023-09-19 18:55:00+00:00,1935.995,1934.538,1934.538,1938.9089999999997,17,sl,-1.0
PEM,M5,short,2023-09-19 23:45:00+00:00,2023-09-20 01:45:00+00:00,1931.488,1930.635,1933.478,1927.508,25,timeout,0.42864321608043293
PEM,M5,short,2023-09-21 01:10:00+00:00,2023-09-21 03:10:00+00:00,1941.498,1930.945,1947.085,1930.324,25,timeout,1.8888491140147006
PEM,M5,short,2023-09-21 07:10:00+00:00,2023-09-21 07:30:00+00:00,1929.145,1926.7649999999999,1930.335,1926.7649999999999,5,tp,2.0
PEM,M5,short,2023-09-21 12:10:00+00:00,2023-09-21 12:15:00+00:00,1927.105,1928.555,1928.555,1924.205,2,sl,-1.0
PEM,M5,short,2023-09-21 18:30:00+00:00,2023-09-21 20:30:00+00:00,1921.125,1916.475,1927.145,1909.085,25,timeout,0.7724252491694527
PEM,M5,long,2023-09-22 02:20:00+00:00,2023-09-22 03:00:00+00:00,1920.825,1919.428,1919.428,1923.619,9,sl,-1.0
PEM,M5,long,2023-09-22 06:10:00+00:00,2023-09-22 07:40:00+00:00,1920.585,1922.165,1919.795,1922.165,19,tp,2.0
PEM,M5,long,2023-09-22 09:20:00+00:00,2023-09-22 09:55:00+00:00,1925.225,1923.625,1923.625,1928.4249999999997,8,sl,-1.0
PEM,M5,long,2023-09-22 14:55:00+00:00,2023-09-22 15:20:00+00:00,1927.765,1926.505,1926.505,1930.285,6,sl,-1.0
PEM,M5,short,2023-09-25 06:10:00+00:00,2023-09-25 08:10:00+00:00,1924.708,1924.375,1926.005,1922.114,25,timeout,0.2567463377024496
PEM,M5,short,2023-09-25 12:40:00+00:00,2023-09-25 13:50:00+00:00,1922.325,1923.345,1923.345,1920.285,15,sl,-1.0
PEM,M5,short,2023-09-25 15:00:00+00:00,2023-09-25 17:00:00+00:00,1922.825,1922.835,1924.465,1919.5450000000003,25,timeout,-0.006097560975604684
PEM,M5,short,2023-09-25 23:25:00+00:00,2023-09-26 01:25:00+00:00,1916.485,1916.545,1917.625,1914.2049999999997,25,timeout,-0.052631578947515384
PEM,M5,long,2023-09-26 05:30:00+00:00,2023-09-26 07:05:00+00:00,1916.495,1915.875,1915.875,1917.7349999999997,20,sl,-1.0
PEM,M5,short,2023-09-26 10:50:00+00:00,2023-09-26 10:50:00+00:00,1913.395,1913.875,1913.875,1912.435,1,sl,-1.0
PEM,M5,short,2023-09-26 13:15:00+00:00,2023-09-26 15:05:00+00:00,1913.225,1915.075,1915.075,1909.5249999999996,23,sl,-1.0
PEM,M5,short,2023-09-26 17:20:00+00:00,2023-09-26 19:20:00+00:00,1911.715,1911.475,1915.565,1904.0149999999996,25,timeout,0.06233766233766249
PEM,M5,short,2023-09-26 22:15:00+00:00,2023-09-27 00:15:00+00:00,1902.675,1901.515,1908.915,1890.195,25,timeout,0.1858974358974123
PEM,M5,long,2023-09-27 07:00:00+00:00,2023-09-27 07:40:00+00:00,1901.905,1901.035,1901.035,1903.6449999999998,9,sl,-1.0
PEM,M5,short,2023-09-27 11:15:00+00:00,2023-09-27 12:15:00+00:00,1898.705,1896.4449999999997,1899.835,1896.4449999999997,13,tp,2.0
PEM,M5,short,2023-09-27 16:20:00+00:00,2023-09-27 18:20:00+00:00,1895.498,1892.5040000000004,1896.995,1892.5040000000004,25,tp,2.0
PEM,M5,short,2023-09-28 10:15:00+00:00,2023-09-28 10:55:00+00:00,1874.315,1874.855,1874.855,1873.2350000000001,9,sl,-1.0
PEM,M5,short,2023-09-28 13:55:00+00:00,2023-09-28 14:20:00+00:00,1874.445,1877.274,1877.274,1868.787,6,sl,-1.0
PEM,M5,short,2023-09-28 15:15:00+00:00,2023-09-28 16:50:00+00:00,1875.435,1876.925,1876.925,1872.455,20,sl,-1.0
PEM,M5,short,2023-09-28 21:40:00+00:00,2023-09-28 22:20:00+00:00,1870.735,1859.5549999999996,1876.325,1859.5549999999996,9,tp,2.0
PEM,M5,long,2023-09-29 05:25:00+00:00,2023-09-29 05:35:00+00:00,1866.035,1864.915,1864.915,1868.2750000000003,3,sl,-1.0
PEM,M5,long,2023-09-29 06:35:00+00:00,2023-09-29 08:35:00+00:00,1865.795,1865.495,1863.855,1869.6750000000002,25,timeout,-0.15463917525782137
PEM,M5,long,2023-09-29 12:45:00+00:00,2023-09-29 12:55:00+00:00,1865.245,1866.6249999999995,1864.555,1866.6249999999995,3,tp,2.0
PEM,M5,short,2023-09-29 21:15:00+00:00,2023-09-29 23:15:00+00:00,1862.055,1852.928,1877.785,1830.595,25,timeout,0.5802288620470402
PEM,M5,short,2023-09-30 00:15:00+00:00,2023-09-30 02:15:00+00:00,1851.155,1849.385,1854.315,1844.8349999999998,25,timeout,0.5601265822784608
PEM,M5,short,2023-10-02 05:40:00+00:00,2023-10-02 07:10:00+00:00,1847.095,1848.645,1848.645,1843.9950000000001,19,sl,-1.0
PEM,M5,short,2023-10-02 09:00:00+00:00,2023-10-02 11:00:00+00:00,1844.155,1843.185,1846.195,1840.075,25,timeout,0.4754901960784532
PEM,M5,short,2023-10-02 12:50:00+00:00,2023-10-02 13:35:00+00:00,1841.015,1844.265,1844.265,1834.515,10,sl,-1.0
PEM,M5,short,2023-10-02 16:10:00+00:00,2023-10-02 18:10:00+00:00,1837.015,1835.395,1843.085,1824.8750000000002,25,timeout,0.266886326194421
PEM,M5,long,2023-10-03 00:15:00+00:00,2023-10-03 00:25:00+00:00,1833.045,1831.345,1831.345,1836.4450000000002,3,sl,-1.0
PEM,M5,short,2023-10-03 02:25:00+00:00,2023-10-03 05:20:00+00:00,1829.345,1828.748,1830.435,1827.1650000000002,25,timeout,0.5477064220183714
PEM,M5,short,2023-10-03 05:45:00+00:00,2023-10-03 06:15:00+00:00,1827.875,1825.5749999999998,1829.025,1825.5749999999998,7,tp,2.0
PEM,M5,short,2023-10-03 09:15:00+00:00,2023-10-03 11:15:00+00:00,1819.715,1821.395,1824.998,1809.1489999999997,25,timeout,-0.31800113571834615
PEM,M5,long,2023-10-03 23:10:00+00:00,2023-10-04 01:10:00+00:00,1827.295,1821.925,1821.925,1838.0350000000003,25,sl,-1.0
PEM,M5,long,2023-10-04 01:50:00+00:00,2023-10-04 02:05:00+00:00,1824.835,1823.405,1823.405,1827.6950000000002,4,sl,-1.0
PEM,M5,long,2023-10-04 12:00:00+00:00,2023-10-04 13:00:00+00:00,1823.518,1820.935,1820.935,1828.6840000000002,13,sl,-1.0
PEM,M5,short,2023-10-04 13:05:00+00:00,2023-10-04 13:20:00+00:00,1820.955,1818.1349999999998,1822.365,1818.1349999999998,4,tp,2.0
PEM,M5,long,2023-10-04 14:55:00+00:00,2023-10-04 16:55:00+00:00,1822.705,1821.335,1818.335,1831.4449999999997,25,timeout,-0.31350114416474256
PEM,M5,long,2023-10-04 18:15:00+00:00,2023-10-04 19:15:00+00:00,1824.388,1830.0739999999996,1821.545,1830.0739999999996,13,tp,2.0
PEM,M5,short,2023-10-04 20:45:00+00:00,2023-10-04 22:45:00+00:00,1823.438,1823.325,1827.005,1816.304,25,timeout,0.03167928231008022
PEM,M5,long,2023-10-05 09:05:00+00:00,2023-10-05 09:55:00+00:00,1827.725,1825.965,1825.965,1831.245,11,sl,-1.0
PEM,M5,short,2023-10-05 15:50:00+00:00,2023-10-05 16:30:00+00:00,1820.715,1821.765,1821.765,1818.6149999999996,9,sl,-1.0
PEM,M5,long,2023-10-06 01:10:00+00:00,2023-10-06 03:10:00+00:00,1819.775,1819.905,1817.895,1823.5350000000003,25,timeout,0.06914893617014586
PEM,M5,long,2023-10-06 06:10:00+00:00,2023-10-06 07:25:00+00:00,1822.278,1820.605,1820.605,1825.624,16,sl,-1.0
PEM,M5,long,2023-10-06 09:40:00+00:00,2023-10-06 11:40:00+00:00,1823.738,1823.735,1819.905,1831.4040000000002,25,timeout,-0.0007826767545411864
PEM,M5,short,2023-10-06 13:00:00+00:00,2023-10-06 13:05:00+00:00,1820.855,1821.375,1821.375,1819.815,2,sl,-1.0
PEM,M5,long,2023-10-06 15:55:00+00:00,2023-10-06 17:15:00+00:00,1821.195,1824.3349999999998,1819.625,1824.3349999999998,17,tp,2.0
PEM,M5,long,2023-10-06 21:25:00+00:00,2023-10-06 22:30:00+00:00,1825.098,1832.4379999999996,1821.428,1832.4379999999996,14,tp,2.0
PEM,M5,long,2023-10-09 05:05:00+00:00,2023-10-09 07:05:00+00:00,1849.415,1848.365,1829.885,1888.475,25,timeout,-0.0537634408602128
PEM,M5,long,2023-10-09 09:20:00+00:00,2023-10-09 11:20:00+00:00,1851.978,1852.775,1847.915,1860.1040000000003,25,timeout,0.19616047255722507
PEM,M5,short,2023-10-09 14:10:00+00:00,2023-10-09 14:40:00+00:00,1849.605,1851.748,1851.748,1845.319,7,sl,-1.0
PEM,M5,short,2023-10-09 19:05:00+00:00,2023-10-09 19:05:00+00:00,1849.445,1848.345,1849.995,1848.345,1,tp,2.0
PEM,M5,short,2023-10-10 17:25:00+00:00,2023-10-10 19:25:00+00:00,1856.808,1853.774,1858.325,1853.774,25,tp,2.0
PEM,M5,long,2023-10-11 07:15:00+00:00,2023-10-11 09:15:00+00:00,1861.115,1859.878,1859.878,1863.5890000000002,25,sl,-1.0
PEM,M5,long,2023-10-11 17:30:00+00:00,2023-10-11 19:30:00+00:00,1872.648,1869.475,1869.475,1878.994,25,sl,-1.0
PEM,M5,long,2023-10-11 22:40:00+00:00,2023-10-12 00:40:00+00:00,1872.825,1870.995,1868.965,1880.5450000000003,25,timeout,-0.4740932642487291
PEM,M5,long,2023-10-12 10:10:00+00:00,2023-10-12 12:10:00+00:00,1877.325,1879.015,1875.758,1880.459,25,timeout,1.0784939374601448
PEM,M5,long,2023-10-12 16:40:00+00:00,2023-10-12 18:15:00+00:00,1880.805,1882.865,1879.775,1882.865,20,tp,2.0
PEM,M5,short,2023-10-13 05:30:00+00:00,2023-10-13 05:35:00+00:00,1869.155,1869.735,1869.735,1867.9950000000001,2,sl,-1.0
PEM,M5,long,2023-10-13 07:25:00+00:00,2023-10-13 07:40:00+00:00,1871.835,1870.245,1870.245,1875.0150000000003,4,sl,-1.0
PEM,M5,long,2023-10-13 09:25:00+00:00,2023-10-13 11:25:00+00:00,1872.958,1876.0640000000003,1871.405,1876.0640000000003,25,tp,2.0
PEM,M5,long,2023-10-13 18:20:00+00:00,2023-10-13 19:25:00+00:00,1891.065,1900.645,1886.275,1900.645,14,tp,2.0
PEM,M5,long,2023-10-13 22:00:00+00:00,2023-10-14 00:00:00+00:00,1918.408,1926.9339999999997,1914.145,1926.9339999999997,25,tp,2.0
PEM,M5,short,2023-10-16 09:55:00+00:00,2023-10-16 11:55:00+00:00,1919.075,1919.995,1921.435,1914.3550000000002,25,timeout,-0.38983050847452727
PEM,M5,long,2023-10-16 22:15:00+00:00,2023-10-17 00:15:00+00:00,1920.225,1921.325,1916.455,1927.7649999999999,25,timeout,0.29177718832895005
PEM,M5,long,2023-10-17 06:45:00+00:00,2023-10-17 06:55:00+00:00,1921.175,1919.855,1919.855,1923.8149999999998,3,sl,-1.0
PEM,M5,short,2023-10-17 07:25:00+00:00,2023-10-17 09:25:00+00:00,1917.858,1912.624,1920.475,1912.624,25,tp,2.0
PEM,M5,long,2023-10-17 16:15:00+00:00,2023-10-17 17:15:00+00:00,1920.758,1924.5240000000001,1918.875,1924.5240000000001,13,tp,2.0
PEM,M5,long,2023-10-17 19:20:00+00:00,2023-10-17 19:30:00+00:00,1925.718,1923.615,1923.615,1929.9240000000002,3,sl,-1.0
PEM,M5,long,2023-10-18 18:05:00+00:00,2023-10-18 20:05:00+00:00,1945.415,1947.735,1942.855,1950.5349999999999,25,timeout,0.9062499999999944
PEM,M5,short,2023-10-19 03:50:00+00:00,2023-10-19 05:10:00+00:00,1948.605,1949.675,1949.675,1946.4650000000001,6,sl,-1.0
PEM,M5,short,2023-10-19 05:55:00+00:00,2023-10-19 06:10:00+00:00,1949.655,1950.955,1950.955,1947.055,4,sl,-1.0
PEM,M5,long,2023-10-19 07:15:00+00:00,2023-10-19 07:40:00+00:00,1951.945,1949.875,1949.875,1956.0849999999998,6,sl,-1.0
PEM,M5,long,2023-10-19 17:10:00+00:00,2023-10-19 19:10:00+00:00,1950.388,1951.395,1948.255,1954.6539999999995,25,timeout,0.47210501640888475
PEM,M5,long,2023-10-19 22:20:00+00:00,2023-10-20 00:10:00+00:00,1954.585,1964.3050000000003,1949.725,1964.3050000000003,23,tp,2.0
PEM,M5,long,2023-10-20 01:00:00+00:00,2023-10-20 03:00:00+00:00,1971.595,1974.825,1960.718,1993.349,25,timeout,0.2969568814930617
PEM,M5,long,2023-10-20 16:30:00+00:00,2023-10-20 16:50:00+00:00,1985.095,1981.415,1981.415,1992.4550000000002,5,sl,-1.0
PEM,M5,long,2023-10-20 18:15:00+00:00,2023-10-20 18:40:00+00:00,1984.798,1982.105,1982.105,1990.184,6,sl,-1.0
PEM,M5,long,2023-10-20 23:40:00+00:00,2023-10-20 23:50:00+00:00,1991.405,1987.785,1987.785,1998.6449999999998,3,sl,-1.0
PEM,M5,short,2023-10-21 01:15:00+00:00,2023-10-21 03:15:00+00:00,1979.825,1979.625,1986.615,1966.2450000000001,25,timeout,0.02945508100147961
PEM,M5,long,2023-10-23 10:05:00+00:00,2023-10-23 12:05:00+00:00,1973.775,1974.085,1966.055,1989.2150000000001,25,timeout,0.04015544041450056
PEM,M5,long,2023-10-23 13:15:00+00:00,2023-10-23 15:15:00+00:00,1976.575,1979.685,1973.465,1982.7950000000003,25,timeout,0.9999999999999268
PEM,M5,long,2023-10-23 18:20:00+00:00,2023-10-23 18:30:00+00:00,1978.928,1977.075,1977.075,1982.6340000000002,3,sl,-1.0
PEM,M5,short,2023-10-23 23:00:00+00:00,2023-10-23 23:35:00+00:00,1974.145,1979.115,1979.115,1964.205,8,sl,-1.0
PEM,M5,short,2023-10-24 02:30:00+00:00,2023-10-24 05:25:00+00:00,1973.295,1973.395,1977.715,1964.4550000000004,25,timeout,-0.022624434389120485
PEM,M5,long,2023-10-24 09:20:00+00:00,2023-10-24 11:20:00+00:00,1978.505,1975.555,1973.465,1988.5850000000005,25,timeout,-0.5853174603174471
PEM,M5,short,2023-10-24 15:25:00+00:00,2023-10-24 16:20:00+00:00,1973.545,1969.045,1975.795,1969.045,12,tp,2.0
PEM,M5,short,2023-10-24 17:25:00+00:00,2023-10-24 19:25:00+00:00,1964.838,1965.248,1974.355,1945.8039999999999,25,timeout,-0.04308080277399176
PEM,M5,long,2023-10-24 23:40:00+00:00,2023-10-25 01:40:00+00:00,1974.525,1972.655,1969.175,1985.2250000000004,25,timeout,-0.349532710280387
PEM,M5,short,2023-10-25 03:40:00+00:00,2023-10-25 06:35:00+00:00,1971.918,1971.295,1973.025,1969.7039999999995,25,timeout,0.5627822944893481
PEM,M5,short,2023-10-25 10:30:00+00:00,2023-10-25 11:00:00+00:00,1971.185,1973.245,1973.245,1967.065,7,sl,-1.0
PEM,M5,short,2023-10-25 12:05:00+00:00,2023-10-25 13:15:00+00:00,1971.798,1974.375,1974.375,1966.644,15,sl,-1.0
PEM,M5,long,2023-10-25 13:20:00+00:00,2023-10-25 13:55:00+00:00,1974.875,1971.835,1971.835,1980.955,8,sl,-1.0
PEM,M5,long,2023-10-25 15:45:00+00:00,2023-10-25 17:45:00+00:00,1974.095,1972.195,1968.995,1984.2950000000003,25,timeout,-0.37254901960785103
PEM,M5,long,2023-10-26 05:30:00+00:00,2023-10-26 07:30:00+00:00,1983.335,1984.458,1980.505,1988.995,25,timeout,0.3968197879858926
PEM,M5,long,2023-10-26 10:50:00+00:00,2023-10-26 12:50:00+00:00,1987.025,1986.215,1984.605,1991.8650000000002,25,timeout,-0.33471074380171423
PEM,M5,long,2023-10-26 14:50:00+00:00,2023-10-26 16:50:00+00:00,1989.028,1989.765,1986.068,1994.948,25,timeout,0.24898648648651048
PEM,M5,short,2023-10-27 06:45:00+00:00,2023-10-27 08:20:00+00:00,1984.605,1985.555,1985.555,1982.705,20,sl,-1.0
PEM,M5,long,2023-10-28 02:15:00+00:00,2023-10-30 05:10:00+00:00,2008.295,2004.195,1993.325,2038.2350000000001,25,timeout,-0.2738810955243907
PEM,M5,long,2023-10-30 06:25:00+00:00,2023-10-30 06:45:00+00:00,2002.815,2000.745,2000.745,2006.9550000000004,5,sl,-1.0
PEM,M5,long,2023-10-30 07:10:00+00:00,2023-10-30 07:45:00+00:00,2003.365,2006.465,2001.815,2006.465,8,tp,2.0
PEM,M5,short,2023-10-30 10:25:00+00:00,2023-10-30 12:25:00+00:00,2001.965,2001.405,2004.385,1997.1249999999998,25,timeout,0.23140495867765645
PEM,M5,short,2023-10-30 13:00:00+00:00,2023-10-30 13:25:00+00:00,2000.275,1997.4550000000004,2001.685,1997.4550000000004,6,tp,2.0
PEM,M5,long,2023-10-30 23:15:00+00:00,2023-10-31 00:20:00+00:00,1999.925,1997.038,1997.038,2005.6989999999998,14,sl,-1.0
PEM,M5,short,2023-10-31 00:25:00+00:00,2023-10-31 02:25:00+00:00,1996.845,1996.185,1999.838,1990.8590000000002,25,timeout,0.22051453391249431
PEM,M5,short,2023-10-31 13:10:00+00:00,2023-10-31 13:25:00+00:00,1992.805,1993.775,1993.775,1990.865,4,sl,-1.0
PEM,M5,long,2023-10-31 18:50:00+00:00,2023-10-31 19:40:00+00:00,2000.165,1996.925,1996.925,2006.645,11,sl,-1.0
PEM,M5,short,2023-10-31 22:20:00+00:00,2023-11-01 00:20:00+00:00,1995.565,1985.765,2003.515,1979.665,25,timeout,1.2327044025157106
PEM,M5,short,2023-11-01 10:10:00+00:00,2023-11-01 12:10:00+00:00,1978.215,1976.505,1980.735,1973.175,25,timeout,0.6785714285713577
PEM,M5,long,2023-11-01 16:00:00+00:00,2023-11-01 18:00:00+00:00,1981.855,1983.485,1977.295,1990.975,25,timeout,0.35745614035085554
PEM,M5,long,2023-11-01 18:10:00+00:00,2023-11-01 19:30:00+00:00,1983.885,1987.5049999999999,1982.075,1987.5049999999999,17,tp,2.0
PEM,M5,short,2023-11-01 22:35:00+00:00,2023-11-02 00:35:00+00:00,1982.455,1977.925,1988.755,1969.8549999999996,25,timeout,0.719047619047594
PEM,M5,short,2023-11-02 01:50:00+00:00,2023-11-02 02:15:00+00:00,1972.265,1980.035,1980.035,1956.7250000000001,6,sl,-1.0
PEM,M5,long,2023-11-02 08:10:00+00:00,2023-11-02 10:00:00+00:00,1985.745,1983.565,1983.565,1990.1049999999996,23,sl,-1.0
PEM,M5,long,2023-11-02 13:45:00+00:00,2023-11-02 13:50:00+00:00,1985.465,1984.615,1984.615,1987.1649999999997,2,sl,-1.0
PEM,M5,long,2023-11-02 15:50:00+00:00,2023-11-02 17:50:00+00:00,1987.985,1988.895,1984.368,1995.2189999999998,25,timeout,0.2515897152336443
PEM,M5,short,2023-11-02 22:30:00+00:00,2023-11-03 00:30:00+00:00,1982.635,1985.878,1988.585,1970.735,25,timeout,-0.5450420168067082
PEM,M5,long,2023-11-03 09:40:00+00:00,2023-11-03 11:40:00+00:00,1986.515,1985.905,1983.678,1992.189,25,timeout,-0.21501586182591811
PEM,M5,long,2023-11-03 15:55:00+00:00,2023-11-03 17:55:00+00:00,1987.918,1987.865,1986.215,1991.3239999999998,25,timeout,-0.03112155020545178
PEM,M5,long,2023-11-03 18:05:00+00:00,2023-11-03 18:25:00+00:00,1988.545,1986.965,1986.965,1991.7050000000004,5,sl,-1.0
PEM,M5,short,2023-11-06 09:50:00+00:00,2023-11-06 10:30:00+00:00,1988.815,1984.1950000000002,1991.125,1984.1950000000002,9,tp,2.0
PEM,M5,short,2023-11-06 19:40:00+00:00,2023-11-06 20:25:00+00:00,1984.575,1986.235,1986.235,1981.2550000000003,10,sl,-1.0
PEM,M5,short,2023-11-07 03:45:00+00:00,2023-11-07 06:40:00+00:00,1978.725,1976.705,1980.985,1974.205,25,timeout,0.8938053097345088
PEM,M5,short,2023-11-07 11:40:00+00:00,2023-11-07 12:40:00+00:00,1971.815,1973.235,1973.235,1968.9750000000004,13,sl,-1.0
PEM,M5,long,2023-11-08 01:05:00+00:00,2023-11-08 01:45:00+00:00,1963.918,1968.3439999999998,1961.705,1968.3439999999998,9,tp,2.0
PEM,M5,long,2023-11-08 07:10:00+00:00,2023-11-08 07:45:00+00:00,1969.535,1968.498,1968.498,1971.6090000000002,8,sl,-1.0
PEM,M5,short,2023-11-08 16:15:00+00:00,2023-11-08 17:05:00+00:00,1967.045,1964.3650000000002,1968.385,1964.3650000000002,11,tp,2.0
PEM,M5,short,2023-11-09 14:10:00+00:00,2023-11-09 14:25:00+00:00,1948.915,1950.095,1950.095,1946.5549999999998,4,sl,-1.0
PEM,M5,short,2023-11-09 15:05:00+00:00,2023-11-09 15:15:00+00:00,1948.945,1946.8049999999996,1950.015,1946.8049999999996,3,tp,2.0
PEM,M5,long,2023-11-09 21:45:00+00:00,2023-11-09 23:45:00+00:00,1954.778,1963.215,1948.485,1967.3640000000003,25,timeout,1.3406960114412423
PEM,M5,long,2023-11-10 08:05:00+00:00,2023-11-10 08:30:00+00:00,1960.245,1958.925,1958.925,1962.8849999999998,6,sl,-1.0
PEM,M5,short,2023-11-10 11:15:00+00:00,2023-11-10 13:15:00+00:00,1958.475,1957.025,1960.145,1955.1349999999998,25,timeout,0.8682634730537455
PEM,M5,short,2023-11-10 14:15:00+00:00,2023-11-10 16:15:00+00:00,1955.465,1954.305,1957.335,1951.7249999999997,25,timeout,0.6203208556148562
PEM,M5,short,2023-11-10 18:25:00+00:00,2023-11-10 19:45:00+00:00,1950.638,1944.6839999999997,1953.615,1944.6839999999997,17,tp,2.0
PEM,M5,short,2023-11-10 22:00:00+00:00,2023-11-10 22:15:00+00:00,1942.205,1946.735,1946.735,1933.145,4,sl,-1.0
PEM,M5,short,2023-11-11 01:20:00+00:00,2023-11-11 01:50:00+00:00,1935.905,1937.555,1937.555,1932.6049999999998,7,sl,-1.0
PEM,M5,short,2023-11-11 03:35:00+00:00,2023-11-11 04:15:00+00:00,1935.395,1936.525,1936.525,1933.1349999999998,9,sl,-1.0
PEM,M5,long,2023-11-11 04:25:00+00:00,2023-11-13 06:10:00+00:00,1937.275,1939.9750000000004,1935.925,1939.9750000000004,11,tp,2.0
PEM,M5,long,2023-11-13 07:20:00+00:00,2023-11-13 08:10:00+00:00,1941.464,1938.948,1938.948,1946.4959999999996,11,sl,-1.0
PEM,M5,short,2023-11-13 10:05:00+00:00,2023-11-13 12:05:00+00:00,1937.445,1936.205,1939.255,1933.8249999999996,25,timeout,0.6850828729281164
PEM,M5,long,2023-11-13 18:00:00+00:00,2023-11-13 19:10:00+00:00,1938.695,1936.985,1936.985,1942.115,15,sl,-1.0
PEM,M5,short,2023-11-13 19:55:00+00:00,2023-11-13 20:05:00+00:00,1937.204,1934.9819999999997,1938.315,1934.9819999999997,3,tp,2.0
PEM,M5,short,2023-11-14 11:10:00+00:00,2023-11-14 13:10:00+00:00,1943.818,1944.805,1946.385,1938.684,25,timeout,-0.38449552006235965
PEM,M5,short,2023-11-14 13:50:00+00:00,2023-11-14 14:05:00+00:00,1944.325,1945.145,1945.145,1942.6850000000002,4,sl,-1.0
PEM,M5,short,2023-11-14 18:35:00+00:00,2023-11-14 20:20:00+00:00,1945.385,1946.968,1946.968,1942.2189999999998,22,sl,-1.0
PEM,M5,long,2023-11-15 08:05:00+00:00,2023-11-15 08:20:00+00:00,1963.545,1961.675,1961.675,1967.2850000000003,4,sl,-1.0
PEM,M5,long,2023-11-15 10:55:00+00:00,2023-11-15 12:55:00+00:00,1966.435,1966.345,1963.505,1972.2949999999996,25,timeout,-0.030716723549461835
PEM,M5,long,2023-11-15 13:35:00+00:00,2023-11-15 15:35:00+00:00,1969.785,1971.785,1966.565,1976.2250000000001,25,timeout,0.621118012422355
PEM,M5,short,2023-11-15 21:15:00+00:00,2023-11-15 23:15:00+00:00,1963.905,1961.918,1971.525,1948.6649999999997,25,timeout,0.2607611548556495
PEM,M5,short,2023-11-16 08:20:00+00:00,2023-11-16 08:25:00+00:00,1958.485,1959.475,1959.475,1956.5049999999999,2,sl,-1.0
PEM,M5,long,2023-11-16 23:15:00+00:00,2023-11-17 01:15:00+00:00,1987.128,1984.595,1971.435,2018.514,25,timeout,-0.16140954565729335
PEM,M5,long,2023-11-17 10:05:00+00:00,2023-11-17 12:05:00+00:00,1985.375,1985.475,1983.625,1988.875,25,timeout,0.05714285714280517
PEM,M5,short,2023-11-17 23:40:00+00:00,2023-11-18 01:40:00+00:00,1980.505,1982.358,1984.598,1972.3190000000004,25,timeout,-0.4527241632054501
PEM,M5,short,2023-11-18 02:45:00+00:00,2023-11-18 04:45:00+00:00,1980.125,1980.048,1982.424,1975.527,25,timeout,0.033492822966506706
PEM,M5,long,2023-11-20 10:35:00+00:00,2023-11-20 10:45:00+00:00,1982.385,1980.745,1980.745,1985.6650000000002,3,sl,-1.0
PEM,M5,short,2023-11-20 14:10:00+00:00,2023-11-20 16:10:00+00:00,1979.295,1976.385,1982.385,1973.1150000000002,25,timeout,0.9417475728155854
PEM,M5,short,2023-11-20 18:25:00+00:00,2023-11-20 20:25:00+00:00,1974.485,1971.745,1977.705,1968.0449999999998,25,timeout,0.8509316770186292
PEM,M5,long,2023-11-21 09:45:00+00:00,2023-11-21 11:45:00+00:00,1991.235,1991.995,1989.615,1994.4749999999997,25,timeout,0.4691358024691618
PEM,M5,short,2023-11-21 16:35:00+00:00,2023-11-21 18:35:00+00:00,1985.245,1988.325,1991.854,1972.0269999999996,25,timeout,-0.4660311696172014
PEM,M5,long,2023-11-21 22:40:00+00:00,2023-11-21 23:30:00+00:00,2004.795,1998.908,1998.908,2016.5690000000004,11,sl,-1.0
PEM,M5,short,2023-11-22 01:45:00+00:00,2023-11-22 03:45:00+00:00,1998.085,1999.035,2002.135,1989.9850000000001,25,timeout,-0.23456790123458177
PEM,M5,short,2023-11-22 06:05:00+00:00,2023-11-22 06:05:00+00:00,1998.498,1998.598,1998.598,1998.2980000000002,1,sl_first_ambiguous,-1.0
PEM,M5,short,2023-11-22 12:45:00+00:00,2023-11-22 13:10:00+00:00,1997.425,1999.155,1999.155,1993.965,6,sl,-1.0
PEM,M5,long,2023-11-22 15:05:00+00:00,2023-11-22 15:10:00+00:00,2003.365,2006.099,2001.998,2006.099,2,tp,2.0
PEM,M5,short,2023-11-22 22:15:00+00:00,2023-11-23 00:15:00+00:00,1994.515,1990.695,2002.035,1979.4750000000001,25,timeout,0.5079787234042783
PEM,M5,long,2023-11-23 08:10:00+00:00,2023-11-23 08:10:00+00:00,1992.245,1991.308,1991.308,1994.1189999999997,1,sl,-1.0
PEM,M5,long,2023-11-23 10:50:00+00:00,2023-11-23 12:50:00+00:00,1995.378,1995.795,1993.075,1999.9839999999997,25,timeout,0.18106817194970246
PEM,M5,long,2023-11-23 13:10:00+00:00,2023-11-23 13:35:00+00:00,1996.915,1995.255,1995.255,2000.2349999999997,6,sl,-1.0
PEM,M5,short,2023-11-23 17:25:00+00:00,2023-11-23 19:25:00+00:00,1992.205,1993.124,1994.455,1987.705,25,timeout,-0.4084444444444873
PEM,M5,long,2023-11-24 06:10:00+00:00,2023-11-24 07:55:00+00:00,1992.864,1994.6220000000003,1991.985,1994.6220000000003,22,tp,2.0
PEM,M5,long,2023-11-24 19:20:00+00:00,2023-11-24 19:45:00+00:00,1996.898,1995.125,1995.125,2000.4439999999997,6,sl,-1.0
PEM,M5,long,2023-11-24 21:10:00+00:00,2023-11-24 23:10:00+00:00,2000.475,1997.805,1995.065,2011.2949999999996,25,timeout,-0.4935304990757703
PEM,M5,long,2023-11-24 23:35:00+00:00,2023-11-27 06:45:00+00:00,1999.948,2002.285,1997.435,2004.9740000000004,25,timeout,0.9299641862315369
PEM,M5,long,2023-11-27 11:50:00+00:00,2023-11-27 13:20:00+00:00,2012.875,2009.865,2009.865,2018.895,19,sl,-1.0
PEM,M5,long,2023-11-27 14:15:00+00:00,2023-11-27 15:15:00+00:00,2010.665,2013.085,2009.455,2013.085,13,tp,2.0
PEM,M5,long,2023-11-27 15:20:00+00:00,2023-11-27 17:20:00+00:00,2012.445,2013.295,2010.385,2016.5649999999998,25,timeout,0.4126213592233781
PEM,M5,long,2023-11-28 09:35:00+00:00,2023-11-28 11:05:00+00:00,2016.658,2014.365,2014.365,2021.2439999999997,19,sl,-1.0
PEM,M5,short,2023-11-28 14:55:00+00:00,2023-11-28 15:55:00+00:00,2012.385,2015.075,2015.075,2007.0049999999999,13,sl,-1.0
PEM,M5,long,2023-11-28 16:00:00+00:00,2023-11-28 18:00:00+00:00,2015.095,2014.725,2012.985,2019.3150000000003,25,timeout,-0.17535545023701227
PEM,M5,long,2023-11-28 22:40:00+00:00,2023-11-28 22:45:00+00:00,2026.505,2030.9850000000001,2024.265,2030.9850000000001,2,tp,2.0
PEM,M5,long,2023-11-28 23:15:00+00:00,2023-11-29 01:15:00+00:00,2034.795,2039.205,2029.195,2045.9950000000003,25,timeout,0.7874999999999548
PEM,M5,short,2023-11-29 13:15:00+00:00,2023-11-29 13:30:00+00:00,2044.015,2046.115,2046.115,2039.8150000000003,4,sl,-1.0
PEM,M5,long,2023-11-30 02:15:00+00:00,2023-11-30 02:30:00+00:00,2049.328,2046.965,2046.965,2054.054,4,sl,-1.0
PEM,M5,short,2023-11-30 03:30:00+00:00,2023-11-30 06:25:00+00:00,2042.995,2044.455,2045.695,2037.5949999999998,25,timeout,-0.5407407407407451
PEM,M5,short,2023-11-30 09:05:00+00:00,2023-11-30 09:50:00+00:00,2042.835,2045.755,2045.755,2036.995,10,sl,-1.0
PEM,M5,long,2023-11-30 09:55:00+00:00,2023-11-30 11:45:00+00:00,2045.495,2043.375,2043.375,2049.7349999999997,23,sl,-1.0
PEM,M5,short,2023-11-30 12:20:00+00:00,2023-11-30 14:05:00+00:00,2043.805,2045.925,2045.925,2039.5650000000003,22,sl,-1.0
PEM,M5,short,2023-11-30 14:45:00+00:00,2023-11-30 15:05:00+00:00,2043.615,2045.095,2045.095,2040.655,5,sl,-1.0
PEM,M5,short,2023-11-30 17:00:00+00:00,2023-11-30 19:00:00+00:00,2039.055,2036.765,2041.715,2033.7350000000004,25,timeout,0.8609022556391311
PEM,M5,short,2023-12-01 01:05:00+00:00,2023-12-01 03:05:00+00:00,2037.635,2035.755,2040.258,2032.389,25,timeout,0.7167365611894198
PEM,M5,long,2023-12-01 07:15:00+00:00,2023-12-01 09:15:00+00:00,2040.985,2041.735,2039.505,2043.9449999999995,25,timeout,0.5067567567568284
PEM,M5,long,2023-12-01 10:20:00+00:00,2023-12-01 10:45:00+00:00,2041.784,2039.865,2039.865,2045.6220000000003,6,sl,-1.0
PEM,M5,long,2023-12-01 13:25:00+00:00,2023-12-01 13:40:00+00:00,2042.725,2039.705,2039.705,2048.765,4,sl,-1.0
PEM,M5,long,2023-12-01 16:40:00+00:00,2023-12-01 18:35:00+00:00,2048.315,2040.335,2040.335,2064.275,24,sl,-1.0
PEM,M5,short,2023-12-01 18:40:00+00:00,2023-12-01 20:40:00+00:00,2039.154,2035.778,2042.645,2032.172,25,timeout,0.9670581495273534
PEM,M5,long,2023-12-01 23:55:00+00:00,2023-12-02 01:55:00+00:00,2059.734,2072.145,2046.395,2086.412,25,timeout,0.9304295674338491
PEM,M5,long,2023-12-04 06:15:00+00:00,2023-12-04 06:20:00+00:00,2073.935,2080.409,2070.698,2080.409,2,tp,2.0
PEM,M5,short,2023-12-04 08:45:00+00:00,2023-12-04 10:45:00+00:00,2086.685,2086.025,2095.505,2069.0449999999996,25,timeout,0.07482993197277123
PEM,M5,short,2023-12-04 13:55:00+00:00,2023-12-04 15:55:00+00:00,2077.365,2068.795,2088.195,2055.704999999999,25,timeout,0.7913204062788003
PEM,M5,long,2023-12-05 07:35:00+00:00,2023-12-05 09:35:00+00:00,2038.515,2034.105,2029.595,2056.3550000000005,25,timeout,-0.49439461883408586
PEM,M5,long,2023-12-05 10:30:00+00:00,2023-12-05 11:45:00+00:00,2037.035,2034.505,2034.505,2042.095,16,sl,-1.0
PEM,M5,short,2023-12-05 19:25:00+00:00,2023-12-05 19:30:00+00:00,2022.425,2024.805,2024.805,2017.6649999999997,2,sl,-1.0
PEM,M5,long,2023-12-06 10:05:00+00:00,2023-12-06 10:55:00+00:00,2021.255,2023.6950000000002,2020.035,2023.6950000000002,11,tp,2.0
PEM,M5,long,2023-12-06 11:00:00+00:00,2023-12-06 11:35:00+00:00,2023.245,2021.835,2021.835,2026.0649999999996,8,sl,-1.0
PEM,M5,long,2023-12-06 12:40:00+00:00,2023-12-06 14:05:00+00:00,2023.095,2027.035,2021.125,2027.035,18,tp,2.0
PEM,M5,long,2023-12-06 14:10:00+00:00,2023-12-06 14:45:00+00:00,2026.475,2030.7149999999997,2024.355,2030.7149999999997,8,tp,2.0
PEM,M5,long,2023-12-06 19:40:00+00:00,2023-12-06 20:50:00+00:00,2024.105,2031.4850000000001,2020.415,2031.4850000000001,15,tp,2.0
PEM,M5,long,2023-12-07 14:45:00+00:00,2023-12-07 15:25:00+00:00,2029.685,2032.5449999999996,2028.255,2032.5449999999996,9,tp,2.0
PEM,M5,long,2023-12-08 00:55:00+00:00,2023-12-08 02:55:00+00:00,2029.135,2029.978,2020.795,2045.8149999999998,25,timeout,0.10107913669065742
PEM,M5,long,2023-12-08 08:50:00+00:00,2023-12-08 10:50:00+00:00,2031.045,2031.895,2028.414,2036.3070000000002,25,timeout,0.323071075636595
PEM,M5,short,2023-12-08 16:00:00+00:00,2023-12-08 17:10:00+00:00,2026.855,2030.555,2030.555,2019.455,15,sl,-1.0
PEM,M5,long,2023-12-08 17:20:00+00:00,2023-12-08 17:55:00+00:00,2030.205,2027.915,2027.915,2034.7849999999999,8,sl,-1.0
PEM,M5,short,2023-12-11 08:05:00+00:00,2023-12-11 09:40:00+00:00,2003.835,1996.995,2007.255,1996.995,20,tp,2.0
PEM,M5,short,2023-12-11 09:50:00+00:00,2023-12-11 11:50:00+00:00,1997.155,1996.085,2001.945,1987.575,25,timeout,0.2233820459290072
PEM,M5,short,2023-12-12 00:00:00+00:00,2023-12-12 00:20:00+00:00,1981.505,1978.3250000000003,1983.095,1978.3250000000003,5,tp,2.0
PEM,M5,short,2023-12-12 01:00:00+00:00,2023-12-12 01:35:00+00:00,1976.845,1980.095,1980.095,1970.345,8,sl,-1.0
PEM,M5,long,2023-12-12 08:10:00+00:00,2023-12-12 09:05:00+00:00,1985.815,1982.655,1982.655,1992.1350000000002,12,sl,-1.0
PEM,M5,long,2023-12-12 11:15:00+00:00,2023-12-12 11:40:00+00:00,1986.005,1984.685,1984.685,1988.6450000000004,6,sl,-1.0
PEM,M5,short,2023-12-12 22:05:00+00:00,2023-12-13 00:05:00+00:00,1980.535,1980.415,1989.205,1963.1950000000004,25,timeout,0.013840830449840873
PEM,M5,short,2023-12-14 01:45:00+00:00,2023-12-14 02:00:00+00:00,1979.865,1983.475,1983.475,1972.6450000000002,4,sl,-1.0
PEM,M5,long,2023-12-14 07:35:00+00:00,2023-12-14 08:50:00+00:00,2036.005,2030.345,2030.345,2047.3250000000003,16,sl,-1.0
PEM,M5,long,2023-12-14 15:30:00+00:00,2023-12-14 17:05:00+00:00,2037.815,2034.155,2034.155,2045.1350000000002,20,sl,-1.0
PEM,M5,long,2023-12-14 19:50:00+00:00,2023-12-14 20:20:00+00:00,2037.915,2034.125,2034.125,2045.495,7,sl,-1.0
PEM,M5,long,2023-12-15 03:50:00+00:00,2023-12-15 06:45:00+00:00,2036.195,2036.505,2033.825,2040.9349999999997,25,timeout,0.13080168776379203
PEM,M5,long,2023-12-15 11:20:00+00:00,2023-12-15 13:00:00+00:00,2036.518,2034.575,2034.575,2040.404,21,sl,-1.0
PEM,M5,long,2023-12-15 16:00:00+00:00,2023-12-15 18:00:00+00:00,2039.165,2042.615,2034.795,2047.9049999999997,25,timeout,0.7894736842105564
PEM,M5,long,2023-12-15 19:15:00+00:00,2023-12-15 20:00:00+00:00,2042.895,2041.225,2041.225,2046.2350000000001,10,sl,-1.0
PEM,M5,long,2023-12-18 08:15:00+00:00,2023-12-18 10:15:00+00:00,2022.335,2023.365,2016.875,2033.255,25,timeout,0.1886446886446824
PEM,M5,short,2023-12-18 17:40:00+00:00,2023-12-18 19:40:00+00:00,2020.695,2023.685,2023.685,2014.715,25,sl,-1.0
PEM,M5,long,2023-12-18 23:35:00+00:00,2023-12-19 00:50:00+00:00,2023.198,2027.3440000000003,2021.125,2027.3440000000003,16,tp,2.0
PEM,M5,long,2023-12-19 07:40:00+00:00,2023-12-19 07:55:00+00:00,2028.885,2026.948,2026.948,2032.7589999999998,4,sl,-1.0
PEM,M5,long,2023-12-19 19:15:00+00:00,2023-12-19 20:20:00+00:00,2027.875,2031.5369999999998,2026.044,2031.5369999999998,14,tp,2.0
PEM,M5,long,2023-12-19 23:20:00+00:00,2023-12-20 01:10:00+00:00,2043.895,2039.725,2039.725,2052.235,23,sl,-1.0
PEM,M5,short,2023-12-20 08:00:00+00:00,2023-12-20 10:00:00+00:00,2039.185,2039.945,2040.865,2035.8249999999998,25,timeout,-0.45238095238092985
PEM,M5,long,2023-12-20 10:45:00+00:00,2023-12-20 12:45:00+00:00,2040.505,2040.265,2038.615,2044.2850000000003,25,timeout,-0.12698412698412506
PEM,M5,short,2023-12-20 16:55:00+00:00,2023-12-20 17:30:00+00:00,2039.925,2036.285,2041.745,2036.285,8,tp,2.0
PEM,M5,short,2023-12-20 22:25:00+00:00,2023-12-21 00:25:00+00:00,2033.665,2033.098,2037.495,2026.005,25,timeout,0.14804177545692376
PEM,M5,short,2023-12-21 04:35:00+00:00,2023-12-21 07:30:00+00:00,2029.345,2032.805,2033.705,2020.6250000000002,25,timeout,-0.7935779816514027
PEM,M5,long,2023-12-21 08:40:00+00:00,2023-12-21 09:05:00+00:00,2034.445,2036.7589999999998,2033.288,2036.7589999999998,6,tp,2.0
PEM,M5,long,2023-12-21 14:00:00+00:00,2023-12-21 14:10:00+00:00,2036.795,2035.515,2035.515,2039.355,3,sl,-1.0
PEM,M5,short,2023-12-21 17:45:00+00:00,2023-12-21 19:30:00+00:00,2033.335,2036.665,2036.665,2026.6750000000002,22,sl,-1.0
PEM,M5,long,2023-12-21 21:40:00+00:00,2023-12-21 23:40:00+00:00,2043.635,2042.195,2033.285,2064.335,25,timeout,-0.1391304347826152
PEM,M5,long,2023-12-22 06:45:00+00:00,2023-12-22 06:50:00+00:00,2050.305,2054.2449999999994,2048.335,2054.2449999999994,2,tp,2.0
PEM,M5,short,2023-12-26 07:20:00+00:00,2023-12-26 07:55:00+00:00,2053.745,2055.075,2055.075,2051.085,8,sl,-1.0
PEM,M5,long,2023-12-26 08:45:00+00:00,2023-12-26 08:55:00+00:00,2058.785,2061.3849999999993,2057.485,2061.3849999999993,3,tp,2.0
PEM,M5,long,2023-12-26 17:55:00+00:00,2023-12-26 19:45:00+00:00,2062.808,2061.865,2061.865,2064.6940000000004,23,sl,-1.0
PEM,M5,long,2023-12-27 01:35:00+00:00,2023-12-27 03:15:00+00:00,2059.255,2063.6150000000007,2057.075,2063.6150000000007,21,tp,2.0
PEM,M5,long,2023-12-27 06:05:00+00:00,2023-12-27 06:55:00+00:00,2068.224,2065.965,2065.965,2072.742,11,sl,-1.0
PEM,M5,long,2023-12-27 19:30:00+00:00,2023-12-27 19:55:00+00:00,2068.615,2066.575,2066.575,2072.6949999999997,6,sl,-1.0
PEM,M5,long,2023-12-27 21:20:00+00:00,2023-12-27 21:35:00+00:00,2069.165,2071.505,2067.995,2071.505,4,tp,2.0
PEM,M5,long,2023-12-27 23:30:00+00:00,2023-12-28 01:30:00+00:00,2080.295,2081.445,2068.885,2103.115,25,timeout,0.10078878177038612
PEM,M5,long,2023-12-28 07:55:00+00:00,2023-12-28 08:55:00+00:00,2080.394,2084.9719999999993,2078.105,2084.9719999999993,13,tp,2.0
PEM,M5,long,2023-12-28 10:05:00+00:00,2023-12-28 12:05:00+00:00,2087.435,2086.765,2083.765,2094.775,25,timeout,-0.18256130790192357
PEM,M5,short,2023-12-28 16:00:00+00:00,2023-12-28 18:00:00+00:00,2076.675,2077.365,2084.755,2060.5150000000003,25,timeout,-0.08539603960391164
PEM,M5,short,2023-12-28 18:55:00+00:00,2023-12-28 19:05:00+00:00,2075.875,2071.7349999999997,2077.945,2071.7349999999997,3,tp,2.0
PEM,M5,short,2023-12-29 02:20:00+00:00,2023-12-29 04:20:00+00:00,2070.475,2065.805,2073.125,2065.1749999999997,25,timeout,1.7622641509433632
PEM,M5,short,2023-12-29 04:50:00+00:00,2023-12-29 06:05:00+00:00,2064.968,2066.905,2066.905,2061.093999999999,5,sl,-1.0
PEM,M5,short,2023-12-29 10:05:00+00:00,2023-12-29 10:45:00+00:00,2068.375,2069.565,2069.565,2065.995,9,sl,-1.0
PEM,M5,long,2023-12-29 10:50:00+00:00,2023-12-29 12:50:00+00:00,2069.915,2070.325,2067.558,2074.629,25,timeout,0.17394993635971978
PEM,M5,long,2023-12-29 14:15:00+00:00,2023-12-29 14:55:00+00:00,2073.965,2072.325,2072.325,2077.245000000001,9,sl,-1.0
PEM,M5,short,2023-12-29 16:55:00+00:00,2023-12-29 18:55:00+00:00,2066.325,2067.265,2068.865,2061.245,25,timeout,-0.3700787401575071
PEM,M5,long,2023-12-30 02:45:00+00:00,2023-12-30 04:45:00+00:00,2066.828,2062.648,2061.845,2076.7940000000003,25,timeout,-0.8388520971301806
PEM,M5,short,2024-01-02 07:30:00+00:00,2024-01-02 07:55:00+00:00,2062.915,2065.715,2065.715,2057.3149999999996,6,sl,-1.0
PEM,M5,long,2024-01-02 16:45:00+00:00,2024-01-02 18:35:00+00:00,2077.995,2070.875,2070.875,2092.2349999999997,23,sl,-1.0
PEM,M5,short,2024-01-02 22:45:00+00:00,2024-01-03 00:45:00+00:00,2057.705,2064.115,2067.695,2037.7249999999995,25,timeout,-0.6416416416416119
PEM,M5,short,2024-01-03 03:35:00+00:00,2024-01-03 06:30:00+00:00,2059.945,2059.475,2062.065,2055.7050000000004,25,timeout,0.2216981132076787
PEM,M5,long,2024-01-03 10:50:00+00:00,2024-01-03 12:50:00+00:00,2065.145,2064.305,2060.895,2073.645,25,timeout,-0.19764705882356365
PEM,M5,short,2024-01-03 15:35:00+00:00,2024-01-03 17:35:00+00:00,2060.215,2054.985,2064.615,2051.415000000001,25,timeout,1.188636363636466
PEM,M5,long,2024-01-04 03:25:00+00:00,2024-01-04 06:20:00+00:00,2040.345,2042.535,2034.995,2051.045,25,timeout,0.4093457943925231
PEM,M5,long,2024-01-04 13:25:00+00:00,2024-01-04 15:25:00+00:00,2046.228,2047.405,2043.045,2052.594,25,timeout,0.3697769399936883
PEM,M5,long,2024-01-04 16:15:00+00:00,2024-01-04 18:15:00+00:00,2047.335,2047.855,2045.528,2050.949,25,timeout,0.2877697841726492
PEM,M5,short,2024-01-04 21:45:00+00:00,2024-01-04 22:05:00+00:00,2039.455,2041.565,2041.565,2035.2349999999997,5,sl,-1.0
PEM,M5,short,2024-01-05 00:25:00+00:00,2024-01-05 02:25:00+00:00,2042.535,2042.695,2046.365,2034.8750000000002,25,timeout,-0.04177545691902285
PEM,M5,short,2024-01-05 16:50:00+00:00,2024-01-05 18:30:00+00:00,2041.055,2037.1950000000004,2042.985,2037.1950000000004,21,tp,2.0
PEM,M5,long,2024-01-05 22:10:00+00:00,2024-01-06 00:10:00+00:00,2057.965,2042.825,2042.825,2088.2450000000003,25,sl,-1.0
PEM,M5,short,2024-01-08 10:45:00+00:00,2024-01-08 12:35:00+00:00,2039.315,2031.5150000000003,2043.215,2031.5150000000003,23,tp,2.0
PEM,M5,long,2024-01-08 22:40:00+00:00,2024-01-09 00:40:00+00:00,2031.205,2028.875,2023.005,2047.6049999999996,25,timeout,-0.28414634146341206
PEM,M5,long,2024-01-09 06:50:00+00:00,2024-01-09 08:50:00+00:00,2030.135,2032.225,2026.185,2038.035,25,timeout,0.5291139240506061
PEM,M5,short,2024-01-09 22:20:00+00:00,2024-01-10 00:20:00+00:00,2033.535,2028.865,2038.775,2023.055,25,timeout,0.8912213740458139
PEM,M5,short,2024-01-10 13:50:00+00:00,2024-01-10 14:10:00+00:00,2025.248,2026.175,2026.175,2023.3940000000002,5,sl,-1.0
PEM,M5,long,2024-01-10 15:15:00+00:00,2024-01-10 17:05:00+00:00,2032.855,2037.0349999999999,2030.765,2037.0349999999999,23,tp,2.0
PEM,M5,short,2024-01-11 00:30:00+00:00,2024-01-11 00:55:00+00:00,2025.798,2022.1380000000001,2027.628,2022.1380000000001,6,tp,2.0
PEM,M5,long,2024-01-11 06:40:00+00:00,2024-01-11 08:40:00+00:00,2026.475,2028.365,2025.198,2029.0289999999995,25,timeout,1.4800313234145435
PEM,M5,long,2024-01-11 11:10:00+00:00,2024-01-11 12:35:00+00:00,2031.245,2033.245,2030.245,2033.245,18,tp,2.0
PEM,M5,long,2024-01-12 04:00:00+00:00,2024-01-12 06:55:00+00:00,2027.755,2034.855,2023.985,2035.2950000000005,25,timeout,1.8832891246683063
PEM,M5,long,2024-01-12 13:05:00+00:00,2024-01-12 15:05:00+00:00,2036.005,2038.885,2034.045,2039.9250000000002,25,timeout,1.4693877551019532
PEM,M5,long,2024-01-12 19:15:00+00:00,2024-01-12 21:15:00+00:00,2051.504,2053.795,2038.805,2076.9019999999996,25,timeout,0.1804079061343567
PEM,M5,long,2024-01-15 10:05:00+00:00,2024-01-15 12:05:00+00:00,2055.965,2054.405,2047.568,2072.7590000000005,25,timeout,-0.18578063594139757
PEM,M5,long,2024-01-15 15:50:00+00:00,2024-01-15 16:05:00+00:00,2058.055,2054.755,2054.755,2064.6549999999993,4,sl,-1.0
PEM,M5,short,2024-01-15 22:10:00+00:00,2024-01-15 22:35:00+00:00,2050.895,2052.345,2052.345,2047.9950000000003,6,sl,-1.0
PEM,M5,long,2024-01-15 23:00:00+00:00,2024-01-16 01:00:00+00:00,2053.555,2055.105,2050.905,2058.854999999999,25,timeout,0.5849056603775075
PEM,M5,short,2024-01-16 02:10:00+00:00,2024-01-16 07:35:00+00:00,2054.045,2051.905,2055.835,2050.465,25,timeout,1.1955307262569363
PEM,M5,short,2024-01-16 10:40:00+00:00,2024-01-16 12:40:00+00:00,2049.825,2047.585,2051.175,2047.124999999999,25,timeout,1.6592592592586504
PEM,M5,short,2024-01-17 00:15:00+00:00,2024-01-17 02:15:00+00:00,2027.035,2026.615,2035.875,2009.3550000000002,25,timeout,0.04751131221720324
PEM,M5,long,2024-01-17 09:15:00+00:00,2024-01-17 09:40:00+00:00,2031.985,2027.585,2027.585,2040.7849999999996,6,sl,-1.0
PEM,M5,short,2024-01-17 10:15:00+00:00,2024-01-17 10:55:00+00:00,2027.785,2023.3650000000005,2029.995,2023.3650000000005,9,tp,2.0
PEM,M5,short,2024-01-17 11:25:00+00:00,2024-01-17 11:30:00+00:00,2023.965,2024.625,2024.625,2022.6449999999998,2,sl,-1.0
PEM,M5,short,2024-01-17 12:20:00+00:00,2024-01-17 14:20:00+00:00,2020.495,2018.925,2025.775,2009.9349999999995,25,timeout,0.29734848484846155
PEM,M5,short,2024-01-17 16:10:00+00:00,2024-01-17 17:25:00+00:00,2021.095,2024.945,2024.945,2013.3950000000002,16,sl,-1.0
PEM,M5,long,2024-01-17 17:35:00+00:00,2024-01-17 19:35:00+00:00,2027.245,2027.295,2019.265,2043.2049999999995,25,timeout,0.006265664160423961
PEM,M5,short,2024-01-18 01:15:00+00:00,2024-01-18 03:15:00+00:00,2004.255,2005.175,2007.585,1997.5950000000003,25,timeout,-0.27627627627623585
PEM,M5,long,2024-01-18 18:30:00+00:00,2024-01-18 19:20:00+00:00,2012.405,2015.825,2010.695,2015.825,11,tp,2.0
PEM,M5,long,2024-01-18 22:40:00+00:00,2024-01-19 00:40:00+00:00,2014.795,2015.185,2009.555,2025.275,25,timeout,0.07442748091600611
PEM,M5,long,2024-01-19 14:50:00+00:00,2024-01-19 16:50:00+00:00,2028.275,2028.868,2024.188,2036.449,25,timeout,0.14509420112548294
PEM,M5,long,2024-01-19 19:10:00+00:00,2024-01-19 21:10:00+00:00,2033.465,2033.058,2029.775,2040.8449999999996,25,timeout,-0.11029810298101476
PEM,M5,long,2024-01-20 02:15:00+00:00,2024-01-20 04:15:00+00:00,2028.695,2029.175,2026.585,2032.9149999999997,25,timeout,0.2274881516587872
PEM,M5,long,2024-01-20 04:50:00+00:00,2024-01-22 06:05:00+00:00,2029.448,2027.655,2027.655,2033.0340000000003,5,sl,-1.0
PEM,M5,short,2024-01-22 10:25:00+00:00,2024-01-22 12:25:00+00:00,2027.205,2022.558,2029.835,2021.9449999999997,25,timeout,1.7669201520911566
PEM,M5,long,2024-01-22 18:50:00+00:00,2024-01-22 19:45:00+00:00,2025.098,2029.7439999999997,2022.775,2029.7439999999997,12,tp,2.0
PEM,M5,short,2024-01-22 23:15:00+00:00,2024-01-23 01:15:00+00:00,2022.045,2021.445,2026.335,2013.4650000000001,25,timeout,0.13986013986017284
PEM,M5,long,2024-01-23 07:55:00+00:00,2024-01-23 08:10:00+00:00,2022.598,2021.745,2021.745,2024.304,4,sl,-1.0
PEM,M5,long,2024-01-23 09:45:00+00:00,2024-01-23 10:00:00+00:00,2023.775,2022.505,2022.505,2026.315,4,sl,-1.0
PEM,M5,long,2024-01-23 20:05:00+00:00,2024-01-23 21:15:00+00:00,2026.978,2023.055,2023.055,2034.824,15,sl,-1.0
PEM,M5,short,2024-01-23 21:45:00+00:00,2024-01-23 23:15:00+00:00,2021.945,2027.258,2027.258,2011.3189999999997,19,sl,-1.0
PEM,M5,long,2024-01-24 01:40:00+00:00,2024-01-24 03:40:00+00:00,2025.495,2028.498,2022.925,2030.6349999999998,25,timeout,1.1684824902724633
PEM,M5,short,2024-01-24 09:15:00+00:00,2024-01-24 10:00:00+00:00,2026.485,2024.2249999999997,2027.615,2024.2249999999997,10,tp,2.0
PEM,M5,long,2024-01-24 14:45:00+00:00,2024-01-24 16:45:00+00:00,2028.558,2032.255,2024.835,2036.004,25,timeout,0.9930163846360891
PEM,M5,long,2024-01-24 19:10:00+00:00,2024-01-24 19:20:00+00:00,2033.985,2031.555,2031.555,2038.8449999999996,3,sl,-1.0
PEM,M5,short,2024-01-24 22:40:00+00:00,2024-01-25 00:40:00+00:00,2016.125,2017.825,2033.375,1981.625,25,timeout,-0.0985507246376838
PEM,M5,short,2024-01-25 02:30:00+00:00,2024-01-25 04:30:00+00:00,2011.545,2012.295,2016.765,2001.105,25,timeout,-0.14367816091953947
PEM,M5,short,2024-01-25 15:25:00+00:00,2024-01-25 16:40:00+00:00,2013.098,2016.455,2016.455,2006.384,16,sl,-1.0
PEM,M5,long,2024-01-25 18:05:00+00:00,2024-01-25 18:35:00+00:00,2019.175,2017.478,2017.478,2022.5689999999997,7,sl,-1.0
PEM,M5,short,2024-01-25 23:50:00+00:00,2024-01-26 01:25:00+00:00,2014.015,2016.605,2016.605,2008.8350000000003,20,sl,-1.0
PEM,M5,short,2024-01-26 02:05:00+00:00,2024-01-26 02:20:00+00:00,2013.638,2016.358,2016.358,2008.1979999999999,4,sl,-1.0
PEM,M5,long,2024-01-26 09:15:00+00:00,2024-01-26 10:00:00+00:00,2022.545,2021.655,2021.655,2024.3250000000003,10,sl,-1.0
PEM,M5,long,2024-01-26 19:05:00+00:00,2024-01-26 19:25:00+00:00,2023.785,2022.715,2022.715,2025.9250000000004,5,sl,-1.0
PEM,M5,short,2024-01-26 23:05:00+00:00,2024-01-27 01:05:00+00:00,2016.745,2016.505,2020.505,2009.2249999999995,25,timeout,0.06382978723398079
PEM,M5,short,2024-01-27 02:40:00+00:00,2024-01-27 02:50:00+00:00,2016.238,2017.718,2017.718,2013.278,3,sl,-1.0
PEM,M5,short,2024-01-29 07:35:00+00:00,2024-01-29 08:00:00+00:00,2019.845,2021.975,2021.975,2015.5850000000003,6,sl,-1.0
PEM,M5,short,2024-01-29 09:15:00+00:00,2024-01-29 09:30:00+00:00,2021.475,2023.685,2023.685,2017.0549999999998,4,sl,-1.0
PEM,M5,long,2024-01-29 10:05:00+00:00,2024-01-29 12:05:00+00:00,2025.535,2025.955,2022.435,2031.7350000000004,25,timeout,0.1354838709676861
PEM,M5,long,2024-01-29 13:30:00+00:00,2024-01-29 14:30:00+00:00,2027.225,2032.205,2024.735,2032.205,13,tp,2.0
PEM,M5,short,2024-01-29 17:50:00+00:00,2024-01-29 19:50:00+00:00,2026.485,2028.455,2032.605,2014.2449999999997,25,timeout,-0.32189542483659955
PEM,M5,short,2024-01-30 01:15:00+00:00,2024-01-30 03:05:00+00:00,2027.405,2030.995,2030.995,2020.2250000000001,23,sl,-1.0
PEM,M5,long,2024-01-30 06:05:00+00:00,2024-01-30 06:25:00+00:00,2033.045,2030.845,2030.845,2037.4450000000002,5,sl,-1.0
PEM,M5,long,2024-01-30 06:55:00+00:00,2024-01-30 07:50:00+00:00,2031.425,2033.825,2030.225,2033.825,12,tp,2.0
PEM,M5,short,2024-01-30 09:10:00+00:00,2024-01-30 09:50:00+00:00,2030.395,2031.605,2031.605,2027.975,9,sl,-1.0
PEM,M5,long,2024-01-30 10:00:00+00:00,2024-01-30 12:00:00+00:00,2032.165,2031.805,2030.215,2036.065,25,timeout,-0.184615384615329
PEM,M5,long,2024-01-30 12:25:00+00:00,2024-01-30 13:15:00+00:00,2032.415,2034.275,2031.485,2034.275,11,tp,2.0
PEM,M5,long,2024-01-30 14:35:00+00:00,2024-01-30 14:35:00+00:00,2035.985,2039.0049999999999,2034.475,2039.0049999999999,1,tp,2.0
PEM,M5,short,2024-01-31 09:05:00+00:00,2024-01-31 11:05:00+00:00,2034.445,2033.315,2035.465,2032.405,25,timeout,1.1078431372548059
PEM,M5,long,2024-01-31 20:45:00+00:00,2024-01-31 21:50:00+00:00,2040.445,2053.4449999999997,2033.945,2053.4449999999997,14,tp,1.999999999999965
PEM,M5,long,2024-02-01 09:15:00+00:00,2024-02-01 11:15:00+00:00,2045.215,2045.985,2040.925,2053.795,25,timeout,0.17948717948717677
PEM,M5,short,2024-02-01 18:40:00+00:00,2024-02-01 20:40:00+00:00,2030.795,2038.185,2038.185,2016.0150000000003,25,sl,-1.0
PEM,M5,long,2024-02-02 07:45:00+00:00,2024-02-02 08:00:00+00:00,2056.535,2055.165,2055.165,2059.2749999999996,4,sl,-1.0
PEM,M5,short,2024-02-02 15:35:00+00:00,2024-02-02 15:40:00+00:00,2055.235,2055.955,2055.955,2053.7950000000005,2,sl,-1.0
PEM,M5,long,2024-02-02 18:45:00+00:00,2024-02-02 19:50:00+00:00,2055.785,2054.315,2054.315,2058.7249999999995,14,sl,-1.0
PEM,M5,long,2024-02-03 05:00:00+00:00,2024-02-05 07:05:00+00:00,2039.555,2036.278,2036.278,2046.1090000000002,15,sl,-1.0
PEM,M5,short,2024-02-05 10:00:00+00:00,2024-02-05 12:00:00+00:00,2033.605,2031.585,2039.885,2021.045,25,timeout,0.3216560509554125
PEM,M5,short,2024-02-05 15:10:00+00:00,2024-02-05 17:10:00+00:00,2026.118,2023.135,2029.548,2019.2579999999998,25,timeout,0.8696793002915136
PEM,M5,short,2024-02-05 19:55:00+00:00,2024-02-05 20:25:00+00:00,2023.335,2018.7690000000002,2025.618,2018.7690000000002,7,tp,2.0
PEM,M5,long,2024-02-06 00:55:00+00:00,2024-02-06 02:55:00+00:00,2025.558,2025.915,2022.995,2030.6840000000002,25,timeout,0.13928989465468464
PEM,M5,long,2024-02-06 03:50:00+00:00,2024-02-06 06:30:00+00:00,2025.778,2023.885,2023.885,2029.564,22,sl,-1.0
PEM,M5,short,2024-02-06 06:40:00+00:00,2024-02-06 07:00:00+00:00,2024.105,2025.224,2025.224,2021.8670000000002,5,sl,-1.0
PEM,M5,long,2024-02-06 09:50:00+00:00,2024-02-06 10:10:00+00:00,2026.385,2024.915,2024.915,2029.325,5,sl,-1.0
PEM,M5,short,2024-02-06 16:05:00+00:00,2024-02-06 17:20:00+00:00,2023.315,2025.705,2025.705,2018.5350000000003,16,sl,-1.0
PEM,M5,short,2024-02-07 07:20:00+00:00,2024-02-07 07:30:00+00:00,2034.955,2035.695,2035.695,2033.475,3,sl,-1.0
PEM,M5,short,2024-02-07 12:40:00+00:00,2024-02-07 13:25:00+00:00,2034.465,2032.8249999999996,2035.285,2032.8249999999996,10,tp,2.0
PEM,M5,short,2024-02-07 19:25:00+00:00,2024-02-07 20:25:00+00:00,2032.225,2034.125,2034.125,2028.4249999999997,13,sl,-1.0
PEM,M5,long,2024-02-08 09:20:00+00:00,2024-02-08 09:25:00+00:00,2038.115,2036.814,2036.814,2040.7169999999999,2,sl,-1.0
PEM,M5,short,2024-02-08 10:25:00+00:00,2024-02-08 12:25:00+00:00,2034.858,2032.385,2036.944,2030.686,25,timeout,1.185522531160087
PEM,M5,long,2024-02-08 17:05:00+00:00,2024-02-08 18:35:00+00:00,2035.415,2029.175,2029.175,2047.895,19,sl,-1.0
PEM,M5,long,2024-02-09 04:30:00+00:00,2024-02-09 07:25:00+00:00,2033.805,2034.165,2033.084,2035.247,25,timeout,0.4993065187238532
PEM,M5,short,2024-02-09 11:00:00+00:00,2024-02-09 13:00:00+00:00,2032.995,2032.565,2034.708,2029.5689999999995,25,timeout,0.25102159953285924
PEM,M5,long,2024-02-09 13:50:00+00:00,2024-02-09 15:05:00+00:00,2033.525,2032.694,2032.694,2035.1870000000004,16,sl,-1.0
PEM,M5,short,2024-02-09 15:15:00+00:00,2024-02-09 17:15:00+00:00,2032.575,2031.025,2033.898,2029.9290000000003,25,timeout,1.1715797430083992
PEM,M5,long,2024-02-12 07:05:00+00:00,2024-02-12 08:20:00+00:00,2025.655,2024.105,2024.105,2028.7549999999999,16,sl,-1.0
PEM,M5,short,2024-02-12 10:00:00+00:00,2024-02-12 11:10:00+00:00,2022.245,2023.025,2023.025,2020.6849999999995,15,sl,-1.0
PEM,M5,long,2024-02-12 20:15:00+00:00,2024-02-12 20:50:00+00:00,2024.375,2020.435,2020.435,2032.255,8,sl,-1.0
PEM,M5,short,2024-02-12 23:05:00+00:00,2024-02-13 00:25:00+00:00,2012.595,2016.945,2016.945,2003.8950000000002,17,sl,-1.0
PEM,M5,long,2024-02-13 00:35:00+00:00,2024-02-13 02:35:00+00:00,2017.764,2018.995,2015.015,2023.2619999999995,25,timeout,0.44779919970901627
PEM,M5,long,2024-02-13 03:15:00+00:00,2024-02-13 06:10:00+00:00,2019.495,2018.985,2018.535,2021.4149999999995,25,timeout,-0.5312500000000963
PEM,M5,short,2024-02-13 06:15:00+00:00,2024-02-13 08:00:00+00:00,2018.985,2019.978,2019.978,2016.9989999999996,22,sl,-1.0
PEM,M5,short,2024-02-13 10:10:00+00:00,2024-02-13 12:10:00+00:00,2018.655,2019.695,2019.695,2016.575,25,sl,-1.0
PEM,M5,long,2024-02-13 13:25:00+00:00,2024-02-13 13:50:00+00:00,2021.525,2023.4650000000001,2020.555,2023.4650000000001,6,tp,2.0
PEM,M5,short,2024-02-13 22:00:00+00:00,2024-02-14 00:00:00+00:00,1993.025,1994.515,2002.905,1973.2650000000003,25,timeout,-0.150809716599193
PEM,M5,short,2024-02-14 09:25:00+00:00,2024-02-14 10:50:00+00:00,1992.065,1992.855,1992.855,1990.4850000000001,18,sl,-1.0
PEM,M5,short,2024-02-14 13:15:00+00:00,2024-02-14 14:05:00+00:00,1992.135,1990.3149999999998,1993.045,1990.3149999999998,11,tp,2.0
PEM,M5,short,2024-02-14 17:20:00+00:00,2024-02-14 17:35:00+00:00,1990.165,1991.575,1991.575,1987.3449999999998,4,sl,-1.0
PEM,M5,short,2024-02-14 22:40:00+00:00,2024-02-14 23:30:00+00:00,1986.625,1991.275,1991.275,1977.3249999999998,11,sl,-1.0
PEM,M5,short,2024-02-15 10:55:00+00:00,2024-02-15 12:55:00+00:00,1990.745,1992.015,1992.878,1986.4789999999998,25,timeout,-0.5954055321144803
PEM,M5,long,2024-02-15 16:55:00+00:00,2024-02-15 18:55:00+00:00,1995.895,1997.605,1992.905,2001.875,25,timeout,0.5719063545150606
PEM,M5,long,2024-02-15 21:25:00+00:00,2024-02-15 23:25:00+00:00,2004.148,1999.875,1997.975,2016.494,25,timeout,-0.692208002591918
PEM,M5,long,2024-02-16 09:05:00+00:00,2024-02-16 11:05:00+00:00,2005.525,2003.854,2002.328,2011.9190000000003,25,timeout,-0.5226775101657768
PEM,M5,short,2024-02-16 11:25:00+00:00,2024-02-16 11:45:00+00:00,2003.465,2004.098,2004.098,2002.1989999999998,5,sl,-1.0
PEM,M5,long,2024-02-16 12:50:00+00:00,2024-02-16 13:15:00+00:00,2004.645,2003.425,2003.425,2007.085,6,sl,-1.0
PEM,M5,long,2024-02-16 23:20:00+00:00,2024-02-17 01:20:00+00:00,2010.305,2012.415,2005.028,2020.8590000000002,25,timeout,0.3998483987113668
PEM,M5,long,2024-02-19 07:25:00+00:00,2024-02-19 09:25:00+00:00,2016.475,2020.035,2010.755,2027.9149999999995,25,timeout,0.6223776223776744
PEM,M5,short,2024-02-19 19:40:00+00:00,2024-02-19 20:10:00+00:00,2017.665,2018.985,2018.985,2015.025,7,sl,-1.0
PEM,M5,long,2024-02-20 00:40:00+00:00,2024-02-20 06:05:00+00:00,2017.478,2016.618,2014.595,2023.2440000000001,25,timeout,-0.29830038154703986
PEM,M5,short,2024-02-20 06:50:00+00:00,2024-02-20 08:25:00+00:00,2016.035,2016.935,2016.935,2014.2350000000004,20,sl,-1.0
PEM,M5,long,2024-02-20 09:25:00+00:00,2024-02-20 11:25:00+00:00,2017.475,2018.725,2015.344,2021.7369999999996,25,timeout,0.5865790708587908
PEM,M5,long,2024-02-20 16:05:00+00:00,2024-02-20 17:35:00+00:00,2022.928,2026.8740000000005,2020.955,2026.8740000000005,19,tp,2.0
PEM,M5,long,2024-02-20 19:10:00+00:00,2024-02-20 20:45:00+00:00,2027.095,2030.115,2025.585,2030.115,20,tp,2.0
PEM,M5,long,2024-02-20 22:30:00+00:00,2024-02-20 22:40:00+00:00,2029.508,2026.705,2026.705,2035.1140000000003,3,sl,-1.0
PEM,M5,long,2024-02-21 09:50:00+00:00,2024-02-21 09:55:00+00:00,2028.725,2027.315,2027.315,2031.5449999999996,2,sl,-1.0
PEM,M5,long,2024-02-21 10:25:00+00:00,2024-02-21 12:25:00+00:00,2029.415,2029.645,2027.855,2032.5349999999999,25,timeout,0.14743589743591426
PEM,M5,long,2024-02-21 16:55:00+00:00,2024-02-21 18:20:00+00:00,2028.295,2027.325,2027.325,2030.2350000000001,18,sl,-1.0
PEM,M5,short,2024-02-21 22:55:00+00:00,2024-02-22 00:30:00+00:00,2027.225,2021.4189999999999,2030.128,2021.4189999999999,20,tp,2.0
PEM,M5,short,2024-02-22 02:05:00+00:00,2024-02-22 02:05:00+00:00,2020.605,2024.445,2024.445,2012.9250000000002,1,sl,-1.0
PEM,M5,long,2024-02-23 04:25:00+00:00,2024-02-23 07:20:00+00:00,2024.855,2025.625,2023.015,2028.5349999999999,25,timeout,0.41847826086957396
PEM,M5,long,2024-02-23 08:15:00+00:00,2024-02-23 10:15:00+00:00,2026.495,2025.155,2023.675,2032.1349999999998,25,timeout,-0.4751773049645207
PEM,M5,long,2024-02-23 22:05:00+00:00,2024-02-23 23:35:00+00:00,2027.845,2036.7050000000002,2023.415,2036.7050000000002,19,tp,2.0
PEM,M5,long,2024-02-24 02:00:00+00:00,2024-02-24 02:35:00+00:00,2041.045,2038.135,2038.135,2046.8650000000002,8,sl,-1.0
PEM,M5,short,2024-02-26 07:10:00+00:00,2024-02-26 09:10:00+00:00,2032.695,2030.915,2034.735,2028.615,25,timeout,0.8725490196078454
PEM,M5,long,2024-02-26 11:00:00+00:00,2024-02-26 13:00:00+00:00,2032.195,2032.515,2030.535,2035.5149999999996,25,timeout,0.19277108433746493
PEM,M5,long,2024-02-26 14:25:00+00:00,2024-02-26 16:25:00+00:00,2034.185,2033.515,2032.375,2037.8049999999998,25,timeout,-0.3701657458562793
PEM,M5,short,2024-02-26 18:05:00+00:00,2024-02-26 20:05:00+00:00,2031.525,2033.085,2034.428,2025.719,25,timeout,-0.5373751291766913
PEM,M5,short,2024-02-26 20:25:00+00:00,2024-02-26 20:35:00+00:00,2031.948,2033.535,2033.535,2028.7740000000001,3,sl,-1.0
PEM,M5,long,2024-02-27 03:10:00+00:00,2024-02-27 06:05:00+00:00,2030.755,2030.784,2028.475,2035.3150000000005,25,timeout,0.012719298245611323
PEM,M5,long,2024-02-27 06:35:00+00:00,2024-02-27 07:05:00+00:00,2031.115,2032.035,2030.655,2032.035,7,tp,2.0
PEM,M5,long,2024-02-27 07:25:00+00:00,2024-02-27 09:25:00+00:00,2032.265,2032.855,2030.825,2035.1450000000002,25,timeout,0.4097222222221499
PEM,M5,long,2024-02-27 11:10:00+00:00,2024-02-27 13:10:00+00:00,2033.815,2033.655,2032.198,2037.049,25,timeout,-0.09894867037729477
PEM,M5,long,2024-02-27 13:40:00+00:00,2024-02-27 14:00:00+00:00,2034.425,2033.155,2033.155,2036.965,5,sl,-1.0
PEM,M5,long,2024-02-27 15:35:00+00:00,2024-02-27 17:35:00+00:00,2037.795,2035.065,2033.625,2046.1350000000002,25,timeout,-0.6546762589927987
PEM,M5,short,2024-02-27 22:40:00+00:00,2024-02-28 00:40:00+00:00,2033.545,2030.655,2035.898,2028.8390000000004,25,timeout,1.2282192945177641
PEM,M5,long,2024-02-28 01:25:00+00:00,2024-02-28 02:05:00+00:00,2035.858,2031.745,2031.745,2044.084,9,sl,-1.0
PEM,M5,short,2024-02-28 07:00:00+00:00,2024-02-28 07:45:00+00:00,2030.155,2030.755,2030.755,2028.9549999999997,10,sl,-1.0
PEM,M5,short,2024-02-28 09:50:00+00:00,2024-02-28 11:50:00+00:00,2030.765,2030.438,2032.505,2027.285,25,timeout,0.18793103448275658
PEM,M5,short,2024-02-28 13:50:00+00:00,2024-02-28 14:50:00+00:00,2030.165,2028.005,2031.245,2028.005,13,tp,2.0
PEM,M5,long,2024-02-28 20:20:00+00:00,2024-02-28 22:20:00+00:00,2032.385,2030.505,2028.715,2039.7250000000001,25,timeout,-0.512261580381429
PEM,M5,short,2024-03-01 03:00:00+00:00,2024-03-01 05:00:00+00:00,2044.058,2043.855,2046.695,2038.784,25,timeout,0.0769814182783386
PEM,M5,short,2024-03-01 07:45:00+00:00,2024-03-01 07:50:00+00:00,2043.095,2043.495,2043.495,2042.2950000000003,2,sl,-1.0
PEM,M5,long,2024-03-01 09:45:00+00:00,2024-03-01 11:45:00+00:00,2045.578,2046.145,2044.765,2047.2039999999997,25,timeout,0.6974169741698583
PEM,M5,long,2024-03-01 13:30:00+00:00,2024-03-01 15:05:00+00:00,2047.495,2044.575,2044.575,2053.3349999999996,20,sl,-1.0
PEM,M5,long,2024-03-01 21:15:00+00:00,2024-03-01 21:45:00+00:00,2053.395,2050.808,2050.808,2058.569,7,sl,-1.0
PEM,M5,long,2024-03-01 23:20:00+00:00,2024-03-02 01:20:00+00:00,2074.815,2086.755,2063.125,2098.195,25,timeout,1.0213857998289135
PEM,M5,short,2024-03-04 08:15:00+00:00,2024-03-04 10:15:00+00:00,2081.258,2080.585,2083.495,2076.7839999999997,25,timeout,0.30084935181034883
PEM,M5,long,2024-03-04 14:45:00+00:00,2024-03-04 14:45:00+00:00,2085.418,2086.8040000000005,2084.725,2086.8040000000005,1,tp,2.0
PEM,M5,long,2024-03-04 23:00:00+00:00,2024-03-04 23:50:00+00:00,2106.992,2119.126,2100.925,2119.126,11,tp,2.0
PEM,M5,long,2024-03-05 16:25:00+00:00,2024-03-05 18:25:00+00:00,2123.515,2126.158,2118.555,2133.435,25,timeout,0.5328629032258084
PEM,M5,short,2024-03-06 09:35:00+00:00,2024-03-06 10:00:00+00:00,2124.205,2126.445,2126.445,2119.7249999999995,6,sl,-1.0
PEM,M5,long,2024-03-06 23:20:00+00:00,2024-03-07 01:20:00+00:00,2147.125,2147.195,2138.675,2164.0249999999996,25,timeout,0.008284023668658606
PEM,M5,short,2024-03-07 08:25:00+00:00,2024-03-07 09:35:00+00:00,2145.665,2148.725,2148.725,2139.545,15,sl,-1.0
PEM,M5,long,2024-03-07 09:40:00+00:00,2024-03-07 11:40:00+00:00,2151.565,2158.205,2145.635,2163.4249999999997,25,timeout,1.11973018549748
PEM,M5,long,2024-03-08 02:55:00+00:00,2024-03-08 03:10:00+00:00,2160.325,2158.528,2158.528,2163.919,4,sl,-1.0
PEM,M5,long,2024-03-08 07:05:00+00:00,2024-03-08 08:10:00+00:00,2161.295,2159.535,2159.535,2164.8150000000005,14,sl,-1.0
PEM,M5,short,2024-03-08 09:10:00+00:00,2024-03-08 11:10:00+00:00,2157.205,2158.445,2158.975,2153.665,25,timeout,-0.7005649717515532
PEM,M5,short,2024-03-08 11:50:00+00:00,2024-03-08 11:55:00+00:00,2156.565,2157.575,2157.575,2154.5450000000005,2,sl,-1.0
PEM,M5,short,2024-03-08 12:30:00+00:00,2024-03-08 12:45:00+00:00,2156.665,2157.915,2157.915,2154.165,4,sl,-1.0
PEM,M5,long,2024-03-08 13:35:00+00:00,2024-03-08 13:40:00+00:00,2158.995,2161.875,2157.555,2161.875,2,tp,2.0
PEM,M5,long,2024-03-11 07:40:00+00:00,2024-03-11 08:45:00+00:00,2183.155,2180.135,2180.135,2189.195,14,sl,-1.0
PEM,M5,long,2024-03-11 15:05:00+00:00,2024-03-11 15:55:00+00:00,2182.275,2177.275,2177.275,2192.275,11,sl,-1.0
PEM,M5,long,2024-03-11 20:45:00+00:00,2024-03-11 21:05:00+00:00,2183.195,2176.905,2176.905,2195.775,5,sl,-1.0
PEM,M5,long,2024-03-11 22:50:00+00:00,2024-03-11 23:45:00+00:00,2184.765,2179.555,2179.555,2195.185,12,sl,-1.0
PEM,M5,long,2024-03-12 05:35:00+00:00,2024-03-12 05:45:00+00:00,2184.258,2182.195,2182.195,2188.383999999999,3,sl,-1.0
PEM,M5,short,2024-03-12 11:05:00+00:00,2024-03-12 11:15:00+00:00,2177.345,2178.295,2178.295,2175.4449999999993,3,sl,-1.0
PEM,M5,short,2024-03-12 12:00:00+00:00,2024-03-12 12:05:00+00:00,2178.125,2178.675,2178.675,2177.0249999999996,2,sl,-1.0
PEM,M5,short,2024-03-12 12:40:00+00:00,2024-03-12 12:45:00+00:00,2177.595,2175.095,2178.845,2175.095,2,tp,2.0
PEM,M5,short,2024-03-12 21:15:00+00:00,2024-03-12 23:15:00+00:00,2154.425,2162.895,2176.285,2110.705000000001,25,timeout,-0.38746569075937454
PEM,M5,short,2024-03-13 00:55:00+00:00,2024-03-13 02:55:00+00:00,2157.745,2156.585,2162.275,2148.6849999999995,25,timeout,0.256070640176557
PEM,M5,short,2024-03-13 08:45:00+00:00,2024-03-13 09:35:00+00:00,2157.505,2160.245,2160.245,2152.0250000000005,11,sl,-1.0
PEM,M5,short,2024-03-13 11:30:00+00:00,2024-03-13 12:00:00+00:00,2157.625,2159.345,2159.345,2154.1850000000004,7,sl,-1.0
PEM,M5,short,2024-03-13 17:05:00+00:00,2024-03-13 17:15:00+00:00,2157.985,2159.755,2159.755,2154.445,3,sl,-1.0
PEM,M5,long,2024-03-14 00:45:00+00:00,2024-03-14 02:45:00+00:00,2177.095,2172.645,2171.635,2188.014999999999,25,timeout,-0.8150183150183442
PEM,M5,short,2024-03-14 02:50:00+00:00,2024-03-14 03:35:00+00:00,2172.715,2174.535,2174.535,2169.0750000000007,10,sl,-1.0
PEM,M5,long,2024-03-14 05:50:00+00:00,2024-03-14 07:15:00+00:00,2175.265,2174.155,2174.155,2177.484999999999,18,sl,-1.0
PEM,M5,long,2024-03-14 08:00:00+00:00,2024-03-14 08:30:00+00:00,2175.938,2174.195,2174.195,2179.424,7,sl,-1.0
PEM,M5,short,2024-03-14 10:40:00+00:00,2024-03-14 12:40:00+00:00,2171.615,2170.615,2173.985,2166.874999999999,25,timeout,0.42194092826998064
PEM,M5,short,2024-03-14 17:05:00+00:00,2024-03-14 19:05:00+00:00,2169.215,2168.165,2171.915,2163.8150000000005,25,timeout,0.38888888888898243
PEM,M5,short,2024-03-14 21:25:00+00:00,2024-03-14 21:35:00+00:00,2159.705,2163.105,2163.105,2152.9049999999997,3,sl,-1.0
PEM,M5,short,2024-03-15 00:50:00+00:00,2024-03-15 02:45:00+00:00,2160.295,2162.948,2162.948,2154.9890000000005,24,sl,-1.0
PEM,M5,short,2024-03-15 05:55:00+00:00,2024-03-15 07:45:00+00:00,2161.505,2162.275,2162.275,2159.965,23,sl,-1.0
PEM,M5,long,2024-03-15 10:35:00+00:00,2024-03-15 12:35:00+00:00,2164.085,2165.195,2160.755,2170.745,25,timeout,0.33333333333337883
PEM,M5,long,2024-03-15 17:05:00+00:00,2024-03-15 18:10:00+00:00,2172.085,2167.415,2167.415,2181.425,14,sl,-1.0
PEM,M5,short,2024-03-15 22:40:00+00:00,2024-03-16 00:40:00+00:00,2160.695,2157.555,2164.355,2153.3750000000005,25,timeout,0.8579234972678831
PEM,M5,short,2024-03-18 09:15:00+00:00,2024-03-18 11:15:00+00:00,2151.555,2147.425,2156.215,2142.234999999999,25,timeout,0.8862660944204679
PEM,M5,long,2024-03-19 07:00:00+00:00,2024-03-19 07:55:00+00:00,2161.735,2160.555,2160.555,2164.0950000000007,12,sl,-1.0
PEM,M5,short,2024-03-19 11:50:00+00:00,2024-03-19 13:05:00+00:00,2159.958,2156.5040000000004,2161.685,2156.5040000000004,16,tp,2.0
PEM,M5,long,2024-03-20 11:05:00+00:00,2024-03-20 11:20:00+00:00,2159.538,2158.538,2158.538,2161.538,4,sl,-1.0
PEM,M5,long,2024-03-20 13:20:00+00:00,2024-03-20 13:25:00+00:00,2158.005,2156.805,2156.805,2160.4050000000007,2,sl,-1.0
PEM,M5,short,2024-03-20 15:55:00+00:00,2024-03-20 17:55:00+00:00,2155.335,2154.525,2157.125,2151.755,25,timeout,0.45251396648042563
PEM,M5,short,2024-03-20 22:35:00+00:00,2024-03-20 23:50:00+00:00,2155.855,2158.475,2158.475,2150.6150000000002,16,sl,-1.0
PEM,M5,short,2024-03-22 03:55:00+00:00,2024-03-22 05:10:00+00:00,2180.675,2182.375,2182.375,2177.2750000000005,5,sl,-1.0
PEM,M5,short,2024-03-22 22:15:00+00:00,2024-03-23 00:15:00+00:00,2169.515,2163.115,2174.235,2160.0749999999994,25,timeout,1.3559322033897767
PEM,M5,long,2024-03-25 06:55:00+00:00,2024-03-25 07:20:00+00:00,2168.565,2166.675,2166.675,2172.345,6,sl,-1.0
PEM,M5,short,2024-03-25 11:45:00+00:00,2024-03-25 13:15:00+00:00,2169.715,2167.0750000000007,2171.035,2167.0750000000007,19,tp,2.0
PEM,M5,short,2024-03-25 15:50:00+00:00,2024-03-25 16:45:00+00:00,2164.265,2167.925,2167.925,2156.9449999999993,12,sl,-1.0
PEM,M5,long,2024-03-25 23:35:00+00:00,2024-03-25 23:40:00+00:00,2177.435,2175.215,2175.215,2181.8749999999995,2,sl,-1.0
PEM,M5,short,2024-03-26 01:15:00+00:00,2024-03-26 03:15:00+00:00,2173.635,2171.645,2175.625,2169.6550000000007,25,timeout,1.0000000000002285
PEM,M5,short,2024-03-26 14:25:00+00:00,2024-03-26 14:30:00+00:00,2169.625,2171.645,2171.645,2165.585,2,sl,-1.0
PEM,M5,short,2024-03-26 22:05:00+00:00,2024-03-27 00:05:00+00:00,2180.115,2177.115,2185.935,2168.4749999999995,25,timeout,0.5154639175257587
PEM,M5,short,2024-03-27 09:55:00+00:00,2024-03-27 10:15:00+00:00,2175.265,2179.645,2179.645,2166.5049999999997,5,sl,-1.0
PEM,M5,long,2024-03-27 14:35:00+00:00,2024-03-27 15:45:00+00:00,2179.725,2177.635,2177.635,2183.9049999999993,15,sl,-1.0
PEM,M5,long,2024-03-27 20:45:00+00:00,2024-03-27 22:45:00+00:00,2190.045,2190.025,2183.805,2202.5250000000005,25,timeout,-0.003205128205125169
PEM,M5,long,2024-03-28 03:25:00+00:00,2024-03-28 05:00:00+00:00,2194.415,2191.458,2191.458,2200.3289999999997,9,sl,-1.0
PEM,M5,short,2024-03-28 07:10:00+00:00,2024-03-28 09:10:00+00:00,2188.785,2189.675,2191.955,2182.4449999999997,25,timeout,-0.28075709779189495
PEM,M5,long,2024-03-28 09:25:00+00:00,2024-03-28 11:25:00+00:00,2192.695,2195.358,2188.115,2201.855000000001,25,timeout,0.5814410480348884
PEM,M5,long,2024-03-28 13:35:00+00:00,2024-03-28 14:15:00+00:00,2197.375,2195.205,2195.205,2201.715,9,sl,-1.0
PEM,M5,short,2024-03-28 15:10:00+00:00,2024-03-28 17:10:00+00:00,2191.598,2197.894,2198.825,2177.1440000000002,25,timeout,-0.8711775287117672
PEM,M5,long,2024-03-28 21:45:00+00:00,2024-03-28 23:35:00+00:00,2210.605,2220.819,2205.498,2220.819,23,tp,2.0
PEM,M5,long,2024-04-01 07:45:00+00:00,2024-04-01 09:45:00+00:00,2253.905,2256.015,2248.855,2264.0050000000006,25,timeout,0.4178217821781379
PEM,M5,long,2024-04-01 14:35:00+00:00,2024-04-01 14:50:00+00:00,2262.215,2259.215,2259.215,2268.215,4,sl,-1.0
PEM,M5,short,2024-04-01 16:35:00+00:00,2024-04-01 18:35:00+00:00,2253.075,2250.365,2258.275,2242.6749999999993,25,timeout,0.5211538461538258
PEM,M5,short,2024-04-01 19:00:00+00:00,2024-04-01 19:40:00+00:00,2247.505,2249.915,2249.915,2242.6850000000004,9,sl,-1.0
PEM,M5,short,2024-04-02 00:00:00+00:00,2024-04-02 02:00:00+00:00,2238.555,2239.505,2242.865,2229.935,25,timeout,-0.22041763341073894
PEM,M5,long,2024-04-02 05:30:00+00:00,2024-04-02 06:50:00+00:00,2253.355,2249.555,2249.555,2260.9550000000004,17,sl,-1.0
PEM,M5,long,2024-04-02 09:50:00+00:00,2024-04-02 11:45:00+00:00,2250.625,2256.4849999999997,2247.695,2256.4849999999997,24,tp,2.0
PEM,M5,long,2024-04-03 02:15:00+00:00,2024-04-03 05:05:00+00:00,2274.405,2281.7990000000004,2270.708,2281.7990000000004,24,tp,2.0
PEM,M5,long,2024-04-03 12:55:00+00:00,2024-04-03 13:15:00+00:00,2284.775,2282.635,2282.635,2289.055,5,sl,-1.0
PEM,M5,long,2024-04-03 20:10:00+00:00,2024-04-03 21:05:00+00:00,2275.315,2283.775,2271.085,2283.775,12,tp,2.0
PEM,M5,long,2024-04-03 22:35:00+00:00,2024-04-04 00:35:00+00:00,2285.435,2292.675,2277.005,2302.2949999999996,25,timeout,0.8588374851720495
PEM,M5,long,2024-04-04 03:00:00+00:00,2024-04-04 05:30:00+00:00,2296.975,2301.515,2294.705,2301.515,20,tp,2.0
PEM,M5,short,2024-04-04 16:05:00+00:00,2024-04-04 16:25:00+00:00,2291.178,2293.465,2293.465,2286.6039999999994,5,sl,-1.0
PEM,M5,short,2024-04-04 18:45:00+00:00,2024-04-04 19:05:00+00:00,2292.195,2286.4950000000003,2295.045,2286.4950000000003,5,tp,2.0
PEM,M5,short,2024-04-04 23:45:00+00:00,2024-04-05 01:10:00+00:00,2288.558,2295.148,2295.148,2275.3779999999997,18,sl,-1.0
PEM,M5,long,2024-04-05 17:20:00+00:00,2024-04-05 19:00:00+00:00,2294.908,2289.965,2289.965,2304.7939999999994,21,sl,-1.0
PEM,M5,short,2024-04-08 05:55:00+00:00,2024-04-08 06:05:00+00:00,2308.085,2311.635,2311.635,2300.9849999999997,3,sl,-1.0
PEM,M5,short,2024-04-08 08:05:00+00:00,2024-04-08 08:20:00+00:00,2302.815,2309.138,2309.138,2290.1690000000003,4,sl,-1.0
PEM,M5,long,2024-04-09 01:35:00+00:00,2024-04-09 03:35:00+00:00,2341.755,2338.515,2336.305,2352.6550000000007,25,timeout,-0.5944954128440503
PEM,M5,long,2024-04-09 09:55:00+00:00,2024-04-09 11:55:00+00:00,2343.688,2343.245,2340.855,2349.3540000000003,25,timeout,-0.15637133780451745
PEM,M5,long,2024-04-09 15:35:00+00:00,2024-04-09 17:35:00+00:00,2356.055,2357.498,2345.288,2377.5889999999995,25,timeout,0.13402061855672281
PEM,M5,short,2024-04-09 22:15:00+00:00,2024-04-10 00:15:00+00:00,2348.055,2343.735,2353.575,2337.015,25,timeout,0.7826086956521238
PEM,M5,long,2024-04-10 03:05:00+00:00,2024-04-10 06:00:00+00:00,2350.815,2352.234,2346.458,2359.529,25,timeout,0.3256828092724073
PEM,M5,long,2024-04-10 07:05:00+00:00,2024-04-10 07:25:00+00:00,2354.675,2352.398,2352.398,2359.2290000000003,5,sl,-1.0
PEM,M5,long,2024-04-10 09:40:00+00:00,2024-04-10 11:40:00+00:00,2353.625,2354.575,2349.055,2362.7650000000003,25,timeout,0.20787746170673613
PEM,M5,short,2024-04-10 22:15:00+00:00,2024-04-11 00:15:00+00:00,2331.825,2329.175,2350.175,2295.124999999999,25,timeout,0.14441416893730702
PEM,M5,long,2024-04-11 05:55:00+00:00,2024-04-11 07:10:00+00:00,2336.405,2333.475,2333.475,2342.265000000001,16,sl,-1.0
PEM,M5,long,2024-04-11 08:15:00+00:00,2024-04-11 10:15:00+00:00,2338.695,2345.695,2334.248,2347.5890000000004,25,timeout,1.5740948954350835
PEM,M5,short,2024-04-11 16:55:00+00:00,2024-04-11 17:55:00+00:00,2329.808,2337.858,2337.858,2313.7079999999996,13,sl,-1.0
PEM,M5,long,2024-04-11 22:10:00+00:00,2024-04-12 00:10:00+00:00,2340.705,2353.335,2333.415,2355.285,25,timeout,1.7325102880658672
PEM,M5,long,2024-04-12 06:20:00+00:00,2024-04-12 08:05:00+00:00,2375.425,2384.827,2370.724,2384.827,22,tp,2.0
PEM,M5,long,2024-04-12 08:10:00+00:00,2024-04-12 10:10:00+00:00,2386.445,2388.775,2375.025,2409.2850000000003,25,timeout,0.20402802101575415
PEM,M5,long,2024-04-12 11:30:00+00:00,2024-04-12 13:30:00+00:00,2386.295,2387.555,2382.685,2393.5150000000003,25,timeout,0.3490304709140496
PEM,M5,long,2024-04-12 14:10:00+00:00,2024-04-12 16:10:00+00:00,2394.965,2395.778,2386.715,2411.465,25,timeout,0.09854545454541178
PEM,M5,long,2024-04-12 17:40:00+00:00,2024-04-12 18:10:00+00:00,2399.455,2395.135,2395.135,2408.0949999999993,7,sl,-1.0
PEM,M5,short,2024-04-13 00:15:00+00:00,2024-04-13 01:25:00+00:00,2363.338,2345.4240000000004,2372.295,2345.4240000000004,15,tp,2.0
PEM,M5,short,2024-04-15 08:00:00+00:00,2024-04-15 08:10:00+00:00,2351.175,2357.595,2357.595,2338.335000000001,3,sl,-1.0
PEM,M5,long,2024-04-15 09:20:00+00:00,2024-04-15 11:20:00+00:00,2363.395,2357.395,2351.955,2386.275,25,timeout,-0.5244755244755219
PEM,M5,long,2024-04-15 18:10:00+00:00,2024-04-15 20:10:00+00:00,2357.718,2354.775,2345.238,2382.678,25,timeout,-0.23581730769228781
PEM,M5,short,2024-04-15 20:50:00+00:00,2024-04-15 22:50:00+00:00,2347.125,2350.155,2359.185,2323.005,25,timeout,-0.2512437810945451
PEM,M5,long,2024-04-15 23:55:00+00:00,2024-04-16 01:55:00+00:00,2357.885,2376.545,2346.118,2381.419000000001,25,timeout,1.585790770799644
PEM,M5,long,2024-04-16 02:55:00+00:00,2024-04-16 05:50:00+00:00,2386.135,2384.505,2379.788,2398.8290000000006,25,timeout,-0.2568142429494337
PEM,M5,long,2024-04-16 09:00:00+00:00,2024-04-16 09:35:00+00:00,2383.135,2380.085,2380.085,2389.2350000000006,8,sl,-1.0
PEM,M5,long,2024-04-16 10:35:00+00:00,2024-04-16 11:10:00+00:00,2387.945,2385.355,2385.355,2393.1250000000005,8,sl,-1.0
PEM,M5,short,2024-04-16 14:40:00+00:00,2024-04-16 16:40:00+00:00,2370.625,2370.658,2387.835,2336.205,25,timeout,-0.0019174898314876063
PEM,M5,long,2024-04-16 23:05:00+00:00,2024-04-17 01:05:00+00:00,2387.365,2385.454,2372.695,2416.704999999999,25,timeout,-0.13026584867073301
PEM,M5,short,2024-04-17 10:00:00+00:00,2024-04-17 12:00:00+00:00,2383.004,2381.555,2385.415,2378.182,25,timeout,0.6009954375777827
PEM,M5,long,2024-04-17 16:05:00+00:00,2024-04-17 16:05:00+00:00,2392.215,2389.755,2389.755,2397.135,1,sl,-1.0
PEM,M5,short,2024-04-17 17:50:00+00:00,2024-04-17 19:50:00+00:00,2385.888,2380.815,2394.095,2369.474,25,timeout,0.6181308638966662
PEM,M5,short,2024-04-17 23:40:00+00:00,2024-04-18 01:40:00+00:00,2374.485,2377.075,2387.475,2348.5050000000006,25,timeout,-0.19938414164740065
PEM,M5,short,2024-04-18 02:20:00+00:00,2024-04-18 05:15:00+00:00,2368.678,2365.675,2378.595,2348.844,25,timeout,0.3028133508117099
PEM,M5,long,2024-04-18 14:10:00+00:00,2024-04-18 14:35:00+00:00,2379.525,2376.195,2376.195,2386.185,6,sl,-1.0
PEM,M5,short,2024-04-19 01:15:00+00:00,2024-04-19 03:15:00+00:00,2381.055,2379.155,2385.135,2372.894999999999,25,timeout,0.46568627450967115
PEM,M5,short,2024-04-19 15:05:00+00:00,2024-04-19 17:05:00+00:00,2384.514,2379.945,2389.445,2374.652,25,timeout,0.9265868992090698
PEM,M5,long,2024-04-19 22:10:00+00:00,2024-04-20 00:10:00+00:00,2393.485,2397.378,2381.464,2417.5270000000005,25,timeout,0.32384992929040585
PEM,M5,short,2024-04-20 02:45:00+00:00,2024-04-22 05:40:00+00:00,2392.145,2383.728,2400.008,2376.4190000000003,25,timeout,1.0704565687396794
PEM,M5,short,2024-04-22 09:25:00+00:00,2024-04-22 10:15:00+00:00,2374.598,2365.8239999999996,2378.985,2365.8239999999996,11,tp,2.0
PEM,M5,short,2024-04-22 12:50:00+00:00,2024-04-22 14:50:00+00:00,2364.115,2358.515,2376.355,2339.6349999999993,25,timeout,0.45751633986926477
PEM,M5,short,2024-04-23 01:15:00+00:00,2024-04-23 03:15:00+00:00,2326.108,2329.078,2333.525,2311.2740000000003,25,timeout,-0.4004314412835154
PEM,M5,short,2024-04-23 04:00:00+00:00,2024-04-23 06:35:00+00:00,2325.605,2331.535,2331.535,2313.7450000000003,21,sl,-1.0
PEM,M5,long,2024-04-23 06:50:00+00:00,2024-04-23 08:30:00+00:00,2332.525,2329.625,2329.625,2338.3250000000003,21,sl,-1.0
PEM,M5,short,2024-04-23 08:40:00+00:00,2024-04-23 08:40:00+00:00,2326.715,2312.5150000000003,2333.815,2312.5150000000003,1,tp,2.0
PEM,M5,short,2024-04-23 10:05:00+00:00,2024-04-23 12:05:00+00:00,2302.985,2306.195,2311.215,2286.525,25,timeout,-0.3900364520048638
PEM,M5,short,2024-04-23 17:00:00+00:00,2024-04-23 17:10:00+00:00,2294.525,2298.735,2298.735,2286.105,3,sl,-1.0
PEM,M5,long,2024-04-23 23:20:00+00:00,2024-04-24 01:20:00+00:00,2326.165,2328.608,2317.635,2343.2249999999995,25,timeout,0.2864009378663873
PEM,M5,short,2024-04-24 02:15:00+00:00,2024-04-24 05:10:00+00:00,2323.075,2321.885,2327.675,2313.874999999999,25,timeout,0.2586956521738056
PEM,M5,short,2024-04-24 08:05:00+00:00,2024-04-24 10:05:00+00:00,2320.225,2320.965,2324.105,2312.4649999999997,25,timeout,-0.19072164948459167
PEM,M5,long,2024-04-24 11:00:00+00:00,2024-04-24 13:00:00+00:00,2326.685,2329.125,2323.805,2332.445,25,timeout,0.8472222222222091
PEM,M5,short,2024-04-24 15:15:00+00:00,2024-04-24 17:15:00+00:00,2319.185,2317.485,2323.615,2310.3250000000003,25,timeout,0.38374717832954425
PEM,M5,short,2024-04-25 02:55:00+00:00,2024-04-25 05:50:00+00:00,2317.975,2316.995,2322.125,2309.6749999999997,25,timeout,0.23614457831325222
PEM,M5,short,2024-04-25 06:35:00+00:00,2024-04-25 07:20:00+00:00,2316.035,2318.175,2318.175,2311.754999999999,10,sl,-1.0
PEM,M5,short,2024-04-25 08:25:00+00:00,2024-04-25 08:30:00+00:00,2316.315,2319.015,2319.015,2310.9150000000004,2,sl,-1.0
PEM,M5,short,2024-04-25 10:15:00+00:00,2024-04-25 12:15:00+00:00,2315.235,2316.378,2321.098,2303.5090000000005,25,timeout,-0.19495139007335194
PEM,M5,long,2024-04-25 14:30:00+00:00,2024-04-25 14:55:00+00:00,2322.015,2325.7549999999997,2320.145,2325.7549999999997,6,tp,2.0
PEM,M5,long,2024-04-25 15:45:00+00:00,2024-04-25 16:25:00+00:00,2327.135,2324.765,2324.765,2331.875000000001,9,sl,-1.0
PEM,M5,long,2024-04-26 01:15:00+00:00,2024-04-26 03:15:00+00:00,2333.945,2331.858,2329.155,2343.525,25,timeout,-0.43569937369519934
PEM,M5,short,2024-04-26 06:25:00+00:00,2024-04-26 08:05:00+00:00,2331.375,2327.709,2333.208,2327.709,21,tp,2.0
PEM,M5,short,2024-04-26 08:10:00+00:00,2024-04-26 08:35:00+00:00,2327.375,2330.985,2330.985,2320.1549999999997,6,sl,-1.0
PEM,M5,long,2024-04-26 11:20:00+00:00,2024-04-26 11:30:00+00:00,2334.945,2337.025,2333.905,2337.025,3,tp,2.0
PEM,M5,long,2024-04-26 12:25:00+00:00,2024-04-26 12:40:00+00:00,2337.125,2334.595,2334.595,2342.1850000000004,4,sl,-1.0
PEM,M5,long,2024-04-26 14:55:00+00:00,2024-04-26 16:15:00+00:00,2345.925,2351.6850000000004,2343.045,2351.6850000000004,17,tp,2.0
PEM,M5,short,2024-04-26 22:30:00+00:00,2024-04-27 00:30:00+00:00,2331.835,2335.995,2340.625,2314.255,25,timeout,-0.4732650739476532
PEM,M5,long,2024-04-27 01:25:00+00:00,2024-04-27 02:20:00+00:00,2340.088,2337.618,2337.618,2345.0280000000007,12,sl,-1.0
PEM,M5,short,2024-04-27 03:40:00+00:00,2024-04-29 06:35:00+00:00,2336.755,2336.215,2340.105,2330.0550000000003,25,timeout,0.16119402985073977
PEM,M5,short,2024-04-29 07:50:00+00:00,2024-04-29 08:35:00+00:00,2332.185,2320.485,2338.035,2320.485,10,tp,2.0
PEM,M5,short,2024-04-29 10:00:00+00:00,2024-04-29 11:10:00+00:00,2324.675,2330.058,2330.058,2313.9090000000006,15,sl,-1.0
PEM,M5,long,2024-04-29 15:35:00+00:00,2024-04-29 16:50:00+00:00,2338.025,2341.9990000000003,2336.038,2341.9990000000003,16,tp,2.0
PEM,M5,long,2024-04-29 18:35:00+00:00,2024-04-29 18:45:00+00:00,2342.595,2340.185,2340.185,2347.4149999999995,3,sl,-1.0
PEM,M5,short,2024-04-30 02:10:00+00:00,2024-04-30 05:05:00+00:00,2334.345,2335.925,2340.915,2321.2049999999995,25,timeout,-0.24048706240492276
PEM,M5,short,2024-04-30 11:20:00+00:00,2024-04-30 12:30:00+00:00,2327.585,2322.7250000000004,2330.015,2322.7250000000004,15,tp,2.0
PEM,M5,short,2024-04-30 14:30:00+00:00,2024-04-30 16:30:00+00:00,2317.845,2314.688,2322.585,2308.3649999999993,25,timeout,0.6660337552741646
PEM,M5,short,2024-04-30 18:40:00+00:00,2024-04-30 19:30:00+00:00,2313.088,2307.4740000000006,2315.895,2307.4740000000006,11,tp,2.0
PEM,M5,short,2024-05-01 00:35:00+00:00,2024-05-01 02:35:00+00:00,2291.795,2293.305,2299.235,2276.915,25,timeout,-0.20295698924727856
PEM,M5,short,2024-05-01 10:30:00+00:00,2024-05-01 12:30:00+00:00,2286.175,2285.578,2288.515,2281.495000000001,25,timeout,0.25512820512832746
PEM,M5,long,2024-05-01 18:00:00+00:00,2024-05-01 20:00:00+00:00,2293.355,2298.345,2288.985,2302.095,25,timeout,1.1418764302059283
PEM,M5,long,2024-05-01 20:30:00+00:00,2024-05-01 22:30:00+00:00,2300.505,2308.575,2292.158,2317.1990000000005,25,timeout,0.9668144243440169
PEM,M5,short,2024-05-02 01:00:00+00:00,2024-05-02 01:00:00+00:00,2297.595,2303.265,2303.265,2286.2549999999997,1,sl,-1.0
PEM,M5,long,2024-05-02 03:30:00+00:00,2024-05-02 06:25:00+00:00,2317.335,2321.595,2310.045,2331.915,25,timeout,0.584362139917666
PEM,M5,short,2024-05-02 16:40:00+00:00,2024-05-02 18:40:00+00:00,2299.475,2299.985,2304.598,2289.229,25,timeout,-0.09955104431001631
PEM,M5,long,2024-05-03 00:55:00+00:00,2024-05-03 02:55:00+00:00,2305.895,2303.855,2297.805,2322.0750000000003,25,timeout,-0.2521631644004854
PEM,M5,short,2024-05-03 03:40:00+00:00,2024-05-03 05:00:00+00:00,2301.065,2303.905,2303.905,2295.3849999999998,6,sl,-1.0
PEM,M5,long,2024-05-03 12:45:00+00:00,2024-05-03 13:00:00+00:00,2307.915,2306.255,2306.255,2311.2349999999997,4,sl,-1.0
PEM,M5,short,2024-05-03 13:45:00+00:00,2024-05-03 15:45:00+00:00,2300.825,2299.685,2306.655,2289.164999999999,25,timeout,0.19554030874782127
PEM,M5,long,2024-05-04 02:45:00+00:00,2024-05-06 05:00:00+00:00,2299.815,2304.8890000000006,2297.278,2304.8890000000006,17,tp,2.0
PEM,M5,short,2024-05-06 06:40:00+00:00,2024-05-06 08:05:00+00:00,2295.265,2302.815,2302.815,2280.1649999999995,18,sl,-1.0
PEM,M5,long,2024-05-06 09:15:00+00:00,2024-05-06 11:15:00+00:00,2313.495,2309.975,2292.105,2356.2749999999996,25,timeout,-0.1645628798503975
PEM,M5,long,2024-05-06 12:50:00+00:00,2024-05-06 14:40:00+00:00,2312.735,2322.1350000000007,2308.035,2322.1350000000007,23,tp,2.0
PEM,M5,long,2024-05-06 19:55:00+00:00,2024-05-06 21:55:00+00:00,2327.755,2321.755,2313.385,2356.495,25,timeout,-0.41753653444676725
PEM,M5,short,2024-05-07 00:35:00+00:00,2024-05-07 00:40:00+00:00,2322.178,2324.895,2324.895,2316.7439999999997,2,sl,-1.0
PEM,M5,short,2024-05-07 09:00:00+00:00,2024-05-07 11:00:00+00:00,2323.165,2324.915,2325.805,2317.885,25,timeout,-0.6628787878788198
PEM,M5,short,2024-05-07 16:50:00+00:00,2024-05-07 18:35:00+00:00,2313.505,2316.375,2316.375,2307.7650000000003,22,sl,-1.0
PEM,M5,short,2024-05-08 00:15:00+00:00,2024-05-08 02:15:00+00:00,2312.295,2314.705,2320.638,2295.6090000000004,25,timeout,-0.28886491669661973
PEM,M5,short,2024-05-08 09:05:00+00:00,2024-05-08 09:55:00+00:00,2307.975,2314.815,2314.815,2294.2949999999996,11,sl,-1.0
PEM,M5,short,2024-05-08 14:20:00+00:00,2024-05-08 15:00:00+00:00,2313.145,2306.3849999999998,2316.525,2306.3849999999998,9,tp,2.0
PEM,M5,long,2024-05-08 17:30:00+00:00,2024-05-08 19:30:00+00:00,2315.905,2317.278,2312.038,2323.6390000000006,25,timeout,0.3550555986551656
PEM,M5,long,2024-05-08 21:25:00+00:00,2024-05-08 23:25:00+00:00,2313.655,2318.125,2308.635,2323.695,25,timeout,0.8904382470119155
PEM,M5,short,2024-05-09 01:10:00+00:00,2024-05-09 02:40:00+00:00,2313.345,2309.104999999999,2315.465,2309.104999999999,19,tp,2.0
PEM,M5,short,2024-05-09 05:45:00+00:00,2024-05-09 07:45:00+00:00,2309.395,2309.635,2310.565,2307.055,25,timeout,-0.20512820512839447
PEM,M5,short,2024-05-09 16:00:00+00:00,2024-05-09 18:00:00+00:00,2310.125,2310.965,2314.745,2300.885,25,timeout,-0.1818181818182176
PEM,M5,long,2024-05-09 18:55:00+00:00,2024-05-09 19:40:00+00:00,2316.208,2324.8340000000003,2311.895,2324.8340000000003,10,tp,2.0
PEM,M5,long,2024-05-09 22:15:00+00:00,2024-05-10 00:15:00+00:00,2336.865,2331.905,2323.988,2362.6189999999997,25,timeout,-0.38518288421213015
PEM,M5,long,2024-05-10 03:25:00+00:00,2024-05-10 03:35:00+00:00,2346.298,2343.095,2343.095,2352.7039999999997,3,sl,-1.0
PEM,M5,long,2024-05-10 06:15:00+00:00,2024-05-10 08:15:00+00:00,2347.325,2350.445,2344.345,2353.285,25,timeout,1.0469798657719216
PEM,M5,long,2024-05-10 11:45:00+00:00,2024-05-10 12:45:00+00:00,2353.375,2357.8950000000004,2351.115,2357.8950000000004,13,tp,2.0
PEM,M5,long,2024-05-10 16:05:00+00:00,2024-05-10 18:05:00+00:00,2371.215,2372.795,2354.345,2404.955000000001,25,timeout,0.09365737996442768
PEM,M5,short,2024-05-13 10:25:00+00:00,2024-05-13 12:25:00+00:00,2356.745,2352.675,2359.648,2350.9389999999994,25,timeout,1.4019979331723604
PEM,M5,short,2024-05-13 14:50:00+00:00,2024-05-13 16:50:00+00:00,2346.715,2340.498,2350.625,2338.8950000000004,25,timeout,1.5900255754476547
PEM,M5,short,2024-05-13 22:40:00+00:00,2024-05-14 00:40:00+00:00,2333.458,2337.645,2344.715,2310.944,25,timeout,-0.37194634449674646
PEM,M5,short,2024-05-14 03:35:00+00:00,2024-05-14 05:05:00+00:00,2336.185,2337.058,2337.058,2334.439,8,sl,-1.0
PEM,M5,long,2024-05-14 07:00:00+00:00,2024-05-14 07:40:00+00:00,2338.675,2336.825,2336.825,2342.375000000001,9,sl,-1.0
PEM,M5,long,2024-05-14 10:40:00+00:00,2024-05-14 12:40:00+00:00,2343.245,2344.938,2340.085,2349.5649999999996,25,timeout,0.5357594936709775
PEM,M5,long,2024-05-14 19:15:00+00:00,2024-05-14 19:30:00+00:00,2346.068,2342.955,2342.955,2352.294000000001,4,sl,-1.0
PEM,M5,long,2024-05-14 23:55:00+00:00,2024-05-15 01:55:00+00:00,2353.228,2357.728,2348.175,2363.334,25,timeout,0.8905600633287362
PEM,M5,long,2024-05-15 13:00:00+00:00,2024-05-15 14:05:00+00:00,2357.908,2360.6339999999996,2356.545,2360.6339999999996,14,tp,2.0
PEM,M5,long,2024-05-15 15:30:00+00:00,2024-05-15 17:30:00+00:00,2366.865,2370.275,2357.928,2384.7389999999996,25,timeout,0.3815598075417196
PEM,M5,long,2024-05-15 22:10:00+00:00,2024-05-16 00:10:00+00:00,2375.375,2387.825,2359.955,2406.215,25,timeout,0.8073929961089338
PEM,M5,long,2024-05-16 00:15:00+00:00,2024-05-16 02:15:00+00:00,2387.825,2387.068,2376.975,2409.5249999999996,25,timeout,-0.0697695852534206
PEM,M5,short,2024-05-16 10:05:00+00:00,2024-05-16 11:40:00+00:00,2387.195,2391.175,2391.175,2379.235,20,sl,-1.0
PEM,M5,short,2024-05-16 17:30:00+00:00,2024-05-16 18:15:00+00:00,2384.045,2386.465,2386.465,2379.205,10,sl,-1.0
PEM,M5,long,2024-05-17 01:10:00+00:00,2024-05-17 01:15:00+00:00,2381.455,2379.695,2379.695,2384.9749999999995,2,sl,-1.0
PEM,M5,short,2024-05-17 08:20:00+00:00,2024-05-17 09:00:00+00:00,2377.038,2378.385,2378.385,2374.3439999999996,9,sl,-1.0
PEM,M5,long,2024-05-17 21:35:00+00:00,2024-05-17 23:35:00+00:00,2406.025,2409.888,2397.085,2423.905,25,timeout,0.4321029082773832
PEM,M5,long,2024-05-20 09:05:00+00:00,2024-05-20 11:05:00+00:00,2434.585,2437.315,2416.595,2470.5650000000005,25,timeout,0.15175097276264493
PEM,M5,long,2024-05-20 16:15:00+00:00,2024-05-20 17:35:00+00:00,2445.735,2436.835,2436.835,2463.5350000000003,17,sl,-1.0
PEM,M5,long,2024-05-21 00:35:00+00:00,2024-05-21 02:30:00+00:00,2433.155,2428.838,2428.838,2441.789,24,sl,-1.0
PEM,M5,short,2024-05-21 15:45:00+00:00,2024-05-21 15:55:00+00:00,2414.775,2419.065,2419.065,2406.195,3,sl,-1.0
PEM,M5,short,2024-05-22 04:00:00+00:00,2024-05-22 05:35:00+00:00,2420.405,2421.748,2421.748,2417.7190000000005,9,sl,-1.0
PEM,M5,short,2024-05-22 09:45:00+00:00,2024-05-22 10:00:00+00:00,2421.714,2416.214,2424.464,2416.214,4,tp,2.0
PEM,M5,short,2024-05-22 10:45:00+00:00,2024-05-22 12:20:00+00:00,2416.764,2411.724,2419.284,2411.724,20,tp,2.0
PEM,M5,short,2024-05-22 17:35:00+00:00,2024-05-22 18:40:00+00:00,2415.305,2410.2449999999994,2417.835,2410.2449999999994,14,tp,2.0
PEM,M5,short,2024-05-23 01:55:00+00:00,2024-05-23 03:55:00+00:00,2376.115,2378.098,2385.925,2356.494999999999,25,timeout,-0.20214067278288417
PEM,M5,short,2024-05-23 09:45:00+00:00,2024-05-23 11:20:00+00:00,2368.945,2373.225,2373.225,2360.3850000000007,20,sl,-1.0
PEM,M5,short,2024-05-23 12:45:00+00:00,2024-05-23 14:45:00+00:00,2365.725,2356.105,2373.485,2350.2049999999995,25,timeout,1.2396907216494355
PEM,M5,short,2024-05-23 16:05:00+00:00,2024-05-23 16:10:00+00:00,2359.505,2361.678,2361.678,2355.1590000000006,2,sl,-1.0
PEM,M5,short,2024-05-24 10:10:00+00:00,2024-05-24 11:50:00+00:00,2329.554,2333.934,2333.934,2320.794,21,sl,-1.0
PEM,M5,long,2024-05-24 12:00:00+00:00,2024-05-24 13:15:00+00:00,2334.745,2339.4049999999997,2332.415,2339.4049999999997,16,tp,2.0
PEM,M5,long,2024-05-24 15:50:00+00:00,2024-05-24 17:50:00+00:00,2340.538,2339.295,2336.045,2349.524,25,timeout,-0.27665257066546967
PEM,M5,short,2024-05-25 02:30:00+00:00,2024-05-25 02:45:00+00:00,2331.835,2333.555,2333.555,2328.3950000000004,4,sl,-1.0
PEM,M5,long,2024-05-27 05:10:00+00:00,2024-05-27 05:20:00+00:00,2335.965,2333.075,2333.075,2341.745000000001,3,sl,-1.0
PEM,M5,short,2024-05-27 07:05:00+00:00,2024-05-27 08:15:00+00:00,2335.905,2338.528,2338.528,2330.659000000001,15,sl,-1.0
PEM,M5,long,2024-05-27 16:25:00+00:00,2024-05-27 16:55:00+00:00,2344.558,2343.208,2343.208,2347.258,7,sl,-1.0
PEM,M5,short,2024-05-28 06:15:00+00:00,2024-05-28 06:30:00+00:00,2351.305,2352.425,2352.425,2349.064999999999,4,sl,-1.0
PEM,M5,long,2024-05-28 10:00:00+00:00,2024-05-28 10:25:00+00:00,2354.445,2351.615,2351.615,2360.105000000001,6,sl,-1.0
PEM,M5,short,2024-05-28 15:20:00+00:00,2024-05-28 16:00:00+00:00,2341.545,2344.935,2344.935,2334.7650000000003,9,sl,-1.0
PEM,M5,long,2024-05-28 22:30:00+00:00,2024-05-29 00:30:00+00:00,2359.185,2355.875,2353.055,2371.445,25,timeout,-0.5399673735725753
PEM,M5,short,2024-05-29 01:35:00+00:00,2024-05-29 02:40:00+00:00,2353.705,2358.915,2358.915,2343.285,14,sl,-1.0
PEM,M5,short,2024-05-29 22:15:00+00:00,2024-05-30 00:15:00+00:00,2340.125,2339.265,2346.095,2328.1850000000004,25,timeout,0.14405360134005965
PEM,M5,long,2024-05-30 00:45:00+00:00,2024-05-30 02:30:00+00:00,2342.808,2337.385,2337.385,2353.6539999999995,22,sl,-1.0
PEM,M5,short,2024-05-30 12:30:00+00:00,2024-05-30 12:35:00+00:00,2332.878,2327.2580000000003,2335.688,2327.2580000000003,2,tp,2.0
PEM,M5,long,2024-05-30 16:10:00+00:00,2024-05-30 16:40:00+00:00,2336.225,2333.318,2333.318,2342.0389999999993,7,sl,-1.0
PEM,M5,short,2024-05-30 17:20:00+00:00,2024-05-30 17:55:00+00:00,2330.725,2337.385,2337.385,2317.4049999999993,8,sl,-1.0
PEM,M5,long,2024-05-31 06:25:00+00:00,2024-05-31 07:25:00+00:00,2345.405,2342.955,2342.955,2350.3050000000007,13,sl,-1.0
PEM,M5,long,2024-05-31 07:55:00+00:00,2024-05-31 08:20:00+00:00,2346.528,2343.058,2343.058,2353.4679999999994,6,sl,-1.0
PEM,M5,short,2024-06-01 02:05:00+00:00,2024-06-01 02:50:00+00:00,2322.328,2324.965,2324.965,2317.0539999999996,10,sl,-1.0
PEM,M5,short,2024-06-03 05:35:00+00:00,2024-06-03 07:35:00+00:00,2323.935,2324.678,2327.818,2316.1689999999994,25,timeout,-0.19134689672930397
PEM,M5,short,2024-06-03 09:50:00+00:00,2024-06-03 11:50:00+00:00,2327.005,2321.348,2330.855,2319.3050000000003,25,timeout,1.4693506493507238
PEM,M5,long,2024-06-03 17:50:00+00:00,2024-06-03 19:10:00+00:00,2330.385,2327.425,2327.425,2336.3050000000003,17,sl,-1.0
PEM,M5,long,2024-06-03 19:35:00+00:00,2024-06-03 21:35:00+00:00,2331.358,2340.385,2325.718,2342.638000000001,25,timeout,1.6005319148935317
PEM,M5,short,2024-06-04 09:35:00+00:00,2024-06-04 11:35:00+00:00,2346.648,2347.805,2352.408,2335.1280000000006,25,timeout,-0.20086805555551138
PEM,M5,long,2024-06-05 22:45:00+00:00,2024-06-06 00:45:00+00:00,2354.705,2352.585,2347.395,2369.325,25,timeout,-0.2900136798905481
PEM,M5,long,2024-06-06 06:00:00+00:00,2024-06-06 06:50:00+00:00,2356.335,2354.948,2354.948,2359.1090000000004,11,sl,-1.0
PEM,M5,long,2024-06-06 08:15:00+00:00,2024-06-06 08:35:00+00:00,2360.445,2371.985,2354.675,2371.985,5,tp,2.0
PEM,M5,long,2024-06-06 22:15:00+00:00,2024-06-07 00:15:00+00:00,2368.615,2370.595,2362.868,2380.1089999999995,25,timeout,0.3445275796067639
PEM,M5,long,2024-06-07 06:05:00+00:00,2024-06-07 08:05:00+00:00,2376.918,2377.795,2375.414,2379.926,25,timeout,0.5831117021276648
PEM,M5,long,2024-06-07 11:20:00+00:00,2024-06-07 11:35:00+00:00,2381.308,2385.6940000000004,2379.115,2385.6940000000004,4,tp,2.0
PEM,M5,short,2024-06-07 15:15:00+00:00,2024-06-07 17:15:00+00:00,2356.415,2337.365,2382.068,2305.1089999999995,25,timeout,0.7426032043035902
PEM,M5,short,2024-06-07 20:55:00+00:00,2024-06-07 22:55:00+00:00,2310.158,2306.475,2326.795,2276.8839999999996,25,timeout,0.221374045801524
PEM,M5,short,2024-06-08 00:35:00+00:00,2024-06-08 02:20:00+00:00,2305.895,2295.815,2310.935,2295.815,22,tp,2.0
PEM,M5,short,2024-06-08 03:00:00+00:00,2024-06-10 05:15:00+00:00,2290.365,2295.805,2295.805,2279.4849999999997,17,sl,-1.0
PEM,M5,short,2024-06-10 11:10:00+00:00,2024-06-10 12:30:00+00:00,2293.215,2296.165,2296.165,2287.3150000000005,17,sl,-1.0
PEM,M5,short,2024-06-10 16:05:00+00:00,2024-06-10 16:35:00+00:00,2291.955,2297.095,2297.095,2281.675,7,sl,-1.0
PEM,M5,long,2024-06-10 18:05:00+00:00,2024-06-10 19:00:00+00:00,2299.135,2305.415000000001,2295.995,2305.415000000001,12,tp,2.0
PEM,M5,long,2024-06-10 19:05:00+00:00,2024-06-10 21:05:00+00:00,2305.545,2302.745,2298.185,2320.2650000000003,25,timeout,-0.3804347826087138
PEM,M5,long,2024-06-10 23:35:00+00:00,2024-06-11 01:35:00+00:00,2311.795,2310.655,2305.605,2324.175,25,timeout,-0.18416801292404889
PEM,M5,short,2024-06-11 03:05:00+00:00,2024-06-11 05:00:00+00:00,2308.845,2312.168,2312.168,2302.198999999999,13,sl,-1.0
PEM,M5,long,2024-06-11 15:20:00+00:00,2024-06-11 16:30:00+00:00,2305.945,2302.665,2302.665,2312.5050000000006,15,sl,-1.0
PEM,M5,long,2024-06-11 17:25:00+00:00,2024-06-11 19:25:00+00:00,2307.315,2314.525,2302.795,2316.355,25,timeout,1.5951327433628464
PEM,M5,long,2024-06-11 20:55:00+00:00,2024-06-11 22:55:00+00:00,2313.065,2310.975,2306.275,2326.645,25,timeout,-0.30780559646541333
PEM,M5,long,2024-06-12 05:55:00+00:00,2024-06-12 06:10:00+00:00,2317.235,2315.595,2315.595,2320.515000000001,4,sl,-1.0
PEM,M5,short,2024-06-12 08:10:00+00:00,2024-06-12 09:25:00+00:00,2311.995,2315.138,2315.138,2305.709,16,sl,-1.0
PEM,M5,short,2024-06-12 14:45:00+00:00,2024-06-12 15:05:00+00:00,2311.945,2314.818,2314.818,2306.199,5,sl,-1.0
PEM,M5,short,2024-06-13 01:10:00+00:00,2024-06-13 01:55:00+00:00,2329.525,2319.579,2334.498,2319.579,10,tp,2.0
PEM,M5,short,2024-06-13 02:35:00+00:00,2024-06-13 03:15:00+00:00,2316.198,2323.005,2323.005,2302.5839999999994,9,sl,-1.0
PEM,M5,short,2024-06-13 09:45:00+00:00,2024-06-13 11:45:00+00:00,2310.945,2310.585,2318.905,2295.025,25,timeout,0.04522613065328212
PEM,M5,short,2024-06-13 22:55:00+00:00,2024-06-14 00:55:00+00:00,2301.795,2301.915,2321.858,2261.669,25,timeout,-0.005981159348048161
PEM,M5,long,2024-06-14 12:35:00+00:00,2024-06-14 12:50:00+00:00,2307.265,2310.9049999999993,2305.445,2310.9049999999993,4,tp,2.0
PEM,M5,long,2024-06-14 16:50:00+00:00,2024-06-14 17:25:00+00:00,2320.165,2328.6049999999996,2315.945,2328.6049999999996,8,tp,2.0
PEM,M5,long,2024-06-15 00:30:00+00:00,2024-06-15 02:30:00+00:00,2333.724,2333.738,2328.388,2344.3960000000006,25,timeout,0.002623688155859879
PEM,M5,long,2024-06-15 02:40:00+00:00,2024-06-15 02:55:00+00:00,2334.218,2332.328,2332.328,2337.9979999999996,4,sl,-1.0
PEM,M5,short,2024-06-17 05:40:00+00:00,2024-06-17 07:40:00+00:00,2328.728,2326.555,2330.934,2324.316,25,timeout,0.9850407978241614
PEM,M5,short,2024-06-17 12:15:00+00:00,2024-06-17 14:15:00+00:00,2321.455,2317.725,2325.758,2312.849,25,timeout,0.8668370904020728
PEM,M5,short,2024-06-17 14:25:00+00:00,2024-06-17 14:30:00+00:00,2317.165,2319.175,2319.175,2313.1449999999995,2,sl,-1.0
PEM,M5,short,2024-06-17 22:45:00+00:00,2024-06-18 00:45:00+00:00,2311.365,2315.875,2324.755,2284.584999999999,25,timeout,-0.33681852128454876
PEM,M5,long,2024-06-18 01:50:00+00:00,2024-06-18 03:50:00+00:00,2318.745,2319.018,2315.175,2325.8849999999993,25,timeout,0.07647058823533907
PEM,M5,long,2024-06-18 06:05:00+00:00,2024-06-18 06:10:00+00:00,2320.988,2319.645,2319.645,2323.6739999999995,2,sl,-1.0
PEM,M5,long,2024-06-18 06:40:00+00:00,2024-06-18 07:00:00+00:00,2319.828,2321.494,2318.995,2321.494,5,tp,2.0
PEM,M5,long,2024-06-18 09:20:00+00:00,2024-06-18 11:20:00+00:00,2323.248,2324.498,2321.448,2326.8480000000004,25,timeout,0.6944444444443743
PEM,M5,short,2024-06-18 14:50:00+00:00,2024-06-18 15:30:00+00:00,2316.974,2312.572,2319.175,2312.572,9,tp,2.0
PEM,M5,short,2024-06-18 17:30:00+00:00,2024-06-18 19:20:00+00:00,2309.595,2314.165,2314.165,2300.4549999999995,23,sl,-1.0
PEM,M5,short,2024-06-19 11:25:00+00:00,2024-06-19 12:55:00+00:00,2327.398,2329.588,2329.588,2323.018,19,sl,-1.0
PEM,M5,long,2024-06-19 14:05:00+00:00,2024-06-19 16:05:00+00:00,2330.365,2331.215,2328.025,2335.044999999999,25,timeout,0.36324786324806674
PEM,M5,short,2024-06-19 16:15:00+00:00,2024-06-19 18:15:00+00:00,2329.765,2326.395,2333.578,2322.1389999999997,25,timeout,0.8838185156044587
PEM,M5,short,2024-06-19 21:10:00+00:00,2024-06-19 23:00:00+00:00,2324.935,2329.735,2329.735,2315.3349999999996,23,sl,-1.0
PEM,M5,long,2024-06-20 11:40:00+00:00,2024-06-20 13:40:00+00:00,2339.278,2343.415,2328.295,2361.2439999999992,25,timeout,0.37667304015298886
PEM,M5,long,2024-06-20 17:35:00+00:00,2024-06-20 19:35:00+00:00,2337.305,2338.975,2333.905,2344.104999999999,25,timeout,0.49117647058830927
PEM,M5,long,2024-06-21 07:10:00+00:00,2024-06-21 08:35:00+00:00,2361.108,2358.945,2358.945,2365.434,18,sl,-1.0
PEM,M5,long,2024-06-21 12:50:00+00:00,2024-06-21 13:10:00+00:00,2364.305,2362.148,2362.148,2368.6189999999992,5,sl,-1.0
PEM,M5,long,2024-06-21 18:10:00+00:00,2024-06-21 19:55:00+00:00,2364.545,2361.665,2361.665,2370.3050000000003,22,sl,-1.0
PEM,M5,short,2024-06-21 22:25:00+00:00,2024-06-22 00:25:00+00:00,2323.495,2319.884,2336.735,2297.0149999999994,25,timeout,0.27273413897279547
PEM,M5,long,2024-06-24 09:40:00+00:00,2024-06-24 11:40:00+00:00,2322.515,2325.228,2320.375,2326.7949999999996,25,timeout,1.26775700934596
PEM,M5,long,2024-06-24 20:05:00+00:00,2024-06-24 20:30:00+00:00,2327.275,2331.235,2325.295,2331.235,6,tp,2.0
PEM,M5,long,2024-06-24 23:45:00+00:00,2024-06-25 01:45:00+00:00,2330.598,2334.088,2328.218,2335.358,25,timeout,1.4663865546218808
PEM,M5,short,2024-06-25 06:10:00+00:00,2024-06-25 08:10:00+00:00,2331.198,2328.528,2334.185,2325.2239999999997,25,timeout,0.8938734516237031
PEM,M5,short,2024-06-25 11:05:00+00:00,2024-06-25 11:45:00+00:00,2323.898,2327.295,2327.295,2317.1040000000003,9,sl,-1.0
PEM,M5,long,2024-06-25 16:30:00+00:00,2024-06-25 18:30:00+00:00,2332.955,2329.835,2329.315,2340.2349999999997,25,timeout,-0.8571428571428571
PEM,M5,short,2024-06-25 19:25:00+00:00,2024-06-25 20:00:00+00:00,2328.135,2323.7350000000006,2330.335,2323.7350000000006,8,tp,2.0
PEM,M5,short,2024-06-26 03:20:00+00:00,2024-06-26 05:10:00+00:00,2318.398,2320.058,2320.058,2315.0780000000004,12,sl,-1.0
PEM,M5,short,2024-06-26 08:05:00+00:00,2024-06-26 08:45:00+00:00,2318.065,2311.765,2321.215,2311.765,9,tp,2.0
PEM,M5,short,2024-06-26 11:05:00+00:00,2024-06-26 12:50:00+00:00,2316.795,2312.8290000000006,2318.778,2312.8290000000006,22,tp,2.0
PEM,M5,short,2024-06-26 17:10:00+00:00,2024-06-26 17:25:00+00:00,2314.825,2309.0789999999997,2317.698,2309.0789999999997,4,tp,2.0
PEM,M5,long,2024-06-27 11:15:00+00:00,2024-06-27 12:30:00+00:00,2300.678,2297.918,2297.918,2306.1979999999994,16,sl,-1.0
PEM,M5,long,2024-06-27 15:50:00+00:00,2024-06-27 17:50:00+00:00,2306.445,2312.905,2301.015,2317.3050000000007,25,timeout,1.1896869244934973
PEM,M5,long,2024-06-27 18:45:00+00:00,2024-06-27 19:30:00+00:00,2315.778,2320.783999999999,2313.275,2320.783999999999,10,tp,2.0
PEM,M5,short,2024-06-28 01:10:00+00:00,2024-06-28 02:05:00+00:00,2324.208,2326.708,2326.708,2319.208,12,sl,-1.0
PEM,M5,long,2024-06-28 06:30:00+00:00,2024-06-28 06:45:00+00:00,2327.245,2326.775,2326.775,2328.1849999999995,4,sl,-1.0
PEM,M5,long,2024-06-28 12:40:00+00:00,2024-06-28 13:30:00+00:00,2323.628,2327.3740000000003,2321.755,2327.3740000000003,11,tp,2.0
PEM,M5,long,2024-06-28 17:25:00+00:00,2024-06-28 19:25:00+00:00,2332.348,2333.108,2327.198,2342.648,25,timeout,0.14757281553402035
PEM,M5,short,2024-07-01 07:10:00+00:00,2024-07-01 08:05:00+00:00,2323.245,2325.905,2325.905,2317.9249999999993,12,sl,-1.0
PEM,M5,long,2024-07-01 09:05:00+00:00,2024-07-01 11:05:00+00:00,2327.108,2324.815,2323.725,2333.8740000000007,25,timeout,-0.6778007685486077
PEM,M5,short,2024-07-01 11:40:00+00:00,2024-07-01 13:20:00+00:00,2322.418,2325.948,2325.948,2315.3580000000006,21,sl,-1.0
PEM,M5,long,2024-07-01 23:30:00+00:00,2024-07-02 01:30:00+00:00,2331.175,2327.218,2325.675,2342.175,25,timeout,-0.7194545454546063
PEM,M5,short,2024-07-02 10:15:00+00:00,2024-07-02 12:15:00+00:00,2329.675,2328.365,2332.398,2324.2290000000003,25,timeout,0.4810870363571139
PEM,M5,long,2024-07-02 13:15:00+00:00,2024-07-02 13:35:00+00:00,2331.548,2328.325,2328.325,2337.9939999999997,5,sl,-1.0
PEM,M5,long,2024-07-02 15:20:00+00:00,2024-07-02 16:55:00+00:00,2330.945,2324.535,2324.535,2343.765000000001,20,sl,-1.0
PEM,M5,short,2024-07-02 23:15:00+00:00,2024-07-03 01:10:00+00:00,2322.108,2325.578,2325.578,2315.1680000000006,24,sl,-1.0
PEM,M5,long,2024-07-03 05:20:00+00:00,2024-07-03 07:20:00+00:00,2330.535,2331.155,2329.118,2333.3689999999997,25,timeout,0.43754410726914766
PEM,M5,long,2024-07-03 10:45:00+00:00,2024-07-03 11:35:00+00:00,2329.905,2333.2450000000003,2328.235,2333.2450000000003,11,tp,2.0
PEM,M5,long,2024-07-03 17:45:00+00:00,2024-07-03 18:10:00+00:00,2348.455,2345.135,2345.135,2355.0949999999993,6,sl,-1.0
PEM,M5,long,2024-07-04 00:35:00+00:00,2024-07-04 02:30:00+00:00,2359.145,2354.768,2354.768,2367.899,24,sl,-1.0
PEM,M5,short,2024-07-04 02:40:00+00:00,2024-07-04 05:35:00+00:00,2354.378,2357.025,2359.648,2343.838,25,timeout,-0.5022770398481866
PEM,M5,long,2024-07-04 05:50:00+00:00,2024-07-04 07:50:00+00:00,2357.638,2358.305,2355.635,2361.6439999999993,25,timeout,0.3330004992511311
PEM,M5,long,2024-07-04 07:55:00+00:00,2024-07-04 08:30:00+00:00,2358.258,2361.205999999999,2356.784,2361.205999999999,8,tp,2.0
PEM,M5,short,2024-07-04 12:30:00+00:00,2024-07-04 13:35:00+00:00,2355.965,2350.9990000000007,2358.448,2350.9990000000007,14,tp,2.0
PEM,M5,long,2024-07-04 16:00:00+00:00,2024-07-04 18:00:00+00:00,2358.835,2357.898,2355.415,2365.675,25,timeout,-0.2739766081870989
PEM,M5,long,2024-07-04 21:00:00+00:00,2024-07-04 22:25:00+00:00,2359.355,2356.845,2356.845,2364.3750000000005,18,sl,-1.0
PEM,M5,long,2024-07-05 11:35:00+00:00,2024-07-05 13:35:00+00:00,2362.675,2364.705,2359.888,2368.2490000000007,25,timeout,0.7283817725150895
PEM,M5,short,2024-07-05 17:05:00+00:00,2024-07-05 19:05:00+00:00,2362.055,2366.745,2366.745,2352.6749999999997,25,sl,-1.0
PEM,M5,long,2024-07-06 01:25:00+00:00,2024-07-06 03:25:00+00:00,2388.588,2388.898,2385.015,2395.734000000001,25,timeout,0.08676182479706623
PEM,M5,short,2024-07-08 05:40:00+00:00,2024-07-08 07:40:00+00:00,2386.595,2387.515,2389.838,2380.108999999999,25,timeout,-0.28368794326239943
PEM,M5,short,2024-07-08 09:50:00+00:00,2024-07-08 11:50:00+00:00,2384.035,2384.408,2387.085,2377.9349999999995,25,timeout,-0.12229508196722133
PEM,M5,long,2024-07-08 12:25:00+00:00,2024-07-08 12:50:00+00:00,2386.028,2382.315,2382.315,2393.4539999999993,6,sl,-1.0
PEM,M5,short,2024-07-08 13:50:00+00:00,2024-07-08 15:40:00+00:00,2379.995,2373.7889999999998,2383.098,2373.7889999999998,23,tp,2.0
PEM,M5,long,2024-07-09 11:00:00+00:00,2024-07-09 13:00:00+00:00,2367.355,2364.585,2362.738,2376.5890000000004,25,timeout,-0.5999566818279983
PEM,M5,short,2024-07-09 14:25:00+00:00,2024-07-09 16:25:00+00:00,2361.455,2362.955,2365.348,2353.669,25,timeout,-0.3853069612124297
PEM,M5,short,2024-07-09 19:35:00+00:00,2024-07-09 20:05:00+00:00,2357.058,2361.095,2361.095,2348.9840000000004,7,sl,-1.0
PEM,M5,long,2024-07-10 07:10:00+00:00,2024-07-10 07:55:00+00:00,2365.598,2364.758,2364.758,2367.2780000000002,10,sl,-1.0
PEM,M5,long,2024-07-10 12:45:00+00:00,2024-07-10 12:55:00+00:00,2369.895,2368.005,2368.005,2373.6749999999997,3,sl,-1.0
PEM,M5,long,2024-07-10 18:45:00+00:00,2024-07-10 19:40:00+00:00,2375.945,2381.525,2373.155,2381.525,12,tp,2.0
PEM,M5,short,2024-07-11 00:25:00+00:00,2024-07-11 02:25:00+00:00,2374.648,2371.078,2380.688,2362.568,25,timeout,0.5910596026490373
PEM,M5,long,2024-07-11 10:40:00+00:00,2024-07-11 12:40:00+00:00,2379.615,2382.185,2377.095,2384.6549999999997,25,timeout,1.0198412698413422
PEM,M5,long,2024-07-12 02:30:00+00:00,2024-07-12 05:10:00+00:00,2417.978,2412.088,2412.088,2429.758,22,sl,-1.0
PEM,M5,short,2024-07-12 05:15:00+00:00,2024-07-12 07:15:00+00:00,2412.075,2411.825,2416.998,2402.2289999999994,25,timeout,0.050782043469426844
PEM,M5,short,2024-07-12 10:20:00+00:00,2024-07-12 12:20:00+00:00,2408.505,2407.528,2410.925,2403.665,25,timeout,0.40371900826458146
PEM,M5,short,2024-07-12 17:20:00+00:00,2024-07-12 19:20:00+00:00,2402.138,2404.115,2405.078,2396.258,25,timeout,-0.6724489795917772
PEM,M5,long,2024-07-12 22:15:00+00:00,2024-07-13 00:15:00+00:00,2412.245,2416.385,2401.025,2434.6849999999995,25,timeout,0.3689839572192871
PEM,M5,short,2024-07-13 02:55:00+00:00,2024-07-15 05:05:00+00:00,2412.365,2414.008,2414.008,2409.0789999999997,16,sl,-1.0
PEM,M5,short,2024-07-15 06:25:00+00:00,2024-07-15 08:25:00+00:00,2406.185,2407.325,2410.605,2397.345,25,timeout,-0.25791855203616604
PEM,M5,long,2024-07-15 12:30:00+00:00,2024-07-15 12:40:00+00:00,2413.118,2410.495,2410.495,2418.364,3,sl,-1.0
PEM,M5,long,2024-07-15 15:30:00+00:00,2024-07-15 17:30:00+00:00,2408.825,2412.145,2404.255,2417.9649999999992,25,timeout,0.726477024070104
PEM,M5,long,2024-07-15 22:05:00+00:00,2024-07-16 00:05:00+00:00,2432.348,2427.635,2421.955,2453.134,25,timeout,-0.4534783027037164
PEM,M5,short,2024-07-16 00:30:00+00:00,2024-07-16 02:30:00+00:00,2423.805,2421.645,2433.925,2403.564999999999,25,timeout,0.21343873517784395
PEM,M5,long,2024-07-16 11:50:00+00:00,2024-07-16 12:20:00+00:00,2427.715,2431.215,2425.965,2431.215,7,tp,2.0
PEM,M5,long,2024-07-16 12:40:00+00:00,2024-07-16 13:10:00+00:00,2431.235,2428.175,2428.175,2437.355,7,sl,-1.0
PEM,M5,long,2024-07-16 14:25:00+00:00,2024-07-16 16:25:00+00:00,2435.705,2439.145,2431.525,2444.0649999999996,25,timeout,0.8229665071770788
PEM,M5,long,2024-07-16 19:30:00+00:00,2024-07-16 19:30:00+00:00,2443.755,2440.244,2440.244,2450.777,1,sl,-1.0
PEM,M5,long,2024-07-16 21:40:00+00:00,2024-07-16 23:40:00+00:00,2448.418,2460.345,2435.825,2473.6040000000007,25,timeout,0.9471134757404426
PEM,M5,long,2024-07-17 01:00:00+00:00,2024-07-17 01:35:00+00:00,2465.588,2462.638,2462.638,2471.4880000000007,8,sl,-1.0
PEM,M5,long,2024-07-17 15:05:00+00:00,2024-07-17 17:05:00+00:00,2474.524,2473.415,2462.535,2498.502,25,timeout,-0.0925014596713588
PEM,M5,long,2024-07-17 20:15:00+00:00,2024-07-17 20:35:00+00:00,2477.865,2472.645,2472.645,2488.3049999999994,5,sl,-1.0
PEM,M5,short,2024-07-17 23:00:00+00:00,2024-07-18 01:00:00+00:00,2461.545,2452.845,2470.015,2444.6050000000005,25,timeout,1.0271546635183564
PEM,M5,long,2024-07-18 10:40:00+00:00,2024-07-18 12:40:00+00:00,2467.645,2468.138,2463.108,2476.7189999999996,25,timeout,0.10866211152743202
PEM,M5,long,2024-07-18 14:10:00+00:00,2024-07-18 15:55:00+00:00,2473.485,2466.588,2466.588,2487.279,22,sl,-1.0
PEM,M5,short,2024-07-18 22:55:00+00:00,2024-07-19 00:55:00+00:00,2461.675,2456.225,2469.298,2446.429000000001,25,timeout,0.7149416240326071
PEM,M5,short,2024-07-19 08:05:00+00:00,2024-07-19 10:05:00+00:00,2431.245,2427.115,2444.275,2405.1849999999995,25,timeout,0.31696085955487685
PEM,M5,short,2024-07-19 13:15:00+00:00,2024-07-19 15:15:00+00:00,2416.755,2419.255,2425.395,2399.4750000000004,25,timeout,-0.28935185185185613
PEM,M5,short,2024-07-19 16:15:00+00:00,2024-07-19 17:10:00+00:00,2418.544,2412.7159999999994,2421.458,2412.7159999999994,12,tp,2.0
PEM,M5,short,2024-07-20 00:05:00+00:00,2024-07-20 02:05:00+00:00,2398.725,2398.755,2406.355,2383.4649999999997,25,timeout,-0.003931847968571384
PEM,M5,short,2024-07-22 13:40:00+00:00,2024-07-22 13:45:00+00:00,2401.125,2404.325,2404.325,2394.7250000000004,2,sl,-1.0
PEM,M5,long,2024-07-22 17:45:00+00:00,2024-07-22 18:10:00+00:00,2406.735,2404.265,2404.265,2411.6750000000006,6,sl,-1.0
PEM,M5,long,2024-07-23 02:00:00+00:00,2024-07-23 04:00:00+00:00,2396.125,2396.045,2392.915,2402.545,25,timeout,-0.024922118380039358
PEM,M5,long,2024-07-23 15:45:00+00:00,2024-07-23 17:45:00+00:00,2402.605,2407.265,2392.095,2423.6250000000005,25,timeout,0.44338725023784564
PEM,M5,long,2024-07-23 18:30:00+00:00,2024-07-23 19:30:00+00:00,2411.445,2404.775,2404.775,2424.7850000000003,13,sl,-1.0
PEM,M5,long,2024-07-24 03:55:00+00:00,2024-07-24 06:50:00+00:00,2409.025,2408.788,2406.425,2414.225,25,timeout,-0.09115384615388013
PEM,M5,long,2024-07-24 12:05:00+00:00,2024-07-24 14:05:00+00:00,2417.605,2415.875,2407.398,2438.019,25,timeout,-0.16949152542373258
PEM,M5,long,2024-07-24 19:00:00+00:00,2024-07-24 20:40:00+00:00,2416.675,2423.295000000001,2413.365,2423.295000000001,21,tp,2.0
PEM,M5,short,2024-07-25 05:00:00+00:00,2024-07-25 06:20:00+00:00,2397.005,2399.418,2399.418,2392.179,17,sl,-1.0
PEM,M5,short,2024-07-25 09:45:00+00:00,2024-07-25 11:45:00+00:00,2371.988,2375.475,2380.745,2354.4739999999997,25,timeout,-0.3981957291309873
PEM,M5,short,2024-07-25 14:05:00+00:00,2024-07-25 14:40:00+00:00,2371.325,2375.985,2375.985,2362.004999999999,8,sl,-1.0
PEM,M5,short,2024-07-25 16:15:00+00:00,2024-07-25 17:40:00+00:00,2372.845,2376.725,2376.725,2365.0849999999996,18,sl,-1.0
PEM,M5,short,2024-07-25 23:15:00+00:00,2024-07-26 01:15:00+00:00,2358.655,2356.225,2370.555,2334.855000000001,25,timeout,0.2042016806722996
PEM,M5,long,2024-07-26 07:15:00+00:00,2024-07-26 07:30:00+00:00,2364.805,2363.405,2363.405,2367.604999999999,4,sl,-1.0
PEM,M5,long,2024-07-26 09:40:00+00:00,2024-07-26 11:20:00+00:00,2374.595,2370.415,2370.415,2382.9549999999995,21,sl,-1.0
PEM,M5,short,2024-07-27 00:35:00+00:00,2024-07-27 02:35:00+00:00,2382.495,2384.818,2386.588,2374.3089999999993,25,timeout,-0.5675543611043607
PEM,M5,long,2024-07-27 03:45:00+00:00,2024-07-29 05:15:00+00:00,2387.168,2390.8740000000003,2385.315,2390.8740000000003,8,tp,2.0
PEM,M5,long,2024-07-29 07:15:00+00:00,2024-07-29 08:35:00+00:00,2398.935,2394.505,2394.505,2407.7949999999996,17,sl,-1.0
PEM,M5,short,2024-07-29 18:40:00+00:00,2024-07-29 19:45:00+00:00,2390.275,2393.255,2393.255,2384.315,14,sl,-1.0
PEM,M5,long,2024-07-30 00:30:00+00:00,2024-07-30 02:30:00+00:00,2382.245,2382.745,2374.405,2397.9249999999993,25,timeout,0.06377551020408415
PEM,M5,long,2024-07-30 13:05:00+00:00,2024-07-30 15:05:00+00:00,2389.025,2390.925,2386.835,2393.405,25,timeout,0.867579908675819
PEM,M5,long,2024-07-30 17:15:00+00:00,2024-07-30 17:20:00+00:00,2389.928,2388.715,2388.715,2392.3539999999994,2,sl,-1.0
PEM,M5,long,2024-07-30 23:55:00+00:00,2024-07-31 00:05:00+00:00,2395.304,2405.822,2390.045,2405.822,3,tp,2.0
PEM,M5,long,2024-08-02 02:20:00+00:00,2024-08-02 05:15:00+00:00,2441.245,2444.925,2435.395,2452.9449999999997,25,timeout,0.6290598290598886
PEM,M5,long,2024-08-02 07:25:00+00:00,2024-08-02 07:35:00+00:00,2446.388,2451.294,2443.935,2451.294,3,tp,2.0
PEM,M5,long,2024-08-02 10:00:00+00:00,2024-08-02 12:00:00+00:00,2452.415,2457.915,2447.135,2462.9749999999995,25,timeout,1.041666666666717
PEM,M5,long,2024-08-02 13:40:00+00:00,2024-08-02 15:40:00+00:00,2467.445,2463.058,2458.174,2485.9870000000005,25,timeout,-0.47319598748787434
PEM,M5,long,2024-08-05 11:00:00+00:00,2024-08-05 12:35:00+00:00,2451.585,2442.735,2442.735,2469.285,20,sl,-1.0
PEM,M5,short,2024-08-05 15:40:00+00:00,2024-08-05 17:40:00+00:00,2426.005,2418.935,2435.285,2407.4450000000006,25,timeout,0.7618534482759006
PEM,M5,long,2024-08-06 01:30:00+00:00,2024-08-06 01:55:00+00:00,2407.804,2404.008,2404.008,2415.3960000000006,6,sl,-1.0
PEM,M5,long,2024-08-06 03:50:00+00:00,2024-08-06 06:45:00+00:00,2410.985,2406.425,2405.378,2422.199,25,timeout,-0.8132691278758639
PEM,M5,short,2024-08-06 10:00:00+00:00,2024-08-06 12:00:00+00:00,2406.145,2408.505,2413.165,2392.105,25,timeout,-0.3361823361823552
PEM,M5,short,2024-08-06 12:55:00+00:00,2024-08-06 14:55:00+00:00,2402.865,2408.685,2410.715,2387.164999999999,25,timeout,-0.7414012738853368
PEM,M5,long,2024-08-06 17:15:00+00:00,2024-08-06 19:15:00+00:00,2414.755,2408.375,2408.375,2427.5150000000003,25,sl,-1.0
PEM,M5,short,2024-08-06 22:20:00+00:00,2024-08-07 00:20:00+00:00,2383.138,2389.335,2395.905,2357.6039999999994,25,timeout,-0.48539202631784917
PEM,M5,short,2024-08-07 06:35:00+00:00,2024-08-07 08:35:00+00:00,2385.205,2385.675,2391.275,2373.0649999999996,25,timeout,-0.07742998352557529
PEM,M5,short,2024-08-08 00:35:00+00:00,2024-08-08 02:35:00+00:00,2390.595,2390.085,2399.605,2372.5749999999994,25,timeout,0.056603773584878045
PEM,M5,short,2024-08-08 03:40:00+00:00,2024-08-08 06:35:00+00:00,2382.505,2385.095,2393.805,2359.9050000000007,25,timeout,-0.22920353982298702
PEM,M5,long,2024-08-08 10:50:00+00:00,2024-08-08 12:50:00+00:00,2391.735,2393.815,2388.915,2397.3750000000005,25,timeout,0.7375886524822008
PEM,M5,long,2024-08-08 17:45:00+00:00,2024-08-08 18:00:00+00:00,2400.058,2406.258,2396.958,2406.258,4,tp,2.0
PEM,M5,long,2024-08-08 21:35:00+00:00,2024-08-08 23:35:00+00:00,2422.935,2420.555,2407.495,2453.815,25,timeout,-0.15414507772021377
PEM,M5,long,2024-08-09 01:00:00+00:00,2024-08-09 03:00:00+00:00,2423.365,2423.308,2417.678,2434.7389999999996,25,timeout,-0.01002285915241604
PEM,M5,long,2024-08-09 04:00:00+00:00,2024-08-09 05:20:00+00:00,2426.888,2424.555,2424.555,2431.554,6,sl,-1.0
PEM,M5,short,2024-08-09 10:45:00+00:00,2024-08-09 11:30:00+00:00,2420.535,2422.135,2422.135,2417.334999999999,10,sl,-1.0
PEM,M5,long,2024-08-09 17:40:00+00:00,2024-08-09 19:40:00+00:00,2427.495,2428.898,2423.055,2436.375,25,timeout,0.31599099099104283
PEM,M5,short,2024-08-10 01:30:00+00:00,2024-08-10 03:30:00+00:00,2427.655,2429.478,2432.245,2418.475000000001,25,timeout,-0.39716775599128284
PEM,M5,short,2024-08-12 07:35:00+00:00,2024-08-12 08:00:00+00:00,2427.275,2428.965,2428.965,2423.895,6,sl,-1.0
PEM,M5,short,2024-08-12 09:15:00+00:00,2024-08-12 10:55:00+00:00,2424.385,2428.595,2428.595,2415.965000000001,21,sl,-1.0
PEM,M5,long,2024-08-12 11:00:00+00:00,2024-08-12 11:50:00+00:00,2428.165,2432.085,2426.205,2432.085,11,tp,2.0
PEM,M5,long,2024-08-12 12:00:00+00:00,2024-08-12 12:45:00+00:00,2432.895,2431.235,2431.235,2436.2149999999997,10,sl,-1.0
PEM,M5,long,2024-08-12 19:35:00+00:00,2024-08-12 20:40:00+00:00,2444.258,2451.9439999999995,2440.415,2451.9439999999995,14,tp,2.0
PEM,M5,long,2024-08-12 22:20:00+00:00,2024-08-13 00:20:00+00:00,2458.008,2462.848,2450.558,2472.9079999999994,25,timeout,0.6496644295302367
PEM,M5,long,2024-08-13 05:55:00+00:00,2024-08-13 07:45:00+00:00,2473.755,2470.115,2470.115,2481.0350000000008,23,sl,-1.0
PEM,M5,short,2024-08-13 10:00:00+00:00,2024-08-13 12:00:00+00:00,2462.838,2461.845,2474.295,2439.9240000000004,25,timeout,0.08667190363973146
PEM,M5,short,2024-08-13 15:45:00+00:00,2024-08-13 17:25:00+00:00,2459.865,2462.955,2462.955,2453.6849999999995,21,sl,-1.0
PEM,M5,short,2024-08-13 21:40:00+00:00,2024-08-13 22:25:00+00:00,2465.698,2472.705,2472.705,2451.6839999999997,10,sl,-1.0
PEM,M5,long,2024-08-13 23:00:00+00:00,2024-08-14 00:50:00+00:00,2470.478,2465.915,2465.915,2479.6040000000003,23,sl,-1.0
PEM,M5,short,2024-08-14 09:40:00+00:00,2024-08-14 11:40:00+00:00,2458.225,2460.785,2463.798,2447.079,25,timeout,-0.45935761708236267
PEM,M5,long,2024-08-14 14:55:00+00:00,2024-08-14 16:55:00+00:00,2471.405,2472.975,2466.745,2480.725000000001,25,timeout,0.3369098712445504
PEM,M5,long,2024-08-14 18:50:00+00:00,2024-08-14 19:05:00+00:00,2474.725,2472.815,2472.815,2478.5449999999996,4,sl,-1.0
PEM,M5,long,2024-08-15 17:10:00+00:00,2024-08-15 19:10:00+00:00,2458.935,2464.965,2455.175,2466.4549999999995,25,timeout,1.6037234042554733
PEM,M5,long,2024-08-15 21:35:00+00:00,2024-08-15 23:35:00+00:00,2451.685,2457.575,2435.145,2484.765,25,timeout,0.35610640870615995
PEM,M5,short,2024-08-16 03:00:00+00:00,2024-08-16 05:55:00+00:00,2454.754,2454.755,2460.815,2442.6319999999996,25,timeout,-0.00016498927573068838
PEM,M5,short,2024-08-16 09:25:00+00:00,2024-08-16 11:25:00+00:00,2455.125,2452.165,2458.775,2447.825,25,timeout,0.8109589041095788
PEM,M5,short,2024-08-16 14:15:00+00:00,2024-08-16 14:50:00+00:00,2453.665,2457.505,2457.505,2445.9849999999997,8,sl,-1.0
PEM,M5,long,2024-08-16 19:40:00+00:00,2024-08-16 20:40:00+00:00,2475.478,2492.6040000000003,2466.915,2492.6040000000003,13,tp,2.0
PEM,M5,long,2024-08-16 22:15:00+00:00,2024-08-17 00:15:00+00:00,2489.515,2494.595,2483.575,2501.395,25,timeout,0.8552188552188351
PEM,M5,long,2024-08-17 02:35:00+00:00,2024-08-19 05:05:00+00:00,2505.365,2502.848,2502.848,2510.3989999999994,20,sl,-1.0
PEM,M5,short,2024-08-19 07:35:00+00:00,2024-08-19 09:35:00+00:00,2502.015,2499.665,2507.945,2490.1549999999993,25,timeout,0.39629005059018446
PEM,M5,short,2024-08-19 12:20:00+00:00,2024-08-19 12:40:00+00:00,2499.748,2502.218,2502.218,2494.8080000000004,5,sl,-1.0
PEM,M5,long,2024-08-19 23:50:00+00:00,2024-08-20 00:30:00+00:00,2506.575,2502.304,2502.304,2515.1169999999993,9,sl,-1.0
PEM,M5,short,2024-08-20 11:30:00+00:00,2024-08-20 11:45:00+00:00,2500.195,2502.325,2502.325,2495.935000000001,4,sl,-1.0
PEM,M5,short,2024-08-20 12:05:00+00:00,2024-08-20 12:05:00+00:00,2501.058,2502.015,2502.015,2499.1440000000002,1,sl,-1.0
PEM,M5,long,2024-08-20 16:20:00+00:00,2024-08-20 18:20:00+00:00,2523.755,2523.698,2516.865,2537.5350000000008,25,timeout,-0.008272859216290425
PEM,M5,short,2024-08-21 17:05:00+00:00,2024-08-21 17:45:00+00:00,2504.885,2508.985,2508.985,2496.6850000000004,9,sl,-1.0
PEM,M5,short,2024-08-22 07:15:00+00:00,2024-08-22 07:50:00+00:00,2511.495,2514.075,2514.075,2506.335,8,sl,-1.0
PEM,M5,short,2024-08-22 11:20:00+00:00,2024-08-22 12:15:00+00:00,2500.205,2502.595,2502.595,2495.425,12,sl,-1.0
PEM,M5,short,2024-08-22 12:45:00+00:00,2024-08-22 12:55:00+00:00,2502.085,2503.685,2503.685,2498.885,3,sl,-1.0
PEM,M5,short,2024-08-22 16:15:00+00:00,2024-08-22 16:20:00+00:00,2501.615,2503.975,2503.975,2496.8949999999995,2,sl,-1.0
PEM,M5,short,2024-08-22 18:10:00+00:00,2024-08-22 19:30:00+00:00,2503.938,2496.004,2507.905,2496.004,17,tp,2.0
PEM,M5,short,2024-08-23 02:30:00+00:00,2024-08-23 03:05:00+00:00,2479.055,2483.375,2483.375,2470.4149999999995,8,sl,-1.0
PEM,M5,long,2024-08-23 05:10:00+00:00,2024-08-23 07:00:00+00:00,2484.758,2487.263999999999,2483.505,2487.263999999999,23,tp,2.0
PEM,M5,long,2024-08-23 11:05:00+00:00,2024-08-23 12:55:00+00:00,2493.865,2491.825,2491.825,2497.9449999999997,23,sl,-1.0
PEM,M5,long,2024-08-23 15:50:00+00:00,2024-08-23 17:50:00+00:00,2498.328,2497.615,2492.985,2509.0139999999997,25,timeout,-0.13344562979603466
PEM,M5,long,2024-08-23 19:05:00+00:00,2024-08-23 20:30:00+00:00,2501.755,2498.218,2498.218,2508.8290000000006,18,sl,-1.0
PEM,M5,long,2024-08-26 06:15:00+00:00,2024-08-26 07:50:00+00:00,2515.025,2512.585,2512.585,2519.905,20,sl,-1.0
PEM,M5,short,2024-08-26 10:05:00+00:00,2024-08-26 10:55:00+00:00,2512.175,2509.3150000000005,2513.605,2509.3150000000005,11,tp,2.0
PEM,M5,long,2024-08-27 00:00:00+00:00,2024-08-27 02:00:00+00:00,2519.695,2517.655,2513.695,2531.695,25,timeout,-0.3399999999999939
PEM,M5,short,2024-08-27 06:50:00+00:00,2024-08-27 07:55:00+00:00,2516.125,2513.1270000000004,2517.624,2513.1270000000004,14,tp,2.0
PEM,M5,long,2024-08-27 16:20:00+00:00,2024-08-27 16:55:00+00:00,2513.065,2508.495,2508.495,2522.2050000000004,8,sl,-1.0
PEM,M5,short,2024-08-27 20:30:00+00:00,2024-08-27 20:50:00+00:00,2505.404,2513.035,2513.035,2490.1420000000003,5,sl,-1.0
PEM,M5,short,2024-08-27 23:10:00+00:00,2024-08-27 23:30:00+00:00,2511.085,2513.125,2513.125,2507.005,5,sl,-1.0
PEM,M5,long,2024-08-28 00:05:00+00:00,2024-08-28 00:40:00+00:00,2514.358,2519.804,2511.635,2519.804,8,tp,2.0
PEM,M5,long,2024-08-28 01:10:00+00:00,2024-08-28 01:55:00+00:00,2520.815,2525.3089999999997,2518.568,2525.3089999999997,10,tp,2.0
PEM,M5,long,2024-08-28 05:40:00+00:00,2024-08-28 06:10:00+00:00,2525.704,2527.922000000001,2524.595,2527.922000000001,7,tp,2.0
PEM,M5,short,2024-08-28 08:10:00+00:00,2024-08-28 10:10:00+00:00,2520.255,2515.258,2525.185,2510.3950000000004,25,timeout,1.0135902636917777
PEM,M5,short,2024-08-28 11:15:00+00:00,2024-08-28 11:40:00+00:00,2514.645,2511.8650000000002,2516.035,2511.8650000000002,6,tp,2.0
PEM,M5,short,2024-08-28 19:30:00+00:00,2024-08-28 20:30:00+00:00,2498.665,2507.965,2507.965,2480.0649999999996,13,sl,-1.0
PEM,M5,short,2024-08-28 23:25:00+00:00,2024-08-29 01:25:00+00:00,2500.855,2504.298,2506.355,2489.855,25,timeout,-0.6259999999999557
PEM,M5,long,2024-08-29 02:30:00+00:00,2024-08-29 03:30:00+00:00,2509.185,2506.285,2506.285,2514.985,13,sl,-1.0
PEM,M5,short,2024-08-29 03:40:00+00:00,2024-08-29 05:35:00+00:00,2505.148,2508.118,2508.118,2499.2080000000005,13,sl,-1.0
PEM,M5,long,2024-08-29 09:40:00+00:00,2024-08-29 11:40:00+00:00,2514.095,2517.515,2511.945,2518.394999999999,25,timeout,1.5906976744189076
PEM,M5,long,2024-08-29 15:05:00+00:00,2024-08-29 15:05:00+00:00,2517.985,2515.325,2515.325,2523.3050000000007,1,sl,-1.0
PEM,M5,long,2024-08-29 17:00:00+00:00,2024-08-29 19:00:00+00:00,2522.715,2519.195,2516.155,2535.835,25,timeout,-0.5365853658536602
PEM,M5,long,2024-08-29 22:10:00+00:00,2024-08-29 23:10:00+00:00,2522.365,2518.175,2518.175,2530.744999999999,13,sl,-1.0
PEM,M5,long,2024-08-30 00:00:00+00:00,2024-08-30 01:50:00+00:00,2525.828,2522.075,2522.075,2533.3340000000003,23,sl,-1.0
PEM,M5,short,2024-08-30 02:55:00+00:00,2024-08-30 05:50:00+00:00,2521.645,2520.985,2523.135,2518.6649999999995,25,timeout,0.44295302013406024
PEM,M5,short,2024-08-30 06:30:00+00:00,2024-08-30 06:45:00+00:00,2519.845,2518.8389999999995,2520.348,2518.8389999999995,4,tp,2.0
PEM,M5,long,2024-08-30 15:15:00+00:00,2024-08-30 17:15:00+00:00,2522.685,2521.145,2518.895,2530.265,25,timeout,-0.4063324538258518
PEM,M5,short,2024-08-30 21:35:00+00:00,2024-08-30 23:35:00+00:00,2508.935,2501.745,2517.424,2491.957,25,timeout,0.8469784426905439
PEM,M5,long,2024-09-02 07:45:00+00:00,2024-09-02 08:00:00+00:00,2503.875,2502.215,2502.215,2507.1949999999997,4,sl,-1.0
PEM,M5,long,2024-09-02 15:45:00+00:00,2024-09-02 17:45:00+00:00,2502.958,2500.265,2497.278,2514.3180000000007,25,timeout,-0.474119718309872
PEM,M5,long,2024-09-02 19:35:00+00:00,2024-09-02 20:10:00+00:00,2501.665,2499.165,2499.165,2506.665,8,sl,-1.0
PEM,M5,short,2024-09-03 00:55:00+00:00,2024-09-03 06:20:00+00:00,2499.505,2497.785,2501.115,2496.2850000000008,25,timeout,1.0683229813668351
PEM,M5,short,2024-09-03 12:20:00+00:00,2024-09-03 13:20:00+00:00,2493.975,2496.085,2496.085,2489.7549999999997,13,sl,-1.0
PEM,M5,long,2024-09-03 15:40:00+00:00,2024-09-03 17:05:00+00:00,2505.075,2500.175,2500.175,2514.874999999999,18,sl,-1.0
PEM,M5,long,2024-09-04 06:30:00+00:00,2024-09-04 07:35:00+00:00,2494.304,2492.348,2492.348,2498.2160000000003,14,sl,-1.0
PEM,M5,long,2024-09-04 09:40:00+00:00,2024-09-04 11:40:00+00:00,2495.465,2495.135,2492.268,2501.8590000000004,25,timeout,-0.10322177040973263
PEM,M5,short,2024-09-04 15:55:00+00:00,2024-09-04 16:55:00+00:00,2475.895,2482.945,2482.945,2461.7949999999996,13,sl,-1.0
PEM,M5,long,2024-09-04 18:35:00+00:00,2024-09-04 18:40:00+00:00,2490.205,2487.678,2487.678,2495.259,2,sl,-1.0
PEM,M5,short,2024-09-04 19:35:00+00:00,2024-09-04 19:45:00+00:00,2485.855,2489.448,2489.448,2478.6690000000003,3,sl,-1.0
PEM,M5,short,2024-09-05 02:50:00+00:00,2024-09-05 03:10:00+00:00,2491.915,2494.445,2494.445,2486.8549999999996,5,sl,-1.0
PEM,M5,long,2024-09-05 03:45:00+00:00,2024-09-05 06:40:00+00:00,2495.568,2496.345,2493.788,2499.1280000000006,25,timeout,0.43651685393230427
PEM,M5,long,2024-09-05 14:25:00+00:00,2024-09-05 15:25:00+00:00,2505.278,2511.1379999999995,2502.348,2511.1379999999995,13,tp,2.0
PEM,M5,long,2024-09-06 01:05:00+00:00,2024-09-06 03:05:00+00:00,2515.058,2515.418,2512.348,2520.478,25,timeout,0.13284132841332932
PEM,M5,long,2024-09-06 12:20:00+00:00,2024-09-06 13:35:00+00:00,2519.785,2518.185,2518.185,2522.9849999999997,16,sl,-1.0
PEM,M5,short,2024-09-06 22:50:00+00:00,2024-09-06 23:05:00+00:00,2508.395,2497.569,2513.808,2497.569,4,tp,2.0
PEM,M5,short,2024-09-06 23:50:00+00:00,2024-09-07 00:30:00+00:00,2487.585,2496.045,2496.045,2470.665,9,sl,-1.0
PEM,M5,short,2024-09-07 02:10:00+00:00,2024-09-07 02:35:00+00:00,2492.325,2496.185,2496.185,2484.6049999999996,6,sl,-1.0
PEM,M5,long,2024-09-07 04:00:00+00:00,2024-09-09 06:55:00+00:00,2497.318,2496.515,2493.305,2505.344000000001,25,timeout,-0.20009967605289394
PEM,M5,long,2024-09-09 09:15:00+00:00,2024-09-09 11:15:00+00:00,2498.695,2498.735,2495.765,2504.5550000000007,25,timeout,0.01365187713309203
PEM,M5,short,2024-09-09 12:40:00+00:00,2024-09-09 12:50:00+00:00,2495.145,2489.6249999999995,2497.905,2489.6249999999995,3,tp,2.0
PEM,M5,short,2024-09-09 15:25:00+00:00,2024-09-09 16:15:00+00:00,2493.114,2495.335,2495.335,2488.672,11,sl,-1.0
PEM,M5,long,2024-09-09 17:15:00+00:00,2024-09-09 17:20:00+00:00,2498.218,2495.665,2495.665,2503.3239999999996,2,sl,-1.0
PEM,M5,long,2024-09-10 01:55:00+00:00,2024-09-10 03:55:00+00:00,2504.435,2505.938,2499.365,2514.5750000000003,25,timeout,0.29644970414203314
PEM,M5,short,2024-09-10 09:35:00+00:00,2024-09-10 11:35:00+00:00,2501.765,2501.295,2504.285,2496.725,25,timeout,0.18650793650785846
PEM,M5,short,2024-09-10 15:05:00+00:00,2024-09-10 17:00:00+00:00,2502.025,2506.265,2506.265,2493.5450000000005,24,sl,-1.0
PEM,M5,long,2024-09-10 19:40:00+00:00,2024-09-10 21:15:00+00:00,2508.115,2504.275,2504.275,2515.794999999999,20,sl,-1.0
PEM,M5,long,2024-09-11 03:05:00+00:00,2024-09-11 06:00:00+00:00,2517.245,2516.365,2514.225,2523.285,25,timeout,-0.2913907284768591
PEM,M5,long,2024-09-11 09:35:00+00:00,2024-09-11 10:05:00+00:00,2519.155,2517.445,2517.445,2522.5750000000003,7,sl,-1.0
PEM,M5,long,2024-09-11 12:15:00+00:00,2024-09-11 13:10:00+00:00,2520.575,2523.8089999999993,2518.958,2523.8089999999993,12,tp,2.0
PEM,M5,short,2024-09-12 02:10:00+00:00,2024-09-12 03:00:00+00:00,2509.838,2512.548,2512.548,2504.418000000001,11,sl,-1.0
PEM,M5,long,2024-09-12 10:35:00+00:00,2024-09-12 11:00:00+00:00,2513.735,2516.0550000000007,2512.575,2516.0550000000007,6,tp,2.0
PEM,M5,long,2024-09-12 11:10:00+00:00,2024-09-12 13:05:00+00:00,2516.735,2520.3750000000005,2514.915,2520.3750000000005,24,tp,2.0
PEM,M5,long,2024-09-12 21:45:00+00:00,2024-09-12 23:45:00+00:00,2549.385,2548.118,2542.588,2562.9790000000003,25,timeout,-0.18640576725029798
PEM,M5,long,2024-09-13 00:05:00+00:00,2024-09-13 02:05:00+00:00,2551.244,2556.535,2544.698,2564.3360000000007,25,timeout,0.8082798655666803
PEM,M5,long,2024-09-13 03:25:00+00:00,2024-09-13 06:20:00+00:00,2558.125,2557.728,2556.625,2561.125,25,timeout,-0.26466666666662303
PEM,M5,long,2024-09-13 09:25:00+00:00,2024-09-13 11:25:00+00:00,2564.065,2567.675,2559.125,2573.945,25,timeout,0.7307692307692485
PEM,M5,long,2024-09-13 14:55:00+00:00,2024-09-13 16:55:00+00:00,2570.235,2568.435,2564.055,2582.5950000000007,25,timeout,-0.2912621359223458
PEM,M5,long,2024-09-13 23:05:00+00:00,2024-09-14 01:05:00+00:00,2582.388,2581.655,2576.838,2593.4879999999994,25,timeout,-0.1320720720720281
PEM,M5,short,2024-09-16 05:00:00+00:00,2024-09-16 07:00:00+00:00,2578.725,2579.255,2582.825,2570.525,25,timeout,-0.1292682926829785
PEM,M5,long,2024-09-16 10:00:00+00:00,2024-09-16 12:00:00+00:00,2585.105,2585.795,2581.315,2592.685,25,timeout,0.18205804749341983
PEM,M5,long,2024-09-16 12:30:00+00:00,2024-09-16 14:00:00+00:00,2587.345,2584.825,2584.825,2592.3849999999998,19,sl,-1.0
PEM,M5,long,2024-09-16 15:25:00+00:00,2024-09-16 17:25:00+00:00,2586.315,2583.185,2580.985,2596.975,25,timeout,-0.587242026266445
PEM,M5,short,2024-09-16 18:00:00+00:00,2024-09-16 20:00:00+00:00,2577.795,2584.468,2585.895,2561.5950000000003,25,timeout,-0.8238271604938086
PEM,M5,long,2024-09-16 20:20:00+00:00,2024-09-16 20:40:00+00:00,2585.255,2581.588,2581.588,2592.589,5,sl,-1.0
PEM,M5,long,2024-09-16 23:55:00+00:00,2024-09-17 01:55:00+00:00,2582.705,2580.708,2578.515,2591.085,25,timeout,-0.47661097852024287
PEM,M5,long,2024-09-17 06:45:00+00:00,2024-09-17 07:50:00+00:00,2583.375,2581.555,2581.555,2587.0150000000003,14,sl,-1.0
PEM,M5,long,2024-09-17 08:50:00+00:00,2024-09-17 10:20:00+00:00,2582.005,2579.445,2579.445,2587.125,19,sl,-1.0
PEM,M5,short,2024-09-17 12:15:00+00:00,2024-09-17 12:40:00+00:00,2575.854,2577.755,2577.755,2572.051999999999,6,sl,-1.0
PEM,M5,short,2024-09-17 16:00:00+00:00,2024-09-17 18:00:00+00:00,2578.315,2573.215,2585.414,2564.1169999999997,25,timeout,0.7184110438089581
PEM,M5,short,2024-09-18 02:35:00+00:00,2024-09-18 05:30:00+00:00,2567.618,2570.804,2571.558,2559.738,25,timeout,-0.8086294416243921
PEM,M5,long,2024-09-18 06:10:00+00:00,2024-09-18 08:05:00+00:00,2572.008,2575.294,2570.365,2575.294,24,tp,2.0
PEM,M5,long,2024-09-18 10:35:00+00:00,2024-09-18 11:45:00+00:00,2575.785,2570.825,2570.825,2585.705,15,sl,-1.0
PEM,M5,long,2024-09-18 17:10:00+00:00,2024-09-18 18:50:00+00:00,2572.455,2580.309,2568.528,2580.309,21,tp,2.0
PEM,M5,short,2024-09-18 22:45:00+00:00,2024-09-18 23:55:00+00:00,2570.928,2573.218,2573.218,2566.348,15,sl,-1.0
PEM,M5,long,2024-09-19 16:00:00+00:00,2024-09-19 18:00:00+00:00,2585.605,2588.475,2575.194,2606.427,25,timeout,0.27566996446065456
PEM,M5,short,2024-09-20 03:40:00+00:00,2024-09-20 06:35:00+00:00,2586.374,2586.755,2589.378,2580.365999999999,25,timeout,-0.1268308921438972
PEM,M5,long,2024-09-20 09:45:00+00:00,2024-09-20 11:45:00+00:00,2591.745,2593.935,2586.825,2601.585,25,timeout,0.4451219512195167
PEM,M5,long,2024-09-20 15:35:00+00:00,2024-09-20 16:45:00+00:00,2609.455,2605.365,2605.365,2617.635,15,sl,-1.0
PEM,M5,long,2024-09-20 18:05:00+00:00,2024-09-20 20:05:00+00:00,2614.318,2614.655,2608.375,2626.2040000000006,25,timeout,0.056705367659427415
PEM,M5,long,2024-09-23 09:40:00+00:00,2024-09-23 11:40:00+00:00,2623.945,2629.645,2618.704,2634.427,25,timeout,1.0875787063537177
PEM,M5,long,2024-09-23 20:00:00+00:00,2024-09-23 22:00:00+00:00,2625.915,2629.085,2614.765,2648.215,25,timeout,0.2843049327354302
PEM,M5,long,2024-09-24 05:00:00+00:00,2024-09-24 06:25:00+00:00,2628.045,2626.098,2626.098,2631.9390000000003,18,sl,-1.0
PEM,M5,long,2024-09-24 10:45:00+00:00,2024-09-24 12:15:00+00:00,2633.955,2639.0549999999994,2631.405,2639.0549999999994,19,tp,2.0
PEM,M5,long,2024-09-24 17:00:00+00:00,2024-09-24 17:35:00+00:00,2629.905,2634.445,2627.635,2634.445,8,tp,2.0
PEM,M5,long,2024-09-24 21:50:00+00:00,2024-09-24 23:50:00+00:00,2639.735,2653.224,2625.185,2668.8350000000005,25,timeout,0.9270790378006779
PEM,M5,long,2024-09-25 01:30:00+00:00,2024-09-25 02:40:00+00:00,2656.465,2662.8990000000003,2653.248,2662.8990000000003,15,tp,2.0
PEM,M5,long,2024-09-25 05:10:00+00:00,2024-09-25 07:10:00+00:00,2658.374,2657.875,2656.334,2662.4539999999997,25,timeout,-0.2446078431371594
PEM,M5,long,2024-09-25 08:05:00+00:00,2024-09-25 08:30:00+00:00,2661.375,2657.885,2657.885,2668.3549999999996,6,sl,-1.0
PEM,M5,short,2024-09-25 12:35:00+00:00,2024-09-25 13:05:00+00:00,2657.065,2659.435,2659.435,2652.3250000000003,7,sl,-1.0
PEM,M5,long,2024-09-25 21:40:00+00:00,2024-09-25 21:40:00+00:00,2667.185,2663.095,2663.095,2675.3650000000002,1,sl,-1.0
PEM,M5,short,2024-09-25 23:20:00+00:00,2024-09-26 00:30:00+00:00,2655.745,2659.085,2659.085,2649.0649999999996,15,sl,-1.0
PEM,M5,short,2024-09-26 06:20:00+00:00,2024-09-26 07:55:00+00:00,2657.315,2659.505,2659.505,2652.935,20,sl,-1.0
PEM,M5,long,2024-09-26 15:00:00+00:00,2024-09-26 17:00:00+00:00,2666.278,2669.065,2661.035,2676.7639999999997,25,timeout,0.5315658973870484
PEM,M5,long,2024-09-26 22:35:00+00:00,2024-09-26 23:15:00+00:00,2669.714,2664.378,2664.378,2680.3859999999995,9,sl,-1.0
PEM,M5,long,2024-09-27 01:25:00+00:00,2024-09-27 03:25:00+00:00,2674.664,2671.938,2669.298,2685.396000000001,25,timeout,-0.5080134178158571
PEM,M5,long,2024-09-27 10:35:00+00:00,2024-09-27 12:20:00+00:00,2672.085,2668.505,2668.505,2679.245,22,sl,-1.0
PEM,M5,short,2024-09-28 00:35:00+00:00,2024-09-28 02:25:00+00:00,2645.465,2649.834,2649.834,2636.7270000000008,23,sl,-1.0
PEM,M5,long,2024-09-30 05:50:00+00:00,2024-09-30 07:50:00+00:00,2663.225,2662.915,2659.848,2669.979,25,timeout,-0.0917974533609564
PEM,M5,long,2024-09-30 14:10:00+00:00,2024-09-30 14:40:00+00:00,2658.645,2656.358,2656.358,2663.2189999999996,7,sl,-1.0
PEM,M5,short,2024-09-30 17:45:00+00:00,2024-09-30 19:45:00+00:00,2640.065,2636.295,2649.255,2621.685,25,timeout,0.4102285092491795
PEM,M5,short,2024-09-30 22:10:00+00:00,2024-09-30 23:20:00+00:00,2632.228,2636.865,2636.865,2622.9540000000006,15,sl,-1.0
PEM,M5,short,2024-10-01 02:25:00+00:00,2024-10-01 02:50:00+00:00,2627.438,2631.118,2631.118,2620.0780000000004,6,sl,-1.0
PEM,M5,long,2024-10-01 08:35:00+00:00,2024-10-01 09:35:00+00:00,2637.555,2636.084,2636.084,2640.497,13,sl,-1.0
PEM,M5,long,2024-10-01 10:55:00+00:00,2024-10-01 12:45:00+00:00,2638.025,2643.685,2635.195,2643.685,23,tp,2.0
PEM,M5,long,2024-10-01 18:10:00+00:00,2024-10-01 18:30:00+00:00,2650.245,2648.345,2648.345,2654.045,5,sl,-1.0
PEM,M5,short,2024-10-02 00:45:00+00:00,2024-10-02 02:45:00+00:00,2661.965,2660.168,2671.124,2643.647000000001,25,timeout,0.1962004585653558
PEM,M5,short,2024-10-02 11:45:00+00:00,2024-10-02 12:20:00+00:00,2653.645,2655.695,2655.695,2649.5449999999996,8,sl,-1.0
PEM,M5,long,2024-10-03 01:50:00+00:00,2024-10-03 03:50:00+00:00,2654.848,2658.758,2650.985,2662.5739999999996,25,timeout,1.0121667098110347
PEM,M5,long,2024-10-03 06:15:00+00:00,2024-10-03 07:15:00+00:00,2660.848,2658.965,2658.965,2664.6139999999996,13,sl,-1.0
PEM,M5,short,2024-10-03 12:30:00+00:00,2024-10-03 13:25:00+00:00,2652.775,2656.234,2656.234,2645.8570000000004,12,sl,-1.0
PEM,M5,short,2024-10-03 16:15:00+00:00,2024-10-03 16:35:00+00:00,2641.215,2645.965,2645.965,2631.715,5,sl,-1.0
PEM,M5,long,2024-10-04 09:30:00+00:00,2024-10-04 11:30:00+00:00,2660.378,2662.628,2657.898,2665.338,25,timeout,0.9072580645161223
PEM,M5,long,2024-10-04 12:30:00+00:00,2024-10-04 13:45:00+00:00,2666.735,2663.685,2663.685,2672.8350000000005,16,sl,-1.0
PEM,M5,short,2024-10-04 16:20:00+00:00,2024-10-04 17:25:00+00:00,2658.135,2659.805,2659.805,2654.795000000001,14,sl,-1.0
PEM,M5,short,2024-10-04 18:10:00+00:00,2024-10-04 18:35:00+00:00,2657.865,2660.195,2660.195,2653.204999999999,6,sl,-1.0
PEM,M5,short,2024-10-04 23:45:00+00:00,2024-10-05 01:45:00+00:00,2642.848,2647.958,2657.595,2613.3540000000003,25,timeout,-0.34651115481116035
PEM,M5,long,2024-10-05 02:45:00+00:00,2024-10-07 05:40:00+00:00,2648.988,2651.175,2645.445,2656.073999999999,25,timeout,0.6172734970365678
PEM,M5,short,2024-10-07 12:25:00+00:00,2024-10-07 14:25:00+00:00,2644.795,2646.205,2648.055,2638.2750000000005,25,timeout,-0.4325153374232996
PEM,M5,long,2024-10-07 17:05:00+00:00,2024-10-07 19:05:00+00:00,2656.905,2658.285,2648.805,2673.105000000001,25,timeout,0.17037037037032005
PEM,M5,short,2024-10-08 01:15:00+00:00,2024-10-08 01:45:00+00:00,2646.058,2640.9039999999995,2648.635,2640.9039999999995,7,tp,2.0
PEM,M5,short,2024-10-08 03:25:00+00:00,2024-10-08 05:20:00+00:00,2642.438,2643.588,2643.588,2640.138,13,sl,-1.0
PEM,M5,long,2024-10-08 05:40:00+00:00,2024-10-08 07:35:00+00:00,2647.505,2642.235,2642.235,2658.045,24,sl,-1.0
PEM,M5,long,2024-10-08 09:05:00+00:00,2024-10-08 09:25:00+00:00,2647.255,2639.925,2639.925,2661.915,5,sl,-1.0
PEM,M5,long,2024-10-08 10:30:00+00:00,2024-10-08 12:30:00+00:00,2642.165,2642.945,2639.175,2648.1449999999995,25,timeout,0.2608695652174773
PEM,M5,short,2024-10-08 22:35:00+00:00,2024-10-09 00:35:00+00:00,2609.995,2616.344,2624.325,2581.335,25,timeout,-0.4430565247732165
PEM,M5,long,2024-10-09 06:15:00+00:00,2024-10-09 07:50:00+00:00,2622.825,2621.145,2621.145,2626.1849999999995,20,sl,-1.0
PEM,M5,short,2024-10-09 14:50:00+00:00,2024-10-09 15:35:00+00:00,2612.265,2616.245,2616.245,2604.305,10,sl,-1.0
PEM,M5,short,2024-10-10 02:05:00+00:00,2024-10-10 02:05:00+00:00,2606.328,2608.005,2608.005,2602.9739999999997,1,sl,-1.0
PEM,M5,long,2024-10-10 08:10:00+00:00,2024-10-10 08:15:00+00:00,2609.944,2608.745,2608.745,2612.342,2,sl,-1.0
PEM,M5,long,2024-10-10 09:40:00+00:00,2024-10-10 11:40:00+00:00,2612.535,2613.115,2607.875,2621.8549999999996,25,timeout,0.124463519313293
PEM,M5,long,2024-10-10 20:50:00+00:00,2024-10-10 22:50:00+00:00,2621.385,2622.348,2617.258,2629.639000000001,25,timeout,0.23334141022525878
PEM,M5,long,2024-10-11 00:40:00+00:00,2024-10-11 02:40:00+00:00,2624.408,2629.305,2617.225,2638.774,25,timeout,0.6817485730196212
PEM,M5,long,2024-10-11 08:10:00+00:00,2024-10-11 09:35:00+00:00,2635.255,2641.5950000000003,2632.085,2641.5950000000003,18,tp,2.0
PEM,M5,long,2024-10-11 10:55:00+00:00,2024-10-11 12:55:00+00:00,2645.108,2644.165,2635.215,2664.8940000000002,25,timeout,-0.09531992317802569
PEM,M5,short,2024-10-12 02:40:00+00:00,2024-10-14 05:05:00+00:00,2655.558,2649.7380000000003,2658.468,2649.7380000000003,19,tp,2.0
PEM,M5,short,2024-10-14 06:25:00+00:00,2024-10-14 08:05:00+00:00,2648.545,2644.4670000000006,2650.584,2644.4670000000006,21,tp,2.0
PEM,M5,long,2024-10-14 09:40:00+00:00,2024-10-14 11:40:00+00:00,2649.865,2657.835,2645.545,2658.504999999999,25,timeout,1.8449074074075906
PEM,M5,long,2024-10-14 11:50:00+00:00,2024-10-14 13:30:00+00:00,2658.184,2664.9220000000005,2654.815,2664.9220000000005,21,tp,2.0
PEM,M5,short,2024-10-14 19:00:00+00:00,2024-10-14 20:45:00+00:00,2651.975,2656.705,2656.705,2642.515,22,sl,-1.0
PEM,M5,long,2024-10-15 03:00:00+00:00,2024-10-15 03:45:00+00:00,2652.005,2650.328,2650.328,2655.3590000000004,10,sl,-1.0
PEM,M5,short,2024-10-15 10:25:00+00:00,2024-10-15 12:25:00+00:00,2646.685,2640.5049999999997,2649.775,2640.5049999999997,25,tp,2.0
PEM,M5,long,2024-10-15 13:40:00+00:00,2024-10-15 15:40:00+00:00,2647.265,2654.465,2642.715,2656.3649999999993,25,timeout,1.5824175824177373
PEM,M5,long,2024-10-15 19:30:00+00:00,2024-10-15 20:00:00+00:00,2655.605,2647.545,2647.545,2671.725,7,sl,-1.0
PEM,M5,long,2024-10-15 21:30:00+00:00,2024-10-15 23:30:00+00:00,2659.674,2666.358,2650.795,2677.432,25,timeout,0.7527874760671548
PEM,M5,short,2024-10-16 03:20:00+00:00,2024-10-16 06:15:00+00:00,2660.638,2661.265,2666.178,2649.558,25,timeout,-0.11317689530685142
PEM,M5,short,2024-10-16 07:55:00+00:00,2024-10-16 08:00:00+00:00,2659.085,2660.385,2660.385,2656.4849999999997,2,sl,-1.0
PEM,M5,long,2024-10-16 16:05:00+00:00,2024-10-16 17:35:00+00:00,2680.018,2674.365,2674.365,2691.3240000000005,19,sl,-1.0
PEM,M5,long,2024-10-16 18:30:00+00:00,2024-10-16 20:30:00+00:00,2677.675,2681.335,2673.924,2685.1770000000006,25,timeout,0.975739802719183
PEM,M5,long,2024-10-17 17:25:00+00:00,2024-10-17 19:20:00+00:00,2684.695,2677.815,2677.815,2698.4550000000004,24,sl,-1.0
PEM,M5,long,2024-10-17 21:50:00+00:00,2024-10-17 22:25:00+00:00,2695.044,2688.924,2688.924,2707.2839999999997,8,sl,-1.0
PEM,M5,long,2024-10-18 12:10:00+00:00,2024-10-18 13:05:00+00:00,2711.348,2708.825,2708.825,2716.3940000000002,12,sl,-1.0
PEM,M5,long,2024-10-18 16:20:00+00:00,2024-10-18 18:20:00+00:00,2710.175,2711.498,2702.395,2725.7350000000006,25,timeout,0.1700514138817264
PEM,M5,long,2024-10-18 21:45:00+00:00,2024-10-18 22:05:00+00:00,2718.975,2714.048,2714.048,2728.829,5,sl,-1.0
PEM,M5,long,2024-10-19 00:15:00+00:00,2024-10-19 00:30:00+00:00,2718.935,2714.095,2714.095,2728.6150000000002,4,sl,-1.0
PEM,M5,long,2024-10-19 03:25:00+00:00,2024-10-21 06:20:00+00:00,2721.648,2723.435,2718.585,2727.7740000000003,25,timeout,0.5834149526607078
PEM,M5,long,2024-10-21 10:35:00+00:00,2024-10-21 12:20:00+00:00,2732.075,2727.515,2727.515,2741.1949999999997,22,sl,-1.0
PEM,M5,long,2024-10-21 14:15:00+00:00,2024-10-21 16:15:00+00:00,2731.825,2734.215,2723.465,2748.544999999999,25,timeout,0.2858851674641652
PEM,M5,long,2024-10-21 16:50:00+00:00,2024-10-21 17:10:00+00:00,2736.495,2731.928,2731.928,2745.629,5,sl,-1.0
PEM,M5,short,2024-10-21 23:05:00+00:00,2024-10-22 01:05:00+00:00,2720.595,2720.328,2738.295,2685.1949999999993,25,timeout,0.015084745762701766
PEM,M5,long,2024-10-22 06:25:00+00:00,2024-10-22 07:25:00+00:00,2721.515,2724.1689999999994,2720.188,2724.1689999999994,13,tp,2.0
PEM,M5,long,2024-10-22 08:05:00+00:00,2024-10-22 10:05:00+00:00,2725.175,2730.445,2721.215,2733.0950000000003,25,timeout,1.330808080808064
PEM,M5,long,2024-10-22 11:15:00+00:00,2024-10-22 12:50:00+00:00,2733.385,2730.474,2730.474,2739.2070000000003,20,sl,-1.0
PEM,M5,long,2024-10-22 23:55:00+00:00,2024-10-23 01:55:00+00:00,2744.515,2744.524,2739.648,2754.2489999999993,25,timeout,0.0018491884117557106
PEM,M5,long,2024-10-23 04:00:00+00:00,2024-10-23 06:55:00+00:00,2748.495,2746.815,2745.375,2754.7349999999997,25,timeout,-0.5384615384615048
PEM,M5,short,2024-10-23 07:35:00+00:00,2024-10-23 08:35:00+00:00,2745.365,2741.504999999999,2747.295,2741.504999999999,13,tp,2.0
PEM,M5,long,2024-10-23 15:05:00+00:00,2024-10-23 16:25:00+00:00,2755.345,2751.935,2751.935,2762.1649999999995,17,sl,-1.0
PEM,M5,long,2024-10-23 18:25:00+00:00,2024-10-23 19:00:00+00:00,2751.828,2749.085,2749.085,2757.314,8,sl,-1.0
PEM,M5,short,2024-10-24 00:50:00+00:00,2024-10-24 00:55:00+00:00,2713.835,2717.055,2717.055,2707.3950000000004,2,sl,-1.0
PEM,M5,long,2024-10-24 08:15:00+00:00,2024-10-24 10:15:00+00:00,2723.005,2723.105,2719.255,2730.505,25,timeout,0.026666666666642413
PEM,M5,long,2024-10-24 11:35:00+00:00,2024-10-24 13:30:00+00:00,2725.948,2733.4339999999997,2722.205,2733.4339999999997,24,tp,2.0
PEM,M5,long,2024-10-24 16:15:00+00:00,2024-10-24 18:15:00+00:00,2738.175,2736.928,2735.305,2743.915000000001,25,timeout,-0.4344947735192154
PEM,M5,long,2024-10-25 00:00:00+00:00,2024-10-25 02:00:00+00:00,2734.885,2734.505,2726.475,2751.705000000001,25,timeout,-0.04518430439953569
PEM,M5,short,2024-10-25 14:45:00+00:00,2024-10-25 16:05:00+00:00,2727.215,2717.755,2731.945,2717.755,17,tp,2.0
PEM,M5,long,2024-10-25 19:55:00+00:00,2024-10-25 21:55:00+00:00,2731.135,2738.305,2724.985,2743.4350000000004,25,timeout,1.165853658536506
PEM,M5,long,2024-10-26 00:35:00+00:00,2024-10-26 02:35:00+00:00,2741.878,2742.415,2736.105,2753.4240000000004,25,timeout,0.09301922743803817
PEM,M5,short,2024-10-28 08:10:00+00:00,2024-10-28 09:45:00+00:00,2730.365,2735.015,2735.015,2721.0649999999996,20,sl,-1.0
PEM,M5,long,2024-10-28 13:50:00+00:00,2024-10-28 14:30:00+00:00,2744.324,2737.665,2737.665,2757.6420000000003,9,sl,-1.0
PEM,M5,short,2024-10-28 16:10:00+00:00,2024-10-28 18:10:00+00:00,2731.025,2731.795,2739.595,2713.8850000000007,25,timeout,-0.08984830805134282
PEM,M5,long,2024-10-28 21:55:00+00:00,2024-10-28 22:40:00+00:00,2744.475,2740.295,2740.295,2752.8349999999996,10,sl,-1.0
PEM,M5,short,2024-10-29 00:20:00+00:00,2024-10-29 00:35:00+00:00,2740.515,2744.785,2744.785,2731.975,4,sl,-1.0
PEM,M5,short,2024-10-29 05:10:00+00:00,2024-10-29 06:55:00+00:00,2740.605,2742.885,2742.885,2736.0449999999996,22,sl,-1.0
PEM,M5,long,2024-10-29 07:40:00+00:00,2024-10-29 09:10:00+00:00,2746.455,2756.1949999999997,2741.585,2756.1949999999997,19,tp,2.0
PEM,M5,long,2024-10-29 11:15:00+00:00,2024-10-29 12:45:00+00:00,2753.974,2751.055,2751.055,2759.812000000001,19,sl,-1.0
PEM,M5,long,2024-10-29 22:10:00+00:00,2024-10-29 22:25:00+00:00,2769.755,2762.105,2762.105,2785.0550000000003,4,sl,-1.0
PEM,M5,long,2024-10-30 00:10:00+00:00,2024-10-30 02:10:00+00:00,2770.765,2773.618,2760.745,2790.805,25,timeout,0.28473053892216277
PEM,M5,long,2024-10-30 05:30:00+00:00,2024-10-30 07:30:00+00:00,2774.835,2777.655,2772.755,2778.995,25,timeout,1.355769230769357
PEM,M5,long,2024-10-30 11:40:00+00:00,2024-10-30 13:20:00+00:00,2779.985,2785.8250000000003,2777.065,2785.8250000000003,21,tp,2.0
PEM,M5,long,2024-10-30 13:50:00+00:00,2024-10-30 15:50:00+00:00,2788.595,2780.475,2778.755,2808.274999999999,25,timeout,-0.8252032520325352
PEM,M5,long,2024-10-30 17:25:00+00:00,2024-10-30 17:35:00+00:00,2785.585,2783.845,2783.845,2789.0650000000005,3,sl,-1.0
PEM,M5,long,2024-10-31 09:45:00+00:00,2024-10-31 10:55:00+00:00,2788.475,2784.675,2784.675,2796.0749999999994,15,sl,-1.0
PEM,M5,short,2024-10-31 15:30:00+00:00,2024-10-31 17:30:00+00:00,2778.135,2778.045,2785.785,2762.835000000001,25,timeout,0.011764705882372523
PEM,M5,short,2024-10-31 22:40:00+00:00,2024-11-01 00:40:00+00:00,2737.675,2740.318,2751.045,2710.9350000000004,25,timeout,-0.19768137621541143
PEM,M5,long,2024-11-01 11:00:00+00:00,2024-11-01 13:00:00+00:00,2751.184,2755.655,2748.275,2757.0020000000004,25,timeout,1.53695427982119
PEM,M5,long,2024-11-01 18:15:00+00:00,2024-11-01 19:30:00+00:00,2752.835,2748.795,2748.795,2760.915,16,sl,-1.0
PEM,M5,short,2024-11-01 22:50:00+00:00,2024-11-02 00:40:00+00:00,2745.638,2736.6039999999994,2750.155,2736.6039999999994,23,tp,2.0
PEM,M5,short,2024-11-02 02:10:00+00:00,2024-11-04 06:00:00+00:00,2734.395,2737.605,2737.605,2727.975,24,sl,-1.0
PEM,M5,long,2024-11-04 10:20:00+00:00,2024-11-04 12:20:00+00:00,2741.855,2742.225,2738.348,2748.869,25,timeout,0.10550327915594078
PEM,M5,long,2024-11-04 14:05:00+00:00,2024-11-04 14:45:00+00:00,2741.125,2737.315,2737.315,2748.745,9,sl,-1.0
PEM,M5,short,2024-11-04 14:50:00+00:00,2024-11-04 16:35:00+00:00,2737.565,2742.045,2742.045,2728.605,22,sl,-1.0
PEM,M5,short,2024-11-04 18:00:00+00:00,2024-11-04 19:50:00+00:00,2737.525,2743.415,2743.415,2725.7450000000003,23,sl,-1.0
PEM,M5,short,2024-11-04 22:40:00+00:00,2024-11-05 00:40:00+00:00,2738.495,2735.825,2745.445,2724.5949999999993,25,timeout,0.384172661870499
PEM,M5,long,2024-11-05 13:45:00+00:00,2024-11-05 15:45:00+00:00,2737.425,2739.625,2731.605,2749.0650000000005,25,timeout,0.3780068728521918
PEM,M5,long,2024-11-06 04:40:00+00:00,2024-11-06 06:00:00+00:00,2744.455,2742.425,2742.425,2748.5149999999994,6,sl,-1.0
PEM,M5,short,2024-11-06 09:45:00+00:00,2024-11-06 11:45:00+00:00,2740.275,2740.245,2748.078,2724.6690000000003,25,timeout,0.0038446751249776416
PEM,M5,short,2024-11-06 13:15:00+00:00,2024-11-06 13:30:00+00:00,2734.964,2722.656,2741.118,2722.656,4,tp,2.0
PEM,M5,short,2024-11-06 16:50:00+00:00,2024-11-06 16:55:00+00:00,2716.895,2724.635,2724.635,2701.4149999999995,2,sl,-1.0
PEM,M5,short,2024-11-06 18:30:00+00:00,2024-11-06 19:00:00+00:00,2714.175,2697.375000000001,2722.575,2697.375000000001,7,tp,2.0
PEM,M5,short,2024-11-06 20:10:00+00:00,2024-11-06 22:10:00+00:00,2685.835,2662.715,2707.885,2641.7349999999997,25,timeout,1.048526077097492
PEM,M5,short,2024-11-07 04:30:00+00:00,2024-11-07 06:10:00+00:00,2659.315,2662.325,2662.325,2653.2950000000005,10,sl,-1.0
PEM,M5,short,2024-11-07 07:55:00+00:00,2024-11-07 08:05:00+00:00,2661.595,2663.795,2663.795,2657.1949999999993,3,sl,-1.0
PEM,M5,long,2024-11-07 10:45:00+00:00,2024-11-07 12:45:00+00:00,2660.295,2656.965,2648.195,2684.495,25,timeout,-0.275206611570244
PEM,M5,long,2024-11-07 14:20:00+00:00,2024-11-07 16:20:00+00:00,2661.555,2662.265,2654.955,2674.7549999999997,25,timeout,0.10757575757576457
PEM,M5,long,2024-11-07 22:30:00+00:00,2024-11-07 23:25:00+00:00,2697.644,2691.285,2691.285,2710.3619999999996,12,sl,-1.0
PEM,M5,short,2024-11-08 02:15:00+00:00,2024-11-08 03:10:00+00:00,2690.095,2700.225,2700.225,2669.8349999999996,12,sl,-1.0
PEM,M5,long,2024-11-08 07:20:00+00:00,2024-11-08 07:50:00+00:00,2708.825,2706.745,2706.745,2712.9849999999997,7,sl,-1.0
PEM,M5,short,2024-11-08 10:40:00+00:00,2024-11-08 12:40:00+00:00,2695.145,2695.475,2698.185,2689.065,25,timeout,-0.10855263157892474
PEM,M5,short,2024-11-09 04:05:00+00:00,2024-11-11 07:00:00+00:00,2684.928,2685.235,2688.425,2677.9339999999993,25,timeout,-0.08778953388625037
PEM,M5,long,2024-11-11 07:05:00+00:00,2024-11-11 08:05:00+00:00,2685.225,2682.305,2682.305,2691.065,13,sl,-1.0
PEM,M5,short,2024-11-11 09:40:00+00:00,2024-11-11 11:40:00+00:00,2669.895,2670.445,2674.035,2661.6150000000002,25,timeout,-0.13285024154594174
PEM,M5,short,2024-11-11 18:05:00+00:00,2024-11-11 20:05:00+00:00,2661.685,2654.834,2669.705,2645.645,25,timeout,0.8542394014962753
PEM,M5,short,2024-11-11 22:40:00+00:00,2024-11-12 00:40:00+00:00,2616.595,2614.785,2623.975,2601.8349999999996,25,timeout,0.24525745257451473
PEM,M5,short,2024-11-12 12:30:00+00:00,2024-11-12 14:25:00+00:00,2611.995,2600.1569999999992,2617.914,2600.1569999999992,24,tp,2.0
PEM,M5,short,2024-11-12 15:50:00+00:00,2024-11-12 17:50:00+00:00,2599.765,2596.364,2607.655,2583.984999999999,25,timeout,0.4310519645120024
PEM,M5,short,2024-11-12 22:35:00+00:00,2024-11-13 00:35:00+00:00,2603.595,2596.515,2610.505,2589.774999999999,25,timeout,1.0246020260491477
PEM,M5,short,2024-11-13 03:15:00+00:00,2024-11-13 06:10:00+00:00,2595.615,2598.225,2601.315,2584.2149999999992,25,timeout,-0.4578947368421057
PEM,M5,long,2024-11-13 09:45:00+00:00,2024-11-13 11:45:00+00:00,2607.395,2609.305,2598.895,2624.395,25,timeout,0.22470588235292405
PEM,M5,short,2024-11-13 15:15:00+00:00,2024-11-13 15:35:00+00:00,2603.005,2606.888,2606.888,2595.2390000000005,5,sl,-1.0
PEM,M5,short,2024-11-13 23:40:00+00:00,2024-11-14 01:40:00+00:00,2589.745,2580.475,2601.468,2566.299,25,timeout,0.790753220165488
PEM,M5,short,2024-11-14 05:00:00+00:00,2024-11-14 06:20:00+00:00,2573.315,2576.935,2576.935,2566.0750000000003,6,sl,-1.0
PEM,M5,short,2024-11-14 12:50:00+00:00,2024-11-14 14:50:00+00:00,2556.288,2557.585,2564.155,2540.5539999999996,25,timeout,-0.16486589551290126
PEM,M5,long,2024-11-14 22:15:00+00:00,2024-11-15 00:15:00+00:00,2567.148,2571.225,2556.035,2589.3740000000007,25,timeout,0.3668676325024446
PEM,M5,short,2024-11-15 04:40:00+00:00,2024-11-15 07:35:00+00:00,2564.505,2566.865,2569.378,2554.759,25,timeout,-0.48430125179553657
PEM,M5,long,2024-11-15 08:15:00+00:00,2024-11-15 08:35:00+00:00,2571.088,2566.084,2566.084,2581.096000000001,5,sl,-1.0
PEM,M5,short,2024-11-15 12:05:00+00:00,2024-11-15 13:10:00+00:00,2566.418,2558.164,2570.545,2558.164,14,tp,2.0
PEM,M5,long,2024-11-15 18:40:00+00:00,2024-11-15 19:10:00+00:00,2570.494,2567.305,2567.305,2576.8720000000008,7,sl,-1.0
PEM,M5,long,2024-11-15 20:05:00+00:00,2024-11-15 20:30:00+00:00,2569.468,2565.538,2565.538,2577.3279999999995,6,sl,-1.0
PEM,M5,long,2024-11-15 21:30:00+00:00,2024-11-15 21:40:00+00:00,2573.555,2569.144,2569.144,2582.377,3,sl,-1.0
PEM,M5,long,2024-11-15 23:15:00+00:00,2024-11-15 23:35:00+00:00,2572.185,2564.928,2564.928,2586.699,5,sl,-1.0
PEM,M5,short,2024-11-16 04:40:00+00:00,2024-11-16 05:00:00+00:00,2561.025,2562.315,2562.315,2558.445,5,sl,-1.0
PEM,M5,long,2024-11-18 08:35:00+00:00,2024-11-18 10:35:00+00:00,2594.425,2589.785,2570.305,2642.665000000001,25,timeout,-0.19237147595357632
PEM,M5,long,2024-11-19 06:30:00+00:00,2024-11-19 08:05:00+00:00,2612.105,2615.7190000000005,2610.298,2615.7190000000005,20,tp,2.0
PEM,M5,long,2024-11-19 19:30:00+00:00,2024-11-19 20:30:00+00:00,2635.255,2629.125,2629.125,2647.5150000000003,13,sl,-1.0
PEM,M5,long,2024-11-20 00:25:00+00:00,2024-11-20 02:25:00+00:00,2630.395,2630.695,2622.135,2646.9149999999995,25,timeout,0.036319612590822094
PEM,M5,long,2024-11-20 03:25:00+00:00,2024-11-20 06:20:00+00:00,2631.905,2633.684,2629.445,2636.8250000000003,25,timeout,0.723170731707305
PEM,M5,short,2024-11-20 18:25:00+00:00,2024-11-20 18:55:00+00:00,2622.245,2625.405,2625.405,2615.9249999999993,7,sl,-1.0
PEM,M5,long,2024-11-20 20:15:00+00:00,2024-11-20 21:40:00+00:00,2635.084,2645.1219999999994,2630.065,2645.1219999999994,18,tp,2.0
PEM,M5,long,2024-11-21 00:10:00+00:00,2024-11-21 02:10:00+00:00,2651.765,2649.685,2643.365,2668.565,25,timeout,-0.24761904761903628
PEM,M5,long,2024-11-21 06:50:00+00:00,2024-11-21 08:00:00+00:00,2652.685,2660.0589999999997,2648.998,2660.0589999999997,15,tp,2.0
PEM,M5,long,2024-11-21 11:05:00+00:00,2024-11-21 13:05:00+00:00,2657.488,2657.135,2652.695,2667.073999999999,25,timeout,-0.07364907156261953
PEM,M5,long,2024-11-21 14:35:00+00:00,2024-11-21 16:35:00+00:00,2663.225,2666.225,2656.145,2677.3849999999998,25,timeout,0.4237288135593264
PEM,M5,long,2024-11-22 04:05:00+00:00,2024-11-22 04:25:00+00:00,2671.325,2668.705,2668.705,2676.5649999999996,5,sl,-1.0
PEM,M5,long,2024-11-22 07:20:00+00:00,2024-11-22 08:00:00+00:00,2671.245,2676.2469999999994,2668.744,2676.2469999999994,9,tp,2.0
PEM,M5,long,2024-11-22 09:45:00+00:00,2024-11-22 11:45:00+00:00,2685.795,2685.395,2680.435,2696.5150000000003,25,timeout,-0.07462686567165698
PEM,M5,long,2024-11-22 14:00:00+00:00,2024-11-22 16:00:00+00:00,2692.485,2695.955,2684.585,2708.2850000000003,25,timeout,0.4392405063290835
PEM,M5,long,2024-11-22 16:45:00+00:00,2024-11-22 18:45:00+00:00,2705.775,2700.745,2694.135,2729.055,25,timeout,-0.43213058419246175
PEM,M5,long,2024-11-23 01:10:00+00:00,2024-11-23 03:10:00+00:00,2708.585,2705.785,2703.885,2717.9849999999997,25,timeout,-0.5957446808511256
PEM,M5,short,2024-11-26 06:40:00+00:00,2024-11-26 06:45:00+00:00,2621.835,2609.889,2627.808,2609.889,2,tp,2.0
PEM,M5,long,2024-11-26 08:15:00+00:00,2024-11-26 10:15:00+00:00,2627.725,2627.735,2620.585,2642.0049999999997,25,timeout,0.001400560224120232
PEM,M5,short,2024-11-26 14:30:00+00:00,2024-11-26 16:30:00+00:00,2617.905,2622.245,2623.375,2606.9650000000006,25,timeout,-0.7934186471663345
PEM,M5,long,2024-11-26 16:45:00+00:00,2024-11-26 18:45:00+00:00,2625.375,2631.955,2611.805,2652.5150000000003,25,timeout,0.4848931466470043
PEM,M5,long,2024-11-26 22:50:00+00:00,2024-11-27 00:50:00+00:00,2632.465,2626.594,2621.485,2654.425,25,timeout,-0.5346994535519203
PEM,M5,long,2024-11-27 03:00:00+00:00,2024-11-27 05:00:00+00:00,2628.525,2632.785,2623.998,2637.579,25,timeout,0.941020543406168
PEM,M5,long,2024-11-27 09:35:00+00:00,2024-11-27 11:35:00+00:00,2637.605,2640.205,2629.445,2653.9249999999997,25,timeout,0.3186274509803867
PEM,M5,long,2024-11-28 11:30:00+00:00,2024-11-28 13:30:00+00:00,2633.214,2635.895,2629.165,2641.312,25,timeout,0.662138799703644
PEM,M5,long,2024-11-28 13:35:00+00:00,2024-11-28 15:35:00+00:00,2635.895,2639.785,2631.775,2644.1349999999998,25,timeout,0.9441747572815475
PEM,M5,long,2024-11-28 16:05:00+00:00,2024-11-28 18:05:00+00:00,2644.615,2648.085,2636.845,2660.1549999999997,25,timeout,0.4465894465894804
PEM,M5,short,2024-11-28 22:45:00+00:00,2024-11-29 00:45:00+00:00,2636.695,2641.405,2642.985,2624.1150000000002,25,timeout,-0.7488076311605825
PEM,M5,short,2024-11-29 06:35:00+00:00,2024-11-29 08:00:00+00:00,2638.145,2634.4249999999997,2640.005,2634.4249999999997,18,tp,2.0
PEM,M5,long,2024-11-29 23:10:00+00:00,2024-11-30 01:10:00+00:00,2660.875,2659.115,2653.115,2676.3950000000004,25,timeout,-0.22680412371136197
PEM,M5,short,2024-11-30 02:20:00+00:00,2024-12-02 06:35:00+00:00,2649.894,2643.251999999999,2653.215,2643.251999999999,14,tp,2.0
PEM,M5,short,2024-12-02 07:20:00+00:00,2024-12-02 07:35:00+00:00,2644.535,2639.8489999999993,2646.878,2639.8489999999993,4,tp,2.0
PEM,M5,short,2024-12-02 09:15:00+00:00,2024-12-02 11:15:00+00:00,2631.745,2628.965,2637.305,2620.625,25,timeout,0.4999999999999591
PEM,M5,long,2024-12-03 03:40:00+00:00,2024-12-03 06:35:00+00:00,2643.765,2642.525,2636.095,2659.105,25,timeout,-0.16166883963491133
PEM,M5,long,2024-12-03 13:00:00+00:00,2024-12-03 15:00:00+00:00,2641.595,2644.735,2636.985,2650.814999999999,25,timeout,0.6811279826465402
PEM,M5,short,2024-12-04 02:35:00+00:00,2024-12-04 04:35:00+00:00,2641.335,2643.405,2646.365,2631.2750000000005,25,timeout,-0.4115308151093973
PEM,M5,long,2024-12-04 10:50:00+00:00,2024-12-04 12:50:00+00:00,2646.175,2649.114,2643.345,2651.835000000001,25,timeout,1.038515901059878
PEM,M5,long,2024-12-04 18:40:00+00:00,2024-12-04 18:50:00+00:00,2647.115,2643.835,2643.835,2653.6749999999993,3,sl,-1.0
PEM,M5,long,2024-12-04 21:35:00+00:00,2024-12-04 23:35:00+00:00,2651.975,2652.075,2645.315,2665.2949999999996,25,timeout,0.015015015015001687
PEM,M5,long,2024-12-05 14:45:00+00:00,2024-12-05 15:10:00+00:00,2649.835,2646.925,2646.925,2655.6549999999997,6,sl,-1.0
PEM,M5,short,2024-12-05 23:35:00+00:00,2024-12-06 01:35:00+00:00,2638.675,2626.775,2650.925,2614.175,25,timeout,0.9714285714285789
PEM,M5,short,2024-12-06 21:15:00+00:00,2024-12-06 22:15:00+00:00,2626.885,2639.915,2639.915,2600.8250000000007,13,sl,-1.0
PEM,M5,short,2024-12-07 00:45:00+00:00,2024-12-07 02:45:00+00:00,2635.435,2633.455,2639.998,2626.3089999999997,25,timeout,0.433925049309659
PEM,M5,short,2024-12-09 07:40:00+00:00,2024-12-09 08:15:00+00:00,2627.835,2642.848,2642.848,2597.809,8,sl,-1.0
PEM,M5,short,2024-12-09 11:05:00+00:00,2024-12-09 13:05:00+00:00,2638.835,2639.745,2643.225,2630.0550000000003,25,timeout,-0.20728929384963118
PEM,M5,long,2024-12-09 14:30:00+00:00,2024-12-09 16:30:00+00:00,2646.605,2652.385,2641.745,2656.3250000000003,25,timeout,1.1893004115226438
PEM,M5,short,2024-12-10 02:20:00+00:00,2024-12-10 04:20:00+00:00,2660.875,2659.305,2663.975,2654.675,25,timeout,0.5064516129032934
PEM,M5,short,2024-12-10 07:15:00+00:00,2024-12-10 07:50:00+00:00,2657.965,2661.475,2661.475,2650.9450000000006,8,sl,-1.0
PEM,M5,long,2024-12-10 11:15:00+00:00,2024-12-10 13:15:00+00:00,2673.115,2667.698,2659.905,2699.534999999999,25,timeout,-0.41006813020439725
PEM,M5,short,2024-12-10 15:00:00+00:00,2024-12-10 17:00:00+00:00,2664.305,2665.015,2669.715,2653.484999999999,25,timeout,-0.1312384473197774
PEM,M5,long,2024-12-10 17:40:00+00:00,2024-12-10 19:10:00+00:00,2668.835,2677.075,2664.715,2677.075,19,tp,2.0
PEM,M5,long,2024-12-11 06:55:00+00:00,2024-12-11 07:10:00+00:00,2697.385,2693.965,2693.965,2704.2250000000004,4,sl,-1.0
PEM,M5,long,2024-12-11 09:35:00+00:00,2024-12-11 10:45:00+00:00,2704.0,2694.208,2694.208,2723.584,15,sl,-1.0
PEM,M5,short,2024-12-11 11:45:00+00:00,2024-12-11 13:25:00+00:00,2684.745,2695.195,2695.195,2663.8449999999993,21,sl,-1.0
PEM,M5,long,2024-12-11 17:15:00+00:00,2024-12-11 19:15:00+00:00,2695.854,2696.874,2689.954,2707.653999999999,25,timeout,0.17288135593221096
PEM,M5,long,2024-12-11 22:05:00+00:00,2024-12-12 00:05:00+00:00,2707.014,2718.765,2699.884,2721.2740000000003,25,timeout,1.6481065918652973
PEM,M5,long,2024-12-12 01:30:00+00:00,2024-12-12 01:35:00+00:00,2720.385,2718.575,2718.575,2724.005000000001,2,sl,-1.0
PEM,M5,long,2024-12-12 06:45:00+00:00,2024-12-12 08:05:00+00:00,2719.515,2724.9549999999995,2716.795,2724.9549999999995,17,tp,2.0
PEM,M5,short,2024-12-12 09:15:00+00:00,2024-12-12 11:15:00+00:00,2706.665,2710.285,2723.705,2672.585,25,timeout,-0.21244131455398466
PEM,M5,short,2024-12-12 19:55:00+00:00,2024-12-12 21:05:00+00:00,2706.895,2696.275,2712.205,2696.275,15,tp,2.0
PEM,M5,short,2024-12-12 22:20:00+00:00,2024-12-13 00:20:00+00:00,2681.515,2683.014,2687.735,2669.0749999999994,25,timeout,-0.2409967845659469
PEM,M5,short,2024-12-13 04:00:00+00:00,2024-12-13 04:25:00+00:00,2680.215,2682.855,2682.855,2674.9350000000004,6,sl,-1.0
PEM,M5,long,2024-12-13 10:25:00+00:00,2024-12-13 11:35:00+00:00,2687.675,2685.515,2685.515,2691.995000000001,15,sl,-1.0
PEM,M5,short,2024-12-13 16:00:00+00:00,2024-12-13 18:00:00+00:00,2678.625,2667.348,2688.764,2658.3469999999998,25,timeout,1.1122398658644743
PEM,M5,short,2024-12-13 20:15:00+00:00,2024-12-13 21:40:00+00:00,2667.165,2657.325,2672.085,2657.325,18,tp,2.0
PEM,M5,short,2024-12-16 07:45:00+00:00,2024-12-16 08:20:00+00:00,2648.835,2652.095,2652.095,2642.3150000000005,8,sl,-1.0
PEM,M5,long,2024-12-16 13:35:00+00:00,2024-12-16 14:05:00+00:00,2653.775,2651.925,2651.925,2657.475,7,sl,-1.0
PEM,M5,long,2024-12-16 17:35:00+00:00,2024-12-16 17:35:00+00:00,2659.835,2657.825,2657.825,2663.8550000000005,1,sl,-1.0
PEM,M5,short,2024-12-16 22:30:00+00:00,2024-12-17 00:30:00+00:00,2651.885,2654.098,2660.448,2634.759000000001,25,timeout,-0.25843746350576074
PEM,M5,short,2024-12-17 11:45:00+00:00,2024-12-17 12:05:00+00:00,2653.065,2649.5450000000005,2654.825,2649.5450000000005,5,tp,2.0
PEM,M5,long,2024-12-17 14:25:00+00:00,2024-12-17 15:30:00+00:00,2653.574,2647.745,2647.745,2665.2320000000004,14,sl,-1.0
PEM,M5,short,2024-12-17 21:00:00+00:00,2024-12-17 23:00:00+00:00,2635.445,2639.348,2643.115,2620.105000000001,25,timeout,-0.5088657105606241
PEM,M5,long,2024-12-18 12:35:00+00:00,2024-12-18 14:35:00+00:00,2647.238,2643.875,2643.875,2653.9639999999995,25,sl,-1.0
PEM,M5,short,2024-12-18 23:50:00+00:00,2024-12-19 01:50:00+00:00,2634.5,2635.585,2647.125,2609.25,25,timeout,-0.08594059405940882
PEM,M5,short,2024-12-19 02:10:00+00:00,2024-12-19 03:35:00+00:00,2622.824,2591.6020000000003,2638.435,2591.6020000000003,18,tp,2.0
PEM,M5,short,2024-12-19 04:40:00+00:00,2024-12-19 07:35:00+00:00,2587.085,2593.665,2607.005,2547.245,25,timeout,-0.33032128514055736
PEM,M5,long,2024-12-19 14:20:00+00:00,2024-12-19 14:30:00+00:00,2614.435,2619.609,2611.848,2619.609,3,tp,2.0
PEM,M5,short,2024-12-19 19:25:00+00:00,2024-12-19 19:55:00+00:00,2612.935,2604.355,2617.225,2604.355,7,tp,2.0
PEM,M5,short,2024-12-19 22:45:00+00:00,2024-12-19 23:25:00+00:00,2587.465,2592.125,2592.125,2578.1450000000004,9,sl,-1.0
PEM,M5,short,2024-12-20 04:25:00+00:00,2024-12-20 07:20:00+00:00,2594.355,2592.135,2596.835,2589.395,25,timeout,0.8951612903224934
PEM,M5,long,2024-12-20 13:20:00+00:00,2024-12-20 13:30:00+00:00,2600.965,2603.6590000000006,2599.618,2603.6590000000006,3,tp,2.0
PEM,M5,long,2024-12-21 02:50:00+00:00,2024-12-21 03:00:00+00:00,2628.415,2626.448,2626.448,2632.349,3,sl,-1.0
PEM,M5,long,2024-12-23 06:45:00+00:00,2024-12-23 07:35:00+00:00,2623.875,2621.648,2621.648,2628.3289999999997,11,sl,-1.0
PEM,M5,long,2024-12-23 09:20:00+00:00,2024-12-23 11:20:00+00:00,2625.648,2625.915,2618.945,2639.054,25,timeout,0.0398329106370023
PEM,M5,short,2024-12-23 18:50:00+00:00,2024-12-23 20:50:00+00:00,2614.788,2619.085,2624.065,2596.234,25,timeout,-0.4631885307750356
PEM,M5,long,2024-12-24 04:35:00+00:00,2024-12-24 07:30:00+00:00,2612.755,2614.655,2610.175,2617.915,25,timeout,0.7364341085271878
PEM,M5,long,2024-12-24 11:05:00+00:00,2024-12-24 13:05:00+00:00,2619.225,2618.124,2616.965,2623.7449999999994,25,timeout,-0.48716814159302124
PEM,M5,short,2024-12-24 16:50:00+00:00,2024-12-24 18:50:00+00:00,2613.555,2614.755,2620.798,2599.069,25,timeout,-0.16567720557783833
PEM,M5,long,2024-12-24 23:40:00+00:00,2024-12-25 01:40:00+00:00,2616.875,2616.448,2609.935,2630.755,25,timeout,-0.061527377521632745
PEM,M5,long,2024-12-26 06:35:00+00:00,2024-12-26 08:35:00+00:00,2619.645,2627.198,2615.765,2627.405,25,timeout,1.9466494845359976
PEM,M5,long,2024-12-26 10:05:00+00:00,2024-12-26 12:05:00+00:00,2628.205,2626.205,2625.365,2633.885,25,timeout,-0.7042253521126399
PEM,M5,long,2024-12-26 22:55:00+00:00,2024-12-27 00:20:00+00:00,2638.295,2629.925,2629.925,2655.035,18,sl,-1.0
PEM,M5,short,2024-12-27 09:20:00+00:00,2024-12-27 09:55:00+00:00,2630.395,2632.575,2632.575,2626.0350000000003,8,sl,-1.0
PEM,M5,long,2024-12-27 13:30:00+00:00,2024-12-27 15:05:00+00:00,2635.798,2629.255,2629.255,2648.883999999999,20,sl,-1.0
PEM,M5,short,2024-12-27 21:05:00+00:00,2024-12-27 23:05:00+00:00,2618.085,2618.448,2630.455,2593.3450000000003,25,timeout,-0.029345189975734213
PEM,M5,long,2024-12-28 04:50:00+00:00,2024-12-30 07:45:00+00:00,2619.085,2623.698,2614.798,2627.6590000000006,25,timeout,1.076043853510508
PEM,M5,long,2024-12-30 10:30:00+00:00,2024-12-30 11:35:00+00:00,2627.048,2622.848,2622.848,2635.4479999999994,14,sl,-1.0
PEM,M5,short,2024-12-30 16:50:00+00:00,2024-12-30 18:50:00+00:00,2613.048,2617.935,2619.295,2600.553999999999,25,timeout,-0.7822955018408736
PEM,M5,long,2024-12-30 19:50:00+00:00,2024-12-30 20:40:00+00:00,2619.375,2614.525,2614.525,2629.075,11,sl,-1.0
PEM,M5,short,2024-12-30 22:15:00+00:00,2024-12-31 00:15:00+00:00,2601.785,2603.435,2613.095,2579.165,25,timeout,-0.14588859416446498
PEM,M5,long,2024-12-31 08:00:00+00:00,2024-12-31 10:00:00+00:00,2608.398,2606.625,2606.345,2612.504000000001,25,timeout,-0.8636142230880887
PEM,M5,long,2024-12-31 15:50:00+00:00,2024-12-31 17:50:00+00:00,2616.048,2613.548,2606.685,2634.7739999999994,25,timeout,-0.26700843746662883
PEM,M5,long,2024-12-31 21:45:00+00:00,2024-12-31 22:55:00+00:00,2615.775,2624.9550000000004,2611.185,2624.9550000000004,15,tp,2.0
PEM,M5,long,2024-12-31 23:45:00+00:00,2025-01-01 01:45:00+00:00,2626.385,2625.335,2622.484,2634.187000000001,25,timeout,-0.26916175339659126
PEM,M5,long,2025-01-02 12:35:00+00:00,2025-01-02 13:00:00+00:00,2635.348,2633.048,2633.048,2639.9480000000003,6,sl,-1.0
PEM,M5,long,2025-01-02 19:45:00+00:00,2025-01-02 20:15:00+00:00,2644.0,2640.148,2640.148,2651.7039999999997,7,sl,-1.0
PEM,M5,long,2025-01-02 22:45:00+00:00,2025-01-03 00:45:00+00:00,2652.328,2653.098,2645.995,2664.994,25,timeout,0.12158534659718484
PEM,M5,long,2025-01-03 01:05:00+00:00,2025-01-03 03:05:00+00:00,2656.144,2655.135,2652.348,2663.7359999999994,25,timeout,-0.26580611169641916
PEM,M5,long,2025-01-03 10:05:00+00:00,2025-01-03 12:05:00+00:00,2661.865,2661.558,2658.158,2669.2789999999995,25,timeout,-0.08281629349873185
PEM,M5,long,2025-01-03 18:05:00+00:00,2025-01-03 20:05:00+00:00,2657.695,2653.685,2652.928,2667.2290000000007,25,timeout,-0.8411999160897803
PEM,M5,short,2025-01-06 11:25:00+00:00,2025-01-06 12:50:00+00:00,2637.765,2632.0849999999996,2640.605,2632.0849999999996,18,tp,2.0
PEM,M5,short,2025-01-06 14:45:00+00:00,2025-01-06 16:15:00+00:00,2627.405,2634.535,2634.535,2613.145000000001,19,sl,-1.0
PEM,M5,long,2025-01-06 18:25:00+00:00,2025-01-06 20:25:00+00:00,2639.508,2642.494,2629.205,2660.1139999999996,25,timeout,0.2898184994662103
PEM,M5,long,2025-01-07 12:30:00+00:00,2025-01-07 14:30:00+00:00,2643.355,2641.005,2638.295,2653.475,25,timeout,-0.4644268774703428
PEM,M5,long,2025-01-07 17:20:00+00:00,2025-01-07 18:50:00+00:00,2642.845,2647.604999999999,2640.465,2647.604999999999,19,tp,2.0
PEM,M5,long,2025-01-08 04:00:00+00:00,2025-01-08 06:55:00+00:00,2650.545,2649.595,2647.215,2657.205,25,timeout,-0.28528528528537345
PEM,M5,short,2025-01-08 10:45:00+00:00,2025-01-08 11:15:00+00:00,2646.045,2648.458,2648.458,2641.219,7,sl,-1.0
PEM,M5,long,2025-01-08 12:30:00+00:00,2025-01-08 14:30:00+00:00,2649.248,2652.785,2646.655,2654.4339999999997,25,timeout,1.364057076745089
PEM,M5,long,2025-01-08 17:45:00+00:00,2025-01-08 18:00:00+00:00,2654.465,2652.414,2652.414,2658.567,4,sl,-1.0
PEM,M5,long,2025-01-08 23:50:00+00:00,2025-01-09 00:30:00+00:00,2667.584,2661.435,2661.435,2679.8819999999996,9,sl,-1.0
PEM,M5,short,2025-01-09 02:00:00+00:00,2025-01-09 02:20:00+00:00,2652.505,2659.005,2659.005,2639.505,5,sl,-1.0
PEM,M5,long,2025-01-09 03:55:00+00:00,2025-01-09 06:50:00+00:00,2661.935,2662.698,2656.405,2672.9949999999994,25,timeout,0.13797468354429568
PEM,M5,long,2025-01-09 10:15:00+00:00,2025-01-09 11:35:00+00:00,2660.285,2656.525,2656.525,2667.8049999999994,17,sl,-1.0
PEM,M5,long,2025-01-10 01:20:00+00:00,2025-01-10 03:20:00+00:00,2668.955,2669.675,2664.835,2677.1949999999997,25,timeout,0.1747572815534645
PEM,M5,long,2025-01-10 17:15:00+00:00,2025-01-10 19:05:00+00:00,2680.334,2678.338,2678.338,2684.325999999999,23,sl,-1.0
PEM,M5,long,2025-01-10 23:55:00+00:00,2025-01-11 01:25:00+00:00,2694.304,2688.304,2688.304,2706.304,19,sl,-1.0
PEM,M5,short,2025-01-11 02:05:00+00:00,2025-01-11 04:05:00+00:00,2685.845,2692.325,2694.959,2667.6169999999997,25,timeout,-0.7109940750493741
PEM,M5,short,2025-01-13 17:10:00+00:00,2025-01-13 19:10:00+00:00,2680.048,2670.658,2690.655,2658.833999999999,25,timeout,0.8852644480059862
PEM,M5,short,2025-01-13 23:05:00+00:00,2025-01-14 01:05:00+00:00,2661.005,2660.125,2669.608,2643.799,25,timeout,0.10228989887249824
PEM,M5,long,2025-01-14 04:00:00+00:00,2025-01-14 06:45:00+00:00,2662.735,2667.8750000000005,2660.165,2667.8750000000005,23,tp,2.0
PEM,M5,long,2025-01-14 07:45:00+00:00,2025-01-14 09:45:00+00:00,2669.335,2670.345,2667.369,2673.267,25,timeout,0.5137334689724403
PEM,M5,long,2025-01-14 11:50:00+00:00,2025-01-14 12:35:00+00:00,2672.315,2669.415,2669.415,2678.1150000000002,10,sl,-1.0
PEM,M5,long,2025-01-14 23:25:00+00:00,2025-01-14 23:30:00+00:00,2673.065,2670.358,2670.358,2678.479,2,sl,-1.0
PEM,M5,long,2025-01-15 02:05:00+00:00,2025-01-15 04:05:00+00:00,2672.165,2676.265,2669.245,2678.005,25,timeout,1.4041095890410298
PEM,M5,long,2025-01-15 09:55:00+00:00,2025-01-15 11:55:00+00:00,2674.795,2675.135,2669.979,2684.4270000000006,25,timeout,0.0705980066445447
PEM,M5,long,2025-01-15 12:50:00+00:00,2025-01-15 14:50:00+00:00,2677.885,2681.595,2673.275,2687.1050000000005,25,timeout,0.8047722342732059
PEM,M5,short,2025-01-15 22:10:00+00:00,2025-01-16 00:00:00+00:00,2679.435,2689.368,2689.368,2659.569,23,sl,-1.0
PEM,M5,long,2025-01-16 04:05:00+00:00,2025-01-16 04:35:00+00:00,2696.495,2694.448,2694.448,2700.589,7,sl,-1.0
PEM,M5,long,2025-01-16 08:15:00+00:00,2025-01-16 08:55:00+00:00,2699.725,2695.395,2695.395,2708.3849999999998,9,sl,-1.0
PEM,M5,long,2025-01-16 14:20:00+00:00,2025-01-16 16:20:00+00:00,2698.405,2704.465,2691.478,2712.2590000000005,25,timeout,0.8748375920311574
PEM,M5,long,2025-01-16 16:30:00+00:00,2025-01-16 18:30:00+00:00,2705.278,2709.035,2696.418,2722.997999999999,25,timeout,0.42404063205419873
PEM,M5,short,2025-01-17 04:15:00+00:00,2025-01-17 07:10:00+00:00,2713.845,2714.425,2718.385,2704.764999999999,25,timeout,-0.12775330396483006
PEM,M5,long,2025-01-17 22:10:00+00:00,2025-01-18 00:10:00+00:00,2714.478,2711.505,2706.035,2731.3640000000005,25,timeout,-0.35212602155630485
PEM,M5,short,2025-01-18 03:00:00+00:00,2025-01-18 05:00:00+00:00,2702.905,2702.645,2707.495,2693.725000000001,25,timeout,0.05664488017434331
PEM,M5,short,2025-01-20 06:30:00+00:00,2025-01-20 08:30:00+00:00,2693.699,2693.195,2703.735,2673.627,25,timeout,0.050219210840962786
PEM,M5,long,2025-01-20 13:45:00+00:00,2025-01-20 14:15:00+00:00,2709.315,2706.675,2706.675,2714.595,7,sl,-1.0
PEM,M5,long,2025-01-20 20:30:00+00:00,2025-01-20 20:30:00+00:00,2709.715,2707.515,2707.515,2714.1150000000007,1,sl,-1.0
PEM,M5,short,2025-01-21 00:25:00+00:00,2025-01-21 00:25:00+00:00,2705.305,2708.605,2708.605,2698.7049999999995,1,sl,-1.0
PEM,M5,short,2025-01-21 06:00:00+00:00,2025-01-21 06:55:00+00:00,2706.055,2710.505,2710.505,2697.1549999999993,12,sl,-1.0
PEM,M5,short,2025-01-21 08:00:00+00:00,2025-01-21 08:30:00+00:00,2704.155,2711.135,2711.135,2690.195,7,sl,-1.0
PEM,M5,long,2025-01-21 09:50:00+00:00,2025-01-21 11:50:00+00:00,2725.048,2726.935,2711.375,2752.3939999999993,25,timeout,0.13800921524173204
PEM,M5,short,2025-01-21 18:15:00+00:00,2025-01-21 18:30:00+00:00,2717.875,2720.308,2720.308,2713.009,4,sl,-1.0
PEM,M5,long,2025-01-21 19:30:00+00:00,2025-01-21 21:30:00+00:00,2725.188,2729.698,2720.595,2734.3740000000007,25,timeout,0.981929022425314
PEM,M5,long,2025-01-21 23:25:00+00:00,2025-01-22 01:25:00+00:00,2743.748,2743.498,2734.795,2761.654,25,timeout,-0.027923601027588597
PEM,M5,long,2025-01-22 04:45:00+00:00,2025-01-22 07:40:00+00:00,2743.535,2744.808,2740.985,2748.6349999999993,25,timeout,0.49921568627461743
PEM,M5,long,2025-01-22 07:55:00+00:00,2025-01-22 09:55:00+00:00,2747.625,2748.425,2742.675,2757.5249999999996,25,timeout,0.1616161616162043
PEM,M5,long,2025-01-22 10:45:00+00:00,2025-01-22 12:45:00+00:00,2750.835,2755.365,2748.095,2756.3150000000005,25,timeout,1.653284671532611
PEM,M5,long,2025-01-22 15:50:00+00:00,2025-01-22 16:05:00+00:00,2752.105,2756.739,2749.788,2756.739,4,tp,2.0
PEM,M5,long,2025-01-22 22:55:00+00:00,2025-01-23 00:55:00+00:00,2759.555,2757.065,2753.835,2770.9949999999994,25,timeout,-0.4353146853146624
PEM,M5,short,2025-01-23 16:05:00+00:00,2025-01-23 16:25:00+00:00,2752.625,2748.505,2754.685,2748.505,5,tp,2.0
PEM,M5,long,2025-01-24 00:20:00+00:00,2025-01-24 02:20:00+00:00,2754.818,2756.568,2752.058,2760.3380000000006,25,timeout,0.6340579710144426
PEM,M5,long,2025-01-24 02:30:00+00:00,2025-01-24 03:00:00+00:00,2757.708,2754.828,2754.828,2763.4680000000003,7,sl,-1.0
PEM,M5,short,2025-01-24 03:10:00+00:00,2025-01-24 06:05:00+00:00,2752.578,2753.455,2756.315,2745.104,25,timeout,-0.234680224779217
PEM,M5,long,2025-01-24 10:10:00+00:00,2025-01-24 10:25:00+00:00,2776.495,2771.785,2771.785,2785.915,4,sl,-1.0
PEM,M5,long,2025-01-24 12:15:00+00:00,2025-01-24 13:10:00+00:00,2773.535,2777.3949999999995,2771.605,2777.3949999999995,12,tp,2.0
PEM,M5,long,2025-01-24 16:30:00+00:00,2025-01-24 16:40:00+00:00,2776.495,2773.165,2773.165,2783.1549999999997,3,sl,-1.0
PEM,M5,long,2025-01-24 18:40:00+00:00,2025-01-24 20:40:00+00:00,2779.095,2782.085,2771.885,2793.514999999999,25,timeout,0.4147018030513745
PEM,M5,short,2025-01-27 06:05:00+00:00,2025-01-27 08:05:00+00:00,2767.498,2772.355,2772.655,2757.1839999999997,25,timeout,-0.9418266433972905
PEM,M5,short,2025-01-27 09:25:00+00:00,2025-01-27 11:25:00+00:00,2755.955,2757.585,2763.825,2740.215,25,timeout,-0.20711562897079183
PEM,M5,short,2025-01-28 10:35:00+00:00,2025-01-28 12:00:00+00:00,2738.945,2741.335,2741.335,2734.1650000000004,18,sl,-1.0
PEM,M5,long,2025-01-28 12:10:00+00:00,2025-01-28 13:40:00+00:00,2743.255,2739.405,2739.405,2750.955,19,sl,-1.0
PEM,M5,long,2025-01-28 20:05:00+00:00,2025-01-28 21:05:00+00:00,2745.415,2750.1549999999997,2743.045,2750.1549999999997,13,tp,2.0
PEM,M5,long,2025-01-28 23:15:00+00:00,2025-01-29 01:15:00+00:00,2757.835,2760.305,2746.155,2781.1949999999997,25,timeout,0.21147260273971186
PEM,M5,short,2025-01-29 12:00:00+00:00,2025-01-29 14:00:00+00:00,2762.425,2758.8650000000007,2764.205,2758.8650000000007,25,tp,2.0
PEM,M5,short,2025-01-29 14:10:00+00:00,2025-01-29 15:15:00+00:00,2758.845,2762.425,2762.425,2751.684999999999,14,sl,-1.0
PEM,M5,short,2025-01-29 17:50:00+00:00,2025-01-29 19:50:00+00:00,2757.195,2756.445,2763.475,2744.6350000000007,25,timeout,0.11942675159236153
PEM,M5,long,2025-01-30 09:20:00+00:00,2025-01-30 09:35:00+00:00,2760.395,2759.305,2759.305,2762.5750000000003,4,sl,-1.0
PEM,M5,long,2025-01-30 14:50:00+00:00,2025-01-30 16:50:00+00:00,2767.685,2774.895,2760.775,2781.5049999999997,25,timeout,1.043415340086858
PEM,M5,long,2025-01-31 07:00:00+00:00,2025-01-31 09:00:00+00:00,2795.315,2795.995,2792.785,2800.3750000000005,25,timeout,0.26877470355722627
PEM,M5,short,2025-01-31 13:30:00+00:00,2025-01-31 14:15:00+00:00,2793.535,2796.075,2796.075,2788.455,10,sl,-1.0
PEM,M5,long,2025-01-31 22:00:00+00:00,2025-02-01 00:00:00+00:00,2809.058,2807.645,2804.015,2819.1440000000002,25,timeout,-0.28019036287923405
PEM,M5,short,2025-02-01 02:05:00+00:00,2025-02-01 04:05:00+00:00,2797.675,2801.008,2810.808,2771.4090000000006,25,timeout,-0.2537881672123412
PEM,M5,long,2025-02-03 12:25:00+00:00,2025-02-03 14:25:00+00:00,2782.805,2786.178,2778.275,2791.8649999999993,25,timeout,0.744591611479081
PEM,M5,long,2025-02-03 21:45:00+00:00,2025-02-03 22:00:00+00:00,2816.605,2829.9249999999997,2809.945,2829.9249999999997,4,tp,2.0
PEM,M5,short,2025-02-04 04:00:00+00:00,2025-02-04 04:00:00+00:00,2815.575,2817.245,2817.245,2812.2349999999997,1,sl,-1.0
PEM,M5,long,2025-02-04 08:25:00+00:00,2025-02-04 08:50:00+00:00,2818.415,2823.675,2815.785,2823.675,6,tp,2.0
PEM,M5,short,2025-02-04 10:50:00+00:00,2025-02-04 12:50:00+00:00,2817.545,2815.465,2822.795,2807.045,25,timeout,0.3961904761904623
PEM,M5,short,2025-02-04 14:35:00+00:00,2025-02-04 14:55:00+00:00,2807.355,2813.565,2813.565,2794.935,5,sl,-1.0
PEM,M5,long,2025-02-04 16:25:00+00:00,2025-02-04 18:25:00+00:00,2817.305,2814.805,2809.055,2833.805,25,timeout,-0.30303030303030304
PEM,M5,long,2025-02-04 21:35:00+00:00,2025-02-04 23:35:00+00:00,2836.545,2840.545,2821.165,2867.3050000000003,25,timeout,0.26007802340702024
PEM,M5,long,2025-02-05 00:35:00+00:00,2025-02-05 02:35:00+00:00,2842.855,2843.565,2836.745,2855.0750000000003,25,timeout,0.11620294599018356
PEM,M5,long,2025-02-05 07:40:00+00:00,2025-02-05 08:35:00+00:00,2847.735,2840.345,2840.345,2862.515000000001,12,sl,-1.0
PEM,M5,long,2025-02-05 09:15:00+00:00,2025-02-05 11:15:00+00:00,2851.015,2856.455,2839.335,2874.3749999999995,25,timeout,0.46575342465754543
PEM,M5,long,2025-02-05 11:20:00+00:00,2025-02-05 13:20:00+00:00,2856.448,2858.665,2851.615,2866.114,25,timeout,0.45872129112353816
PEM,M5,long,2025-02-06 00:05:00+00:00,2025-02-06 01:15:00+00:00,2875.095,2869.405,2869.405,2886.474999999999,15,sl,-1.0
PEM,M5,long,2025-02-06 06:35:00+00:00,2025-02-06 08:10:00+00:00,2868.605,2865.775,2865.775,2874.265,20,sl,-1.0
PEM,M5,long,2025-02-07 03:00:00+00:00,2025-02-07 05:00:00+00:00,2853.605,2855.945,2850.155,2860.5049999999997,25,timeout,0.6782608695652953
PEM,M5,long,2025-02-07 07:30:00+00:00,2025-02-07 07:50:00+00:00,2859.905,2858.545,2858.545,2862.6250000000005,5,sl,-1.0
PEM,M5,long,2025-02-07 16:05:00+00:00,2025-02-07 18:05:00+00:00,2866.805,2865.725,2863.205,2874.0049999999997,25,timeout,-0.2999999999999874
PEM,M5,long,2025-02-07 22:45:00+00:00,2025-02-07 23:05:00+00:00,2885.385,2875.315,2875.315,2905.5250000000005,5,sl,-1.0
PEM,M5,long,2025-02-10 08:10:00+00:00,2025-02-10 10:10:00+00:00,2871.795,2872.115,2865.725,2883.9350000000004,25,timeout,0.05271828665563432
PEM,M5,long,2025-02-10 11:05:00+00:00,2025-02-10 13:05:00+00:00,2875.475,2881.2149999999997,2872.605,2881.2149999999997,25,tp,2.0
PEM,M5,long,2025-02-10 16:15:00+00:00,2025-02-10 18:15:00+00:00,2899.858,2900.855,2894.308,2910.9580000000005,25,timeout,0.17963963963960555
PEM,M5,long,2025-02-10 19:10:00+00:00,2025-02-10 19:40:00+00:00,2905.345,2902.985,2902.985,2910.064999999999,7,sl,-1.0
PEM,M5,short,2025-02-11 00:30:00+00:00,2025-02-11 00:55:00+00:00,2898.435,2902.835,2902.835,2889.6349999999998,6,sl,-1.0
PEM,M5,long,2025-02-11 07:20:00+00:00,2025-02-11 08:55:00+00:00,2918.225,2935.685,2909.495,2935.685,20,tp,2.0
PEM,M5,long,2025-02-11 09:15:00+00:00,2025-02-11 09:40:00+00:00,2936.565,2919.765,2919.765,2970.1650000000004,6,sl,-1.0
PEM,M5,short,2025-02-11 16:05:00+00:00,2025-02-11 16:05:00+00:00,2905.935,2912.025,2912.025,2893.7549999999997,1,sl,-1.0
PEM,M5,short,2025-02-11 16:50:00+00:00,2025-02-11 18:50:00+00:00,2903.705,2905.135,2911.725,2887.665,25,timeout,-0.17830423940153295
PEM,M5,short,2025-02-11 22:10:00+00:00,2025-02-11 22:45:00+00:00,2892.775,2904.135,2904.135,2870.055,8,sl,-1.0
PEM,M5,long,2025-02-12 00:30:00+00:00,2025-02-12 02:30:00+00:00,2903.635,2901.175,2899.455,2911.995000000001,25,timeout,-0.588516746411451
PEM,M5,short,2025-02-12 06:15:00+00:00,2025-02-12 06:20:00+00:00,2896.875,2899.125,2899.125,2892.375,2,sl,-1.0
PEM,M5,short,2025-02-12 10:20:00+00:00,2025-02-12 12:20:00+00:00,2887.535,2885.015,2894.595,2873.415,25,timeout,0.35694050991501436
PEM,M5,long,2025-02-12 22:35:00+00:00,2025-02-13 00:15:00+00:00,2893.495,2907.1749999999993,2886.655,2907.1749999999993,21,tp,2.0
PEM,M5,long,2025-02-13 04:55:00+00:00,2025-02-13 06:30:00+00:00,2903.545,2901.795,2901.795,2907.045,9,sl,-1.0
PEM,M5,long,2025-02-13 07:00:00+00:00,2025-02-13 08:25:00+00:00,2905.785,2901.375,2901.375,2914.6049999999996,18,sl,-1.0
PEM,M5,long,2025-02-13 09:45:00+00:00,2025-02-13 10:20:00+00:00,2908.315,2912.2550000000006,2906.345,2912.2550000000006,8,tp,2.0
PEM,M5,long,2025-02-13 10:25:00+00:00,2025-02-13 12:15:00+00:00,2912.115,2920.574999999999,2907.885,2920.574999999999,23,tp,2.0
PEM,M5,short,2025-02-14 01:25:00+00:00,2025-02-14 01:35:00+00:00,2915.145,2918.935,2918.935,2907.565,3,sl,-1.0
PEM,M5,long,2025-02-14 08:20:00+00:00,2025-02-14 09:05:00+00:00,2932.615,2927.555,2927.555,2942.7349999999997,10,sl,-1.0
PEM,M5,long,2025-02-14 11:55:00+00:00,2025-02-14 13:20:00+00:00,2927.565,2933.145,2924.775,2933.145,18,tp,2.0
PEM,M5,short,2025-02-14 22:10:00+00:00,2025-02-14 22:25:00+00:00,2917.975,2905.8349999999996,2924.045,2905.8349999999996,4,tp,2.0
PEM,M5,short,2025-02-14 23:25:00+00:00,2025-02-15 01:25:00+00:00,2894.925,2885.618,2903.645,2877.4850000000006,25,timeout,1.0673165137615204
PEM,M5,short,2025-02-15 01:45:00+00:00,2025-02-15 03:45:00+00:00,2882.805,2878.475,2887.345,2873.725,25,timeout,0.9537444933920621
PEM,M5,long,2025-02-17 12:35:00+00:00,2025-02-17 12:55:00+00:00,2902.575,2898.675,2898.675,2910.374999999999,5,sl,-1.0
PEM,M5,long,2025-02-17 21:45:00+00:00,2025-02-17 23:40:00+00:00,2899.315,2896.755,2896.755,2904.435,24,sl,-1.0
PEM,M5,short,2025-02-17 23:50:00+00:00,2025-02-18 01:50:00+00:00,2896.705,2897.795,2900.755,2888.6049999999996,25,timeout,-0.26913580246915964
PEM,M5,long,2025-02-18 14:10:00+00:00,2025-02-18 14:50:00+00:00,2914.845,2910.415,2910.415,2923.7049999999995,9,sl,-1.0
PEM,M5,long,2025-02-18 21:40:00+00:00,2025-02-18 23:40:00+00:00,2924.558,2930.585,2918.355,2936.964,25,timeout,0.9716266322747168
PEM,M5,long,2025-02-19 00:00:00+00:00,2025-02-19 02:00:00+00:00,2932.855,2933.028,2927.845,2942.8750000000005,25,timeout,0.034530938123705966
PEM,M5,short,2025-02-19 07:25:00+00:00,2025-02-19 08:00:00+00:00,2932.505,2928.1590000000006,2934.678,2928.1590000000006,8,tp,2.0
PEM,M5,long,2025-02-19 15:20:00+00:00,2025-02-19 17:20:00+00:00,2936.875,2944.235,2930.525,2949.575,25,timeout,1.1590551181102728
PEM,M5,short,2025-02-19 22:55:00+00:00,2025-02-19 23:00:00+00:00,2934.385,2923.8190000000004,2939.668,2923.8190000000004,2,tp,2.0
PEM,M5,short,2025-02-20 01:20:00+00:00,2025-02-20 01:45:00+00:00,2921.345,2924.725,2924.725,2914.5849999999996,6,sl,-1.0
PEM,M5,long,2025-02-20 03:00:00+00:00,2025-02-20 05:00:00+00:00,2932.025,2932.985,2924.045,2947.985,25,timeout,0.12030075187970353
PEM,M5,long,2025-02-20 08:05:00+00:00,2025-02-20 08:35:00+00:00,2941.045,2935.275,2935.275,2952.585,7,sl,-1.0
PEM,M5,short,2025-02-20 20:55:00+00:00,2025-02-20 22:55:00+00:00,2934.825,2938.235,2948.925,2906.624999999999,25,timeout,-0.24184397163122137
PEM,M5,short,2025-02-21 01:05:00+00:00,2025-02-21 03:05:00+00:00,2939.145,2937.355,2945.175,2927.0849999999996,25,timeout,0.2968490878938481
PEM,M5,long,2025-02-21 04:25:00+00:00,2025-02-21 07:20:00+00:00,2939.605,2941.375,2935.745,2947.3250000000003,25,timeout,0.4585492227979076
PEM,M5,short,2025-02-21 08:55:00+00:00,2025-02-21 10:55:00+00:00,2928.695,2932.115,2945.685,2894.7150000000006,25,timeout,-0.2012948793407688
PEM,M5,long,2025-02-21 23:40:00+00:00,2025-02-22 01:40:00+00:00,2937.165,2940.685,2925.315,2960.865,25,timeout,0.2970464135021105
PEM,M5,short,2025-02-24 08:00:00+00:00,2025-02-24 09:45:00+00:00,2931.695,2937.845,2937.845,2919.395000000001,22,sl,-1.0
PEM,M5,long,2025-02-24 10:05:00+00:00,2025-02-24 12:05:00+00:00,2941.675,2940.505,2930.845,2963.335000000001,25,timeout,-0.10803324099723283
PEM,M5,long,2025-02-24 20:10:00+00:00,2025-02-24 21:35:00+00:00,2948.545,2938.095,2938.095,2969.4450000000006,18,sl,-1.0
PEM,M5,long,2025-02-25 04:40:00+00:00,2025-02-25 06:15:00+00:00,2952.615,2950.125,2950.125,2957.5949999999993,9,sl,-1.0
PEM,M5,short,2025-02-25 10:45:00+00:00,2025-02-25 12:45:00+00:00,2943.615,2938.645,2948.815,2933.2149999999992,25,timeout,0.9557692307691421
PEM,M5,long,2025-02-25 21:30:00+00:00,2025-02-25 22:10:00+00:00,2942.445,2928.275,2928.275,2970.7850000000003,9,sl,-1.0
PEM,M5,short,2025-02-25 23:35:00+00:00,2025-02-26 01:00:00+00:00,2892.865,2907.135,2907.135,2864.324999999999,18,sl,-1.0
PEM,M5,long,2025-02-26 02:55:00+00:00,2025-02-26 04:55:00+00:00,2913.418,2915.145,2905.425,2929.404,25,timeout,0.2160640560490273
PEM,M5,long,2025-02-26 08:30:00+00:00,2025-02-26 10:30:00+00:00,2928.765,2920.025,2914.465,2957.3649999999993,25,timeout,-0.6111888111888076
PEM,M5,long,2025-02-26 18:50:00+00:00,2025-02-26 19:00:00+00:00,2914.758,2912.415,2912.415,2919.4439999999995,3,sl,-1.0
PEM,M5,long,2025-02-27 00:55:00+00:00,2025-02-27 02:55:00+00:00,2914.685,2914.995,2911.885,2920.2849999999994,25,timeout,0.11071428571427701
PEM,M5,long,2025-02-27 04:20:00+00:00,2025-02-27 06:05:00+00:00,2918.105,2915.125,2915.125,2924.065,11,sl,-1.0
PEM,M5,long,2025-02-27 06:45:00+00:00,2025-02-27 07:40:00+00:00,2918.615,2916.955,2916.955,2921.9349999999995,12,sl,-1.0
PEM,M5,short,2025-02-27 09:05:00+00:00,2025-02-27 11:05:00+00:00,2911.965,2905.265,2916.735,2902.425,25,timeout,1.404612159329203
PEM,M5,short,2025-02-27 11:10:00+00:00,2025-02-27 11:50:00+00:00,2905.225,2899.7449999999994,2907.965,2899.7449999999994,9,tp,2.0
PEM,M5,short,2025-02-27 19:00:00+00:00,2025-02-27 20:20:00+00:00,2884.495,2888.755,2888.755,2875.9749999999995,17,sl,-1.0
PEM,M5,short,2025-02-27 23:00:00+00:00,2025-02-28 01:00:00+00:00,2872.145,2883.748,2891.215,2834.0049999999997,25,timeout,-0.6084425799685351
PEM,M5,short,2025-02-28 04:00:00+00:00,2025-02-28 06:55:00+00:00,2873.479,2876.555,2879.985,2860.466999999999,25,timeout,-0.472794343682735
PEM,M5,short,2025-02-28 14:25:00+00:00,2025-02-28 15:20:00+00:00,2861.055,2854.0749999999994,2864.545,2854.0749999999994,12,tp,2.0
PEM,M5,long,2025-03-01 02:50:00+00:00,2025-03-01 03:55:00+00:00,2847.715,2854.0350000000008,2844.555,2854.0350000000008,14,tp,2.0
PEM,M5,long,2025-03-01 04:25:00+00:00,2025-03-03 06:05:00+00:00,2857.338,2865.7240000000006,2853.145,2865.7240000000006,10,tp,2.0
PEM,M5,short,2025-03-03 12:40:00+00:00,2025-03-03 14:40:00+00:00,2863.155,2861.605,2868.085,2853.2950000000005,25,timeout,0.31440162271810007
PEM,M5,long,2025-03-03 19:00:00+00:00,2025-03-03 20:10:00+00:00,2874.505,2870.91,2870.91,2881.6950000000006,15,sl,-1.0
PEM,M5,long,2025-03-03 21:40:00+00:00,2025-03-03 23:40:00+00:00,2879.745,2891.415,2871.865,2895.505,25,timeout,1.4809644670050648
PEM,M5,long,2025-03-03 23:50:00+00:00,2025-03-04 00:30:00+00:00,2892.045,2887.635,2887.635,2900.865,9,sl,-1.0
PEM,M5,long,2025-03-04 04:00:00+00:00,2025-03-04 06:55:00+00:00,2888.689,2890.885,2883.945,2898.176999999999,25,timeout,0.4629005059023002
PEM,M5,short,2025-03-04 11:05:00+00:00,2025-03-04 11:45:00+00:00,2888.148,2890.525,2890.525,2883.3940000000002,9,sl,-1.0
PEM,M5,long,2025-03-05 02:10:00+00:00,2025-03-05 04:10:00+00:00,2913.355,2916.068,2908.065,2923.935,25,timeout,0.5128544423440854
PEM,M5,short,2025-03-05 04:25:00+00:00,2025-03-05 07:20:00+00:00,2913.415,2915.595,2919.895,2900.455,25,timeout,-0.33641975308639355
PEM,M5,short,2025-03-05 09:40:00+00:00,2025-03-05 11:40:00+00:00,2904.335,2912.065,2914.885,2883.2349999999997,25,timeout,-0.732701421800937
PEM,M5,long,2025-03-05 15:15:00+00:00,2025-03-05 16:35:00+00:00,2919.375,2914.405,2914.405,2929.3149999999996,17,sl,-1.0
PEM,M5,long,2025-03-05 22:30:00+00:00,2025-03-06 00:30:00+00:00,2918.969,2917.748,2902.635,2951.6369999999997,25,timeout,-0.07475205093669746
PEM,M5,long,2025-03-06 10:05:00+00:00,2025-03-06 11:10:00+00:00,2925.235,2918.035,2918.035,2939.6350000000007,14,sl,-1.0
PEM,M5,short,2025-03-06 12:20:00+00:00,2025-03-06 12:35:00+00:00,2915.715,2917.748,2917.748,2911.6490000000003,4,sl,-1.0
PEM,M5,short,2025-03-06 16:45:00+00:00,2025-03-06 18:35:00+00:00,2896.105,2905.095,2905.095,2878.1250000000005,23,sl,-1.0
PEM,M5,short,2025-03-06 19:40:00+00:00,2025-03-06 20:10:00+00:00,2901.935,2905.865,2905.865,2894.0750000000003,7,sl,-1.0
PEM,M5,short,2025-03-07 03:35:00+00:00,2025-03-07 06:30:00+00:00,2913.065,2912.885,2917.148,2904.899,25,timeout,0.0440852314474241
PEM,M5,short,2025-03-07 06:55:00+00:00,2025-03-07 07:10:00+00:00,2910.735,2905.275,2913.465,2905.275,4,tp,2.0
PEM,M5,long,2025-03-07 22:05:00+00:00,2025-03-07 22:45:00+00:00,2929.415,2915.895,2915.895,2956.455,9,sl,-1.0
PEM,M5,short,2025-03-08 00:25:00+00:00,2025-03-08 02:25:00+00:00,2908.415,2908.115,2915.375,2894.495,25,timeout,0.04310344827588798
PEM,M5,short,2025-03-10 10:45:00+00:00,2025-03-10 12:45:00+00:00,2908.345,2909.375,2913.015,2899.0049999999997,25,timeout,-0.22055674518205226
PEM,M5,long,2025-03-10 14:05:00+00:00,2025-03-10 14:50:00+00:00,2913.485,2909.785,2909.785,2920.8850000000007,10,sl,-1.0
PEM,M5,long,2025-03-10 16:40:00+00:00,2025-03-10 17:20:00+00:00,2913.435,2905.199,2905.199,2929.9069999999997,9,sl,-1.0
PEM,M5,short,2025-03-11 03:30:00+00:00,2025-03-11 03:40:00+00:00,2885.595,2888.055,2888.055,2880.6749999999997,3,sl,-1.0
PEM,M5,long,2025-03-11 09:20:00+00:00,2025-03-11 11:20:00+00:00,2893.045,2896.145,2886.858,2905.419,25,timeout,0.5010505899466559
PEM,M5,long,2025-03-11 14:00:00+00:00,2025-03-11 16:00:00+00:00,2902.025,2910.465,2894.378,2917.319,25,timeout,1.1037007976984605
PEM,M5,long,2025-03-11 22:15:00+00:00,2025-03-12 00:15:00+00:00,2919.075,2919.335,2914.015,2929.1949999999997,25,timeout,0.051383399209529855
PEM,M5,long,2025-03-12 00:20:00+00:00,2025-03-12 00:25:00+00:00,2919.335,2915.785,2915.785,2926.4350000000004,2,sl,-1.0
PEM,M5,long,2025-03-12 01:00:00+00:00,2025-03-12 01:05:00+00:00,2918.665,2916.365,2916.365,2923.2650000000003,2,sl,-1.0
PEM,M5,short,2025-03-12 07:05:00+00:00,2025-03-12 09:05:00+00:00,2914.878,2914.935,2917.805,2909.024000000001,25,timeout,-0.019473864024528605
PEM,M5,long,2025-03-12 10:15:00+00:00,2025-03-12 11:00:00+00:00,2917.985,2914.755,2914.755,2924.445,10,sl,-1.0
PEM,M5,short,2025-03-12 16:55:00+00:00,2025-03-12 18:55:00+00:00,2915.068,2915.865,2920.855,2903.4940000000006,25,timeout,-0.13772248142381152
PEM,M5,short,2025-03-13 03:25:00+00:00,2025-03-13 03:40:00+00:00,2931.595,2933.555,2933.555,2927.6749999999997,4,sl,-1.0
PEM,M5,long,2025-03-13 06:45:00+00:00,2025-03-13 08:45:00+00:00,2938.455,2936.765,2934.515,2946.335,25,timeout,-0.42893401015229216
PEM,M5,long,2025-03-13 09:50:00+00:00,2025-03-13 09:55:00+00:00,2941.175,2945.175,2939.175,2945.175,2,tp,2.0
PEM,M5,long,2025-03-13 11:00:00+00:00,2025-03-13 12:15:00+00:00,2945.835,2943.305,2943.305,2950.8950000000004,16,sl,-1.0
PEM,M5,long,2025-03-13 23:45:00+00:00,2025-03-14 01:45:00+00:00,2982.255,2981.448,2972.048,3002.669000000001,25,timeout,-0.07906338787109016
PEM,M5,long,2025-03-14 03:40:00+00:00,2025-03-14 06:35:00+00:00,2985.275,2987.705,2981.015,2993.7950000000005,25,timeout,0.5704225352111999
PEM,M5,long,2025-03-14 10:55:00+00:00,2025-03-14 12:25:00+00:00,2989.835,2983.778,2983.778,3001.9490000000005,19,sl,-1.0
PEM,M5,short,2025-03-14 12:35:00+00:00,2025-03-14 12:40:00+00:00,2982.565,2985.655,2985.655,2976.3849999999998,2,sl,-1.0
PEM,M5,long,2025-03-14 15:15:00+00:00,2025-03-14 17:15:00+00:00,2988.555,3001.455,2981.605,3002.4549999999995,25,timeout,1.8561151079137308
PEM,M5,long,2025-03-14 17:20:00+00:00,2025-03-14 17:40:00+00:00,3001.478,2995.198,2995.198,3014.0380000000005,5,sl,-1.0
PEM,M5,short,2025-03-15 01:10:00+00:00,2025-03-15 03:10:00+00:00,2985.819,2982.885,2989.965,2977.5269999999996,25,timeout,0.7076700434152461
PEM,M5,long,2025-03-15 03:45:00+00:00,2025-03-17 06:40:00+00:00,2986.445,2991.385,2982.105,2995.1250000000005,25,timeout,1.1382488479262416
PEM,M5,short,2025-03-17 09:20:00+00:00,2025-03-17 11:20:00+00:00,2989.548,2985.035,2991.995,2984.6539999999995,25,timeout,1.844299141806173
PEM,M5,long,2025-03-17 13:35:00+00:00,2025-03-17 14:55:00+00:00,2989.705,2984.235,2984.235,3000.6449999999995,17,sl,-1.0
PEM,M5,long,2025-03-17 16:10:00+00:00,2025-03-17 17:45:00+00:00,2989.355,2998.1150000000002,2984.975,2998.1150000000002,20,tp,2.0
PEM,M5,long,2025-03-17 21:35:00+00:00,2025-03-17 23:35:00+00:00,2998.115,2995.675,2990.675,3012.994999999999,25,timeout,-0.3279569892472757
PEM,M5,long,2025-03-18 09:05:00+00:00,2025-03-18 10:15:00+00:00,3005.625,3013.379,3001.748,3013.379,15,tp,2.0
PEM,M5,long,2025-03-18 10:25:00+00:00,2025-03-18 12:25:00+00:00,3014.625,3006.448,3006.315,3031.245,25,timeout,-0.983995186522285
PEM,M5,long,2025-03-18 15:30:00+00:00,2025-03-18 17:30:00+00:00,3022.595,3023.188,3017.085,3033.6149999999993,25,timeout,0.1076225045372645
PEM,M5,long,2025-03-18 23:25:00+00:00,2025-03-19 01:25:00+00:00,3033.898,3032.605,3024.925,3051.844,25,timeout,-0.14409896355735277
PEM,M5,long,2025-03-19 01:40:00+00:00,2025-03-19 03:40:00+00:00,3035.635,3033.955,3032.135,3042.635,25,timeout,-0.48000000000008314
PEM,M5,short,2025-03-19 08:50:00+00:00,2025-03-19 09:45:00+00:00,3027.598,3033.495,3033.495,3015.804,12,sl,-1.0
PEM,M5,long,2025-03-19 10:55:00+00:00,2025-03-19 12:55:00+00:00,3036.475,3043.555,3032.255,3044.9149999999995,25,timeout,1.6777251184834747
PEM,M5,short,2025-03-19 15:50:00+00:00,2025-03-19 17:25:00+00:00,3028.578,3034.508,3034.508,3016.7180000000003,20,sl,-1.0
PEM,M5,long,2025-03-19 18:30:00+00:00,2025-03-19 20:15:00+00:00,3037.755,3033.578,3033.578,3046.1090000000004,22,sl,-1.0
PEM,M5,short,2025-03-19 20:45:00+00:00,2025-03-19 22:45:00+00:00,3029.315,3030.435,3039.955,3008.0350000000003,25,timeout,-0.10526315789472784
PEM,M5,short,2025-03-20 00:00:00+00:00,2025-03-20 01:00:00+00:00,3032.775,3034.985,3034.985,3028.355,13,sl,-1.0
PEM,M5,long,2025-03-20 11:35:00+00:00,2025-03-20 12:30:00+00:00,3053.805,3047.845,3047.845,3065.725,12,sl,-1.0
PEM,M5,short,2025-03-20 14:10:00+00:00,2025-03-20 15:00:00+00:00,3047.178,3041.6839999999993,3049.925,3041.6839999999993,11,tp,2.0
PEM,M5,short,2025-03-20 18:40:00+00:00,2025-03-20 20:40:00+00:00,3029.958,3036.315,3045.255,2999.364,25,timeout,-0.4155716807217075
PEM,M5,long,2025-03-21 01:10:00+00:00,2025-03-21 03:10:00+00:00,3042.855,3045.125,3034.648,3059.269,25,timeout,0.27659315218715913
PEM,M5,long,2025-03-21 07:00:00+00:00,2025-03-21 07:15:00+00:00,3045.915,3044.755,3044.755,3048.2349999999997,4,sl,-1.0
PEM,M5,short,2025-03-21 08:20:00+00:00,2025-03-21 08:45:00+00:00,3042.135,3037.3950000000004,3044.505,3037.3950000000004,6,tp,2.0
PEM,M5,short,2025-03-21 10:15:00+00:00,2025-03-21 12:15:00+00:00,3031.748,3027.068,3037.668,3019.908,25,timeout,0.7905405405405032
PEM,M5,short,2025-03-21 12:45:00+00:00,2025-03-21 12:45:00+00:00,3025.905,3022.3850000000007,3027.665,3022.3850000000007,1,tp,2.0
PEM,M5,long,2025-03-22 01:25:00+00:00,2025-03-22 03:25:00+00:00,3017.225,3022.315,3013.205,3025.265,25,timeout,1.2661691542288978
PEM,M5,short,2025-03-24 07:25:00+00:00,2025-03-24 09:25:00+00:00,3022.655,3022.595,3025.765,3016.435000000001,25,timeout,0.019292604501738423
PEM,M5,short,2025-03-24 09:45:00+00:00,2025-03-24 11:45:00+00:00,3019.865,3017.965,3023.465,3012.664999999999,25,timeout,0.5277777777776234
PEM,M5,long,2025-03-24 13:55:00+00:00,2025-03-24 14:40:00+00:00,3024.675,3021.285,3021.285,3031.455000000001,10,sl,-1.0
PEM,M5,short,2025-03-24 22:10:00+00:00,2025-03-25 00:10:00+00:00,3006.148,3009.315,3023.848,2970.7480000000005,25,timeout,-0.1789265536723135
PEM,M5,short,2025-03-25 02:35:00+00:00,2025-03-25 03:20:00+00:00,3005.655,3007.915,3007.915,3001.1350000000007,10,sl,-1.0
PEM,M5,long,2025-03-25 03:30:00+00:00,2025-03-25 06:25:00+00:00,3011.545,3010.975,3005.465,3023.705,25,timeout,-0.09375000000002805
PEM,M5,short,2025-03-25 10:00:00+00:00,2025-03-25 10:15:00+00:00,3008.245,3012.165,3012.165,3000.4049999999997,4,sl,-1.0
PEM,M5,short,2025-03-25 15:10:00+00:00,2025-03-25 15:15:00+00:00,3011.548,3013.248,3013.248,3008.1479999999992,2,sl,-1.0
PEM,M5,short,2025-03-26 01:30:00+00:00,2025-03-26 03:30:00+00:00,3018.725,3019.675,3022.795,3010.5849999999996,25,timeout,-0.23341523341529108
PEM,M5,long,2025-03-26 05:15:00+00:00,2025-03-26 07:15:00+00:00,3021.535,3021.335,3019.135,3026.334999999999,25,timeout,-0.08333333333327017
PEM,M5,short,2025-03-26 10:25:00+00:00,2025-03-26 11:10:00+00:00,3020.495,3016.1949999999997,3022.645,3016.1949999999997,10,tp,2.0
PEM,M5,short,2025-03-26 11:40:00+00:00,2025-03-26 12:40:00+00:00,3014.855,3018.245,3018.245,3008.0750000000003,13,sl,-1.0
PEM,M5,short,2025-03-26 16:40:00+00:00,2025-03-26 18:25:00+00:00,3018.445,3027.848,3027.848,2999.6390000000006,22,sl,-1.0
PEM,M5,short,2025-03-27 00:10:00+00:00,2025-03-27 01:05:00+00:00,3015.275,3019.885,3019.885,3006.055,12,sl,-1.0
PEM,M5,long,2025-03-27 07:10:00+00:00,2025-03-27 09:10:00+00:00,3024.025,3025.955,3020.295,3031.485,25,timeout,0.5174262734583986
PEM,M5,long,2025-03-27 09:30:00+00:00,2025-03-27 11:10:00+00:00,3027.225,3035.119,3023.278,3035.119,21,tp,2.0
PEM,M5,long,2025-03-27 17:00:00+00:00,2025-03-27 17:40:00+00:00,3038.835,3055.1890000000003,3030.658,3055.1890000000003,9,tp,2.0
PEM,M5,long,2025-03-27 19:05:00+00:00,2025-03-27 19:25:00+00:00,3055.195,3050.538,3050.538,3064.5090000000005,5,sl,-1.0
PEM,M5,long,2025-03-27 21:50:00+00:00,2025-03-27 23:50:00+00:00,3055.995,3048.605,3048.605,3070.7749999999996,25,sl,-1.0
PEM,M5,long,2025-03-28 01:00:00+00:00,2025-03-28 03:00:00+00:00,3052.595,3056.875,3048.015,3061.7549999999997,25,timeout,0.934497816593945
PEM,M5,short,2025-03-28 06:10:00+00:00,2025-03-28 07:05:00+00:00,3054.338,3057.685,3057.685,3047.6440000000007,12,sl,-1.0
PEM,M5,long,2025-03-28 08:10:00+00:00,2025-03-28 08:50:00+00:00,3064.325,3071.4449999999997,3060.765,3071.4449999999997,9,tp,2.0
PEM,M5,long,2025-03-28 12:35:00+00:00,2025-03-28 14:35:00+00:00,3076.745,3081.145,3071.925,3086.3849999999993,25,timeout,0.9128630705394931
PEM,M5,long,2025-03-28 18:10:00+00:00,2025-03-28 20:10:00+00:00,3076.355,3072.378,3069.975,3089.1150000000002,25,timeout,-0.6233542319748893
PEM,M5,short,2025-03-31 08:05:00+00:00,2025-03-31 08:30:00+00:00,3076.748,3090.448,3090.448,3049.3480000000004,6,sl,-1.0
PEM,M5,long,2025-03-31 11:25:00+00:00,2025-03-31 12:55:00+00:00,3109.715,3117.715,3105.715,3117.715,19,tp,2.0
PEM,M5,long,2025-03-31 15:10:00+00:00,2025-03-31 16:45:00+00:00,3124.805,3114.898,3114.898,3144.6189999999992,20,sl,-1.0
PEM,M5,long,2025-03-31 17:40:00+00:00,2025-03-31 19:40:00+00:00,3120.168,3123.485,3111.735,3137.034,25,timeout,0.39333570496857706
PEM,M5,long,2025-04-01 03:10:00+00:00,2025-04-01 06:05:00+00:00,3124.195,3125.198,3121.148,3130.289,25,timeout,0.3291762389234307
PEM,M5,long,2025-04-01 08:05:00+00:00,2025-04-01 08:45:00+00:00,3127.635,3135.6150000000007,3123.645,3135.6150000000007,9,tp,2.0
PEM,M5,short,2025-04-01 16:00:00+00:00,2025-04-01 17:15:00+00:00,3129.485,3135.465,3135.465,3117.525,16,sl,-1.0
PEM,M5,long,2025-04-01 20:15:00+00:00,2025-04-01 20:25:00+00:00,3135.255,3131.388,3131.388,3142.9890000000005,3,sl,-1.0
PEM,M5,short,2025-04-01 22:30:00+00:00,2025-04-01 22:55:00+00:00,3126.745,3117.139,3131.548,3117.139,6,tp,2.0
PEM,M5,short,2025-04-02 14:15:00+00:00,2025-04-02 14:45:00+00:00,3113.355,3118.845,3118.845,3102.3750000000005,7,sl,-1.0
PEM,M5,long,2025-04-02 14:55:00+00:00,2025-04-02 16:55:00+00:00,3123.348,3130.165,3115.635,3138.7739999999994,25,timeout,0.8838324906003162
PEM,M5,short,2025-04-02 19:10:00+00:00,2025-04-02 19:30:00+00:00,3118.978,3122.865,3122.865,3111.2040000000006,5,sl,-1.0
PEM,M5,long,2025-04-02 23:15:00+00:00,2025-04-03 00:30:00+00:00,3129.605,3124.915,3124.915,3138.985,16,sl,-1.0
PEM,M5,short,2025-04-03 00:35:00+00:00,2025-04-03 02:35:00+00:00,3123.948,3126.875,3130.665,3110.5139999999997,25,timeout,-0.43576001191009256
PEM,M5,long,2025-04-03 06:10:00+00:00,2025-04-03 08:10:00+00:00,3149.848,3153.455,3136.165,3177.214,25,timeout,0.26361178104216715
PEM,M5,short,2025-04-03 14:20:00+00:00,2025-04-03 16:20:00+00:00,3120.025,3128.555,3132.975,3094.1250000000005,25,timeout,-0.6586872586872483
PEM,M5,short,2025-04-03 19:25:00+00:00,2025-04-03 21:25:00+00:00,3087.008,3123.875,3125.915,3009.1939999999995,25,timeout,-0.9475672758115518
PEM,M5,short,2025-04-04 01:30:00+00:00,2025-04-04 02:00:00+00:00,3103.125,3110.098,3110.098,3089.179,7,sl,-1.0
PEM,M5,long,2025-04-04 03:35:00+00:00,2025-04-04 06:30:00+00:00,3110.545,3114.048,3102.265,3127.1050000000005,25,timeout,0.4230676328501953
PEM,M5,short,2025-04-04 07:40:00+00:00,2025-04-04 08:05:00+00:00,3107.625,3113.598,3113.598,3095.679,6,sl,-1.0
PEM,M5,short,2025-04-04 10:15:00+00:00,2025-04-04 12:15:00+00:00,3091.895,3102.898,3112.765,3050.155,25,timeout,-0.5272160996646006
PEM,M5,long,2025-04-04 13:00:00+00:00,2025-04-04 13:35:00+00:00,3107.265,3101.105,3101.105,3119.5849999999996,8,sl,-1.0
PEM,M5,long,2025-04-04 17:35:00+00:00,2025-04-04 18:15:00+00:00,3104.915,3135.675,3089.535,3135.675,9,tp,2.0
PEM,M5,long,2025-04-05 02:30:00+00:00,2025-04-07 05:00:00+00:00,3033.998,3021.995,3021.995,3058.0040000000004,20,sl,-1.0
PEM,M5,short,2025-04-07 06:25:00+00:00,2025-04-07 08:20:00+00:00,2997.215,3013.335,3013.335,2964.9750000000004,24,sl,-1.0
PEM,M5,long,2025-04-07 08:45:00+00:00,2025-04-07 10:45:00+00:00,3041.448,3027.698,2986.005,3152.3339999999994,25,timeout,-0.24800245296971773
PEM,M5,long,2025-04-07 11:45:00+00:00,2025-04-07 13:30:00+00:00,3031.135,3016.625,3016.625,3060.1550000000007,22,sl,-1.0
PEM,M5,long,2025-04-07 15:15:00+00:00,2025-04-07 17:15:00+00:00,3026.985,3028.395,3018.295,3044.3650000000002,25,timeout,0.16225546605291663
PEM,M5,long,2025-04-07 18:20:00+00:00,2025-04-07 19:00:00+00:00,3041.078,3028.712,3028.712,3065.81,9,sl,-1.0
PEM,M5,short,2025-04-07 20:40:00+00:00,2025-04-07 21:15:00+00:00,3009.485,3028.048,3028.048,2972.359000000001,8,sl,-1.0
PEM,M5,short,2025-04-07 23:50:00+00:00,2025-04-08 01:50:00+00:00,2973.365,2967.325,2989.735,2940.624999999999,25,timeout,0.3689676237018837
PEM,M5,long,2025-04-08 02:45:00+00:00,2025-04-08 05:40:00+00:00,2979.395,2984.885,2968.675,3000.8349999999996,25,timeout,0.5121268656716734
PEM,M5,short,2025-04-09 00:35:00+00:00,2025-04-09 02:35:00+00:00,2975.195,2978.805,2998.055,2929.475000000001,25,timeout,-0.15791776027995294
PEM,M5,long,2025-04-09 20:45:00+00:00,2025-04-09 22:45:00+00:00,3075.985,3078.475,3055.775,3116.405,25,timeout,0.12320633349825716
PEM,M5,long,2025-04-10 02:15:00+00:00,2025-04-10 05:10:00+00:00,3089.235,3071.175,3063.135,3141.435,25,timeout,-0.6919540229885061
PEM,M5,long,2025-04-10 07:30:00+00:00,2025-04-10 08:20:00+00:00,3090.945,3082.905,3082.905,3107.025,11,sl,-1.0
PEM,M5,short,2025-04-10 08:45:00+00:00,2025-04-10 09:00:00+00:00,3080.005,3095.215,3095.215,3049.585,4,sl,-1.0
PEM,M5,long,2025-04-10 09:45:00+00:00,2025-04-10 10:25:00+00:00,3116.275,3129.815,3109.505,3129.815,9,tp,2.0
PEM,M5,long,2025-04-10 17:05:00+00:00,2025-04-10 19:05:00+00:00,3116.295,3124.495,3105.345,3138.1950000000006,25,timeout,0.7488584474885492
PEM,M5,long,2025-04-10 19:15:00+00:00,2025-04-10 19:40:00+00:00,3128.175,3116.685,3116.685,3151.1550000000007,6,sl,-1.0
PEM,M5,long,2025-04-10 22:25:00+00:00,2025-04-11 00:25:00+00:00,3163.085,3160.025,3144.645,3199.965,25,timeout,-0.1659436008676755
PEM,M5,long,2025-04-11 05:10:00+00:00,2025-04-11 07:10:00+00:00,3178.215,3187.175,3171.205,3192.2350000000006,25,timeout,1.278174037089837
PEM,M5,long,2025-04-11 09:25:00+00:00,2025-04-11 11:25:00+00:00,3218.645,3215.055,3208.305,3239.3250000000003,25,timeout,-0.3471953578336649
PEM,M5,long,2025-04-11 15:25:00+00:00,2025-04-11 17:25:00+00:00,3219.485,3228.125,3193.015,3272.4250000000006,25,timeout,0.32640725349451416
PEM,M5,long,2025-04-11 22:15:00+00:00,2025-04-11 23:50:00+00:00,3236.915,3225.315,3225.315,3260.115,20,sl,-1.0
PEM,M5,long,2025-04-12 03:15:00+00:00,2025-04-14 05:00:00+00:00,3236.025,3227.515,3227.515,3253.0450000000005,11,sl,-1.0
PEM,M5,short,2025-04-14 12:00:00+00:00,2025-04-14 12:55:00+00:00,3226.645,3231.595,3231.595,3216.7450000000003,12,sl,-1.0
PEM,M5,short,2025-04-14 22:50:00+00:00,2025-04-15 00:40:00+00:00,3198.725,3215.295,3215.295,3165.5849999999996,23,sl,-1.0
PEM,M5,long,2025-04-15 05:50:00+00:00,2025-04-15 07:50:00+00:00,3214.235,3211.555,3209.965,3222.775,25,timeout,-0.6276346604216165
PEM,M5,long,2025-04-15 08:20:00+00:00,2025-04-15 10:20:00+00:00,3216.685,3224.295,3210.885,3228.2849999999994,25,timeout,1.312068965517325
PEM,M5,long,2025-04-15 22:35:00+00:00,2025-04-16 00:35:00+00:00,3221.675,3225.295,3217.515,3229.995000000001,25,timeout,0.8701923076922168
PEM,M5,long,2025-04-16 02:00:00+00:00,2025-04-16 04:00:00+00:00,3229.115,3229.855,3224.245,3238.8549999999996,25,timeout,0.15195071868588358
PEM,M5,long,2025-04-16 07:05:00+00:00,2025-04-16 09:05:00+00:00,3255.875,3271.405,3241.825,3283.9750000000004,25,timeout,1.105338078291815
PEM,M5,long,2025-04-16 11:00:00+00:00,2025-04-16 11:30:00+00:00,3280.165,3270.615,3270.615,3299.2650000000003,7,sl,-1.0
PEM,M5,long,2025-04-16 19:50:00+00:00,2025-04-16 20:00:00+00:00,3311.855,3304.705,3304.705,3326.155,3,sl,-1.0
PEM,M5,long,2025-04-16 22:50:00+00:00,2025-04-17 00:50:00+00:00,3322.985,3326.845,3296.585,3375.7850000000003,25,timeout,0.1462121212121083
PEM,M5,long,2025-04-17 05:15:00+00:00,2025-04-17 07:15:00+00:00,3352.675,3345.975,3341.665,3374.6950000000006,25,timeout,-0.6085376930063706
PEM,M5,short,2025-04-17 12:40:00+00:00,2025-04-17 13:05:00+00:00,3335.485,3327.225000000001,3339.615,3327.225000000001,6,tp,2.0
PEM,M5,short,2025-04-17 15:35:00+00:00,2025-04-17 16:00:00+00:00,3317.155,3323.215,3323.215,3305.0350000000003,6,sl,-1.0
PEM,M5,short,2025-04-17 16:55:00+00:00,2025-04-17 17:20:00+00:00,3321.865,3324.475,3324.475,3316.6449999999995,6,sl,-1.0
PEM,M5,long,2025-04-18 03:50:00+00:00,2025-04-21 05:15:00+00:00,3326.755,3339.635,3320.315,3339.635,7,tp,2.0
PEM,M5,long,2025-04-21 08:50:00+00:00,2025-04-21 10:50:00+00:00,3376.655,3383.355,3364.955,3400.0550000000007,25,timeout,0.5726495726495437
PEM,M5,long,2025-04-21 16:45:00+00:00,2025-04-21 18:15:00+00:00,3395.665,3387.335,3387.335,3412.325,19,sl,-1.0
PEM,M5,long,2025-04-22 02:15:00+00:00,2025-04-22 02:45:00+00:00,3429.395,3418.645,3418.645,3450.895,7,sl,-1.0
PEM,M5,long,2025-04-22 08:45:00+00:00,2025-04-22 09:45:00+00:00,3448.295,3470.335,3437.275,3470.335,13,tp,2.0
PEM,M5,short,2025-04-23 02:40:00+00:00,2025-04-23 05:00:00+00:00,3367.665,3331.7650000000003,3385.615,3331.7650000000003,18,tp,2.0
PEM,M5,short,2025-04-23 13:55:00+00:00,2025-04-23 15:55:00+00:00,3312.955,3320.885,3349.055,3240.755,25,timeout,-0.21966759002770944
PEM,M5,short,2025-04-23 17:05:00+00:00,2025-04-23 17:15:00+00:00,3321.305,3329.425,3329.425,3305.064999999999,3,sl,-1.0
PEM,M5,short,2025-04-23 20:10:00+00:00,2025-04-23 21:15:00+00:00,3308.645,3259.805,3333.065,3259.805,14,tp,2.0
PEM,M5,short,2025-04-24 03:35:00+00:00,2025-04-24 05:05:00+00:00,3288.665,3296.365,3296.365,3273.2650000000003,8,sl,-1.0
PEM,M5,long,2025-04-24 05:10:00+00:00,2025-04-24 07:10:00+00:00,3308.195,3318.095,3287.485,3349.6150000000002,25,timeout,0.47802993722837367
PEM,M5,long,2025-04-24 14:15:00+00:00,2025-04-24 16:15:00+00:00,3337.035,3337.925,3319.895,3371.3149999999996,25,timeout,0.05192532088683396
PEM,M5,short,2025-04-24 23:40:00+00:00,2025-04-25 00:10:00+00:00,3324.435,3333.135,3333.135,3307.0349999999994,7,sl,-1.0
PEM,M5,long,2025-04-25 00:20:00+00:00,2025-04-25 02:20:00+00:00,3333.625,3336.225,3326.835,3347.205,25,timeout,0.38291605301913445
PEM,M5,long,2025-04-25 03:40:00+00:00,2025-04-25 05:30:00+00:00,3345.055,3358.1749999999997,3338.495,3358.1749999999997,10,tp,2.0
PEM,M5,short,2025-04-25 10:55:00+00:00,2025-04-25 12:50:00+00:00,3337.205,3302.7249999999995,3354.445,3302.7249999999995,24,tp,2.0
PEM,M5,short,2025-04-25 17:00:00+00:00,2025-04-25 17:20:00+00:00,3293.215,3299.765,3299.765,3280.1150000000007,5,sl,-1.0
PEM,M5,short,2025-04-25 22:00:00+00:00,2025-04-26 00:00:00+00:00,3275.805,3286.035,3286.035,3255.345,25,sl,-1.0
PEM,M5,long,2025-04-26 02:35:00+00:00,2025-04-28 05:00:00+00:00,3295.755,3320.9750000000004,3283.145,3320.9750000000004,19,tp,2.0
PEM,M5,long,2025-04-28 12:00:00+00:00,2025-04-28 12:40:00+00:00,3297.895,3288.825,3288.825,3316.0350000000003,9,sl,-1.0
PEM,M5,short,2025-04-28 17:05:00+00:00,2025-04-28 17:25:00+00:00,3273.865,3281.565,3281.565,3258.4649999999992,5,sl,-1.0
PEM,M5,long,2025-04-28 22:25:00+00:00,2025-04-29 00:25:00+00:00,3333.135,3335.875,3297.135,3405.135,25,timeout,0.07611111111110505
PEM,M5,short,2025-04-29 06:45:00+00:00,2025-04-29 06:50:00+00:00,3335.115,3338.575,3338.575,3328.1949999999997,2,sl,-1.0
PEM,M5,short,2025-04-29 10:05:00+00:00,2025-04-29 12:05:00+00:00,3319.165,3311.125,3332.255,3292.9849999999997,25,timeout,0.6142093200916634
PEM,M5,short,2025-04-29 15:50:00+00:00,2025-04-29 17:50:00+00:00,3315.405,3313.605,3320.795,3304.6250000000005,25,timeout,0.3339517625232327
PEM,M5,long,2025-04-30 02:10:00+00:00,2025-04-30 05:05:00+00:00,3323.575,3316.195,3316.195,3338.334999999999,24,sl,-1.0
PEM,M5,short,2025-04-30 06:15:00+00:00,2025-04-30 07:05:00+00:00,3313.725,3318.625,3318.625,3303.9249999999997,11,sl,-1.0
PEM,M5,long,2025-04-30 07:15:00+00:00,2025-04-30 07:45:00+00:00,3323.625,3314.135,3314.135,3342.6049999999996,7,sl,-1.0
PEM,M5,short,2025-04-30 14:05:00+00:00,2025-04-30 14:25:00+00:00,3305.185,3309.935,3309.935,3295.685,5,sl,-1.0
PEM,M5,short,2025-04-30 17:00:00+00:00,2025-04-30 19:00:00+00:00,3277.355,3272.845,3288.135,3255.7949999999996,25,timeout,0.418367346938788
PEM,M5,short,2025-05-01 03:35:00+00:00,2025-05-01 05:15:00+00:00,3289.335,3278.575,3294.715,3278.575,10,tp,2.0
PEM,M5,short,2025-05-01 05:20:00+00:00,2025-05-01 07:20:00+00:00,3274.755,3263.595,3290.235,3243.795,25,timeout,0.7209302325581587
PEM,M5,short,2025-05-01 10:20:00+00:00,2025-05-01 12:20:00+00:00,3234.925,3229.355,3246.275,3212.2250000000004,25,timeout,0.49074889867843247
PEM,M5,short,2025-05-01 14:10:00+00:00,2025-05-01 16:10:00+00:00,3232.249,3229.375,3237.605,3221.5369999999994,25,timeout,0.5365944734876171
PEM,M5,short,2025-05-01 16:20:00+00:00,2025-05-01 17:15:00+00:00,3229.075,3214.294999999999,3236.465,3214.294999999999,12,tp,2.0
PEM,M5,long,2025-05-02 01:20:00+00:00,2025-05-02 02:45:00+00:00,3218.125,3229.285,3212.545,3229.285,18,tp,2.0
PEM,M5,long,2025-05-02 10:20:00+00:00,2025-05-02 12:20:00+00:00,3250.435,3250.955,3244.115,3263.0750000000003,25,timeout,0.08227848101265321
PEM,M5,long,2025-05-02 18:30:00+00:00,2025-05-02 19:30:00+00:00,3264.345,3257.495,3257.495,3278.0449999999996,13,sl,-1.0
PEM,M5,long,2025-05-03 02:50:00+00:00,2025-05-05 05:45:00+00:00,3234.155,3243.045,3227.255,3247.9550000000004,25,timeout,1.2884057971014138
PEM,M5,long,2025-05-05 05:50:00+00:00,2025-05-05 05:55:00+00:00,3243.055,3240.025,3240.025,3249.1149999999993,2,sl,-1.0
PEM,M5,long,2025-05-05 08:15:00+00:00,2025-05-05 10:15:00+00:00,3256.709,3260.175,3244.035,3282.057,25,timeout,0.2734732523276278
PEM,M5,long,2025-05-05 12:45:00+00:00,2025-05-05 14:45:00+00:00,3260.815,3264.835,3253.355,3275.735,25,timeout,0.5388739946380646
PEM,M5,long,2025-05-05 14:50:00+00:00,2025-05-05 15:30:00+00:00,3264.805,3273.2049999999995,3260.605,3273.2049999999995,9,tp,2.0
PEM,M5,long,2025-05-05 17:05:00+00:00,2025-05-05 19:05:00+00:00,3311.745,3317.445,3281.415,3372.4049999999997,25,timeout,0.1879327398615327
PEM,M5,long,2025-05-05 22:45:00+00:00,2025-05-05 23:10:00+00:00,3316.515,3309.865,3309.865,3329.815,6,sl,-1.0
PEM,M5,long,2025-05-06 09:20:00+00:00,2025-05-06 11:20:00+00:00,3380.905,3359.525,3331.975,3478.765000000001,25,timeout,-0.43695074596362116
PEM,M5,long,2025-05-06 13:25:00+00:00,2025-05-06 15:20:00+00:00,3365.625,3381.0249999999996,3357.925,3381.0249999999996,24,tp,2.0
PEM,M5,long,2025-05-06 17:10:00+00:00,2025-05-06 19:10:00+00:00,3381.365,3375.625,3371.715,3400.664999999999,25,timeout,-0.5948186528497408
PEM,M5,long,2025-05-07 02:50:00+00:00,2025-05-07 03:55:00+00:00,3417.945,3431.145000000001,3411.345,3431.145000000001,14,tp,2.0
PEM,M5,long,2025-05-07 14:20:00+00:00,2025-05-07 14:30:00+00:00,3396.745,3387.995,3387.995,3414.245,3,sl,-1.0
PEM,M5,long,2025-05-08 01:15:00+00:00,2025-05-08 01:35:00+00:00,3396.735,3384.535,3384.535,3421.1350000000007,5,sl,-1.0
PEM,M5,short,2025-05-09 00:15:00+00:00,2025-05-09 02:15:00+00:00,3298.355,3301.455,3313.045,3268.975,25,timeout,-0.21102791014294742
PEM,M5,long,2025-05-09 05:15:00+00:00,2025-05-09 07:15:00+00:00,3312.975,3312.345,3301.665,3335.595,25,timeout,-0.05570291777189321
PEM,M5,long,2025-05-09 08:00:00+00:00,2025-05-09 08:20:00+00:00,3320.075,3311.935,3311.935,3336.3549999999996,5,sl,-1.0
PEM,M5,long,2025-05-09 14:05:00+00:00,2025-05-09 16:05:00+00:00,3325.515,3325.855,3313.935,3348.6749999999997,25,timeout,0.02936096718481413
PEM,M5,long,2025-05-09 20:00:00+00:00,2025-05-09 20:15:00+00:00,3332.615,3328.925,3328.925,3339.994999999999,4,sl,-1.0
PEM,M5,short,2025-05-12 07:50:00+00:00,2025-05-12 09:50:00+00:00,3272.175,3274.675,3285.735,3245.0550000000003,25,timeout,-0.1843657817109152
PEM,M5,short,2025-05-12 23:20:00+00:00,2025-05-13 01:20:00+00:00,3231.635,3221.835,3247.495,3199.915000000001,25,timeout,0.6179066834804782
PEM,M5,long,2025-05-13 08:05:00+00:00,2025-05-13 08:25:00+00:00,3238.895,3234.395,3234.395,3247.895,5,sl,-1.0
PEM,M5,long,2025-05-13 09:50:00+00:00,2025-05-13 11:50:00+00:00,3238.495,3248.865,3223.955,3267.575,25,timeout,0.7132049518569407
PEM,M5,long,2025-05-13 12:20:00+00:00,2025-05-13 14:20:00+00:00,3257.705,3257.745,3245.995,3281.125,25,timeout,0.0034158838599456444
PEM,M5,long,2025-05-13 22:45:00+00:00,2025-05-14 00:30:00+00:00,3250.925,3243.475,3243.475,3265.8250000000007,22,sl,-1.0
PEM,M5,long,2025-05-14 01:05:00+00:00,2025-05-14 03:05:00+00:00,3248.205,3248.755,3242.925,3258.7649999999994,25,timeout,0.10416666666670614
PEM,M5,short,2025-05-14 09:10:00+00:00,2025-05-14 11:10:00+00:00,3235.735,3226.155,3254.455,3198.2950000000005,25,timeout,0.5117521367521384
PEM,M5,short,2025-05-14 21:25:00+00:00,2025-05-14 23:25:00+00:00,3181.575,3182.955,3192.885,3158.954999999999,25,timeout,-0.12201591511936873
PEM,M5,short,2025-05-15 00:20:00+00:00,2025-05-15 01:10:00+00:00,3185.675,3176.4750000000004,3190.275,3176.4750000000004,11,tp,2.0
PEM,M5,long,2025-05-15 06:20:00+00:00,2025-05-15 08:05:00+00:00,3184.055,3192.234999999999,3179.965,3192.234999999999,22,tp,2.0
PEM,M5,short,2025-05-15 12:50:00+00:00,2025-05-15 13:40:00+00:00,3132.105,3148.365,3148.365,3099.5850000000005,11,sl,-1.0
PEM,M5,short,2025-05-15 14:45:00+00:00,2025-05-15 15:25:00+00:00,3135.975,3151.455,3151.455,3105.015,9,sl,-1.0
PEM,M5,long,2025-05-15 15:45:00+00:00,2025-05-15 17:45:00+00:00,3157.895,3176.885,3147.445,3178.7949999999996,25,timeout,1.8172248803828295
PEM,M5,long,2025-05-16 03:10:00+00:00,2025-05-16 05:10:00+00:00,3234.845,3246.184999999999,3229.175,3246.184999999999,14,tp,2.0
PEM,M5,long,2025-05-16 08:05:00+00:00,2025-05-16 08:05:00+00:00,3240.789,3234.945,3234.945,3252.4770000000003,1,sl,-1.0
PEM,M5,short,2025-05-16 15:05:00+00:00,2025-05-16 17:05:00+00:00,3206.275,3208.585,3215.035,3188.7550000000006,25,timeout,-0.2636986301369872
PEM,M5,long,2025-05-17 00:55:00+00:00,2025-05-17 02:55:00+00:00,3187.885,3192.705,3183.045,3197.5650000000005,25,timeout,0.9958677685949513
PEM,M5,long,2025-05-17 03:10:00+00:00,2025-05-19 05:20:00+00:00,3200.775,3229.6750000000006,3186.325,3229.6750000000006,16,tp,2.0
PEM,M5,long,2025-05-19 05:55:00+00:00,2025-05-19 07:55:00+00:00,3239.635,3247.585,3198.435,3322.0350000000008,25,timeout,0.192961165048538
PEM,M5,short,2025-05-19 09:45:00+00:00,2025-05-19 09:50:00+00:00,3220.415,3227.235,3227.235,3206.7749999999996,2,sl,-1.0
PEM,M5,short,2025-05-19 10:45:00+00:00,2025-05-19 12:45:00+00:00,3220.235,3217.495,3228.285,3204.1350000000007,25,timeout,0.34037267080749434
PEM,M5,long,2025-05-19 15:25:00+00:00,2025-05-19 17:25:00+00:00,3237.165,3240.035,3230.675,3250.1449999999995,25,timeout,0.44221879815099957
PEM,M5,long,2025-05-19 23:45:00+00:00,2025-05-20 00:15:00+00:00,3233.155,3227.895,3227.895,3243.6750000000006,7,sl,-1.0
PEM,M5,long,2025-05-20 01:35:00+00:00,2025-05-20 03:35:00+00:00,3233.085,3229.135,3227.795,3243.665,25,timeout,-0.7466918714555473
PEM,M5,short,2025-05-20 06:15:00+00:00,2025-05-20 08:15:00+00:00,3223.845,3229.235,3229.235,3213.064999999999,25,sl,-1.0
PEM,M5,long,2025-05-20 08:45:00+00:00,2025-05-20 08:55:00+00:00,3232.125,3221.885,3221.885,3252.6049999999996,3,sl,-1.0
PEM,M5,long,2025-05-20 14:50:00+00:00,2025-05-20 16:50:00+00:00,3222.995,3234.215,3208.575,3251.835,25,timeout,0.7780859916782384
PEM,M5,long,2025-05-21 02:55:00+00:00,2025-05-21 05:15:00+00:00,3293.945,3303.7450000000003,3289.045,3303.7450000000003,18,tp,2.0
PEM,M5,short,2025-05-21 09:30:00+00:00,2025-05-21 09:40:00+00:00,3293.265,3297.625,3297.625,3284.5449999999996,3,sl,-1.0
PEM,M5,long,2025-05-21 17:30:00+00:00,2025-05-21 17:45:00+00:00,3316.815,3310.505,3310.505,3329.435,4,sl,-1.0
PEM,M5,long,2025-05-21 22:25:00+00:00,2025-05-22 00:25:00+00:00,3313.825,3313.485,3297.425,3346.624999999999,25,timeout,-0.020731707317054777
PEM,M5,long,2025-05-22 06:10:00+00:00,2025-05-22 06:35:00+00:00,3319.348,3323.848,3317.098,3323.848,6,tp,2.0
PEM,M5,long,2025-05-22 09:55:00+00:00,2025-05-22 11:55:00+00:00,3343.115,3338.248,3320.795,3387.754999999999,25,timeout,-0.2180555555555465
PEM,M5,short,2025-05-22 15:25:00+00:00,2025-05-22 16:20:00+00:00,3322.815,3306.449,3330.998,3306.449,12,tp,2.0
PEM,M5,short,2025-05-22 22:15:00+00:00,2025-05-23 00:15:00+00:00,3284.678,3298.155,3312.898,3228.2379999999994,25,timeout,-0.4775690999291352
PEM,M5,long,2025-05-23 01:10:00+00:00,2025-05-23 01:20:00+00:00,3298.198,3293.148,3293.148,3308.2979999999993,3,sl,-1.0
PEM,M5,long,2025-05-23 05:10:00+00:00,2025-05-23 07:10:00+00:00,3297.448,3299.248,3289.925,3312.4939999999992,25,timeout,0.23926625016619135
PEM,M5,long,2025-05-23 10:45:00+00:00,2025-05-23 11:35:00+00:00,3300.648,3313.514,3294.215,3313.514,11,tp,2.0
PEM,M5,long,2025-05-23 22:05:00+00:00,2025-05-24 00:05:00+00:00,3358.195,3358.715,3342.778,3389.029000000001,25,timeout,0.03372900045404224
PEM,M5,long,2025-05-26 09:45:00+00:00,2025-05-26 10:20:00+00:00,3352.025,3345.745,3345.745,3364.5850000000005,8,sl,-1.0
PEM,M5,short,2025-05-26 13:25:00+00:00,2025-05-26 15:25:00+00:00,3342.435,3334.585,3349.475,3328.355,25,timeout,1.115056818181811
PEM,M5,short,2025-05-26 16:35:00+00:00,2025-05-26 18:35:00+00:00,3325.465,3330.198,3343.048,3290.299000000001,25,timeout,-0.2691804583973053
PEM,M5,long,2025-05-27 10:25:00+00:00,2025-05-27 10:50:00+00:00,3346.248,3341.915,3341.915,3354.914,6,sl,-1.0
PEM,M5,short,2025-05-27 22:50:00+00:00,2025-05-28 00:45:00+00:00,3291.275,3302.875,3302.875,3268.0750000000003,24,sl,-1.0
PEM,M5,long,2025-05-28 06:20:00+00:00,2025-05-28 08:20:00+00:00,3308.355,3307.235,3302.578,3319.909,25,timeout,-0.1938722520339073
PEM,M5,short,2025-05-28 10:00:00+00:00,2025-05-28 12:00:00+00:00,3302.748,3297.498,3314.748,3278.748,25,timeout,0.4375
PEM,M5,long,2025-05-28 14:00:00+00:00,2025-05-28 14:45:00+00:00,3307.185,3317.6649999999995,3301.945,3317.6649999999995,10,tp,2.0
PEM,M5,short,2025-05-28 21:50:00+00:00,2025-05-28 23:50:00+00:00,3301.935,3290.848,3308.838,3288.1289999999995,25,timeout,1.6061132840793266
PEM,M5,short,2025-05-29 05:35:00+00:00,2025-05-29 06:10:00+00:00,3285.448,3275.6479999999997,3290.348,3275.6479999999997,8,tp,2.0
PEM,M5,short,2025-05-29 06:15:00+00:00,2025-05-29 08:15:00+00:00,3271.575,3251.848,3287.415,3239.8949999999995,25,timeout,1.245391414141394
PEM,M5,long,2025-05-29 10:50:00+00:00,2025-05-29 11:00:00+00:00,3278.348,3273.785,3273.785,3287.474,3,sl,-1.0
PEM,M5,long,2025-05-29 22:55:00+00:00,2025-05-30 00:55:00+00:00,3317.798,3322.205,3299.055,3355.2839999999997,25,timeout,0.2351277810382632
PEM,M5,short,2025-05-30 10:00:00+00:00,2025-05-30 12:00:00+00:00,3295.515,3295.648,3311.148,3264.2489999999993,25,timeout,-0.008507644086244695
PEM,M5,short,2025-05-30 18:25:00+00:00,2025-05-30 19:15:00+00:00,3291.265,3296.505,3296.505,3280.7849999999994,11,sl,-1.0
PEM,M5,short,2025-05-30 21:40:00+00:00,2025-05-30 23:40:00+00:00,3280.885,3285.498,3300.198,3242.259000000001,25,timeout,-0.2388546574845914
PEM,M5,long,2025-05-31 01:15:00+00:00,2025-05-31 03:15:00+00:00,3293.855,3293.015,3290.505,3300.555,25,timeout,-0.2507462686567667
PEM,M5,long,2025-06-02 05:55:00+00:00,2025-06-02 07:55:00+00:00,3308.615,3309.998,3291.455,3342.9349999999995,25,timeout,0.08059440559442176
PEM,M5,short,2025-06-02 10:40:00+00:00,2025-06-02 11:00:00+00:00,3303.535,3308.098,3308.098,3294.4089999999997,5,sl,-1.0
PEM,M5,long,2025-06-02 13:25:00+00:00,2025-06-02 15:25:00+00:00,3334.498,3352.048,3315.985,3371.524,25,timeout,0.9479824987846271
PEM,M5,long,2025-06-02 18:35:00+00:00,2025-06-02 20:35:00+00:00,3354.145,3356.435,3345.835,3370.765,25,timeout,0.2755716004813452
PEM,M5,long,2025-06-03 01:50:00+00:00,2025-06-03 03:50:00+00:00,3377.165,3381.805,3370.548,3390.3990000000003,25,timeout,0.7012241196916639
PEM,M5,short,2025-06-03 13:45:00+00:00,2025-06-03 15:45:00+00:00,3358.385,3361.048,3366.285,3342.585000000001,25,timeout,-0.33708860759489606
PEM,M5,short,2025-06-03 22:10:00+00:00,2025-06-03 22:20:00+00:00,3344.325,3349.945,3349.945,3333.084999999999,3,sl,-1.0
PEM,M5,short,2025-06-03 23:40:00+00:00,2025-06-04 00:10:00+00:00,3346.598,3349.898,3349.898,3339.9979999999996,7,sl,-1.0
PEM,M5,long,2025-06-04 05:45:00+00:00,2025-06-04 06:40:00+00:00,3358.048,3355.275,3355.275,3363.593999999999,12,sl,-1.0
PEM,M5,short,2025-06-04 07:15:00+00:00,2025-06-04 08:20:00+00:00,3353.095,3359.548,3359.548,3340.189,14,sl,-1.0
PEM,M5,long,2025-06-04 08:45:00+00:00,2025-06-04 10:45:00+00:00,3368.498,3359.998,3356.655,3392.1839999999997,25,timeout,-0.7177235497762484
PEM,M5,short,2025-06-04 11:05:00+00:00,2025-06-04 12:05:00+00:00,3358.648,3351.648,3362.148,3351.648,13,tp,2.0
PEM,M5,short,2025-06-04 12:30:00+00:00,2025-06-04 14:10:00+00:00,3350.298,3361.235,3361.235,3328.423999999999,21,sl,-1.0
PEM,M5,long,2025-06-04 14:40:00+00:00,2025-06-04 14:55:00+00:00,3364.548,3355.665,3355.665,3382.3139999999994,4,sl,-1.0
PEM,M5,short,2025-06-04 17:50:00+00:00,2025-06-04 19:50:00+00:00,3353.755,3360.198,3360.198,3340.8690000000006,25,sl,-1.0
PEM,M5,long,2025-06-05 06:30:00+00:00,2025-06-05 08:30:00+00:00,3378.295,3376.998,3372.098,3390.6890000000003,25,timeout,-0.20929482007422964
PEM,M5,long,2025-06-05 10:40:00+00:00,2025-06-05 11:00:00+00:00,3376.555,3369.295,3369.295,3391.0749999999994,5,sl,-1.0
PEM,M5,long,2025-06-05 15:50:00+00:00,2025-06-05 17:05:00+00:00,3375.205,3392.965,3366.325,3392.965,16,tp,2.0
PEM,M5,short,2025-06-05 21:10:00+00:00,2025-06-05 21:35:00+00:00,3367.933,3381.098,3381.098,3341.603,6,sl,-1.0
PEM,M5,short,2025-06-06 03:30:00+00:00,2025-06-06 05:20:00+00:00,3353.748,3357.475,3357.475,3346.2940000000003,12,sl,-1.0
PEM,M5,long,2025-06-06 05:35:00+00:00,2025-06-06 07:35:00+00:00,3359.868,3361.638,3354.885,3369.8339999999994,25,timeout,0.3552077062011
PEM,M5,long,2025-06-06 10:55:00+00:00,2025-06-06 12:55:00+00:00,3370.595,3362.095,3362.095,3387.595,25,sl,-1.0
PEM,M5,short,2025-06-06 14:40:00+00:00,2025-06-06 15:30:00+00:00,3358.615,3365.275,3365.275,3345.294999999999,11,sl,-1.0
PEM,M5,long,2025-06-06 15:55:00+00:00,2025-06-06 16:10:00+00:00,3366.008,3360.098,3360.098,3377.8279999999995,4,sl,-1.0
PEM,M5,short,2025-06-06 16:30:00+00:00,2025-06-06 18:30:00+00:00,3357.248,3360.605,3364.565,3342.614,25,timeout,-0.458794587945875
PEM,M5,short,2025-06-09 05:50:00+00:00,2025-06-09 07:45:00+00:00,3311.945,3298.5050000000006,3318.665,3298.5050000000006,24,tp,2.0
PEM,M5,long,2025-06-09 10:55:00+00:00,2025-06-09 12:55:00+00:00,3310.955,3314.848,3296.015,3340.835,25,timeout,0.2605756358768417
PEM,M5,long,2025-06-09 13:55:00+00:00,2025-06-09 15:55:00+00:00,3322.555,3321.695,3314.205,3339.2549999999997,25,timeout,-0.10299401197600981
PEM,M5,short,2025-06-09 17:55:00+00:00,2025-06-09 18:10:00+00:00,3312.515,3317.385,3317.385,3302.774999999999,4,sl,-1.0
PEM,M5,long,2025-06-09 18:50:00+00:00,2025-06-09 18:55:00+00:00,3320.915,3317.285,3317.285,3328.175,2,sl,-1.0
PEM,M5,long,2025-06-10 02:15:00+00:00,2025-06-10 02:30:00+00:00,3334.915,3332.548,3332.548,3339.6490000000003,4,sl,-1.0
PEM,M5,short,2025-06-10 08:55:00+00:00,2025-06-10 10:55:00+00:00,3305.545,3307.395,3317.648,3281.339,25,timeout,-0.1528546641328513
PEM,M5,long,2025-06-10 14:40:00+00:00,2025-06-10 16:40:00+00:00,3330.875,3328.225,3323.935,3344.755,25,timeout,-0.3818443804034683
PEM,M5,long,2025-06-10 18:00:00+00:00,2025-06-10 19:15:00+00:00,3334.695,3328.295,3328.295,3347.4950000000003,16,sl,-1.0
PEM,M5,long,2025-06-10 20:30:00+00:00,2025-06-10 21:10:00+00:00,3343.805,3335.848,3335.848,3359.7189999999996,9,sl,-1.0
PEM,M5,long,2025-06-11 19:35:00+00:00,2025-06-11 20:45:00+00:00,3346.475,3329.705,3329.705,3380.015,15,sl,-1.0
PEM,M5,short,2025-06-11 23:25:00+00:00,2025-06-12 00:30:00+00:00,3330.265,3322.2989999999995,3334.248,3322.2989999999995,14,tp,2.0
PEM,M5,long,2025-06-12 05:20:00+00:00,2025-06-12 06:05:00+00:00,3360.345,3372.6249999999995,3354.205,3372.6249999999995,10,tp,2.0
PEM,M5,long,2025-06-12 12:30:00+00:00,2025-06-12 13:15:00+00:00,3373.995,3369.975,3369.975,3382.035,10,sl,-1.0
PEM,M5,short,2025-06-13 00:20:00+00:00,2025-06-13 01:15:00+00:00,3380.348,3384.748,3384.748,3371.548,12,sl,-1.0
PEM,M5,long,2025-06-13 06:25:00+00:00,2025-06-13 06:50:00+00:00,3384.775,3390.015,3382.155,3390.015,6,tp,2.0
PEM,M5,long,2025-06-13 09:20:00+00:00,2025-06-13 09:55:00+00:00,3429.875,3441.2749999999996,3424.175,3441.2749999999996,8,tp,2.0
PEM,M5,short,2025-06-13 13:55:00+00:00,2025-06-13 15:25:00+00:00,3412.548,3425.625,3425.625,3386.3939999999993,19,sl,-1.0
PEM,M5,long,2025-06-13 20:05:00+00:00,2025-06-13 22:05:00+00:00,3439.018,3425.075,3422.298,3472.4580000000005,25,timeout,-0.8339114832535884
PEM,M5,long,2025-06-14 00:20:00+00:00,2025-06-14 02:20:00+00:00,3431.698,3435.935,3421.135,3452.823999999999,25,timeout,0.40111710688253543
PEM,M5,long,2025-06-16 05:10:00+00:00,2025-06-16 07:10:00+00:00,3443.205,3444.225,3431.755,3466.1049999999996,25,timeout,0.08908296943231424
PEM,M5,short,2025-06-16 11:55:00+00:00,2025-06-16 12:05:00+00:00,3428.455,3421.969,3431.698,3421.969,3,tp,2.0
PEM,M5,short,2025-06-17 01:55:00+00:00,2025-06-17 03:55:00+00:00,3386.985,3384.248,3393.298,3374.359000000001,25,timeout,0.4335498178362479
PEM,M5,short,2025-06-17 13:40:00+00:00,2025-06-17 13:45:00+00:00,3386.995,3380.8549999999996,3390.065,3380.8549999999996,2,tp,2.0
PEM,M5,short,2025-06-17 15:45:00+00:00,2025-06-17 16:05:00+00:00,3384.395,3377.2549999999997,3387.965,3377.2549999999997,5,tp,2.0
PEM,M5,long,2025-06-17 17:25:00+00:00,2025-06-17 19:25:00+00:00,3396.365,3387.248,3379.235,3430.624999999999,25,timeout,-0.5322241681260899
PEM,M5,short,2025-06-17 22:30:00+00:00,2025-06-17 22:50:00+00:00,3383.998,3375.8440000000005,3388.075,3375.8440000000005,5,tp,2.0
PEM,M5,long,2025-06-18 10:45:00+00:00,2025-06-18 11:45:00+00:00,3388.048,3397.4479999999994,3383.348,3397.4479999999994,13,tp,2.0
PEM,M5,short,2025-06-18 14:35:00+00:00,2025-06-18 14:40:00+00:00,3378.075,3383.298,3383.298,3367.629,2,sl,-1.0
PEM,M5,long,2025-06-18 20:25:00+00:00,2025-06-18 21:10:00+00:00,3392.068,3385.348,3385.348,3405.5080000000007,10,sl,-1.0
PEM,M5,short,2025-06-19 11:45:00+00:00,2025-06-19 12:00:00+00:00,3372.105,3374.735,3374.735,3366.845,4,sl,-1.0
PEM,M5,long,2025-06-19 17:25:00+00:00,2025-06-19 19:10:00+00:00,3373.665,3367.665,3367.665,3385.665,22,sl,-1.0
PEM,M5,short,2025-06-20 05:15:00+00:00,2025-06-20 07:15:00+00:00,3367.148,3367.698,3373.948,3353.5480000000007,25,timeout,-0.08088235294113959
PEM,M5,short,2025-06-20 10:20:00+00:00,2025-06-20 12:20:00+00:00,3346.225,3351.775,3358.198,3322.279,25,timeout,-0.46354297168631103
PEM,M5,short,2025-06-20 18:35:00+00:00,2025-06-20 18:40:00+00:00,3351.448,3354.725,3354.725,3344.894,2,sl,-1.0
PEM,M5,long,2025-06-20 22:05:00+00:00,2025-06-21 00:05:00+00:00,3370.525,3370.225,3346.705,3418.1650000000004,25,timeout,-0.012594458438294704
PEM,M5,short,2025-06-21 02:55:00+00:00,2025-06-23 05:00:00+00:00,3364.925,3369.925,3369.925,3354.925,15,sl,-1.0
PEM,M5,short,2025-06-23 07:10:00+00:00,2025-06-23 08:25:00+00:00,3370.148,3353.9140000000007,3378.265,3353.9140000000007,16,tp,2.0
PEM,M5,short,2025-06-23 11:50:00+00:00,2025-06-23 12:35:00+00:00,3357.395,3350.2949999999996,3360.945,3350.2949999999996,10,tp,2.0
PEM,M5,long,2025-06-23 16:55:00+00:00,2025-06-23 18:25:00+00:00,3366.005,3378.745,3359.635,3378.745,19,tp,2.0
PEM,M5,long,2025-06-23 20:40:00+00:00,2025-06-23 22:40:00+00:00,3374.925,3387.748,3362.048,3400.679000000001,25,timeout,0.9958064766637772
PEM,M5,short,2025-06-24 03:25:00+00:00,2025-06-24 05:05:00+00:00,3373.498,3361.5440000000003,3379.475,3361.5440000000003,10,tp,2.0
PEM,M5,short,2025-06-24 08:55:00+00:00,2025-06-24 10:35:00+00:00,3343.648,3355.535,3355.535,3319.8740000000007,21,sl,-1.0
PEM,M5,short,2025-06-24 11:20:00+00:00,2025-06-24 12:20:00+00:00,3349.195,3340.789,3353.398,3340.789,13,tp,2.0
PEM,M5,short,2025-06-24 16:35:00+00:00,2025-06-24 18:20:00+00:00,3319.005,3328.285,3328.285,3300.4450000000006,22,sl,-1.0
PEM,M5,short,2025-06-25 20:15:00+00:00,2025-06-25 22:15:00+00:00,3315.015,3324.585,3329.355,3286.3349999999996,25,timeout,-0.6673640167364063
PEM,M5,long,2025-06-25 23:50:00+00:00,2025-06-26 00:35:00+00:00,3332.905,3326.898,3326.898,3344.9190000000003,10,sl,-1.0
PEM,M5,short,2025-06-26 01:15:00+00:00,2025-06-26 01:20:00+00:00,3326.448,3328.935,3328.935,3321.4739999999997,2,sl,-1.0
PEM,M5,long,2025-06-26 02:35:00+00:00,2025-06-26 05:30:00+00:00,3334.385,3331.775,3330.225,3342.705000000001,25,timeout,-0.6274038461538302
PEM,M5,long,2025-06-26 06:55:00+00:00,2025-06-26 07:05:00+00:00,3337.855,3336.248,3336.248,3341.069,3,sl,-1.0
PEM,M5,long,2025-06-26 13:35:00+00:00,2025-06-26 15:35:00+00:00,3337.615,3345.785,3331.648,3349.548999999999,25,timeout,1.3691972515502868
PEM,M5,long,2025-06-26 15:55:00+00:00,2025-06-26 16:05:00+00:00,3347.135,3345.075,3345.075,3351.255000000001,3,sl,-1.0
PEM,M5,short,2025-06-26 21:30:00+00:00,2025-06-26 22:55:00+00:00,3317.898,3323.568,3323.568,3306.558,18,sl,-1.0
PEM,M5,short,2025-06-27 02:20:00+00:00,2025-06-27 05:15:00+00:00,3329.568,3323.048,3334.315,3320.0740000000005,25,timeout,1.3734990520330002
PEM,M5,short,2025-06-27 09:40:00+00:00,2025-06-27 10:50:00+00:00,3312.348,3296.6139999999996,3320.215,3296.6139999999996,15,tp,2.0
PEM,M5,short,2025-06-27 11:10:00+00:00,2025-06-27 13:10:00+00:00,3291.548,3293.705,3303.075,3268.4939999999997,25,timeout,-0.18712587837252925
PEM,M5,short,2025-06-27 13:45:00+00:00,2025-06-27 14:00:00+00:00,3288.595,3295.015,3295.015,3275.7549999999997,4,sl,-1.0
PEM,M5,short,2025-06-27 17:55:00+00:00,2025-06-27 18:05:00+00:00,3282.395,3287.815,3287.815,3271.555,3,sl,-1.0
PEM,M5,long,2025-06-30 09:10:00+00:00,2025-06-30 11:10:00+00:00,3277.335,3280.685,3270.808,3290.389,25,timeout,0.513252642868069
PEM,M5,long,2025-06-30 12:30:00+00:00,2025-06-30 13:35:00+00:00,3288.398,3293.884,3285.655,3293.884,14,tp,2.0
PEM,M5,long,2025-06-30 13:45:00+00:00,2025-06-30 15:40:00+00:00,3294.635,3289.255,3289.255,3305.3950000000004,24,sl,-1.0
PEM,M5,long,2025-06-30 19:30:00+00:00,2025-06-30 21:30:00+00:00,3283.935,3284.325,3274.545,3302.7149999999997,25,timeout,0.041533546325865596
PEM,M5,long,2025-07-01 05:55:00+00:00,2025-07-01 07:55:00+00:00,3310.745,3313.315,3303.448,3325.339,25,timeout,0.35219953405511234
PEM,M5,long,2025-07-01 08:00:00+00:00,2025-07-01 08:15:00+00:00,3313.315,3318.3490000000006,3310.798,3318.3490000000006,4,tp,2.0
PEM,M5,long,2025-07-01 11:30:00+00:00,2025-07-01 12:35:00+00:00,3322.498,3331.9380000000006,3317.778,3331.9380000000006,14,tp,2.0
PEM,M5,long,2025-07-01 14:20:00+00:00,2025-07-01 16:20:00+00:00,3336.215,3341.105,3327.485,3353.675,25,timeout,0.5601374570446578
PEM,M5,long,2025-07-01 19:25:00+00:00,2025-07-01 20:15:00+00:00,3355.125,3347.748,3347.748,3369.879,11,sl,-1.0
PEM,M5,long,2025-07-02 05:35:00+00:00,2025-07-02 06:05:00+00:00,3342.998,3336.865,3336.865,3355.2640000000006,7,sl,-1.0
PEM,M5,short,2025-07-02 07:50:00+00:00,2025-07-02 08:05:00+00:00,3336.525,3341.745,3341.745,3326.0850000000005,4,sl,-1.0
PEM,M5,long,2025-07-02 17:40:00+00:00,2025-07-02 18:50:00+00:00,3343.825,3340.395,3340.395,3350.6849999999995,15,sl,-1.0
PEM,M5,long,2025-07-03 00:10:00+00:00,2025-07-03 02:10:00+00:00,3349.535,3356.185,3345.435,3357.7349999999997,25,timeout,1.6219512195122532
PEM,M5,short,2025-07-03 06:20:00+00:00,2025-07-03 08:20:00+00:00,3353.285,3343.448,3362.998,3333.8589999999995,25,timeout,1.0127663955523314
PEM,M5,long,2025-07-03 12:55:00+00:00,2025-07-03 14:55:00+00:00,3355.755,3355.248,3349.898,3367.469,25,timeout,-0.08656308690456964
PEM,M5,long,2025-07-03 17:50:00+00:00,2025-07-03 18:40:00+00:00,3353.385,3345.795,3345.795,3368.5650000000005,11,sl,-1.0
PEM,M5,long,2025-07-04 11:10:00+00:00,2025-07-04 13:10:00+00:00,3338.805,3340.648,3330.555,3355.305,25,timeout,0.223393939393976
PEM,M5,short,2025-07-04 19:50:00+00:00,2025-07-04 20:45:00+00:00,3331.919,3337.298,3337.298,3321.161,12,sl,-1.0
PEM,M5,short,2025-07-07 06:15:00+00:00,2025-07-07 08:05:00+00:00,3331.005,3321.3250000000007,3335.845,3321.3250000000007,23,tp,2.0
PEM,M5,short,2025-07-07 11:30:00+00:00,2025-07-07 12:10:00+00:00,3307.725,3311.265,3311.265,3300.645,9,sl,-1.0
PEM,M5,short,2025-07-07 14:55:00+00:00,2025-07-07 15:35:00+00:00,3302.495,3311.635,3311.635,3284.2149999999992,9,sl,-1.0
PEM,M5,short,2025-07-07 17:50:00+00:00,2025-07-07 19:50:00+00:00,3298.115,3311.215,3311.975,3270.3949999999995,25,timeout,-0.9451659451659628
PEM,M5,long,2025-07-07 21:05:00+00:00,2025-07-07 23:05:00+00:00,3316.185,3321.235,3308.498,3331.5589999999997,25,timeout,0.6569532977754975
PEM,M5,long,2025-07-07 23:25:00+00:00,2025-07-08 01:25:00+00:00,3324.129,3328.698,3317.375,3337.6369999999997,25,timeout,0.6764880071069032
PEM,M5,long,2025-07-08 02:20:00+00:00,2025-07-08 05:15:00+00:00,3337.965,3343.348,3333.925,3346.045,25,timeout,1.3324257425742225
PEM,M5,short,2025-07-08 15:50:00+00:00,2025-07-08 17:50:00+00:00,3326.165,3326.385,3335.305,3307.885,25,timeout,-0.02407002188186627
PEM,M5,short,2025-07-08 20:15:00+00:00,2025-07-08 21:05:00+00:00,3324.198,3313.7979999999993,3329.398,3313.7979999999993,11,tp,2.0
PEM,M5,short,2025-07-09 08:20:00+00:00,2025-07-09 08:25:00+00:00,3302.615,3306.248,3306.248,3295.3489999999993,2,sl,-1.0
PEM,M5,short,2025-07-09 09:50:00+00:00,2025-07-09 11:50:00+00:00,3292.695,3295.525,3306.548,3264.989000000001,25,timeout,-0.2042878798816146
PEM,M5,short,2025-07-09 18:35:00+00:00,2025-07-09 19:45:00+00:00,3287.775,3295.355,3295.355,3272.6150000000002,15,sl,-1.0
PEM,M5,long,2025-07-10 05:30:00+00:00,2025-07-10 07:30:00+00:00,3319.915,3319.125,3313.498,3332.749,25,timeout,-0.12311048776686519
PEM,M5,long,2025-07-10 14:10:00+00:00,2025-07-10 14:50:00+00:00,3327.569,3320.598,3320.598,3341.511,9,sl,-1.0
PEM,M5,long,2025-07-10 16:00:00+00:00,2025-07-10 18:00:00+00:00,3329.085,3328.048,3319.898,3347.459,25,timeout,-0.11287689125941804
PEM,M5,long,2025-07-11 05:10:00+00:00,2025-07-11 05:55:00+00:00,3325.798,3322.848,3322.848,3331.6979999999994,10,sl,-1.0
PEM,M5,long,2025-07-11 06:55:00+00:00,2025-07-11 06:55:00+00:00,3325.925,3323.035,3323.035,3331.705000000001,1,sl,-1.0
PEM,M5,long,2025-07-11 08:40:00+00:00,2025-07-11 10:40:00+00:00,3330.205,3333.385,3325.245,3340.125,25,timeout,0.6411290322581185
PEM,M5,long,2025-07-11 13:20:00+00:00,2025-07-11 14:00:00+00:00,3339.865,3332.515,3332.515,3354.5649999999996,9,sl,-1.0
PEM,M5,long,2025-07-11 17:40:00+00:00,2025-07-11 19:40:00+00:00,3345.458,3351.795,3331.275,3373.824,25,timeout,0.4468025100472391
PEM,M5,long,2025-07-11 21:55:00+00:00,2025-07-11 23:55:00+00:00,3360.505,3354.305,3351.339,3378.8370000000004,25,timeout,-0.6764128300240192
PEM,M5,short,2025-07-12 03:35:00+00:00,2025-07-12 03:45:00+00:00,3353.325,3357.795,3357.795,3344.3849999999993,3,sl,-1.0
PEM,M5,short,2025-07-14 08:15:00+00:00,2025-07-14 10:15:00+00:00,3361.535,3357.285,3372.665,3339.2749999999996,25,timeout,0.38185085354896303
PEM,M5,long,2025-07-14 17:00:00+00:00,2025-07-14 17:05:00+00:00,3367.145,3371.9649999999997,3364.735,3371.9649999999997,2,tp,2.0
PEM,M5,short,2025-07-14 21:25:00+00:00,2025-07-14 23:25:00+00:00,3349.125,3347.075,3357.855,3331.665,25,timeout,0.23482245131731702
PEM,M5,short,2025-07-15 02:50:00+00:00,2025-07-15 05:45:00+00:00,3345.485,3343.855,3350.075,3336.3050000000007,25,timeout,0.3551198257081087
PEM,M5,short,2025-07-15 19:10:00+00:00,2025-07-15 19:30:00+00:00,3353.298,3358.445,3358.445,3343.003999999999,5,sl,-1.0
PEM,M5,short,2025-07-15 22:25:00+00:00,2025-07-15 22:35:00+00:00,3341.229,3327.068999999999,3348.309,3327.068999999999,3,tp,2.0
PEM,M5,short,2025-07-15 23:15:00+00:00,2025-07-16 00:15:00+00:00,3324.845,3330.899,3330.899,3312.7369999999996,13,sl,-1.0
PEM,M5,short,2025-07-16 03:30:00+00:00,2025-07-16 06:25:00+00:00,3328.088,3329.485,3330.835,3322.5940000000005,25,timeout,-0.5085547870404128
PEM,M5,short,2025-07-16 10:00:00+00:00,2025-07-16 10:30:00+00:00,3325.348,3332.415,3332.415,3311.214,7,sl,-1.0
PEM,M5,long,2025-07-16 11:40:00+00:00,2025-07-16 13:40:00+00:00,3336.518,3339.955,3327.705,3354.1440000000002,25,timeout,0.38999205718822855
PEM,M5,long,2025-07-16 16:00:00+00:00,2025-07-16 17:10:00+00:00,3342.075,3337.845,3337.845,3350.535,15,sl,-1.0
PEM,M5,short,2025-07-16 20:40:00+00:00,2025-07-16 22:00:00+00:00,3328.969,3339.525,3339.525,3307.857,17,sl,-1.0
PEM,M5,short,2025-07-17 06:50:00+00:00,2025-07-17 08:50:00+00:00,3346.615,3342.495,3351.535,3336.7749999999996,25,timeout,0.8373983739837053
PEM,M5,short,2025-07-17 09:20:00+00:00,2025-07-17 11:20:00+00:00,3340.655,3339.455,3344.605,3332.7550000000006,25,timeout,0.30379746835451343
PEM,M5,short,2025-07-17 14:55:00+00:00,2025-07-17 15:20:00+00:00,3325.475,3329.848,3329.848,3316.729,6,sl,-1.0
PEM,M5,long,2025-07-17 23:35:00+00:00,2025-07-18 01:35:00+00:00,3338.745,3337.419,3335.375,3345.4849999999997,25,timeout,-0.39347181008904
PEM,M5,short,2025-07-18 10:15:00+00:00,2025-07-18 12:15:00+00:00,3336.805,3339.148,3341.298,3327.819,25,timeout,-0.5214778544403148
PEM,M5,long,2025-07-18 13:35:00+00:00,2025-07-18 14:45:00+00:00,3339.075,3349.2149999999992,3334.005,3349.2149999999992,15,tp,2.0
PEM,M5,long,2025-07-18 16:45:00+00:00,2025-07-18 17:10:00+00:00,3353.849,3347.735,3347.735,3366.077,6,sl,-1.0
PEM,M5,short,2025-07-19 02:40:00+00:00,2025-07-19 03:50:00+00:00,3348.525,3351.665,3351.665,3342.2450000000003,15,sl,-1.0
PEM,M5,short,2025-07-21 06:00:00+00:00,2025-07-21 06:00:00+00:00,3346.698,3347.848,3347.848,3344.3979999999997,1,sl,-1.0
PEM,M5,long,2025-07-21 10:25:00+00:00,2025-07-21 10:40:00+00:00,3356.415,3352.115,3352.115,3365.0150000000003,4,sl,-1.0
PEM,M5,long,2025-07-21 13:40:00+00:00,2025-07-21 15:40:00+00:00,3370.258,3364.698,3352.648,3405.477999999999,25,timeout,-0.3157296990346422
PEM,M5,short,2025-07-22 09:05:00+00:00,2025-07-22 11:05:00+00:00,3385.625,3390.645,3401.575,3353.7250000000004,25,timeout,-0.31473354231975165
PEM,M5,short,2025-07-22 14:10:00+00:00,2025-07-22 15:15:00+00:00,3384.145,3387.898,3387.898,3376.6389999999997,14,sl,-1.0
PEM,M5,long,2025-07-22 21:35:00+00:00,2025-07-22 23:35:00+00:00,3422.375,3429.535,3386.995,3493.135,25,timeout,0.2023742227246985
PEM,M5,long,2025-07-23 00:00:00+00:00,2025-07-23 00:15:00+00:00,3431.579,3427.069,3427.069,3440.5990000000006,4,sl,-1.0
PEM,M5,long,2025-07-23 02:30:00+00:00,2025-07-23 03:40:00+00:00,3431.395,3428.715,3428.715,3436.7549999999997,15,sl,-1.0
PEM,M5,long,2025-07-23 14:15:00+00:00,2025-07-23 14:45:00+00:00,3428.065,3423.215,3423.215,3437.765,7,sl,-1.0
PEM,M5,long,2025-07-23 15:25:00+00:00,2025-07-23 17:25:00+00:00,3426.795,3422.565,3419.765,3440.8550000000005,25,timeout,-0.6017069701280082
PEM,M5,short,2025-07-23 23:00:00+00:00,2025-07-24 01:00:00+00:00,3403.775,3392.565,3428.635,3354.055,25,timeout,0.45092518101367574
PEM,M5,short,2025-07-24 09:15:00+00:00,2025-07-24 10:10:00+00:00,3385.165,3376.599,3389.448,3376.599,12,tp,2.0
PEM,M5,short,2025-07-24 16:00:00+00:00,2025-07-24 18:00:00+00:00,3370.205,3364.275,3377.055,3356.505,25,timeout,0.865693430656922
PEM,M5,short,2025-07-24 18:35:00+00:00,2025-07-24 20:35:00+00:00,3361.229,3359.179,3366.985,3349.716999999999,25,timeout,0.35615010423898813
PEM,M5,short,2025-07-25 01:00:00+00:00,2025-07-25 01:35:00+00:00,3369.255,3371.409,3371.409,3364.947,8,sl,-1.0
PEM,M5,short,2025-07-25 21:45:00+00:00,2025-07-25 23:45:00+00:00,3334.248,3330.755,3343.148,3316.448,25,timeout,0.3924719101123486
PEM,M5,short,2025-07-28 06:40:00+00:00,2025-07-28 08:05:00+00:00,3330.115,3337.098,3337.098,3316.1489999999994,18,sl,-1.0
PEM,M5,short,2025-07-28 09:05:00+00:00,2025-07-28 10:05:00+00:00,3331.525,3336.545,3336.545,3321.485,13,sl,-1.0
PEM,M5,long,2025-07-28 10:20:00+00:00,2025-07-28 12:20:00+00:00,3338.305,3338.535,3331.375,3352.1649999999995,25,timeout,0.0331890331890366
PEM,M5,long,2025-07-28 16:20:00+00:00,2025-07-28 16:40:00+00:00,3338.498,3335.898,3335.898,3343.698,5,sl,-1.0
PEM,M5,long,2025-07-29 02:10:00+00:00,2025-07-29 02:20:00+00:00,3316.125,3312.865,3312.865,3322.6450000000004,3,sl,-1.0
PEM,M5,long,2025-07-29 02:45:00+00:00,2025-07-29 02:55:00+00:00,3314.898,3316.684,3314.005,3316.684,3,tp,2.0
PEM,M5,short,2025-07-29 06:35:00+00:00,2025-07-29 07:05:00+00:00,3310.898,3314.848,3314.848,3302.9980000000005,7,sl,-1.0
PEM,M5,long,2025-07-29 08:30:00+00:00,2025-07-29 10:30:00+00:00,3313.418,3314.598,3309.365,3321.524000000001,25,timeout,0.2911423636811591
PEM,M5,long,2025-07-29 12:00:00+00:00,2025-07-29 14:00:00+00:00,3316.195,3316.925,3312.535,3323.515000000001,25,timeout,0.19945355191255643
PEM,M5,long,2025-07-29 15:15:00+00:00,2025-07-29 17:15:00+00:00,3324.335,3324.005,3315.955,3341.0950000000003,25,timeout,-0.039379474940324934
PEM,M5,short,2025-07-29 20:40:00+00:00,2025-07-29 21:25:00+00:00,3313.125,3322.998,3322.998,3293.379,10,sl,-1.0
PEM,M5,short,2025-07-30 22:30:00+00:00,2025-07-31 00:30:00+00:00,3292.055,3299.595,3305.149,3265.8669999999997,25,timeout,-0.5758362608828421
PEM,M5,long,2025-07-31 11:45:00+00:00,2025-07-31 13:10:00+00:00,3296.805,3303.2189999999996,3293.598,3303.2189999999996,18,tp,2.0
PEM,M5,long,2025-08-01 00:20:00+00:00,2025-08-01 02:20:00+00:00,3297.605,3293.498,3289.805,3313.2050000000004,25,timeout,-0.5265384615384455
PEM,M5,short,2025-08-01 04:00:00+00:00,2025-08-01 05:05:00+00:00,3289.875,3292.398,3292.398,3284.8289999999997,3,sl,-1.0
PEM,M5,long,2025-08-01 05:55:00+00:00,2025-08-01 06:15:00+00:00,3294.215,3290.585,3290.585,3301.4750000000004,5,sl,-1.0
PEM,M5,short,2025-08-01 07:05:00+00:00,2025-08-01 07:45:00+00:00,3288.505,3291.598,3291.598,3282.3190000000004,9,sl,-1.0
PEM,M5,long,2025-08-01 10:05:00+00:00,2025-08-01 12:05:00+00:00,3292.645,3293.158,3287.905,3302.1249999999995,25,timeout,0.10822784810125392
PEM,M5,long,2025-08-01 12:10:00+00:00,2025-08-01 12:55:00+00:00,3293.228,3299.5880000000006,3290.048,3299.5880000000006,10,tp,2.0
PEM,M5,long,2025-08-02 00:00:00+00:00,2025-08-02 02:00:00+00:00,3345.048,3348.048,3340.298,3354.548,25,timeout,0.631578947368421
PEM,M5,long,2025-08-02 02:35:00+00:00,2025-08-04 05:00:00+00:00,3354.298,3368.437999999999,3347.228,3368.437999999999,19,tp,2.0
PEM,M5,short,2025-08-04 07:45:00+00:00,2025-08-04 08:25:00+00:00,3353.765,3347.9989999999993,3356.648,3347.9989999999993,9,tp,2.0
PEM,M5,long,2025-08-04 11:05:00+00:00,2025-08-04 13:05:00+00:00,3360.385,3356.035,3355.065,3371.0250000000005,25,timeout,-0.8176691729323741
PEM,M5,long,2025-08-04 15:25:00+00:00,2025-08-04 17:25:00+00:00,3357.948,3353.385,3353.385,3367.073999999999,25,sl,-1.0
PEM,M5,long,2025-08-04 18:15:00+00:00,2025-08-04 20:15:00+00:00,3362.248,3373.0140000000006,3356.865,3373.0140000000006,25,tp,2.0
PEM,M5,long,2025-08-04 22:55:00+00:00,2025-08-04 23:40:00+00:00,3374.949,3371.685,3371.685,3381.4770000000003,10,sl,-1.0
PEM,M5,long,2025-08-05 01:25:00+00:00,2025-08-05 03:25:00+00:00,3375.659,3375.875,3372.275,3382.427,25,timeout,0.0638297872340111
PEM,M5,short,2025-08-05 03:45:00+00:00,2025-08-05 05:10:00+00:00,3373.925,3376.095,3376.095,3369.585000000001,7,sl,-1.0
PEM,M5,short,2025-08-05 10:50:00+00:00,2025-08-05 12:50:00+00:00,3372.298,3371.375,3375.445,3366.003999999999,25,timeout,0.2932952017793646
PEM,M5,short,2025-08-05 16:40:00+00:00,2025-08-05 18:40:00+00:00,3363.215,3350.648,3372.955,3343.7350000000006,25,timeout,1.2902464065708716
PEM,M5,long,2025-08-05 20:25:00+00:00,2025-08-05 21:40:00+00:00,3369.415,3383.2349999999997,3362.505,3383.2349999999997,16,tp,2.0
PEM,M5,short,2025-08-06 05:40:00+00:00,2025-08-06 06:10:00+00:00,3378.605,3380.725,3380.725,3374.3650000000002,7,sl,-1.0
PEM,M5,short,2025-08-06 16:40:00+00:00,2025-08-06 18:40:00+00:00,3363.205,3366.025,3367.615,3354.385,25,timeout,-0.6394557823129834
PEM,M5,short,2025-08-07 00:30:00+00:00,2025-08-07 02:30:00+00:00,3371.175,3371.415,3378.325,3356.875000000001,25,timeout,-0.03356643356640475
PEM,M5,long,2025-08-07 08:45:00+00:00,2025-08-07 10:45:00+00:00,3379.395,3377.825,3376.145,3385.895,25,timeout,-0.4830769230769735
PEM,M5,long,2025-08-07 19:40:00+00:00,2025-08-07 21:10:00+00:00,3389.325,3376.695,3376.695,3414.584999999999,19,sl,-1.0
PEM,M5,long,2025-08-08 02:40:00+00:00,2025-08-08 05:20:00+00:00,3395.298,3387.365,3387.365,3411.1639999999998,22,sl,-1.0
PEM,M5,short,2025-08-08 07:30:00+00:00,2025-08-08 09:30:00+00:00,3392.823,3386.689,3402.705,3373.0589999999997,25,timeout,0.6207245496862959
PEM,M5,long,2025-08-08 10:45:00+00:00,2025-08-08 12:45:00+00:00,3396.029,3392.619,3382.145,3423.797,25,timeout,-0.24560645347161128
PEM,M5,long,2025-08-11 05:05:00+00:00,2025-08-11 05:05:00+00:00,3403.648,3396.149,3396.149,3418.6460000000006,1,sl,-1.0
PEM,M5,short,2025-08-11 07:05:00+00:00,2025-08-11 08:00:00+00:00,3390.315,3380.4550000000004,3395.245,3380.4550000000004,12,tp,2.0
PEM,M5,short,2025-08-11 15:45:00+00:00,2025-08-11 17:45:00+00:00,3362.525,3359.805,3368.618,3350.3390000000004,25,timeout,0.44641391761042554
PEM,M5,short,2025-08-11 19:25:00+00:00,2025-08-11 20:00:00+00:00,3351.925,3356.785,3356.785,3342.205000000001,8,sl,-1.0
PEM,M5,short,2025-08-11 21:40:00+00:00,2025-08-11 23:40:00+00:00,3348.615,3342.785,3358.569,3328.7069999999994,25,timeout,0.5856941932891122
PEM,M5,short,2025-08-11 23:45:00+00:00,2025-08-12 00:40:00+00:00,3342.765,3349.305,3349.305,3329.685,12,sl,-1.0
PEM,M5,short,2025-08-12 03:40:00+00:00,2025-08-12 03:50:00+00:00,3348.615,3343.0549999999994,3351.395,3343.0549999999994,3,tp,2.0
PEM,M5,long,2025-08-12 14:40:00+00:00,2025-08-12 15:45:00+00:00,3353.415,3345.995,3345.995,3368.255,14,sl,-1.0
PEM,M5,short,2025-08-12 15:50:00+00:00,2025-08-12 17:50:00+00:00,3346.598,3345.848,3353.429,3332.9359999999997,25,timeout,0.10979358805445552
PEM,M5,long,2025-08-12 22:35:00+00:00,2025-08-13 00:35:00+00:00,3356.748,3348.275,3331.395,3407.454,25,timeout,-0.3342010807399493
PEM,M5,long,2025-08-13 06:25:00+00:00,2025-08-13 06:50:00+00:00,3351.205,3349.605,3349.605,3354.4049999999997,6,sl,-1.0
PEM,M5,long,2025-08-13 09:50:00+00:00,2025-08-13 11:50:00+00:00,3353.045,3350.198,3346.409,3366.317,25,timeout,-0.42902350813746554
PEM,M5,long,2025-08-13 16:30:00+00:00,2025-08-13 18:30:00+00:00,3361.985,3360.665,3353.508,3378.9390000000008,25,timeout,-0.1557154653769157
PEM,M5,long,2025-08-14 03:00:00+00:00,2025-08-14 04:00:00+00:00,3357.885,3355.175,3355.175,3363.3050000000003,13,sl,-1.0
PEM,M5,long,2025-08-14 06:10:00+00:00,2025-08-14 07:05:00+00:00,3360.448,3366.9739999999997,3357.185,3366.9739999999997,12,tp,2.0
PEM,M5,short,2025-08-14 12:10:00+00:00,2025-08-14 12:20:00+00:00,3359.945,3361.625,3361.625,3356.5850000000005,3,sl,-1.0
PEM,M5,long,2025-08-14 14:05:00+00:00,2025-08-14 14:35:00+00:00,3363.598,3357.725,3357.725,3375.344,7,sl,-1.0
PEM,M5,long,2025-08-15 12:10:00+00:00,2025-08-15 12:20:00+00:00,3348.175,3344.335,3344.335,3355.8550000000005,3,sl,-1.0
PEM,M5,short,2025-08-16 02:00:00+00:00,2025-08-16 02:35:00+00:00,3335.515,3337.355,3337.355,3331.8349999999996,8,sl,-1.0
PEM,M5,short,2025-08-18 05:15:00+00:00,2025-08-18 07:15:00+00:00,3333.198,3334.555,3338.598,3322.3979999999997,25,timeout,-0.2512962962962867
PEM,M5,long,2025-08-18 10:45:00+00:00,2025-08-18 12:45:00+00:00,3347.935,3347.198,3342.125,3359.555,25,timeout,-0.12685025817557435
PEM,M5,short,2025-08-18 21:55:00+00:00,2025-08-18 23:55:00+00:00,3334.725,3333.965,3338.495,3327.185,25,timeout,0.20159151193627778
PEM,M5,short,2025-08-19 06:40:00+00:00,2025-08-19 07:00:00+00:00,3331.705,3327.219,3333.948,3327.219,5,tp,2.0
PEM,M5,long,2025-08-19 10:25:00+00:00,2025-08-19 11:40:00+00:00,3341.225,3334.895,3334.895,3353.8849999999998,16,sl,-1.0
PEM,M5,long,2025-08-20 10:15:00+00:00,2025-08-20 12:15:00+00:00,3316.695,3319.145,3313.645,3322.7950000000005,25,timeout,0.8032786885244826
PEM,M5,long,2025-08-20 23:15:00+00:00,2025-08-21 01:15:00+00:00,3343.405,3344.898,3338.705,3352.8050000000007,25,timeout,0.3176595744680535
PEM,M5,long,2025-08-21 01:45:00+00:00,2025-08-21 02:15:00+00:00,3345.089,3347.437,3343.915,3347.437,7,tp,2.0
PEM,M5,short,2025-08-21 07:10:00+00:00,2025-08-21 09:10:00+00:00,3345.215,3343.285,3347.865,3339.915000000001,25,timeout,0.7283018867926626
PEM,M5,short,2025-08-21 09:30:00+00:00,2025-08-21 09:50:00+00:00,3340.885,3343.665,3343.665,3335.3250000000007,5,sl,-1.0
PEM,M5,short,2025-08-21 12:00:00+00:00,2025-08-21 14:00:00+00:00,3338.075,3336.395,3340.798,3332.629,25,timeout,0.6169665809768136
PEM,M5,short,2025-08-21 17:35:00+00:00,2025-08-21 17:40:00+00:00,3338.435,3334.1150000000002,3340.595,3334.1150000000002,2,tp,2.0
PEM,M5,long,2025-08-22 02:25:00+00:00,2025-08-22 05:20:00+00:00,3340.535,3339.425,3336.425,3348.754999999999,25,timeout,-0.27007299270067175
PEM,M5,short,2025-08-22 09:00:00+00:00,2025-08-22 11:00:00+00:00,3334.048,3332.325,3339.555,3323.0339999999997,25,timeout,0.3128745233339272
PEM,M5,short,2025-08-22 11:30:00+00:00,2025-08-22 13:30:00+00:00,3329.805,3327.148,3334.045,3321.3249999999994,25,timeout,0.6266509433961203
PEM,M5,short,2025-08-25 11:15:00+00:00,2025-08-25 13:15:00+00:00,3363.965,3367.495,3367.915,3356.0650000000005,25,timeout,-0.893670886075926
PEM,M5,short,2025-08-26 02:50:00+00:00,2025-08-26 05:45:00+00:00,3367.248,3364.405,3369.135,3363.4739999999997,25,timeout,1.5066242713299363
PEM,M5,short,2025-08-26 06:10:00+00:00,2025-08-26 06:15:00+00:00,3362.598,3357.804,3364.995,3357.804,2,tp,2.0
PEM,M5,long,2025-08-26 15:40:00+00:00,2025-08-26 16:00:00+00:00,3379.255,3375.425,3375.425,3386.915,5,sl,-1.0
PEM,M5,short,2025-08-26 17:40:00+00:00,2025-08-26 18:05:00+00:00,3367.695,3373.685,3373.685,3355.7150000000006,6,sl,-1.0
PEM,M5,long,2025-08-26 18:50:00+00:00,2025-08-26 20:50:00+00:00,3379.465,3374.495,3370.198,3397.9990000000007,25,timeout,-0.5363116434660736
PEM,M5,long,2025-08-27 01:45:00+00:00,2025-08-27 02:10:00+00:00,3384.055,3388.0349999999994,3382.065,3388.0349999999994,6,tp,2.0
PEM,M5,long,2025-08-27 03:55:00+00:00,2025-08-27 05:05:00+00:00,3391.225,3389.655,3389.655,3394.3649999999993,4,sl,-1.0
PEM,M5,short,2025-08-27 09:45:00+00:00,2025-08-27 11:45:00+00:00,3382.015,3374.535,3386.735,3372.5749999999994,25,timeout,1.5847457627117827
PEM,M5,short,2025-08-27 17:40:00+00:00,2025-08-27 19:30:00+00:00,3374.785,3382.365,3382.365,3359.625,23,sl,-1.0
PEM,M5,long,2025-08-27 22:05:00+00:00,2025-08-28 00:05:00+00:00,3386.425,3396.385,3376.848,3405.5790000000006,25,timeout,1.0399916466534198
PEM,M5,long,2025-08-28 23:00:00+00:00,2025-08-28 23:30:00+00:00,3409.075,3416.115,3405.555,3416.115,7,tp,2.0
PEM,M5,long,2025-08-28 23:40:00+00:00,2025-08-29 01:40:00+00:00,3416.765,3418.419,3413.485,3423.3249999999994,25,timeout,0.5042682926829649
PEM,M5,short,2025-08-29 11:10:00+00:00,2025-08-29 13:10:00+00:00,3409.098,3411.095,3412.715,3401.8639999999996,25,timeout,-0.5521150124411776
PEM,M5,short,2025-08-29 13:45:00+00:00,2025-08-29 14:05:00+00:00,3409.625,3411.885,3411.885,3405.1049999999996,5,sl,-1.0
PEM,M5,short,2025-08-29 17:25:00+00:00,2025-08-29 19:25:00+00:00,3406.085,3408.855,3412.745,3392.7650000000003,25,timeout,-0.41591591591592225
PEM,M5,long,2025-08-29 21:40:00+00:00,2025-08-29 23:40:00+00:00,3438.348,3445.805,3407.215,3500.6139999999996,25,timeout,0.23952076574695422
PEM,M5,short,2025-09-01 07:15:00+00:00,2025-09-01 08:50:00+00:00,3443.445,3450.448,3450.448,3429.4390000000008,20,sl,-1.0
PEM,M5,long,2025-09-01 13:45:00+00:00,2025-09-01 14:00:00+00:00,3489.005,3478.605,3478.605,3509.8050000000003,4,sl,-1.0
PEM,M5,long,2025-09-01 15:00:00+00:00,2025-09-01 16:55:00+00:00,3475.015,3468.148,3468.148,3488.7489999999993,24,sl,-1.0
PEM,M5,long,2025-09-02 00:40:00+00:00,2025-09-02 06:05:00+00:00,3478.135,3477.508,3472.145,3490.1150000000007,25,timeout,-0.1046744574291123
PEM,M5,long,2025-09-02 06:50:00+00:00,2025-09-02 08:15:00+00:00,3479.698,3487.104,3475.995,3487.104,18,tp,2.0
PEM,M5,long,2025-09-02 11:05:00+00:00,2025-09-02 12:30:00+00:00,3494.885,3492.345,3492.345,3499.965000000001,18,sl,-1.0
PEM,M5,short,2025-09-02 15:00:00+00:00,2025-09-02 17:00:00+00:00,3474.345,3476.245,3483.795,3455.4449999999993,25,timeout,-0.20105820105820488
PEM,M5,long,2025-09-02 22:15:00+00:00,2025-09-03 00:15:00+00:00,3513.769,3527.335,3502.318,3536.670999999999,25,timeout,1.1847000261986527
PEM,M5,long,2025-09-03 02:50:00+00:00,2025-09-03 02:55:00+00:00,3539.598,3534.445,3534.445,3549.9039999999995,2,sl,-1.0
PEM,M5,long,2025-09-03 15:15:00+00:00,2025-09-03 17:05:00+00:00,3539.285,3533.595,3533.595,3550.665,23,sl,-1.0
PEM,M5,long,2025-09-03 22:20:00+00:00,2025-09-04 00:20:00+00:00,3563.275,3571.385,3545.175,3599.475,25,timeout,0.44806629834255074
PEM,M5,long,2025-09-04 00:40:00+00:00,2025-09-04 01:35:00+00:00,3573.085,3570.465,3570.465,3578.325,12,sl,-1.0
PEM,M5,short,2025-09-04 05:00:00+00:00,2025-09-04 05:30:00+00:00,3560.448,3562.435,3562.435,3556.4739999999997,7,sl,-1.0
PEM,M5,short,2025-09-04 07:15:00+00:00,2025-09-04 08:00:00+00:00,3555.955,3562.548,3562.548,3542.7690000000002,10,sl,-1.0
PEM,M5,short,2025-09-04 09:15:00+00:00,2025-09-04 10:15:00+00:00,3544.275,3518.3350000000005,3557.245,3518.3350000000005,13,tp,2.0
PEM,M5,long,2025-09-04 20:30:00+00:00,2025-09-04 21:00:00+00:00,3552.435,3539.115,3539.115,3579.0750000000003,7,sl,-1.0
PEM,M5,long,2025-09-04 22:15:00+00:00,2025-09-05 00:15:00+00:00,3548.215,3551.215,3538.898,3566.849,25,timeout,0.32199205752924737
PEM,M5,long,2025-09-05 01:50:00+00:00,2025-09-05 03:50:00+00:00,3547.695,3545.075,3542.355,3558.3750000000005,25,timeout,-0.4906367041199015
PEM,M5,long,2025-09-05 10:45:00+00:00,2025-09-05 12:45:00+00:00,3557.605,3557.045,3551.375,3570.065,25,timeout,-0.08988764044942918
PEM,M5,long,2025-09-05 16:50:00+00:00,2025-09-05 18:50:00+00:00,3551.145,3549.198,3545.425,3562.5849999999996,25,timeout,-0.34038461538464765
PEM,M5,long,2025-09-05 20:55:00+00:00,2025-09-05 21:40:00+00:00,3590.958,3572.995,3572.995,3626.8840000000005,10,sl,-1.0
PEM,M5,short,2025-09-06 03:10:00+00:00,2025-09-08 05:10:00+00:00,3589.148,3595.648,3595.648,3576.148,14,sl,-1.0
PEM,M5,long,2025-09-08 08:05:00+00:00,2025-09-08 08:10:00+00:00,3592.885,3587.025,3587.025,3604.6050000000005,2,sl,-1.0
PEM,M5,long,2025-09-08 09:05:00+00:00,2025-09-08 10:30:00+00:00,3593.445,3586.095,3586.095,3608.145000000001,18,sl,-1.0
PEM,M5,long,2025-09-08 22:05:00+00:00,2025-09-09 00:05:00+00:00,3641.615,3634.045,3619.455,3685.9349999999995,25,timeout,-0.34160649819493494
PEM,M5,long,2025-09-09 02:50:00+00:00,2025-09-09 05:30:00+00:00,3635.445,3632.715,3632.715,3640.905,22,sl,-1.0
PEM,M5,short,2025-09-09 22:15:00+00:00,2025-09-09 23:10:00+00:00,3640.015,3647.315,3647.315,3625.4149999999995,12,sl,-1.0
PEM,M5,short,2025-09-10 03:50:00+00:00,2025-09-10 06:00:00+00:00,3627.225,3635.825,3635.825,3610.025,16,sl,-1.0
PEM,M5,short,2025-09-10 07:05:00+00:00,2025-09-10 08:30:00+00:00,3632.815,3620.015,3639.215,3620.015,18,tp,2.0
PEM,M5,long,2025-09-10 11:15:00+00:00,2025-09-10 13:15:00+00:00,3640.965,3646.055,3632.845,3657.205000000001,25,timeout,0.6268472906403293
PEM,M5,long,2025-09-10 13:55:00+00:00,2025-09-10 14:05:00+00:00,3644.765,3641.295,3641.295,3651.7049999999995,3,sl,-1.0
PEM,M5,long,2025-09-10 16:45:00+00:00,2025-09-10 18:45:00+00:00,3649.505,3649.715,3643.645,3661.2250000000004,25,timeout,0.03583617747440816
PEM,M5,short,2025-09-11 09:30:00+00:00,2025-09-11 11:30:00+00:00,3637.745,3633.645,3643.305,3626.625,25,timeout,0.7374100719424369
PEM,M5,long,2025-09-11 21:30:00+00:00,2025-09-11 21:45:00+00:00,3637.625,3629.405,3629.405,3654.0649999999996,4,sl,-1.0
PEM,M5,short,2025-09-12 01:35:00+00:00,2025-09-12 02:25:00+00:00,3631.095,3636.835,3636.835,3619.6149999999993,11,sl,-1.0
PEM,M5,short,2025-09-12 03:45:00+00:00,2025-09-12 05:25:00+00:00,3633.598,3637.255,3637.255,3626.2839999999997,10,sl,-1.0
PEM,M5,short,2025-09-12 07:00:00+00:00,2025-09-12 07:55:00+00:00,3632.775,3636.848,3636.848,3624.6290000000004,12,sl,-1.0
PEM,M5,long,2025-09-12 11:05:00+00:00,2025-09-12 13:05:00+00:00,3653.225,3652.025,3630.815,3698.0449999999996,25,timeout,-0.05354752342703373
PEM,M5,long,2025-09-12 20:30:00+00:00,2025-09-12 22:15:00+00:00,3649.665,3644.355,3644.355,3660.285,22,sl,-1.0
PEM,M5,long,2025-09-12 23:55:00+00:00,2025-09-13 01:55:00+00:00,3648.145,3648.535,3642.378,3659.6789999999996,25,timeout,0.06762614877750728
PEM,M5,short,2025-09-13 03:10:00+00:00,2025-09-15 06:05:00+00:00,3643.985,3639.525,3646.665,3638.6250000000005,25,timeout,1.6641791044777272
PEM,M5,short,2025-09-15 06:15:00+00:00,2025-09-15 07:15:00+00:00,3639.115,3642.185,3642.185,3632.9749999999995,13,sl,-1.0
PEM,M5,short,2025-09-15 08:10:00+00:00,2025-09-15 09:20:00+00:00,3629.055,3642.455,3642.455,3602.2549999999997,15,sl,-1.0
PEM,M5,long,2025-09-15 16:05:00+00:00,2025-09-15 16:25:00+00:00,3644.825,3641.065,3641.065,3652.3449999999993,5,sl,-1.0
PEM,M5,long,2025-09-15 21:55:00+00:00,2025-09-15 22:50:00+00:00,3661.745,3671.2649999999994,3656.985,3671.2649999999994,12,tp,2.0
PEM,M5,short,2025-09-16 05:00:00+00:00,2025-09-16 06:50:00+00:00,3679.698,3676.064,3681.515,3676.064,23,tp,2.0
PEM,M5,long,2025-09-16 10:25:00+00:00,2025-09-16 12:25:00+00:00,3681.405,3683.405,3677.005,3690.2050000000004,25,timeout,0.45454545454544515
PEM,M5,long,2025-09-16 17:05:00+00:00,2025-09-16 17:40:00+00:00,3698.205,3695.715,3695.715,3703.1849999999995,8,sl,-1.0
PEM,M5,short,2025-09-16 22:05:00+00:00,2025-09-16 22:35:00+00:00,3686.955,3679.175,3690.845,3679.175,7,tp,2.0
PEM,M5,long,2025-09-17 03:35:00+00:00,2025-09-17 03:55:00+00:00,3693.285,3689.715,3689.715,3700.4249999999993,5,sl,-1.0
PEM,M5,long,2025-09-17 05:45:00+00:00,2025-09-17 07:45:00+00:00,3692.148,3692.055,3690.478,3695.4880000000003,25,timeout,-0.055688622754669403
PEM,M5,short,2025-09-17 17:15:00+00:00,2025-09-17 19:10:00+00:00,3663.915,3670.095,3670.095,3651.5550000000003,24,sl,-1.0
PEM,M5,long,2025-09-17 23:15:00+00:00,2025-09-18 00:20:00+00:00,3686.345,3681.665,3681.665,3695.7049999999995,14,sl,-1.0
PEM,M5,short,2025-09-18 00:30:00+00:00,2025-09-18 00:35:00+00:00,3679.265,3683.775,3683.775,3670.2449999999994,2,sl,-1.0
PEM,M5,short,2025-09-18 12:45:00+00:00,2025-09-18 13:05:00+00:00,3653.525,3644.065,3658.255,3644.065,5,tp,2.0
PEM,M5,long,2025-09-18 16:10:00+00:00,2025-09-18 18:10:00+00:00,3666.605,3667.865,3661.055,3677.7050000000004,25,timeout,0.22702702702697697
PEM,M5,short,2025-09-19 01:15:00+00:00,2025-09-19 03:00:00+00:00,3640.975,3646.835,3646.835,3629.2549999999997,22,sl,-1.0
PEM,M5,long,2025-09-19 09:50:00+00:00,2025-09-19 09:55:00+00:00,3646.915,3644.218,3644.218,3652.309,2,sl,-1.0
PEM,M5,long,2025-09-19 10:30:00+00:00,2025-09-19 12:30:00+00:00,3652.295,3655.895,3645.455,3665.9750000000004,25,timeout,0.5263157894736598
PEM,M5,long,2025-09-22 05:10:00+00:00,2025-09-22 07:10:00+00:00,3686.798,3687.735,3681.335,3697.7239999999993,25,timeout,0.17151748123748817
PEM,M5,long,2025-09-22 12:30:00+00:00,2025-09-22 13:40:00+00:00,3697.335,3710.9090000000006,3690.548,3710.9090000000006,15,tp,2.0
PEM,M5,long,2025-09-22 15:15:00+00:00,2025-09-22 17:15:00+00:00,3717.785,3723.298,3708.385,3736.584999999999,25,timeout,0.5864893617021418
PEM,M5,long,2025-09-22 23:00:00+00:00,2025-09-23 00:40:00+00:00,3735.545,3744.705,3730.965,3744.705,21,tp,2.0
PEM,M5,long,2025-09-23 02:05:00+00:00,2025-09-23 02:30:00+00:00,3747.738,3745.195,3745.195,3752.823999999999,6,sl,-1.0
PEM,M5,long,2025-09-23 06:55:00+00:00,2025-09-23 08:55:00+00:00,3748.648,3755.548,3740.798,3764.348000000001,25,timeout,0.8789808917196581
PEM,M5,short,2025-09-23 09:20:00+00:00,2025-09-23 11:20:00+00:00,3743.305,3744.375,3755.765,3718.3849999999998,25,timeout,-0.08587479935795832
PEM,M5,long,2025-09-23 12:35:00+00:00,2025-09-23 14:35:00+00:00,3750.635,3755.305,3744.985,3761.9350000000004,25,timeout,0.8265486725662907
PEM,M5,long,2025-09-23 15:25:00+00:00,2025-09-23 15:35:00+00:00,3757.165,3764.125,3753.685,3764.125,3,tp,2.0
PEM,M5,long,2025-09-23 22:20:00+00:00,2025-09-23 23:35:00+00:00,3779.015,3771.138,3771.138,3794.769,16,sl,-1.0
PEM,M5,short,2025-09-24 07:15:00+00:00,2025-09-24 08:10:00+00:00,3759.385,3768.298,3768.298,3741.559000000001,12,sl,-1.0
PEM,M5,short,2025-09-24 09:20:00+00:00,2025-09-24 10:20:00+00:00,3753.155,3760.565,3760.565,3738.3350000000005,13,sl,-1.0
PEM,M5,short,2025-09-24 16:45:00+00:00,2025-09-24 18:45:00+00:00,3765.288,3768.225,3771.145,3753.574,25,timeout,-0.5014512549086414
PEM,M5,short,2025-09-24 22:40:00+00:00,2025-09-25 00:40:00+00:00,3746.665,3733.895,3765.785,3708.425,25,timeout,0.6678870292887058
PEM,M5,short,2025-09-25 02:10:00+00:00,2025-09-25 02:50:00+00:00,3720.515,3731.055,3731.055,3699.435,9,sl,-1.0
PEM,M5,long,2025-09-25 03:45:00+00:00,2025-09-25 06:40:00+00:00,3736.115,3742.205,3717.535,3773.2749999999996,25,timeout,0.3277717976318713
PEM,M5,long,2025-09-25 07:00:00+00:00,2025-09-25 08:40:00+00:00,3744.115,3738.705,3738.705,3754.9349999999995,21,sl,-1.0
PEM,M5,long,2025-09-25 09:40:00+00:00,2025-09-25 11:40:00+00:00,3740.135,3739.165,3731.525,3757.3550000000005,25,timeout,-0.1126596980255796
PEM,M5,short,2025-09-25 23:55:00+00:00,2025-09-26 00:15:00+00:00,3733.255,3736.848,3736.848,3726.0690000000004,5,sl,-1.0
PEM,M5,short,2025-09-26 06:25:00+00:00,2025-09-26 08:00:00+00:00,3739.645,3749.645,3749.645,3719.645,20,sl,-1.0
PEM,M5,long,2025-09-26 18:30:00+00:00,2025-09-26 20:15:00+00:00,3751.185,3765.145,3744.205,3765.145,22,tp,2.0
PEM,M5,short,2025-09-29 05:00:00+00:00,2025-09-29 07:00:00+00:00,3756.045,3765.998,3775.635,3716.865,25,timeout,-0.5080653394589025
PEM,M5,long,2025-09-29 11:35:00+00:00,2025-09-29 13:00:00+00:00,3799.215,3812.415000000001,3792.615,3812.415000000001,18,tp,2.0
PEM,M5,long,2025-09-29 16:00:00+00:00,2025-09-29 18:00:00+00:00,3818.465,3816.995,3804.688,3846.0190000000002,25,timeout,-0.10669957175003629
PEM,M5,long,2025-09-29 22:10:00+00:00,2025-09-29 22:15:00+00:00,3829.705,3823.065,3823.065,3842.9849999999997,2,sl,-1.0
PEM,M5,short,2025-09-30 00:25:00+00:00,2025-09-30 02:25:00+00:00,3826.155,3826.135,3832.695,3813.0750000000003,25,timeout,0.003058103975532404
PEM,M5,long,2025-09-30 07:00:00+00:00,2025-09-30 07:25:00+00:00,3831.795,3840.415,3827.485,3840.415,6,tp,2.0
PEM,M5,long,2025-09-30 10:20:00+00:00,2025-09-30 12:20:00+00:00,3852.605,3867.975,3840.755,3876.305,25,timeout,1.2970464135021105
PEM,M5,short,2025-09-30 16:20:00+00:00,2025-09-30 18:20:00+00:00,3804.795,3806.015,3852.515,3709.3550000000005,25,timeout,-0.025565800502929694
PEM,M5,long,2025-10-01 01:30:00+00:00,2025-10-01 02:55:00+00:00,3845.925,3858.7790000000005,3839.498,3858.7790000000005,18,tp,2.0
PEM,M5,long,2025-10-01 07:10:00+00:00,2025-10-01 09:10:00+00:00,3863.755,3874.565,3857.915,3875.4350000000004,25,timeout,1.8510273972602185
PEM,M5,short,2025-10-01 13:20:00+00:00,2025-10-01 13:45:00+00:00,3857.945,3863.965,3863.965,3845.905,6,sl,-1.0
PEM,M5,long,2025-10-02 06:30:00+00:00,2025-10-02 06:40:00+00:00,3865.675,3859.348,3859.348,3878.3290000000006,3,sl,-1.0
PEM,M5,long,2025-10-02 15:35:00+00:00,2025-10-02 17:35:00+00:00,3870.425,3880.705,3862.355,3886.5650000000005,25,timeout,1.2738537794299303
PEM,M5,long,2025-10-02 18:25:00+00:00,2025-10-02 20:25:00+00:00,3884.185,3891.388,3879.488,3893.579,25,timeout,1.5335320417287197
PEM,M5,long,2025-10-03 06:45:00+00:00,2025-10-03 08:15:00+00:00,3860.865,3854.105,3854.105,3874.3849999999993,19,sl,-1.0
PEM,M5,long,2025-10-03 14:30:00+00:00,2025-10-03 16:30:00+00:00,3861.638,3859.355,3854.728,3875.4579999999996,25,timeout,-0.33039073806077424
PEM,M5,long,2025-10-06 08:55:00+00:00,2025-10-06 10:45:00+00:00,3912.455,3928.9749999999995,3904.195,3928.9749999999995,23,tp,2.0
PEM,M5,long,2025-10-06 11:35:00+00:00,2025-10-06 12:10:00+00:00,3933.655,3943.735000000001,3928.615,3943.735000000001,8,tp,2.0
PEM,M5,long,2025-10-06 17:50:00+00:00,2025-10-06 18:10:00+00:00,3944.865,3937.585,3937.585,3959.4249999999993,5,sl,-1.0
PEM,M5,long,2025-10-06 22:50:00+00:00,2025-10-06 23:15:00+00:00,3956.895,3947.908,3947.908,3974.869,6,sl,-1.0
PEM,M5,long,2025-10-07 00:10:00+00:00,2025-10-07 02:10:00+00:00,3955.848,3963.425,3950.335,3966.874,25,timeout,1.3743878106294822
PEM,M5,long,2025-10-07 06:25:00+00:00,2025-10-07 08:05:00+00:00,3966.435,3958.125,3958.125,3983.055,21,sl,-1.0
PEM,M5,long,2025-10-07 18:50:00+00:00,2025-10-07 20:50:00+00:00,3965.815,3979.375,3955.495,3986.4550000000004,25,timeout,1.313953488372067
PEM,M5,long,2025-10-07 22:25:00+00:00,2025-10-07 22:40:00+00:00,3989.875,3978.065,3978.065,4013.495,4,sl,-1.0
PEM,M5,long,2025-10-08 00:20:00+00:00,2025-10-08 02:20:00+00:00,3982.855,3978.855,3963.835,4020.895,25,timeout,-0.2103049421661411
PEM,M5,long,2025-10-08 05:20:00+00:00,2025-10-08 07:20:00+00:00,3989.398,3996.505,3983.505,4001.184,25,timeout,1.2060071270999382
PEM,M5,long,2025-10-08 10:00:00+00:00,2025-10-08 11:50:00+00:00,4009.745,4022.545,4003.345,4022.545,23,tp,2.0
PEM,M5,long,2025-10-08 12:00:00+00:00,2025-10-08 14:00:00+00:00,4024.295,4030.965,4010.145,4052.5950000000003,25,timeout,0.4713780918727936
PEM,M5,long,2025-10-08 20:10:00+00:00,2025-10-08 20:30:00+00:00,4044.085,4034.588,4034.588,4063.0789999999997,5,sl,-1.0
PEM,M5,long,2025-10-08 23:20:00+00:00,2025-10-09 01:15:00+00:00,4054.168,4041.998,4041.998,4078.5080000000003,24,sl,-1.0
PEM,M5,long,2025-10-09 02:10:00+00:00,2025-10-09 02:10:00+00:00,4052.598,4046.315,4046.315,4065.1639999999998,1,sl,-1.0
PEM,M5,long,2025-10-09 18:55:00+00:00,2025-10-09 19:10:00+00:00,4045.605,4040.185,4040.185,4056.445,4,sl,-1.0
PEM,M5,short,2025-10-09 22:40:00+00:00,2025-10-09 23:45:00+00:00,4011.765,3978.024999999999,4028.635,3978.024999999999,14,tp,2.0
PEM,M5,short,2025-10-10 01:05:00+00:00,2025-10-10 01:15:00+00:00,3951.515,3961.885,3961.885,3930.774999999999,3,sl,-1.0
PEM,M5,long,2025-10-10 06:30:00+00:00,2025-10-10 08:30:00+00:00,3985.355,3976.335,3970.898,4014.269,25,timeout,-0.6239192086878368
PEM,M5,short,2025-10-10 11:10:00+00:00,2025-10-10 12:20:00+00:00,3959.569,3973.635,3973.635,3931.4369999999994,15,sl,-1.0
PEM,M5,short,2025-10-10 14:00:00+00:00,2025-10-10 14:55:00+00:00,3964.535,3973.098,3973.098,3947.4089999999997,12,sl,-1.0
PEM,M5,long,2025-10-10 15:55:00+00:00,2025-10-10 16:50:00+00:00,3991.569,4004.8969999999995,3984.905,4004.8969999999995,12,tp,2.0
PEM,M5,long,2025-10-11 01:20:00+00:00,2025-10-11 03:20:00+00:00,3998.035,4009.135,3983.595,4026.915,25,timeout,0.7686980609418506
PEM,M5,long,2025-10-11 03:35:00+00:00,2025-10-13 05:00:00+00:00,4012.585,4005.465,4005.465,4026.825,7,sl,-1.0
PEM,M5,long,2025-10-13 06:10:00+00:00,2025-10-13 06:55:00+00:00,4049.048,4032.455,4032.455,4082.2339999999995,10,sl,-1.0
PEM,M5,long,2025-10-13 11:45:00+00:00,2025-10-13 12:30:00+00:00,4058.355,4073.7149999999997,4050.675,4073.7149999999997,10,tp,2.0
PEM,M5,long,2025-10-13 17:40:00+00:00,2025-10-13 19:35:00+00:00,4075.655,4085.2550000000006,4070.855,4085.2550000000006,24,tp,2.0
PEM,M5,long,2025-10-13 23:05:00+00:00,2025-10-14 01:05:00+00:00,4105.345,4101.945,4096.955,4122.125000000001,25,timeout,-0.40524433849826136
PEM,M5,short,2025-10-14 02:15:00+00:00,2025-10-14 02:25:00+00:00,4097.825,4103.125,4103.125,4087.2249999999995,3,sl,-1.0
PEM,M5,long,2025-10-14 05:15:00+00:00,2025-10-14 05:30:00+00:00,4112.798,4106.745,4106.745,4124.9039999999995,4,sl,-1.0
PEM,M5,long,2025-10-14 08:15:00+00:00,2025-10-14 10:15:00+00:00,4131.515,4155.375,4113.665,4167.215000000001,25,timeout,1.3366946778711029
PEM,M5,long,2025-10-14 17:30:00+00:00,2025-10-14 18:50:00+00:00,4137.815,4126.018,4126.018,4161.408999999999,17,sl,-1.0
PEM,M5,long,2025-10-14 23:50:00+00:00,2025-10-15 01:50:00+00:00,4143.385,4149.648,4128.548,4173.059000000001,25,timeout,0.4221203747388106
PEM,M5,long,2025-10-15 12:15:00+00:00,2025-10-15 14:15:00+00:00,4187.785,4199.655,4177.345,4208.664999999999,25,timeout,1.1369731800766614
PEM,M5,long,2025-10-15 14:50:00+00:00,2025-10-15 16:15:00+00:00,4205.365,4197.795,4197.795,4220.504999999999,18,sl,-1.0
PEM,M5,long,2025-10-15 17:20:00+00:00,2025-10-15 17:45:00+00:00,4200.735,4190.315,4190.315,4221.575,6,sl,-1.0
PEM,M5,long,2025-10-16 01:00:00+00:00,2025-10-16 03:00:00+00:00,4195.248,4208.948,4186.125,4213.493999999999,25,timeout,1.5016990025212473
PEM,M5,long,2025-10-16 10:05:00+00:00,2025-10-16 11:55:00+00:00,4239.135,4228.045,4228.045,4261.3150000000005,23,sl,-1.0
PEM,M5,long,2025-10-16 17:55:00+00:00,2025-10-16 19:55:00+00:00,4240.685,4236.715,4223.515,4275.025000000001,25,timeout,-0.23121723937100977
PEM,M5,long,2025-10-16 20:25:00+00:00,2025-10-16 22:25:00+00:00,4248.525,4269.955,4236.365,4272.844999999999,25,timeout,1.7623355263158345
PEM,M5,long,2025-10-16 23:05:00+00:00,2025-10-17 01:05:00+00:00,4273.735,4289.785,4260.279,4300.646999999998,25,timeout,1.192776456599369
PEM,M5,long,2025-10-17 06:50:00+00:00,2025-10-17 07:40:00+00:00,4371.205,4353.558,4353.558,4406.499,11,sl,-1.0
PEM,M5,long,2025-10-18 03:30:00+00:00,2025-10-20 05:05:00+00:00,4237.965,4259.865,4227.015,4259.865,9,tp,2.0
PEM,M5,long,2025-10-20 07:55:00+00:00,2025-10-20 09:55:00+00:00,4246.298,4254.709,4224.305,4290.283999999999,25,timeout,0.38243986723049406
PEM,M5,long,2025-10-20 17:00:00+00:00,2025-10-20 17:10:00+00:00,4261.065,4251.365,4251.365,4280.464999999999,3,sl,-1.0
PEM,M5,long,2025-10-20 18:55:00+00:00,2025-10-20 19:00:00+00:00,4266.495,4280.255,4259.615,4280.255,2,tp,2.0
PEM,M5,long,2025-10-20 22:10:00+00:00,2025-10-21 00:10:00+00:00,4339.148,4348.655,4323.875,4369.694,25,timeout,0.6224710273030525
PEM,M5,long,2025-10-21 01:40:00+00:00,2025-10-21 03:40:00+00:00,4362.145,4355.545,4344.465,4397.505000000001,25,timeout,-0.3733031674208289
PEM,M5,long,2025-10-21 05:10:00+00:00,2025-10-21 07:10:00+00:00,4364.315,4360.775,4353.975,4384.994999999998,25,timeout,-0.3423597678917046
PEM,M5,short,2025-10-21 18:55:00+00:00,2025-10-21 19:10:00+00:00,4256.155,4238.988999999999,4264.738,4238.988999999999,4,tp,2.0
PEM,M5,short,2025-10-22 02:30:00+00:00,2025-10-22 03:05:00+00:00,4102.895,4114.985,4114.985,4078.715000000002,8,sl,-1.0
PEM,M5,short,2025-10-22 07:00:00+00:00,2025-10-22 07:10:00+00:00,4099.155,4044.194999999999,4126.635,4044.194999999999,3,tp,2.0
PEM,M5,long,2025-10-22 12:15:00+00:00,2025-10-22 14:15:00+00:00,4140.055,4143.245,4126.075,4168.015000000001,25,timeout,0.22818311874102232
PEM,M5,short,2025-10-22 17:55:00+00:00,2025-10-22 19:55:00+00:00,4055.435,4022.835,4109.705,3946.895,25,timeout,0.6007002026902509
PEM,M5,short,2025-10-23 09:05:00+00:00,2025-10-23 10:20:00+00:00,4072.358,4091.105,4091.105,4034.8640000000005,16,sl,-1.0
PEM,M5,long,2025-10-23 10:25:00+00:00,2025-10-23 12:25:00+00:00,4097.098,4086.205,4075.995,4139.304,25,timeout,-0.5161825332891056
PEM,M5,short,2025-10-24 02:30:00+00:00,2025-10-24 03:00:00+00:00,4129.775,4116.094999999999,4136.615,4116.094999999999,7,tp,2.0
PEM,M5,short,2025-10-24 05:50:00+00:00,2025-10-24 07:05:00+00:00,4114.685,4123.795,4123.795,4096.465000000001,16,sl,-1.0
PEM,M5,long,2025-10-24 08:10:00+00:00,2025-10-24 08:40:00+00:00,4135.398,4126.505,4126.505,4153.184,7,sl,-1.0
PEM,M5,short,2025-10-24 11:35:00+00:00,2025-10-24 13:35:00+00:00,4103.685,4087.429,4137.245,4036.5650000000014,25,timeout,0.4843861740167032
PEM,M5,short,2025-10-24 14:35:00+00:00,2025-10-24 14:55:00+00:00,4087.165,4070.9049999999997,4095.295,4070.9049999999997,5,tp,2.0
PEM,M5,short,2025-10-24 17:40:00+00:00,2025-10-24 19:30:00+00:00,4057.445,4067.415,4067.415,4037.5050000000006,23,sl,-1.0
PEM,M5,long,2025-10-24 22:30:00+00:00,2025-10-25 00:30:00+00:00,4126.355,4121.595,4115.735,4147.594999999999,25,timeout,-0.4482109227871335
PEM,M5,short,2025-10-27 06:35:00+00:00,2025-10-27 08:35:00+00:00,4074.948,4089.215,4104.298,4016.248,25,timeout,-0.4860988074957521
PEM,M5,short,2025-10-27 09:10:00+00:00,2025-10-27 11:10:00+00:00,4077.825,4056.025,4095.495,4042.4849999999997,25,timeout,1.233729485002809
PEM,M5,short,2025-10-27 16:00:00+00:00,2025-10-27 18:00:00+00:00,4028.785,4039.385,4066.395,3953.5649999999996,25,timeout,-0.281839936187193
PEM,M5,short,2025-10-27 18:45:00+00:00,2025-10-27 19:05:00+00:00,4020.095,4032.115,4032.115,3996.055,5,sl,-1.0
PEM,M5,short,2025-10-28 01:45:00+00:00,2025-10-28 02:35:00+00:00,4002.635,3988.4670000000006,4009.719,3988.4670000000006,11,tp,2.0
PEM,M5,short,2025-10-28 06:15:00+00:00,2025-10-28 06:25:00+00:00,3985.615,3993.818,3993.818,3969.208999999999,3,sl,-1.0
PEM,M5,short,2025-10-28 09:45:00+00:00,2025-10-28 11:45:00+00:00,3989.925,3975.925,4005.205,3959.3650000000007,25,timeout,0.9162303664921618
PEM,M5,short,2025-10-28 13:20:00+00:00,2025-10-28 14:35:00+00:00,3956.485,3923.645,3972.905,3923.645,16,tp,2.0
PEM,M5,long,2025-10-28 22:45:00+00:00,2025-10-28 23:05:00+00:00,3964.245,3956.385,3956.385,3979.9649999999992,5,sl,-1.0
PEM,M5,long,2025-10-29 00:20:00+00:00,2025-10-29 00:55:00+00:00,3968.325,3955.115,3955.115,3994.745,8,sl,-1.0
PEM,M5,short,2025-10-29 01:35:00+00:00,2025-10-29 02:55:00+00:00,3952.925,3960.455,3960.455,3937.8650000000007,17,sl,-1.0
PEM,M5,long,2025-10-29 07:50:00+00:00,2025-10-29 09:35:00+00:00,3980.745,3954.815,3954.815,4032.6049999999996,22,sl,-1.0
PEM,M5,short,2025-10-29 11:10:00+00:00,2025-10-29 13:10:00+00:00,3960.145,3968.565,3971.745,3936.945,25,timeout,-0.7258620689655292
PEM,M5,long,2025-10-29 13:35:00+00:00,2025-10-29 14:10:00+00:00,3972.155,3984.6150000000002,3965.925,3984.6150000000002,8,tp,2.0
PEM,M5,long,2025-10-29 14:15:00+00:00,2025-10-29 15:55:00+00:00,3988.795,4015.915,3975.235,4015.915,21,tp,2.0
PEM,M5,long,2025-10-29 16:55:00+00:00,2025-10-29 18:55:00+00:00,4028.415,4016.745,3993.315,4098.615,25,timeout,-0.3324786324786354
PEM,M5,short,2025-10-30 03:15:00+00:00,2025-10-30 06:10:00+00:00,3937.515,3943.595,3970.255,3872.0349999999994,25,timeout,-0.18570555894929394
PEM,M5,short,2025-10-30 09:10:00+00:00,2025-10-30 11:10:00+00:00,3938.845,3942.325,3957.665,3901.2049999999995,25,timeout,-0.18490967056322996
PEM,M5,long,2025-10-31 00:45:00+00:00,2025-10-31 02:10:00+00:00,4007.485,4024.905,3998.775,4024.905,18,tp,2.0
PEM,M5,long,2025-10-31 02:15:00+00:00,2025-10-31 05:10:00+00:00,4025.348,4021.825,4009.975,4056.094,25,timeout,-0.22916802185650995
PEM,M5,long,2025-10-31 06:55:00+00:00,2025-10-31 08:00:00+00:00,4040.085,4022.605,4022.605,4075.045,14,sl,-1.0
PEM,M5,short,2025-10-31 09:45:00+00:00,2025-10-31 11:45:00+00:00,4005.385,4001.525,4017.435,3981.2850000000008,25,timeout,0.3203319502074867
PEM,M5,long,2025-11-01 01:20:00+00:00,2025-11-01 02:20:00+00:00,4005.955,3995.185,3995.185,4027.495,13,sl,-1.0
PEM,M5,long,2025-11-01 03:40:00+00:00,2025-11-03 06:00:00+00:00,4003.419,3994.525,3994.525,4021.2069999999994,6,sl,-1.0
PEM,M5,short,2025-11-03 06:45:00+00:00,2025-11-03 07:15:00+00:00,3986.135,3966.009000000001,3996.198,3966.009000000001,7,tp,2.0
PEM,M5,long,2025-11-03 10:10:00+00:00,2025-11-03 12:10:00+00:00,4006.335,4006.975,3994.815,4029.375,25,timeout,0.05555555555554459
PEM,M5,long,2025-11-03 20:00:00+00:00,2025-11-03 21:35:00+00:00,4011.855,4004.135,4004.135,4027.2949999999996,20,sl,-1.0
PEM,M5,short,2025-11-04 04:30:00+00:00,2025-11-04 06:15:00+00:00,4002.585,3988.0650000000005,4009.845,3988.0650000000005,11,tp,2.0
PEM,M5,short,2025-11-04 09:10:00+00:00,2025-11-04 10:15:00+00:00,3979.945,3990.205,3990.205,3959.4250000000006,14,sl,-1.0
PEM,M5,short,2025-11-04 12:45:00+00:00,2025-11-04 13:55:00+00:00,3977.915,3986.315,3986.315,3961.115,15,sl,-1.0
PEM,M5,long,2025-11-04 16:45:00+00:00,2025-11-04 17:00:00+00:00,3997.378,3991.395,3991.395,4009.3440000000005,4,sl,-1.0
PEM,M5,short,2025-11-04 22:25:00+00:00,2025-11-05 00:25:00+00:00,3942.265,3962.245,3997.295,3832.2049999999995,25,timeout,-0.3630746865346165
PEM,M5,short,2025-11-05 01:45:00+00:00,2025-11-05 03:45:00+00:00,3936.135,3939.375,3956.585,3895.2350000000006,25,timeout,-0.15843520782395162
PEM,M5,long,2025-11-05 10:45:00+00:00,2025-11-05 11:35:00+00:00,3957.715,3968.1550000000007,3952.495,3968.1550000000007,11,tp,2.0
PEM,M5,long,2025-11-05 11:45:00+00:00,2025-11-05 13:45:00+00:00,3969.665,3970.165,3959.605,3989.785,25,timeout,0.049701789264413786
PEM,M5,long,2025-11-06 02:50:00+00:00,2025-11-06 03:50:00+00:00,3986.878,3981.925,3981.925,3996.784,13,sl,-1.0
PEM,M5,short,2025-11-06 03:55:00+00:00,2025-11-06 06:05:00+00:00,3982.845,3972.184999999999,3988.175,3972.184999999999,16,tp,2.0
PEM,M5,long,2025-11-06 09:40:00+00:00,2025-11-06 11:40:00+00:00,3982.275,3987.695,3976.455,3993.9150000000004,25,timeout,0.9312714776632165
PEM,M5,long,2025-11-06 14:25:00+00:00,2025-11-06 16:25:00+00:00,4007.725,4013.735,3984.925,4053.3249999999994,25,timeout,0.26359649122808293
PEM,M5,short,2025-11-06 22:40:00+00:00,2025-11-07 00:40:00+00:00,3982.875,3975.815,4009.415,3929.795,25,timeout,0.2660135644310458
PEM,M5,long,2025-11-07 10:50:00+00:00,2025-11-07 10:55:00+00:00,3993.745,3990.905,3990.905,3999.4249999999993,2,sl,-1.0
PEM,M5,long,2025-11-07 12:00:00+00:00,2025-11-07 14:00:00+00:00,3997.745,4007.345,3989.395,4014.4449999999997,25,timeout,1.149700598802397
PEM,M5,long,2025-11-07 15:05:00+00:00,2025-11-07 15:30:00+00:00,4007.605,4003.975,4003.975,4014.8650000000002,6,sl,-1.0
PEM,M5,long,2025-11-07 18:05:00+00:00,2025-11-07 18:15:00+00:00,4009.255,4005.025,4005.025,4017.715,3,sl,-1.0
PEM,M5,long,2025-11-07 23:15:00+00:00,2025-11-07 23:35:00+00:00,3998.005,4014.8650000000007,3989.575,4014.8650000000007,5,tp,2.0
PEM,M5,long,2025-11-08 01:05:00+00:00,2025-11-08 03:05:00+00:00,4007.735,4005.505,3993.815,4035.5750000000003,25,timeout,-0.16020114942528782
PEM,M5,short,2025-11-08 03:30:00+00:00,2025-11-10 06:05:00+00:00,3994.765,4005.835,4005.835,3972.6249999999995,21,sl,-1.0
PEM,M5,long,2025-11-10 07:55:00+00:00,2025-11-10 08:30:00+00:00,4021.098,4048.3360000000002,4007.479,4048.3360000000002,8,tp,2.0
PEM,M5,long,2025-11-10 12:35:00+00:00,2025-11-10 13:40:00+00:00,4059.125,4077.385,4049.995,4077.385,14,tp,2.0
PEM,M5,long,2025-11-10 20:05:00+00:00,2025-11-10 20:50:00+00:00,4099.095,4093.785,4093.785,4109.715000000001,10,sl,-1.0
PEM,M5,long,2025-11-10 23:35:00+00:00,2025-11-10 23:50:00+00:00,4093.598,4089.095,4089.095,4102.604,4,sl,-1.0
PEM,M5,long,2025-11-11 01:25:00+00:00,2025-11-11 03:25:00+00:00,4109.168,4111.125,4100.615,4126.273999999999,25,timeout,0.22880860516781965
PEM,M5,long,2025-11-11 05:00:00+00:00,2025-11-11 07:30:00+00:00,4115.585,4126.304999999999,4110.225,4126.304999999999,20,tp,2.0
PEM,M5,long,2025-11-11 07:35:00+00:00,2025-11-11 09:35:00+00:00,4126.015,4131.065,4116.655,4144.7350000000015,25,timeout,0.5395299145298033
PEM,M5,long,2025-11-11 10:10:00+00:00,2025-11-11 12:10:00+00:00,4139.595,4138.765,4132.815,4153.155000000002,25,timeout,-0.12241887905602464
PEM,M5,short,2025-11-11 23:05:00+00:00,2025-11-12 01:05:00+00:00,4105.935,4114.065,4145.475,4026.8550000000005,25,timeout,-0.20561456752653534
PEM,M5,short,2025-11-12 11:00:00+00:00,2025-11-12 13:00:00+00:00,4112.935,4104.985,4123.295,4092.215000000001,25,timeout,0.7673745173746118
PEM,M5,long,2025-11-12 14:15:00+00:00,2025-11-12 16:15:00+00:00,4123.295,4130.235,4104.538,4160.809000000001,25,timeout,0.3699952017912997
PEM,M5,long,2025-11-12 22:15:00+00:00,2025-11-12 23:35:00+00:00,4151.459,4191.266999999999,4131.555,4191.266999999999,17,tp,2.0
PEM,M5,long,2025-11-13 00:45:00+00:00,2025-11-13 01:05:00+00:00,4205.148,4194.688,4194.688,4226.068,5,sl,-1.0
PEM,M5,long,2025-11-13 01:35:00+00:00,2025-11-13 02:15:00+00:00,4208.875,4197.649,4197.649,4231.326999999999,9,sl,-1.0
PEM,M5,long,2025-11-13 06:10:00+00:00,2025-11-13 06:25:00+00:00,4203.998,4193.895,4193.895,4224.203999999998,4,sl,-1.0
PEM,M5,short,2025-11-13 09:35:00+00:00,2025-11-13 10:05:00+00:00,4185.395,4194.985,4194.985,4166.215000000002,7,sl,-1.0
PEM,M5,long,2025-11-13 10:55:00+00:00,2025-11-13 12:55:00+00:00,4208.925,4215.045,4200.038,4226.699000000001,25,timeout,0.6886463373466254
PEM,M5,long,2025-11-13 20:05:00+00:00,2025-11-13 20:05:00+00:00,4240.655,4233.545,4233.545,4254.874999999999,1,sl,-1.0
PEM,M5,short,2025-11-13 22:35:00+00:00,2025-11-14 00:35:00+00:00,4195.375,4203.795,4232.275,4121.575000000001,25,timeout,-0.22818428184282266
PEM,M5,short,2025-11-14 01:35:00+00:00,2025-11-14 01:40:00+00:00,4187.335,4151.455000000001,4205.275,4151.455000000001,2,tp,2.0
PEM,M5,long,2025-11-14 04:20:00+00:00,2025-11-14 07:15:00+00:00,4177.965,4183.185,4156.415,4221.0650000000005,25,timeout,0.242227378190265
PEM,M5,long,2025-11-14 09:35:00+00:00,2025-11-14 11:35:00+00:00,4202.045,4203.335,4189.435,4227.264999999999,25,timeout,0.1022997620935763
PEM,M5,short,2025-11-14 13:55:00+00:00,2025-11-14 15:55:00+00:00,4174.325,4173.265,4189.998,4142.979,25,timeout,0.06763223377780297
PEM,M5,short,2025-11-14 18:20:00+00:00,2025-11-14 19:30:00+00:00,4151.255,4112.055000000001,4170.855,4112.055000000001,15,tp,2.0
PEM,M5,short,2025-11-15 04:00:00+00:00,2025-11-17 06:05:00+00:00,4085.765,4072.9049999999993,4092.195,4072.9049999999993,15,tp,2.0
PEM,M5,short,2025-11-17 10:05:00+00:00,2025-11-17 12:05:00+00:00,4071.865,4075.495,4101.485,4012.625,25,timeout,-0.12255232950709394
PEM,M5,short,2025-11-17 23:10:00+00:00,2025-11-18 00:20:00+00:00,4056.635,4077.155,4077.155,4015.5950000000003,15,sl,-1.0
PEM,M5,short,2025-11-18 02:05:00+00:00,2025-11-18 02:35:00+00:00,4063.215,4046.7350000000006,4071.455,4046.7350000000006,7,tp,2.0
PEM,M5,short,2025-11-18 09:05:00+00:00,2025-11-18 11:05:00+00:00,4021.935,4011.125,4050.405,3964.9949999999994,25,timeout,0.3796979276431278
PEM,M5,long,2025-11-18 15:45:00+00:00,2025-11-18 17:45:00+00:00,4038.295,4046.625,4020.885,4073.115,25,timeout,0.478460654796094
PEM,M5,long,2025-11-18 17:55:00+00:00,2025-11-18 19:00:00+00:00,4047.005,4039.365,4039.365,4062.2850000000008,14,sl,-1.0
PEM,M5,long,2025-11-18 21:00:00+00:00,2025-11-18 23:00:00+00:00,4068.205,4053.565,4032.125,4140.365,25,timeout,-0.4057649667405738
PEM,M5,long,2025-11-19 00:05:00+00:00,2025-11-19 02:05:00+00:00,4067.575,4073.595,4057.785,4087.1549999999997,25,timeout,0.6149131767109299
PEM,M5,long,2025-11-19 02:25:00+00:00,2025-11-19 03:25:00+00:00,4078.605,4070.525,4070.525,4094.765,13,sl,-1.0
PEM,M5,short,2025-11-19 08:00:00+00:00,2025-11-19 09:45:00+00:00,4067.775,4077.235,4077.235,4048.855,22,sl,-1.0
PEM,M5,long,2025-11-19 12:20:00+00:00,2025-11-19 12:35:00+00:00,4079.955,4094.715,4072.575,4094.715,4,tp,2.0
PEM,M5,long,2025-11-19 16:55:00+00:00,2025-11-19 18:55:00+00:00,4103.678,4114.045,4082.325,4146.384,25,timeout,0.48550554957149616
PEM,M5,long,2025-11-19 22:05:00+00:00,2025-11-19 22:45:00+00:00,4128.788,4110.735,4110.735,4164.893999999999,9,sl,-1.0
PEM,M5,long,2025-11-20 06:10:00+00:00,2025-11-20 06:50:00+00:00,4085.098,4103.604,4075.845,4103.604,9,tp,2.0
PEM,M5,short,2025-11-20 09:05:00+00:00,2025-11-20 11:05:00+00:00,4078.875,4070.095,4108.945,4018.7350000000006,25,timeout,0.2919853674758991
PEM,M5,short,2025-11-20 12:15:00+00:00,2025-11-20 14:15:00+00:00,4069.195,4072.085,4080.275,4047.0350000000003,25,timeout,-0.2608303249097375
PEM,M5,short,2025-11-20 15:15:00+00:00,2025-11-20 16:00:00+00:00,4049.975,4067.925,4067.925,4014.0749999999994,10,sl,-1.0
PEM,M5,long,2025-11-21 02:30:00+00:00,2025-11-21 04:30:00+00:00,4082.875,4078.905,4054.035,4140.555,25,timeout,-0.1376560332870936
PEM,M5,long,2025-11-21 06:20:00+00:00,2025-11-21 06:55:00+00:00,4082.748,4076.095,4076.095,4096.054,8,sl,-1.0
PEM,M5,short,2025-11-21 11:50:00+00:00,2025-11-21 13:50:00+00:00,4049.495,4034.225,4073.235,4002.0149999999994,25,timeout,0.6432181971356289
PEM,M5,short,2025-11-21 17:15:00+00:00,2025-11-21 19:15:00+00:00,4040.835,4041.285,4052.439,4017.6270000000004,25,timeout,-0.038779731127182464
PEM,M5,long,2025-11-21 23:50:00+00:00,2025-11-21 23:55:00+00:00,4076.865,4096.804999999999,4066.895,4096.804999999999,2,tp,2.0
PEM,M5,long,2025-11-22 02:35:00+00:00,2025-11-22 03:15:00+00:00,4089.909,4081.719,4081.719,4106.289000000001,9,sl,-1.0
PEM,M5,long,2025-11-24 06:55:00+00:00,2025-11-24 07:10:00+00:00,4073.865,4065.895,4065.895,4089.8049999999994,4,sl,-1.0
PEM,M5,short,2025-11-24 10:00:00+00:00,2025-11-24 10:40:00+00:00,4042.355,4054.045,4054.045,4018.975,9,sl,-1.0
PEM,M5,short,2025-11-24 11:45:00+00:00,2025-11-24 13:05:00+00:00,4045.985,4052.175,4052.175,4033.605,17,sl,-1.0
PEM,M5,long,2025-11-24 14:45:00+00:00,2025-11-24 16:45:00+00:00,4060.585,4070.265,4051.685,4078.385,25,timeout,1.0876404494381728
PEM,M5,long,2025-11-24 19:55:00+00:00,2025-11-24 21:40:00+00:00,4083.655,4068.495,4068.495,4113.975,22,sl,-1.0
PEM,M5,long,2025-11-24 23:25:00+00:00,2025-11-25 00:20:00+00:00,4093.935,4089.055,4089.055,4103.695,12,sl,-1.0
PEM,M5,long,2025-11-25 01:50:00+00:00,2025-11-25 03:50:00+00:00,4114.465,4131.065,4088.638,4166.119000000001,25,timeout,0.6427382196925431
PEM,M5,long,2025-11-25 04:45:00+00:00,2025-11-25 04:45:00+00:00,4133.118,4138.904,4130.225,4138.904,1,tp,2.0
PEM,M5,long,2025-11-25 17:15:00+00:00,2025-11-25 19:15:00+00:00,4135.655,4136.075,4121.515,4163.934999999999,25,timeout,0.02970297029703607
PEM,M5,long,2025-11-26 00:10:00+00:00,2025-11-26 02:00:00+00:00,4147.415,4134.415,4134.415,4173.415,23,sl,-1.0
PEM,M5,long,2025-11-26 07:35:00+00:00,2025-11-26 09:25:00+00:00,4141.275,4161.9349999999995,4130.945,4161.9349999999995,23,tp,2.0
PEM,M5,long,2025-11-26 15:15:00+00:00,2025-11-26 17:15:00+00:00,4166.965,4164.355,4148.425,4204.045,25,timeout,-0.14077669902915788
PEM,M5,long,2025-11-26 18:45:00+00:00,2025-11-26 19:45:00+00:00,4171.585,4154.475,4154.475,4205.804999999999,13,sl,-1.0
PEM,M5,long,2025-11-26 23:50:00+00:00,2025-11-27 01:50:00+00:00,4166.798,4162.148,4154.355,4191.684,25,timeout,-0.3737040906533438
PEM,M5,long,2025-11-27 02:25:00+00:00,2025-11-27 02:45:00+00:00,4168.295,4163.395,4163.395,4178.094999999999,5,sl,-1.0
PEM,M5,long,2025-11-27 04:45:00+00:00,2025-11-27 06:00:00+00:00,4166.545,4161.985,4161.985,4175.665000000001,5,sl,-1.0
PEM,M5,short,2025-11-27 12:50:00+00:00,2025-11-27 13:15:00+00:00,4147.405,4154.485,4154.485,4133.245,6,sl,-1.0
PEM,M5,long,2025-11-27 15:15:00+00:00,2025-11-27 16:05:00+00:00,4162.385,4157.265,4157.265,4172.625,11,sl,-1.0
PEM,M5,long,2025-11-27 22:30:00+00:00,2025-11-27 23:05:00+00:00,4160.195,4156.665,4156.665,4167.254999999999,8,sl,-1.0
PEM,M5,long,2025-11-28 00:40:00+00:00,2025-11-28 06:05:00+00:00,4157.475,4159.798,4154.465,4163.495000000001,25,timeout,0.7717607973419409
PEM,M5,long,2025-11-28 07:15:00+00:00,2025-11-28 07:35:00+00:00,4168.055,4180.035000000002,4162.065,4180.035000000002,5,tp,2.0
PEM,M5,long,2025-11-28 10:10:00+00:00,2025-11-28 10:10:00+00:00,4191.245,4187.565,4187.565,4198.6050000000005,1,sl,-1.0
PEM,M5,short,2025-11-28 12:15:00+00:00,2025-11-28 14:15:00+00:00,4179.835,4184.545,4188.585,4162.335,25,timeout,-0.5382857142857185
PEM,M5,short,2025-11-28 15:00:00+00:00,2025-11-28 17:05:00+00:00,4174.915,4167.789,4187.675,4149.3949999999995,25,timeout,0.5584639498432666
PEM,M5,short,2025-11-28 18:05:00+00:00,2025-11-28 18:05:00+00:00,4161.819,4166.085,4166.085,4153.287000000001,1,sl,-1.0
PEM,M5,long,2025-11-28 20:05:00+00:00,2025-11-28 20:15:00+00:00,4176.405,4172.445,4172.445,4184.325,3,sl,-1.0
PEM,M5,long,2025-11-28 21:00:00+00:00,2025-11-28 21:00:00+00:00,4175.198,4184.424000000001,4170.585,4184.424000000001,1,tp,2.0
PEM,M5,long,2025-11-29 00:45:00+00:00,2025-11-29 01:35:00+00:00,4211.845,4223.665,4205.935,4223.665,11,tp,2.0
