strategy,timeframe,direction,entry_time,exit_time,entry_price,exit_price,sl_price,tp_price,bars_held,reason,pnl_r
VWAP_MR,M5,short,2020-12-01 10:00:00+00:00,2020-12-01 11:40:00+00:00,1783.272,1785.638,1792.1883599999996,1779.4558842278727,21,timeout,-0.2653549206178375
VWAP_MR,M5,short,2020-12-01 13:00:00+00:00,2020-12-01 14:40:00+00:00,1788.008,1788.825,1796.9480399999998,1782.394068509337,21,timeout,-0.09138661571984379
VWAP_MR,M5,short,2020-12-01 18:15:00+00:00,2020-12-01 19:55:00+00:00,1805.715,1808.035,1814.7435749999997,1793.1049257091486,21,timeout,-0.2569619236701484
VWAP_MR,M5,short,2020-12-02 14:45:00+00:00,2020-12-02 15:40:00+00:00,1814.978,1824.05289,1824.05289,1810.9909827766965,12,sl,-1.0
VWAP_MR,M5,short,2020-12-02 17:30:00+00:00,2020-12-02 19:10:00+00:00,1829.555,1822.908,1838.702775,1818.4878776888868,21,timeout,0.7266247803427858
VWAP_MR,M5,short,2020-12-03 10:15:00+00:00,2020-12-03 11:55:00+00:00,1831.635,1835.138,1840.7931749999998,1828.7868354737348,21,timeout,-0.38249978844038307
VWAP_MR,M5,short,2020-12-03 15:05:00+00:00,2020-12-03 16:35:00+00:00,1842.875,1835.0685505006834,1852.0893749999998,1835.0685505006834,19,tp,0.8472033642343394
VWAP_MR,M5,short,2020-12-04 10:00:00+00:00,2020-12-04 11:40:00+00:00,1843.615,1842.095,1852.8330749999998,1840.3202049547692,21,timeout,0.16489342948500849
VWAP_MR,M5,short,2020-12-04 18:50:00+00:00,2020-12-04 20:15:00+00:00,1842.645,1840.1939130074518,1851.8582249999997,1840.1939130074518,18,tp,0.2660400665942998
VWAP_MR,M5,short,2020-12-07 20:50:00+00:00,2020-12-07 21:50:00+00:00,1837.958,1847.14779,1847.14779,1831.1522069377559,13,sl,-1.0
VWAP_MR,M5,short,2020-12-08 09:55:00+00:00,2020-12-08 11:35:00+00:00,1868.878,1870.228,1878.2223899999997,1864.1542405472376,21,timeout,-0.1444717097638447
VWAP_MR,M5,short,2020-12-08 20:40:00+00:00,2020-12-08 22:05:00+00:00,1869.428,1864.1804128137455,1878.77514,1864.1804128137455,18,tp,0.5614109969739043
VWAP_MR,M5,long,2020-12-09 10:30:00+00:00,2020-12-09 12:10:00+00:00,1862.498,1861.018,1853.18551,1866.7899243735383,21,timeout,-0.1589263451558084
VWAP_MR,M5,long,2020-12-09 22:05:00+00:00,2020-12-09 23:45:00+00:00,1840.425,1845.575,1831.222875,1856.0492748488928,21,timeout,0.5596533409402804
VWAP_MR,M5,short,2020-12-10 20:40:00+00:00,2020-12-10 22:20:00+00:00,1842.408,1841.254,1851.6200399999998,1835.4416504969427,21,timeout,0.12527084120346962
VWAP_MR,M5,long,2020-12-11 12:55:00+00:00,2020-12-11 14:35:00+00:00,1834.428,1833.798,1825.2558600000002,1837.8141969768642,21,timeout,-0.06868626078539099
VWAP_MR,M5,short,2020-12-11 17:05:00+00:00,2020-12-11 17:30:00+00:00,1838.678,1834.7260846627714,1847.87139,1834.7260846627714,6,tp,0.4298648634756845
VWAP_MR,M5,short,2020-12-11 20:40:00+00:00,2020-12-11 22:20:00+00:00,1838.788,1846.145,1847.98194,1833.7336851442835,21,timeout,-0.8002010019643443
VWAP_MR,M5,short,2020-12-11 22:50:00+00:00,2020-12-12 00:30:00+00:00,1845.878,1842.545,1855.1073899999997,1837.133591121011,21,timeout,0.3611289586852382
VWAP_MR,M5,short,2020-12-14 21:15:00+00:00,2020-12-14 22:15:00+00:00,1832.415,1826.6030691546714,1841.5770749999997,1826.6030691546714,13,tp,0.6343465694538335
VWAP_MR,M5,short,2020-12-15 10:10:00+00:00,2020-12-15 11:50:00+00:00,1833.925,1834.658,1843.0946249999997,1829.564682952552,21,timeout,-0.07993783824310871
VWAP_MR,M5,short,2020-12-15 12:45:00+00:00,2020-12-15 14:25:00+00:00,1839.215,1841.995,1848.4110749999998,1832.255923441085,21,timeout,-0.30230288465459687
VWAP_MR,M5,short,2020-12-15 20:35:00+00:00,2020-12-15 22:15:00+00:00,1851.368,1852.798,1860.6248399999997,1845.8676393376932,21,timeout,-0.15448036262915824
VWAP_MR,M5,short,2020-12-16 09:35:00+00:00,2020-12-16 11:15:00+00:00,1856.185,1857.678,1865.4659249999997,1852.9317439912716,21,timeout,-0.16086758593569048
VWAP_MR,M5,long,2020-12-17 02:20:00+00:00,2020-12-17 02:45:00+00:00,1847.208,1854.464702714166,1837.97196,1854.464702714166,6,tp,0.7856941626677492
VWAP_MR,M5,short,2020-12-17 03:00:00+00:00,2020-12-17 04:40:00+00:00,1858.708,1864.045,1868.00154,1853.7133824342359,21,timeout,-0.5742698691779505
VWAP_MR,M5,short,2020-12-17 13:35:00+00:00,2020-12-17 15:15:00+00:00,1871.095,1874.885,1880.4504749999999,1866.5650746841352,21,timeout,-0.40511037654421905
VWAP_MR,M5,short,2020-12-17 15:25:00+00:00,2020-12-17 17:05:00+00:00,1878.035,1877.335,1887.4251749999999,1870.1957179072601,21,timeout,0.07454600153884912
VWAP_MR,M5,short,2020-12-17 22:15:00+00:00,2020-12-17 23:55:00+00:00,1894.475,1885.688,1903.9473749999997,1883.6018161059121,21,timeout,0.9276448620330134
VWAP_MR,M5,long,2020-12-18 08:25:00+00:00,2020-12-18 10:05:00+00:00,1878.878,1879.985,1869.48361,1883.8276109156507,21,timeout,0.11783628314344828
VWAP_MR,M5,short,2020-12-18 19:05:00+00:00,2020-12-18 20:45:00+00:00,1883.795,1887.018,1893.213975,1880.1991446499023,21,timeout,-0.34218160680966014
VWAP_MR,M5,short,2020-12-21 07:20:00+00:00,2020-12-21 08:20:00+00:00,1886.465,1895.8973249999997,1895.8973249999997,1881.1135680470104,13,sl,-1.0
VWAP_MR,M5,short,2020-12-22 20:25:00+00:00,2020-12-22 21:45:00+00:00,1877.628,1872.975175461648,1887.0161399999997,1872.975175461648,17,tp,0.4956066418217113
VWAP_MR,M5,short,2020-12-23 21:40:00+00:00,2020-12-23 23:20:00+00:00,1871.888,1871.038,1881.2474399999996,1865.9630628196423,21,timeout,0.09081739933157693
VWAP_MR,M5,short,2020-12-24 08:05:00+00:00,2020-12-24 09:45:00+00:00,1874.845,1879.008,1884.2192249999998,1871.57479558848,21,timeout,-0.4440900447770457
VWAP_MR,M5,short,2020-12-28 06:05:00+00:00,2020-12-28 07:45:00+00:00,1884.268,1887.218,1893.68934,1876.222033626942,21,timeout,-0.31311894061779805
VWAP_MR,M5,long,2020-12-28 13:35:00+00:00,2020-12-28 15:15:00+00:00,1881.225,1884.155,1871.818875,1893.0804344158923,21,timeout,0.31149915613497287
VWAP_MR,M5,long,2020-12-28 19:00:00+00:00,2020-12-28 20:25:00+00:00,1870.144,1881.0589289038176,1860.79328,1881.0589289038176,18,tp,1.1672821883039657
VWAP_MR,M5,short,2020-12-28 21:25:00+00:00,2020-12-28 22:55:00+00:00,1890.695,1880.0697075029486,1900.1484749999997,1880.0697075029486,19,tp,1.1239562697369518
VWAP_MR,M5,short,2020-12-30 08:00:00+00:00,2020-12-30 09:40:00+00:00,1879.568,1882.598,1888.9658399999998,1878.2365059963536,21,timeout,-0.32241451227090673
VWAP_MR,M5,short,2020-12-30 22:00:00+00:00,2020-12-30 23:40:00+00:00,1886.968,1886.705,1896.40284,1880.8373005569088,21,timeout,0.027875406472197755
VWAP_MR,M5,long,2020-12-31 10:20:00+00:00,2020-12-31 12:00:00+00:00,1888.208,1888.785,1878.7669600000002,1895.2391188623653,21,timeout,0.06111614822095897
VWAP_MR,M5,short,2021-01-01 04:00:00+00:00,2021-01-04 06:00:00+00:00,1900.518,1910.0205899999999,1910.0205899999999,1895.2592328145781,14,sl,-1.0
VWAP_MR,M5,short,2021-01-04 06:05:00+00:00,2021-01-04 07:45:00+00:00,1909.728,1911.768,1919.2766399999998,1895.1983470061255,21,timeout,-0.21364298999648296
VWAP_MR,M5,short,2021-01-04 15:30:00+00:00,2021-01-04 17:10:00+00:00,1932.308,1931.398,1941.9695399999998,1923.96794927755,21,timeout,0.09418788309111154
VWAP_MR,M5,short,2021-01-05 14:30:00+00:00,2021-01-05 15:00:00+00:00,1942.875,1939.8795112141818,1952.5893749999998,1939.8795112141818,7,tp,0.3083563055593684
VWAP_MR,M5,short,2021-01-05 18:30:00+00:00,2021-01-05 20:10:00+00:00,1948.838,1948.518,1958.5821899999999,1943.4937031003228,21,timeout,0.0328400821412493
VWAP_MR,M5,short,2021-01-06 15:45:00+00:00,2021-01-06 17:25:00+00:00,1952.885,1957.335,1962.6494249999998,1946.2341128542855,21,timeout,-0.45573600083979504
VWAP_MR,M5,long,2021-01-06 19:50:00+00:00,2021-01-06 21:30:00+00:00,1935.495,1934.848,1925.817525,1951.1181072549484,21,timeout,-0.06685628224303729
VWAP_MR,M5,long,2021-01-06 22:45:00+00:00,2021-01-06 23:00:00+00:00,1914.168,1904.5971599999998,1904.5971599999998,1936.857655066476,4,sl,-1.0
VWAP_MR,M5,short,2021-01-07 13:45:00+00:00,2021-01-07 15:00:00+00:00,1924.745,1918.7730021002333,1934.3687249999996,1918.7730021002333,16,tp,0.6205495169247677
VWAP_MR,M5,short,2021-01-08 03:00:00+00:00,2021-01-08 03:55:00+00:00,1917.278,1913.683379962918,1926.8643899999997,1913.683379962918,12,tp,0.3749711869725834
VWAP_MR,M5,long,2021-01-08 15:05:00+00:00,2021-01-08 16:45:00+00:00,1887.995,1890.615,1878.555025,1908.1066221792375,21,timeout,0.2775431079001922
VWAP_MR,M5,long,2021-01-08 21:50:00+00:00,2021-01-08 22:00:00+00:00,1868.528,1859.18536,1859.18536,1886.7304784577425,3,sl,-1.0
VWAP_MR,M5,long,2021-01-11 20:10:00+00:00,2021-01-11 21:50:00+00:00,1837.038,1840.018,1827.85281,1848.9828598572942,21,timeout,0.32443531380407414
VWAP_MR,M5,short,2021-01-12 10:25:00+00:00,2021-01-12 12:05:00+00:00,1849.995,1850.215,1859.2449749999996,1845.893392640917,21,timeout,-0.023783848064457894
VWAP_MR,M5,short,2021-01-12 12:40:00+00:00,2021-01-12 14:20:00+00:00,1853.078,1859.708,1862.3433899999998,1847.4404895451867,21,timeout,-0.7155662093015247
VWAP_MR,M5,short,2021-01-13 02:40:00+00:00,2021-01-13 04:20:00+00:00,1856.838,1856.215,1866.1221899999998,1844.187810274338,21,timeout,0.06710332296086757
VWAP_MR,M5,short,2021-01-13 20:50:00+00:00,2021-01-13 21:30:00+00:00,1858.415,1854.4057690959564,1867.7070749999998,1854.4057690959564,9,tp,0.4314677727034707
VWAP_MR,M5,long,2021-01-14 09:35:00+00:00,2021-01-14 09:35:00+00:00,1838.968,1829.77316,1829.77316,1848.151148499545,1,sl,-1.0
VWAP_MR,M5,short,2021-01-15 01:00:00+00:00,2021-01-15 02:40:00+00:00,1855.648,1846.655,1864.9262399999998,1845.8515973957988,21,timeout,0.9692571004845817
VWAP_MR,M5,short,2021-01-15 08:05:00+00:00,2021-01-15 09:45:00+00:00,1853.498,1851.258,1862.7654899999998,1847.5636441851777,21,timeout,0.24170514346388025
VWAP_MR,M5,long,2021-01-15 19:10:00+00:00,2021-01-15 20:50:00+00:00,1846.778,1837.54411,1837.54411,1852.2400664397949,21,sl,-1.0
VWAP_MR,M5,long,2021-01-18 06:40:00+00:00,2021-01-18 08:20:00+00:00,1814.785,1821.405,1805.7110750000002,1827.9597430910128,21,timeout,0.729563006086115
VWAP_MR,M5,short,2021-01-18 12:45:00+00:00,2021-01-18 14:25:00+00:00,1836.148,1836.978,1845.3287399999997,1826.8106395395068,21,timeout,-0.09040665567265535
VWAP_MR,M5,short,2021-01-19 15:10:00+00:00,2021-01-19 16:50:00+00:00,1842.755,1842.695,1851.9687749999998,1838.7807555576992,21,timeout,0.006511988842811406
VWAP_MR,M5,long,2021-01-19 20:15:00+00:00,2021-01-19 21:30:00+00:00,1833.575,1842.0547836206306,1824.407125,1842.0547836206306,16,tp,0.9249453794505765
VWAP_MR,M5,short,2021-01-20 07:35:00+00:00,2021-01-20 09:15:00+00:00,1842.855,1847.622,1852.0692749999998,1840.0611978857976,21,timeout,-0.5173494387784332
VWAP_MR,M5,short,2021-01-20 21:40:00+00:00,2021-01-20 23:20:00+00:00,1861.904,1864.725,1871.2135199999998,1848.7528886351936,21,timeout,-0.3030231419020503
VWAP_MR,M5,short,2021-01-21 12:35:00+00:00,2021-01-21 14:15:00+00:00,1873.285,1872.701,1882.6514249999998,1870.0779599234734,21,timeout,0.06235036313215322
VWAP_MR,M5,short,2021-01-22 02:20:00+00:00,2021-01-22 04:00:00+00:00,1869.445,1869.961,1878.7922249999997,1864.6543300206893,21,timeout,-0.05520354971663676
VWAP_MR,M5,long,2021-01-22 13:25:00+00:00,2021-01-22 15:05:00+00:00,1857.831,1861.735,1848.541845,1862.712766259675,21,timeout,0.42027504116359593
VWAP_MR,M5,long,2021-01-22 20:20:00+00:00,2021-01-22 22:00:00+00:00,1839.301,1852.210633444454,1830.1044949999998,1852.210633444454,21,tp,1.403754300623331
VWAP_MR,M5,short,2021-01-25 16:40:00+00:00,2021-01-25 18:10:00+00:00,1856.105,1865.385525,1865.385525,1852.5010999408287,19,sl,-1.0
VWAP_MR,M5,short,2021-01-26 08:55:00+00:00,2021-01-26 10:35:00+00:00,1857.365,1859.925,1866.651825,1854.825381484209,21,timeout,-0.27565933459497416
VWAP_MR,M5,long,2021-01-27 08:10:00+00:00,2021-01-27 09:50:00+00:00,1845.872,1847.565,1836.64264,1850.5479143854002,21,timeout,0.1834363379475907
VWAP_MR,M5,short,2021-01-27 13:05:00+00:00,2021-01-27 14:45:00+00:00,1850.792,1849.195,1860.0459599999997,1846.8438084123093,21,timeout,0.17257476799121868
VWAP_MR,M5,short,2021-01-27 23:10:00+00:00,2021-01-28 00:50:00+00:00,1850.138,1845.012,1859.3886899999998,1841.0025222515178,21,timeout,0.5541208277436667
VWAP_MR,M5,short,2021-01-28 20:50:00+00:00,2021-01-28 21:05:00+00:00,1850.595,1859.847975,1859.847975,1840.878296948516,4,sl,-1.0
VWAP_MR,M5,short,2021-01-29 13:55:00+00:00,2021-01-29 14:15:00+00:00,1848.085,1843.6636355974128,1857.3254249999998,1843.6636355974128,5,tp,0.4784806329348829
VWAP_MR,M5,short,2021-01-29 16:10:00+00:00,2021-01-29 17:50:00+00:00,1851.081,1856.552,1860.3364049999998,1845.2955983880624,21,timeout,-0.5911140571374319
VWAP_MR,M5,short,2021-02-01 10:05:00+00:00,2021-02-01 11:45:00+00:00,1861.322,1860.805,1870.6286099999998,1854.1768954019306,21,timeout,0.05555191417710992
VWAP_MR,M5,short,2021-02-01 19:20:00+00:00,2021-02-01 19:55:00+00:00,1868.315,1862.2668092060717,1877.6565749999997,1862.2668092060717,8,tp,0.6474487218620595
VWAP_MR,M5,long,2021-02-02 14:30:00+00:00,2021-02-02 16:10:00+00:00,1846.755,1850.325,1837.5212250000002,1855.2837344441848,21,timeout,0.38662410552563453
VWAP_MR,M5,short,2021-02-03 08:30:00+00:00,2021-02-03 10:10:00+00:00,1841.265,1840.938,1850.471325,1837.733966138258,21,timeout,0.035519058907870674
VWAP_MR,M5,short,2021-02-03 20:30:00+00:00,2021-02-03 21:45:00+00:00,1841.491,1835.6668458334625,1850.6984549999997,1835.6668458334625,16,tp,0.6325476656185274
VWAP_MR,M5,long,2021-02-04 21:10:00+00:00,2021-02-04 21:35:00+00:00,1800.258,1791.25671,1791.25671,1812.8668376631379,6,sl,-1.0
VWAP_MR,M5,short,2021-02-05 12:40:00+00:00,2021-02-05 14:20:00+00:00,1797.989,1798.835,1806.9789449999998,1795.516893663461,21,timeout,-0.0941051363495574
VWAP_MR,M5,short,2021-02-05 15:15:00+00:00,2021-02-05 16:55:00+00:00,1805.925,1807.335,1814.9546249999999,1797.826230656969,21,timeout,-0.15615266414719306
VWAP_MR,M5,long,2021-02-05 20:25:00+00:00,2021-02-05 20:35:00+00:00,1793.407,1805.0093300647434,1784.439965,1805.0093300647434,3,tp,1.293887005542366
VWAP_MR,M5,short,2021-02-06 00:00:00+00:00,2021-02-06 01:40:00+00:00,1812.515,1811.835,1821.5775749999998,1802.828079906149,21,timeout,0.07503386178873955
VWAP_MR,M5,short,2021-02-08 07:05:00+00:00,2021-02-08 08:45:00+00:00,1818.165,1815.315,1827.2558249999997,1812.1630426672507,21,timeout,0.3135028999018221
VWAP_MR,M5,short,2021-02-08 18:40:00+00:00,2021-02-08 20:20:00+00:00,1820.665,1823.375,1829.7683249999998,1813.8560152525022,21,timeout,-0.297693425204537
VWAP_MR,M5,short,2021-02-08 20:45:00+00:00,2021-02-08 22:25:00+00:00,1828.205,1835.0,1837.3460249999998,1818.217596359835,21,timeout,-0.7433520857890824
VWAP_MR,M5,short,2021-02-10 09:00:00+00:00,2021-02-10 10:40:00+00:00,1839.442,1842.545,1848.6392099999998,1836.7960142749844,21,timeout,-0.33738492434120004
VWAP_MR,M5,short,2021-02-10 11:00:00+00:00,2021-02-10 12:40:00+00:00,1844.405,1844.685,1853.6270249999998,1839.522732697604,21,timeout,-0.03036209509299516
VWAP_MR,M5,short,2021-02-10 20:35:00+00:00,2021-02-10 22:00:00+00:00,1846.272,1842.1132957826667,1855.5033599999997,1842.1132957826667,18,tp,0.4504974583737777
VWAP_MR,M5,long,2021-02-11 08:45:00+00:00,2021-02-11 10:25:00+00:00,1837.725,1836.045,1828.536375,1841.727897252347,21,timeout,-0.18283475492795015
VWAP_MR,M5,short,2021-02-11 14:00:00+00:00,2021-02-11 15:40:00+00:00,1842.425,1842.028,1851.6371249999997,1837.2864342694027,21,timeout,0.04309537701669742
VWAP_MR,M5,short,2021-02-11 20:30:00+00:00,2021-02-11 21:00:00+00:00,1846.662,1842.5909053337132,1855.8953099999999,1842.5909053337132,7,tp,0.44091389396510255
VWAP_MR,M5,long,2021-02-15 13:50:00+00:00,2021-02-15 15:30:00+00:00,1818.145,1819.085,1809.054275,1824.017574198346,21,timeout,0.1034020938924071
VWAP_MR,M5,short,2021-02-15 19:30:00+00:00,2021-02-15 20:55:00+00:00,1823.395,1819.054146919537,1832.511975,1819.054146919537,18,tp,0.4761286589535414
VWAP_MR,M5,short,2021-02-16 07:45:00+00:00,2021-02-16 09:25:00+00:00,1821.815,1824.337,1830.924075,1818.6709926651372,21,timeout,-0.27686675101478214
VWAP_MR,M5,short,2021-02-17 19:50:00+00:00,2021-02-17 20:15:00+00:00,1792.665,1787.7561908602015,1801.6283249999997,1787.7561908602015,6,tp,0.5476549316016776
VWAP_MR,M5,long,2021-02-17 20:30:00+00:00,2021-02-17 22:10:00+00:00,1778.465,1780.005,1769.572675,1787.5520656106141,21,timeout,0.17318305392573777
VWAP_MR,M5,short,2021-02-18 07:50:00+00:00,2021-02-18 09:30:00+00:00,1780.055,1782.045,1788.9552749999998,1774.5245816287322,21,timeout,-0.22358859698156155
VWAP_MR,M5,short,2021-02-19 13:15:00+00:00,2021-02-19 14:55:00+00:00,1774.685,1773.945,1783.5584249999997,1767.582186083056,21,timeout,0.08339508138064257
VWAP_MR,M5,short,2021-02-19 21:05:00+00:00,2021-02-19 22:45:00+00:00,1783.025,1781.625,1791.9401249999999,1772.648167310514,21,timeout,0.15703649696444283
VWAP_MR,M5,short,2021-02-22 06:10:00+00:00,2021-02-22 07:50:00+00:00,1786.711,1784.995,1795.6445549999999,1780.5657335957326,21,timeout,0.1920847859558879
VWAP_MR,M5,short,2021-02-22 08:05:00+00:00,2021-02-22 09:45:00+00:00,1787.505,1785.958,1796.442525,1782.6479450980519,21,timeout,0.1730904249218946
VWAP_MR,M5,short,2021-02-22 13:10:00+00:00,2021-02-22 14:50:00+00:00,1790.075,1793.305,1799.025375,1786.144784191411,21,timeout,-0.36087873413125776
VWAP_MR,M5,short,2021-02-22 15:00:00+00:00,2021-02-22 16:40:00+00:00,1794.56,1796.765,1803.5327999999997,1788.2591970489561,21,timeout,-0.24574268901571514
VWAP_MR,M5,short,2021-02-22 21:45:00+00:00,2021-02-22 23:25:00+00:00,1803.765,1810.325,1812.783825,1797.5710205713278,21,timeout,-0.7273674785795304
VWAP_MR,M5,short,2021-02-22 23:50:00+00:00,2021-02-23 01:30:00+00:00,1812.155,1809.455,1821.2157749999997,1802.4372669834947,21,timeout,0.297987754910605
VWAP_MR,M5,long,2021-02-23 21:45:00+00:00,2021-02-23 22:15:00+00:00,1800.385,1807.5667742606272,1791.383075,1807.5667742606272,7,tp,0.7978042763772398
VWAP_MR,M5,short,2021-02-24 06:40:00+00:00,2021-02-24 07:10:00+00:00,1807.625,1805.155172864395,1816.6631249999998,1805.155172864395,7,tp,0.27326764518140134
VWAP_MR,M5,short,2021-02-24 08:45:00+00:00,2021-02-24 10:25:00+00:00,1810.045,1808.695,1819.0952249999998,1806.4432064623347,21,timeout,0.14916756213245275
VWAP_MR,M5,short,2021-03-01 07:05:00+00:00,2021-03-01 08:45:00+00:00,1739.345,1743.405,1748.0417249999998,1730.4240855130708,21,timeout,-0.4668424033184957
VWAP_MR,M5,short,2021-03-02 17:35:00+00:00,2021-03-02 19:15:00+00:00,1728.385,1728.803,1737.026925,1720.028597295865,21,timeout,-0.04836885300440872
VWAP_MR,M5,short,2021-03-03 00:35:00+00:00,2021-03-03 02:15:00+00:00,1737.106,1735.446,1745.7915299999997,1728.1590236200484,21,timeout,0.1911224761183406
VWAP_MR,M5,long,2021-03-03 20:15:00+00:00,2021-03-03 21:55:00+00:00,1715.685,1711.683,1707.106575,1725.2006283887583,21,timeout,-0.46651920369997846
VWAP_MR,M5,short,2021-03-04 12:45:00+00:00,2021-03-04 14:25:00+00:00,1717.865,1719.485,1726.454325,1713.1388274922997,21,timeout,-0.18860620595913025
VWAP_MR,M5,short,2021-03-04 20:05:00+00:00,2021-03-04 20:30:00+00:00,1722.169,1714.3083993591297,1730.779845,1714.3083993591297,6,tp,0.9128721560857829
VWAP_MR,M5,short,2021-03-05 13:15:00+00:00,2021-03-05 14:55:00+00:00,1697.898,1697.248,1706.3874899999996,1693.3271740654175,21,timeout,0.07656525892602337
VWAP_MR,M5,short,2021-03-08 06:05:00+00:00,2021-03-08 06:20:00+00:00,1705.118,1713.6435899999997,1713.6435899999997,1699.9373957559212,4,sl,-1.0
VWAP_MR,M5,short,2021-03-09 10:20:00+00:00,2021-03-09 12:00:00+00:00,1689.986,1687.884,1698.4359299999999,1684.7244683387557,21,timeout,0.2487594571789526
VWAP_MR,M5,short,2021-03-09 16:10:00+00:00,2021-03-09 17:50:00+00:00,1702.565,1701.954,1711.0778249999998,1693.678602388337,21,timeout,0.07177405855284451
VWAP_MR,M5,short,2021-03-09 21:15:00+00:00,2021-03-09 22:55:00+00:00,1718.164,1712.558,1726.7548199999999,1706.328294276537,21,timeout,0.6525570318083795
VWAP_MR,M5,short,2021-03-10 08:10:00+00:00,2021-03-10 08:20:00+00:00,1719.115,1716.5778952638905,1727.7105749999998,1716.5778952638905,3,tp,0.29516405081796065
VWAP_MR,M5,short,2021-03-11 10:25:00+00:00,2021-03-11 12:05:00+00:00,1732.968,1732.195,1741.63284,1727.789465625229,21,timeout,0.0892111106494922
VWAP_MR,M5,short,2021-03-12 08:35:00+00:00,2021-03-12 09:05:00+00:00,1726.678,1724.0936787030876,1735.3113899999998,1724.0936787030876,7,tp,0.2993402703819274
VWAP_MR,M5,long,2021-03-12 13:20:00+00:00,2021-03-12 15:00:00+00:00,1713.165,1709.988,1704.599175,1720.2562948178665,21,timeout,-0.37089247095287875
VWAP_MR,M5,short,2021-03-15 16:25:00+00:00,2021-03-15 18:05:00+00:00,1730.255,1728.745,1738.9062749999998,1725.3101555980472,21,timeout,0.1745407468841608
VWAP_MR,M5,short,2021-03-16 04:00:00+00:00,2021-03-16 06:35:00+00:00,1731.964,1731.375,1740.6238199999998,1729.7666475596131,21,timeout,0.06801527052524783
VWAP_MR,M5,short,2021-03-16 12:45:00+00:00,2021-03-16 13:45:00+00:00,1735.785,1732.6237241108374,1744.4639249999998,1732.6237241108374,13,tp,0.3642474026636662
VWAP_MR,M5,long,2021-03-16 14:15:00+00:00,2021-03-16 15:55:00+00:00,1728.605,1732.075,1719.961975,1733.2238200156623,21,timeout,0.4014798059707099
VWAP_MR,M5,short,2021-03-18 01:05:00+00:00,2021-03-18 01:40:00+00:00,1735.928,1744.60764,1744.60764,1729.398682652665,8,sl,-1.0
VWAP_MR,M5,short,2021-03-18 02:35:00+00:00,2021-03-18 05:10:00+00:00,1748.706,1748.388,1757.4495299999996,1735.3929652311954,21,timeout,0.03636974997512368
VWAP_MR,M5,short,2021-03-19 13:20:00+00:00,2021-03-19 15:00:00+00:00,1739.218,1741.318,1747.91409,1732.1226154292758,21,timeout,-0.24148784108719323
VWAP_MR,M5,short,2021-03-20 00:20:00+00:00,2021-03-20 02:00:00+00:00,1742.285,1742.609,1750.9964249999998,1737.3761925761833,21,timeout,-0.03719253738623148
VWAP_MR,M5,long,2021-03-22 13:35:00+00:00,2021-03-22 15:15:00+00:00,1731.018,1730.625,1722.36291,1737.470667996193,21,timeout,-0.045406806861630594
VWAP_MR,M5,short,2021-03-23 01:00:00+00:00,2021-03-23 02:40:00+00:00,1740.679,1739.638,1749.3823949999999,1735.7554418629018,21,timeout,0.11960849760354374
VWAP_MR,M5,long,2021-03-23 09:15:00+00:00,2021-03-23 10:55:00+00:00,1732.408,1735.198,1723.74596,1736.5649719009257,21,timeout,0.32209502611396534
VWAP_MR,M5,short,2021-03-23 17:15:00+00:00,2021-03-23 17:40:00+00:00,1741.505,1738.0373061664284,1750.212525,1738.0373061664284,6,tp,0.398241042497358
VWAP_MR,M5,short,2021-03-24 16:55:00+00:00,2021-03-24 17:55:00+00:00,1734.498,1730.6962892752235,1743.17049,1730.6962892752235,13,tp,0.4383643826371141
VWAP_MR,M5,short,2021-03-24 23:05:00+00:00,2021-03-25 00:45:00+00:00,1734.085,1733.448,1742.7554249999998,1731.0803942517466,21,timeout,0.0734681402584024
VWAP_MR,M5,long,2021-03-25 19:25:00+00:00,2021-03-25 20:05:00+00:00,1726.938,1731.214224637035,1718.30331,1731.214224637035,9,tp,0.49523777194488555
VWAP_MR,M5,short,2021-03-26 21:25:00+00:00,2021-03-26 23:05:00+00:00,1730.828,1734.308,1739.4821399999998,1726.684915794169,21,timeout,-0.4021196791362366
VWAP_MR,M5,long,2021-03-30 18:10:00+00:00,2021-03-30 19:35:00+00:00,1691.158,1682.70221,1682.70221,1699.6828456618027,18,sl,-1.0
VWAP_MR,M5,long,2021-03-30 19:40:00+00:00,2021-03-30 21:20:00+00:00,1680.288,1685.215,1671.88656,1693.5961123237912,21,timeout,0.5864470852615566
VWAP_MR,M5,short,2021-03-31 13:40:00+00:00,2021-03-31 15:20:00+00:00,1686.665,1684.285,1695.0983249999997,1681.0934329429176,21,timeout,0.28221371760248243
VWAP_MR,M5,short,2021-03-31 20:40:00+00:00,2021-03-31 21:40:00+00:00,1690.765,1699.218825,1699.218825,1686.4652457018994,13,sl,-1.0
VWAP_MR,M5,short,2021-03-31 22:55:00+00:00,2021-04-01 00:35:00+00:00,1706.898,1714.028,1715.4324899999997,1693.9882121364176,21,timeout,-0.8354336345815971
VWAP_MR,M5,short,2021-04-01 09:00:00+00:00,2021-04-01 10:40:00+00:00,1710.438,1713.155,1718.99019,1707.4567656913732,21,timeout,-0.31769640290965334
VWAP_MR,M5,short,2021-04-01 10:55:00+00:00,2021-04-01 12:35:00+00:00,1713.338,1712.535,1721.9046899999998,1709.1984618563984,21,timeout,0.09373515325054307
VWAP_MR,M5,short,2021-04-01 20:05:00+00:00,2021-04-01 21:45:00+00:00,1721.235,1727.818,1729.8411749999998,1715.971952959763,21,timeout,-0.76491588888213
VWAP_MR,M5,long,2021-04-05 13:05:00+00:00,2021-04-05 13:40:00+00:00,1721.798,1725.6653230882998,1713.18901,1725.6653230882998,8,tp,0.44921914049149203
VWAP_MR,M5,short,2021-04-05 19:40:00+00:00,2021-04-05 19:50:00+00:00,1728.789,1725.764382204078,1737.4329449999998,1725.764382204078,3,tp,0.34991173543123066
VWAP_MR,M5,short,2021-04-05 21:20:00+00:00,2021-04-05 22:10:00+00:00,1729.128,1725.543385362127,1737.7736399999997,1725.543385362127,11,tp,0.4146153018021752
VWAP_MR,M5,short,2021-04-05 22:25:00+00:00,2021-04-06 00:05:00+00:00,1732.408,1726.998,1741.0700399999996,1726.3816206286306,21,timeout,0.6245641904216602
VWAP_MR,M5,long,2021-04-06 14:05:00+00:00,2021-04-06 15:45:00+00:00,1730.688,1732.118,1722.03456,1734.633064784286,21,timeout,0.1652522002810245
VWAP_MR,M5,short,2021-04-06 19:00:00+00:00,2021-04-06 20:40:00+00:00,1736.048,1738.588,1744.72824,1732.0976401760877,21,timeout,-0.2926186372727009
VWAP_MR,M5,short,2021-04-06 21:00:00+00:00,2021-04-06 22:40:00+00:00,1741.038,1744.255,1749.74319,1735.416248968517,21,timeout,-0.36954965945604107
VWAP_MR,M5,short,2021-04-07 22:15:00+00:00,2021-04-07 23:55:00+00:00,1742.368,1739.878,1751.0798399999996,1736.8878490609593,21,timeout,0.2858179213576112
VWAP_MR,M5,short,2021-04-08 10:20:00+00:00,2021-04-08 12:00:00+00:00,1738.468,1740.288,1747.16034,1735.9098586304403,21,timeout,-0.2093797527478184
VWAP_MR,M5,short,2021-04-08 13:20:00+00:00,2021-04-08 15:00:00+00:00,1744.278,1745.448,1752.9993899999997,1738.8460093905505,21,timeout,-0.13415292745767737
VWAP_MR,M5,short,2021-04-08 18:15:00+00:00,2021-04-08 19:55:00+00:00,1748.858,1747.628,1757.6022899999998,1744.2744211711329,21,timeout,0.14066322137075019
VWAP_MR,M5,short,2021-04-08 20:10:00+00:00,2021-04-08 21:50:00+00:00,1752.098,1756.305,1760.8584899999998,1746.583809488979,21,timeout,-0.48022427969213594
VWAP_MR,M5,long,2021-04-09 19:30:00+00:00,2021-04-09 21:10:00+00:00,1739.458,1739.968,1730.76071,1745.4704713928436,21,timeout,0.058638955352757816
VWAP_MR,M5,short,2021-04-12 16:45:00+00:00,2021-04-12 18:25:00+00:00,1742.668,1742.675,1751.3813399999997,1739.3396261306173,21,timeout,-0.0008033658734838782
VWAP_MR,M5,short,2021-04-12 18:35:00+00:00,2021-04-12 19:25:00+00:00,1743.878,1740.456682530328,1752.5973899999997,1740.456682530328,11,tp,0.39238036946071625
VWAP_MR,M5,short,2021-04-13 09:10:00+00:00,2021-04-13 10:50:00+00:00,1734.338,1731.968,1743.0096899999999,1731.2762836492127,21,timeout,0.27330312776401355
VWAP_MR,M5,long,2021-04-13 12:40:00+00:00,2021-04-13 14:20:00+00:00,1726.418,1724.638,1717.7859099999998,1731.5869658502781,21,timeout,-0.20620730321393313
VWAP_MR,M5,short,2021-04-13 19:20:00+00:00,2021-04-13 19:45:00+00:00,1731.865,1740.5243249999999,1740.5243249999999,1727.833982175872,6,sl,-1.0
VWAP_MR,M5,short,2021-04-15 07:10:00+00:00,2021-04-15 08:40:00+00:00,1737.188,1736.3108237869028,1745.87394,1736.3108237869028,19,tp,0.10098805806824773
VWAP_MR,M5,short,2021-04-15 12:15:00+00:00,2021-04-15 13:55:00+00:00,1741.528,1745.595,1750.2356399999999,1737.7716375033547,21,timeout,-0.4670611095543769
VWAP_MR,M5,short,2021-04-15 19:25:00+00:00,2021-04-15 19:30:00+00:00,1751.848,1746.9626547430337,1760.6072399999998,1746.9626547430337,2,tp,0.5577362027945748
VWAP_MR,M5,short,2021-04-15 21:05:00+00:00,2021-04-15 21:25:00+00:00,1756.048,1764.8282399999998,1764.8282399999998,1749.3802716632633,5,sl,-1.0
VWAP_MR,M5,short,2021-04-15 22:25:00+00:00,2021-04-16 00:05:00+00:00,1765.948,1767.318,1774.77774,1754.4891902431573,21,timeout,-0.15515745650493742
VWAP_MR,M5,short,2021-04-16 12:50:00+00:00,2021-04-16 13:30:00+00:00,1765.818,1762.5684561556795,1774.6470899999997,1762.5684561556795,9,tp,0.36804969077453553
VWAP_MR,M5,short,2021-04-16 15:30:00+00:00,2021-04-16 17:10:00+00:00,1767.038,1772.038,1775.8731899999998,1763.9458553384975,21,timeout,-0.5659187861268543
VWAP_MR,M5,short,2021-04-16 18:55:00+00:00,2021-04-16 20:35:00+00:00,1778.508,1774.118,1787.4005399999999,1769.2224758245127,21,timeout,0.4936722241339579
VWAP_MR,M5,short,2021-04-19 07:35:00+00:00,2021-04-19 08:15:00+00:00,1779.705,1776.8717886952436,1788.6035249999998,1776.8717886952436,9,tp,0.3183911159159956
VWAP_MR,M5,short,2021-04-19 15:30:00+00:00,2021-04-19 17:10:00+00:00,1786.365,1789.035,1795.296825,1780.6913493309255,21,timeout,-0.29893106951827936
VWAP_MR,M5,long,2021-04-19 20:20:00+00:00,2021-04-19 22:00:00+00:00,1771.318,1775.128,1762.46141,1782.8812055078565,21,timeout,0.430188142388877
VWAP_MR,M5,long,2021-04-20 08:05:00+00:00,2021-04-20 08:35:00+00:00,1768.245,1770.741450494102,1759.403775,1770.741450494102,7,tp,0.2823647734451076
VWAP_MR,M5,short,2021-04-20 10:15:00+00:00,2021-04-20 11:55:00+00:00,1772.988,1772.238,1781.8529399999998,1769.7071717719311,21,timeout,0.08460294147507201
VWAP_MR,M5,short,2021-04-20 18:10:00+00:00,2021-04-20 19:35:00+00:00,1773.148,1768.9017754085794,1782.0137399999996,1768.9017754085794,18,tp,0.4789475657328821
VWAP_MR,M5,short,2021-04-20 21:05:00+00:00,2021-04-20 22:45:00+00:00,1775.815,1779.348,1784.6940749999999,1770.0762722241564,21,timeout,-0.3979018084654054
VWAP_MR,M5,short,2021-04-21 07:25:00+00:00,2021-04-21 07:55:00+00:00,1779.348,1777.7749657857357,1788.2447399999999,1777.7749657857357,7,tp,0.1768101815119068
VWAP_MR,M5,short,2021-04-21 08:10:00+00:00,2021-04-21 08:15:00+00:00,1780.518,1778.180073436037,1789.42059,1778.180073436037,2,tp,0.26261195494379264
VWAP_MR,M5,short,2021-04-21 19:40:00+00:00,2021-04-21 21:00:00+00:00,1787.498,1796.4354899999998,1796.4354899999998,1781.4276386678143,17,sl,-1.0
VWAP_MR,M5,short,2021-04-22 08:45:00+00:00,2021-04-22 09:15:00+00:00,1796.715,1794.1698023067486,1805.6985749999997,1794.1698023067486,7,tp,0.28331679684885036
VWAP_MR,M5,short,2021-04-23 06:00:00+00:00,2021-04-23 07:40:00+00:00,1785.637,1783.585,1794.5651849999997,1781.8050117405455,21,timeout,0.22983394721323125
VWAP_MR,M5,short,2021-04-23 08:25:00+00:00,2021-04-23 10:05:00+00:00,1787.908,1786.118,1796.8475399999998,1784.2551442643019,21,timeout,0.2002340165153904
VWAP_MR,M5,short,2021-04-23 17:55:00+00:00,2021-04-23 19:35:00+00:00,1787.825,1794.058,1796.764125,1784.4170160076005,21,timeout,-0.6972718247032046
VWAP_MR,M5,long,2021-04-23 21:00:00+00:00,2021-04-23 21:20:00+00:00,1781.248,1772.34176,1772.34176,1788.8257460281493,5,sl,-1.0
VWAP_MR,M5,long,2021-04-23 21:25:00+00:00,2021-04-23 23:05:00+00:00,1772.993,1777.155,1764.128035,1787.1346895691343,21,timeout,0.4694885992217727
VWAP_MR,M5,short,2021-04-26 07:30:00+00:00,2021-04-26 09:10:00+00:00,1777.525,1779.868,1786.412625,1775.8870931094277,21,timeout,-0.2636249841774252
VWAP_MR,M5,short,2021-04-27 19:25:00+00:00,2021-04-27 20:35:00+00:00,1784.372,1780.245486783597,1793.2938599999998,1780.245486783597,15,tp,0.46251714512480524
VWAP_MR,M5,long,2021-04-28 08:10:00+00:00,2021-04-28 09:50:00+00:00,1768.438,1771.688,1759.59581,1773.8871187498125,21,timeout,0.3675560013978407
VWAP_MR,M5,long,2021-04-29 20:55:00+00:00,2021-04-29 22:35:00+00:00,1764.288,1768.448,1755.46656,1773.6730969560547,21,timeout,0.4715783364167427
VWAP_MR,M5,short,2021-04-30 02:35:00+00:00,2021-04-30 05:10:00+00:00,1773.308,1772.148,1782.1745399999998,1768.255818842234,21,timeout,0.13082893665399506
VWAP_MR,M5,short,2021-04-30 13:35:00+00:00,2021-04-30 15:00:00+00:00,1771.285,1768.006536644666,1780.1414249999998,1768.006536644666,18,tp,0.3701790909237194
VWAP_MR,M5,short,2021-05-03 07:55:00+00:00,2021-05-03 09:35:00+00:00,1769.875,1772.265,1778.7243749999998,1767.8958617036928,21,timeout,-0.2700755703086556
VWAP_MR,M5,short,2021-05-03 14:05:00+00:00,2021-05-03 15:15:00+00:00,1780.088,1774.5812301195613,1788.9884399999999,1774.5812301195613,15,tp,0.6187076010218332
VWAP_MR,M5,short,2021-05-03 20:55:00+00:00,2021-05-03 22:35:00+00:00,1790.775,1791.098,1799.7288749999998,1782.3937700354913,21,timeout,-0.03607376694446553
VWAP_MR,M5,short,2021-05-04 20:10:00+00:00,2021-05-04 21:50:00+00:00,1790.315,1794.095,1799.2665749999999,1785.1104951454365,21,timeout,-0.422272058269081
VWAP_MR,M5,long,2021-05-04 22:20:00+00:00,2021-05-05 00:00:00+00:00,1776.258,1776.258,1767.37671,1788.5684046615875,21,timeout,0.0
VWAP_MR,M5,short,2021-05-06 12:50:00+00:00,2021-05-06 14:30:00+00:00,1791.465,1793.295,1800.4223249999998,1787.4450185769495,21,timeout,-0.20430206562787262
VWAP_MR,M5,short,2021-05-06 20:40:00+00:00,2021-05-06 20:50:00+00:00,1800.748,1809.75174,1809.75174,1793.3181264208756,3,sl,-1.0
VWAP_MR,M5,short,2021-05-06 22:30:00+00:00,2021-05-07 00:10:00+00:00,1816.078,1815.718,1825.1583899999998,1801.3156716140195,21,timeout,0.039645874241073985
VWAP_MR,M5,short,2021-05-07 19:35:00+00:00,2021-05-07 19:40:00+00:00,1827.678,1836.81639,1836.81639,1820.2387281409367,2,sl,-1.0
VWAP_MR,M5,short,2021-05-10 06:35:00+00:00,2021-05-10 07:25:00+00:00,1835.098,1831.1826959118948,1844.2734899999998,1831.1826959118948,11,tp,0.42671335134202026
VWAP_MR,M5,short,2021-05-10 12:25:00+00:00,2021-05-10 14:05:00+00:00,1835.508,1834.448,1844.68554,1832.5093233913892,21,timeout,0.1154993603950466
VWAP_MR,M5,short,2021-05-10 20:35:00+00:00,2021-05-10 20:55:00+00:00,1844.438,1839.113673023386,1853.6601899999998,1839.113673023386,5,tp,0.5773386773222369
VWAP_MR,M5,short,2021-05-11 16:45:00+00:00,2021-05-11 18:25:00+00:00,1837.765,1841.268,1846.9538249999998,1835.499851637954,21,timeout,-0.3812239323308512
VWAP_MR,M5,long,2021-05-11 20:00:00+00:00,2021-05-11 20:20:00+00:00,1831.555,1822.3972250000002,1822.3972250000002,1837.8009034122315,5,sl,-1.0
VWAP_MR,M5,long,2021-05-12 08:45:00+00:00,2021-05-12 10:25:00+00:00,1829.568,1828.245,1820.42016,1834.3785854287926,21,timeout,-0.14462430475391788
VWAP_MR,M5,short,2021-05-12 14:05:00+00:00,2021-05-12 15:45:00+00:00,1835.288,1831.575,1844.4644399999997,1829.4699954890355,21,timeout,0.4046231436156151
VWAP_MR,M5,long,2021-05-12 19:35:00+00:00,2021-05-12 19:40:00+00:00,1822.598,1832.954259030375,1813.4850099999999,1832.954259030375,2,tp,1.1364282228308045
VWAP_MR,M5,short,2021-05-13 21:55:00+00:00,2021-05-13 23:35:00+00:00,1826.508,1826.598,1835.6405399999999,1817.5186354360458,21,timeout,-0.009854870605540163
VWAP_MR,M5,short,2021-05-14 13:10:00+00:00,2021-05-14 13:55:00+00:00,1826.748,1835.8817399999998,1835.8817399999998,1823.304578935652,10,sl,-1.0
VWAP_MR,M5,short,2021-05-14 20:45:00+00:00,2021-05-14 21:00:00+00:00,1840.455,1835.6972780619642,1849.6572749999998,1835.6972780619642,4,tp,0.517015839891309
VWAP_MR,M5,short,2021-05-15 02:00:00+00:00,2021-05-15 03:40:00+00:00,1841.348,1843.338,1850.5547399999998,1838.2421844970322,21,timeout,-0.21614599738887386
VWAP_MR,M5,short,2021-05-17 05:10:00+00:00,2021-05-17 06:50:00+00:00,1844.728,1847.108,1853.9516399999998,1840.2220641269305,21,timeout,-0.25803262052724935
VWAP_MR,M5,short,2021-05-17 08:30:00+00:00,2021-05-17 10:10:00+00:00,1852.478,1852.505,1861.74039,1845.753360703036,21,timeout,-0.0029150143753441647
VWAP_MR,M5,long,2021-05-17 16:45:00+00:00,2021-05-17 18:25:00+00:00,1849.028,1847.595,1839.78286,1853.2082424925911,21,timeout,-0.15500035694429656
VWAP_MR,M5,short,2021-05-17 20:55:00+00:00,2021-05-17 22:25:00+00:00,1856.105,1865.385525,1865.385525,1849.1725137879278,19,sl,-1.0
VWAP_MR,M5,short,2021-05-18 07:30:00+00:00,2021-05-18 09:10:00+00:00,1869.425,1871.948,1878.7721249999997,1866.4573477342826,21,timeout,-0.26992256977414963
VWAP_MR,M5,short,2021-05-19 13:00:00+00:00,2021-05-19 14:40:00+00:00,1871.025,1871.238,1880.380125,1867.9846991029342,21,timeout,-0.022768268729703733
VWAP_MR,M5,short,2021-05-19 20:05:00+00:00,2021-05-19 20:45:00+00:00,1874.784,1884.1579199999999,1884.1579199999999,1861.4909856286463,9,sl,-1.0
VWAP_MR,M5,short,2021-05-20 09:10:00+00:00,2021-05-20 10:50:00+00:00,1873.045,1876.538,1882.4102249999999,1868.692220511755,21,timeout,-0.3729755558462311
VWAP_MR,M5,short,2021-05-21 11:40:00+00:00,2021-05-21 13:20:00+00:00,1876.418,1875.575,1885.8000899999997,1872.9914350262538,21,timeout,0.08985204789123341
VWAP_MR,M5,short,2021-05-21 16:30:00+00:00,2021-05-21 18:10:00+00:00,1877.845,1878.238,1887.234225,1875.1990294877626,21,timeout,-0.04185648975288519
VWAP_MR,M5,long,2021-05-24 15:40:00+00:00,2021-05-24 17:20:00+00:00,1878.598,1881.618,1869.20501,1883.157405403995,21,timeout,0.32151636486358065
VWAP_MR,M5,short,2021-05-24 19:35:00+00:00,2021-05-24 19:55:00+00:00,1885.368,1880.6470936407802,1894.7948399999998,1880.6470936407802,5,tp,0.5007941536315241
VWAP_MR,M5,short,2021-05-25 13:45:00+00:00,2021-05-25 15:25:00+00:00,1883.008,1880.628,1892.42304,1877.0278788197488,21,timeout,0.25278703011353576
VWAP_MR,M5,short,2021-05-26 00:15:00+00:00,2021-05-26 01:55:00+00:00,1897.128,1898.874,1906.6136399999998,1888.4745161307767,21,timeout,-0.18406770655434082
VWAP_MR,M5,short,2021-05-26 08:25:00+00:00,2021-05-26 10:05:00+00:00,1904.168,1907.088,1913.6888399999998,1899.7709749872934,21,timeout,-0.3066956276967265
VWAP_MR,M5,short,2021-05-26 14:55:00+00:00,2021-05-26 15:45:00+00:00,1909.738,1905.5058462291822,1919.28669,1905.5058462291822,11,tp,0.44321826039151935
VWAP_MR,M5,short,2021-05-26 19:35:00+00:00,2021-05-26 20:05:00+00:00,1911.588,1907.0817338816594,1921.1459399999997,1907.0817338816594,7,tp,0.47146834133094967
VWAP_MR,M5,long,2021-05-27 00:50:00+00:00,2021-05-27 02:30:00+00:00,1893.158,1894.798,1883.69221,1903.0478529398451,21,timeout,0.1732554810533622
VWAP_MR,M5,short,2021-05-28 00:45:00+00:00,2021-05-28 02:25:00+00:00,1897.438,1897.918,1906.92519,1893.4302962634727,21,timeout,-0.050594538530355095
VWAP_MR,M5,long,2021-05-28 12:25:00+00:00,2021-05-28 14:05:00+00:00,1890.205,1888.975,1880.7539749999999,1894.6890781575064,21,timeout,-0.13014461394399113
VWAP_MR,M5,long,2021-05-28 19:15:00+00:00,2021-05-28 19:35:00+00:00,1886.268,1891.540487843075,1876.83666,1891.540487843075,5,tp,0.5590391018746955
VWAP_MR,M5,short,2021-05-31 23:55:00+00:00,2021-06-01 06:30:00+00:00,1906.488,1907.198,1916.0204399999998,1905.1580997876329,21,timeout,-0.07448250395492202
VWAP_MR,M5,short,2021-06-01 07:05:00+00:00,2021-06-01 08:45:00+00:00,1908.428,1912.368,1917.97014,1905.9383079438726,21,timeout,-0.4129052812052552
VWAP_MR,M5,short,2021-06-02 19:05:00+00:00,2021-06-02 20:45:00+00:00,1900.918,1907.468,1910.4225899999997,1897.5661400666845,21,timeout,-0.6891407204309006
VWAP_MR,M5,long,2021-06-03 13:45:00+00:00,2021-06-03 15:25:00+00:00,1895.975,1893.868,1886.495125,1902.8637460763498,21,timeout,-0.22226031461385012
VWAP_MR,M5,long,2021-06-04 07:50:00+00:00,2021-06-04 08:05:00+00:00,1868.928,1871.2211734016892,1859.58336,1871.2211734016892,4,tp,0.2453998657721474
VWAP_MR,M5,long,2021-06-04 09:00:00+00:00,2021-06-04 10:25:00+00:00,1864.164,1870.0052030386491,1854.84318,1870.0052030386491,18,tp,0.6266833860807536
VWAP_MR,M5,short,2021-06-04 19:25:00+00:00,2021-06-04 19:30:00+00:00,1873.858,1870.9692720497615,1883.2272899999998,1870.9692720497615,2,tp,0.3083187680430995
VWAP_MR,M5,short,2021-06-04 19:35:00+00:00,2021-06-04 20:10:00+00:00,1878.898,1888.2924899999998,1888.2924899999998,1871.1549073544286,8,sl,-1.0
VWAP_MR,M5,short,2021-06-07 18:35:00+00:00,2021-06-07 20:15:00+00:00,1887.815,1889.258,1897.2540749999998,1884.130775158824,21,timeout,-0.15287514931283183
VWAP_MR,M5,short,2021-06-07 20:20:00+00:00,2021-06-07 22:00:00+00:00,1889.258,1892.075,1898.70429,1885.6300798689326,21,timeout,-0.2982123140407555
VWAP_MR,M5,short,2021-06-08 19:00:00+00:00,2021-06-08 19:50:00+00:00,1898.568,1893.833131503968,1908.0608399999999,1893.833131503968,11,tp,0.49878313508203087
VWAP_MR,M5,short,2021-06-09 19:35:00+00:00,2021-06-09 21:15:00+00:00,1894.628,1890.474757265996,1904.1011399999998,1890.474757265996,21,tp,0.4384230291122056
VWAP_MR,M5,short,2021-06-10 19:45:00+00:00,2021-06-10 21:25:00+00:00,1887.248,1891.908,1896.6842399999998,1879.7881286774664,21,timeout,-0.49384076708519153
VWAP_MR,M5,long,2021-06-14 08:15:00+00:00,2021-06-14 09:55:00+00:00,1868.938,1866.188,1859.5933100000002,1874.0741810528932,21,timeout,-0.29428477563193955
VWAP_MR,M5,short,2021-06-14 20:50:00+00:00,2021-06-14 22:30:00+00:00,1863.594,1863.068,1872.9119699999999,1853.3925577120128,21,timeout,0.05645006369413905
VWAP_MR,M5,long,2021-06-15 08:20:00+00:00,2021-06-15 10:00:00+00:00,1862.178,1861.718,1852.8671100000001,1865.678975448178,21,timeout,-0.049404514498618046
VWAP_MR,M5,short,2021-06-15 13:10:00+00:00,2021-06-15 14:50:00+00:00,1868.098,1866.978,1877.4384899999998,1862.5008106596051,21,timeout,0.11990805621545686
VWAP_MR,M5,short,2021-06-16 11:45:00+00:00,2021-06-16 13:25:00+00:00,1859.958,1860.748,1869.2577899999999,1855.9316320846226,21,timeout,-0.08494815474327704
VWAP_MR,M5,long,2021-06-17 01:05:00+00:00,2021-06-17 01:15:00+00:00,1849.798,1840.54901,1840.54901,1857.794675366432,3,sl,-1.0
VWAP_MR,M5,long,2021-06-17 03:45:00+00:00,2021-06-17 03:45:00+00:00,1819.468,1810.37066,1810.37066,1841.1480526621024,1,sl,-1.0
VWAP_MR,M5,long,2021-06-17 13:15:00+00:00,2021-06-17 14:55:00+00:00,1813.038,1808.888,1803.97281,1820.7169793711382,21,timeout,-0.4577951482539337
VWAP_MR,M5,long,2021-06-17 17:55:00+00:00,2021-06-17 18:50:00+00:00,1795.458,1786.48071,1786.48071,1808.6153238337495,12,sl,-1.0
VWAP_MR,M5,long,2021-06-17 18:55:00+00:00,2021-06-17 19:25:00+00:00,1786.318,1777.38641,1777.38641,1805.109399751773,7,sl,-1.0
VWAP_MR,M5,short,2021-06-18 07:50:00+00:00,2021-06-18 09:30:00+00:00,1779.358,1783.805,1788.2547899999997,1775.965263425091,21,timeout,-0.4998432018739596
VWAP_MR,M5,short,2021-06-18 14:45:00+00:00,2021-06-18 16:25:00+00:00,1789.198,1793.158,1798.1439899999998,1784.7015969131708,21,timeout,-0.44265643042300934
VWAP_MR,M5,short,2021-06-18 16:30:00+00:00,2021-06-18 18:10:00+00:00,1793.128,1791.888,1802.0936399999998,1787.1580185341327,21,timeout,0.13830579858214515
VWAP_MR,M5,long,2021-06-18 19:30:00+00:00,2021-06-18 21:05:00+00:00,1780.268,1771.36666,1771.36666,1791.0212395871256,20,sl,-1.0
VWAP_MR,M5,long,2021-06-19 03:05:00+00:00,2021-06-21 05:40:00+00:00,1764.228,1768.068,1755.40686,1772.783728285966,21,timeout,0.4353178840829997
VWAP_MR,M5,long,2021-06-21 12:40:00+00:00,2021-06-21 13:00:00+00:00,1768.208,1773.2200254042023,1759.36696,1773.2200254042023,5,tp,0.5669045049227427
VWAP_MR,M5,short,2021-06-21 13:55:00+00:00,2021-06-21 15:35:00+00:00,1779.825,1783.585,1788.724125,1774.0312993880489,21,timeout,-0.4225134493559791
VWAP_MR,M5,long,2021-06-22 12:30:00+00:00,2021-06-22 14:10:00+00:00,1781.528,1781.008,1772.6203600000001,1785.9747777736898,21,timeout,-0.05837685402642985
VWAP_MR,M5,short,2021-06-23 01:45:00+00:00,2021-06-23 02:35:00+00:00,1780.958,1777.8745003214271,1789.86279,1777.8745003214271,11,tp,0.34627427245033254
VWAP_MR,M5,short,2021-06-23 08:15:00+00:00,2021-06-23 08:55:00+00:00,1780.668,1778.2108942070454,1789.5713399999997,1778.2108942070454,9,tp,0.2759757341575803
VWAP_MR,M5,short,2021-06-23 10:05:00+00:00,2021-06-23 11:45:00+00:00,1782.278,1781.318,1791.1893899999998,1779.7459051688984,21,timeout,0.1077273018014095
VWAP_MR,M5,short,2021-06-23 15:25:00+00:00,2021-06-23 17:05:00+00:00,1783.908,1782.438,1792.8275399999998,1781.3888330410407,21,timeout,0.1648067052785033
VWAP_MR,M5,short,2021-06-23 19:20:00+00:00,2021-06-23 19:25:00+00:00,1785.658,1782.7901169403854,1794.5862899999997,1782.7901169403854,2,tp,0.3212130273114555
VWAP_MR,M5,short,2021-06-23 20:45:00+00:00,2021-06-23 22:25:00+00:00,1790.418,1787.068,1799.3700899999997,1783.4499395688642,21,timeout,0.3742142896239867
VWAP_MR,M5,long,2021-06-24 01:55:00+00:00,2021-06-24 03:35:00+00:00,1778.158,1777.548,1769.26721,1788.0510129554687,21,timeout,-0.06861032596652324
VWAP_MR,M5,short,2021-06-24 15:25:00+00:00,2021-06-24 17:05:00+00:00,1779.695,1781.028,1788.5934749999997,1776.3842053157532,21,timeout,-0.1498009490390346
VWAP_MR,M5,short,2021-06-24 17:35:00+00:00,2021-06-24 19:15:00+00:00,1783.035,1786.968,1791.950175,1778.62256502576,21,timeout,-0.44115791333317106
VWAP_MR,M5,long,2021-06-24 21:55:00+00:00,2021-06-24 23:35:00+00:00,1777.128,1777.885,1768.24236,1783.8160691909118,21,timeout,0.08519363827479672
VWAP_MR,M5,short,2021-06-25 09:15:00+00:00,2021-06-25 10:55:00+00:00,1779.158,1778.028,1788.0537899999997,1775.9802448672226,21,timeout,0.12702637989429902
VWAP_MR,M5,short,2021-06-25 15:00:00+00:00,2021-06-25 16:40:00+00:00,1782.498,1782.805,1791.4104899999998,1779.122332939026,21,timeout,-0.03444604145418693
VWAP_MR,M5,short,2021-06-25 19:40:00+00:00,2021-06-25 19:45:00+00:00,1789.278,1783.8010366536541,1798.2243899999999,1783.8010366536541,2,tp,0.6121981432003281
VWAP_MR,M5,long,2021-06-28 08:30:00+00:00,2021-06-28 10:10:00+00:00,1775.028,1778.748,1766.15286,1780.1600594362383,21,timeout,0.41914831766033944
VWAP_MR,M5,short,2021-06-29 13:00:00+00:00,2021-06-29 13:30:00+00:00,1778.448,1775.6748743336323,1787.34024,1775.6748743336323,7,tp,0.31185906659827706
VWAP_MR,M5,long,2021-06-29 18:25:00+00:00,2021-06-29 18:40:00+00:00,1765.158,1771.3485249481569,1756.3322099999998,1771.3485249481569,4,tp,0.7014131254150501
VWAP_MR,M5,short,2021-06-30 18:50:00+00:00,2021-06-30 19:25:00+00:00,1761.608,1757.7241359079103,1770.4160399999998,1757.7241359079103,8,tp,0.4409453285963393
VWAP_MR,M5,short,2021-06-30 23:40:00+00:00,2021-07-01 01:20:00+00:00,1770.068,1768.718,1778.9183399999997,1761.9831174747997,21,timeout,0.15253651272153948
VWAP_MR,M5,short,2021-07-01 09:30:00+00:00,2021-07-01 11:10:00+00:00,1772.538,1776.018,1781.4006899999997,1769.6160892266598,21,timeout,-0.3926573083341666
VWAP_MR,M5,short,2021-07-02 15:10:00+00:00,2021-07-02 16:50:00+00:00,1779.838,1782.188,1788.7371899999998,1777.3003805630372,21,timeout,-0.26406897706422416
VWAP_MR,M5,short,2021-07-02 17:40:00+00:00,2021-07-02 19:20:00+00:00,1785.648,1783.778,1794.5762399999996,1779.6292386963216,21,timeout,0.20944777470139098
VWAP_MR,M5,short,2021-07-03 01:30:00+00:00,2021-07-03 03:10:00+00:00,1790.358,1787.648,1799.3097899999998,1784.2435449557897,21,timeout,0.30273274953948687
VWAP_MR,M5,short,2021-07-05 13:55:00+00:00,2021-07-05 15:35:00+00:00,1789.688,1791.418,1798.63644,1787.2783995772577,21,timeout,-0.19332978709136026
VWAP_MR,M5,short,2021-07-06 13:05:00+00:00,2021-07-06 14:45:00+00:00,1806.568,1807.338,1815.6008399999998,1798.3199930008,21,timeout,-0.08524450781813854
VWAP_MR,M5,short,2021-07-06 19:40:00+00:00,2021-07-06 19:55:00+00:00,1814.408,1808.0448758389805,1823.4800399999997,1808.0448758389805,4,tp,0.7013994824779832
VWAP_MR,M5,short,2021-07-07 08:25:00+00:00,2021-07-07 10:05:00+00:00,1798.178,1799.105,1807.16889,1795.9624094638173,21,timeout,-0.10310436452897621
VWAP_MR,M5,short,2021-07-07 13:45:00+00:00,2021-07-07 15:25:00+00:00,1804.478,1806.478,1813.50039,1800.543777107931,21,timeout,-0.22167075464483704
VWAP_MR,M5,long,2021-07-08 09:35:00+00:00,2021-07-08 11:15:00+00:00,1798.225,1798.198,1789.233875,1802.1876528564298,21,timeout,-0.0030029612534378343
VWAP_MR,M5,short,2021-07-08 14:30:00+00:00,2021-07-08 15:30:00+00:00,1802.638,1811.6511899999998,1811.6511899999998,1797.9481097374407,13,sl,-1.0
VWAP_MR,M5,short,2021-07-09 21:10:00+00:00,2021-07-09 22:50:00+00:00,1806.848,1808.438,1815.8822399999997,1802.7247425821545,21,timeout,-0.17599709549449577
VWAP_MR,M5,short,2021-07-12 20:15:00+00:00,2021-07-12 20:35:00+00:00,1804.598,1801.4894950174353,1813.6209899999997,1801.4894950174353,5,tp,0.34450941235275473
VWAP_MR,M5,long,2021-07-12 21:00:00+00:00,2021-07-12 21:30:00+00:00,1792.168,1800.4923848253195,1783.20716,1800.4923848253195,7,tp,0.9289737151114904
VWAP_MR,M5,short,2021-07-12 21:40:00+00:00,2021-07-12 23:20:00+00:00,1805.298,1805.698,1814.3244899999997,1799.6959116135617,21,timeout,-0.04431401353129539
VWAP_MR,M5,short,2021-07-13 09:00:00+00:00,2021-07-13 10:40:00+00:00,1809.418,1809.578,1818.4650899999997,1807.2347665249545,21,timeout,-0.017685244647735947
VWAP_MR,M5,short,2021-07-13 19:10:00+00:00,2021-07-13 19:30:00+00:00,1812.098,1808.8025468443075,1821.1584899999998,1808.8025468443075,5,tp,0.3637168801789463
VWAP_MR,M5,short,2021-07-14 09:45:00+00:00,2021-07-14 11:25:00+00:00,1811.198,1813.585,1820.25399,1808.0983286999196,21,timeout,-0.26358244653538554
VWAP_MR,M5,short,2021-07-14 19:10:00+00:00,2021-07-14 20:50:00+00:00,1821.328,1823.218,1830.4346399999997,1814.67605472703,21,timeout,-0.20754087127636026
VWAP_MR,M5,short,2021-07-15 03:05:00+00:00,2021-07-15 05:40:00+00:00,1827.168,1827.258,1836.3038399999998,1823.317805769809,21,timeout,-0.009851310881117264
VWAP_MR,M5,short,2021-07-15 13:05:00+00:00,2021-07-15 14:45:00+00:00,1829.685,1832.106,1838.8334249999998,1826.769176152098,21,timeout,-0.2646357159839083
VWAP_MR,M5,long,2021-07-15 17:30:00+00:00,2021-07-15 19:10:00+00:00,1824.278,1824.788,1815.15661,1830.810261033163,21,timeout,0.05591253087522733
VWAP_MR,M5,short,2021-07-16 00:45:00+00:00,2021-07-16 02:25:00+00:00,1828.758,1829.758,1837.90179,1824.296696385246,21,timeout,-0.10936384147055171
VWAP_MR,M5,long,2021-07-16 18:10:00+00:00,2021-07-16 19:45:00+00:00,1818.638,1822.9865266660831,1809.5448099999999,1822.9865266660831,20,tp,0.4782179483859012
VWAP_MR,M5,short,2021-07-19 07:10:00+00:00,2021-07-19 08:50:00+00:00,1816.658,1813.425,1825.7412899999997,1812.0507150292922,21,timeout,0.3559283035111745
VWAP_MR,M5,long,2021-07-19 19:05:00+00:00,2021-07-19 19:50:00+00:00,1798.098,1803.7663372793277,1789.10751,1803.7663372793277,10,tp,0.6304814620034919
VWAP_MR,M5,short,2021-07-19 20:00:00+00:00,2021-07-19 21:40:00+00:00,1808.688,1814.111,1817.73144,1802.501285511081,21,timeout,-0.5996611908742747
VWAP_MR,M5,short,2021-07-20 02:55:00+00:00,2021-07-20 05:30:00+00:00,1811.358,1812.248,1820.4147899999998,1807.8474366312078,21,timeout,-0.0982688126808851
VWAP_MR,M5,short,2021-07-20 19:40:00+00:00,2021-07-20 21:20:00+00:00,1821.245,1821.505,1830.3512249999997,1815.8646486132131,21,timeout,-0.02855189719123181
VWAP_MR,M5,short,2021-07-21 13:35:00+00:00,2021-07-21 14:35:00+00:00,1812.505,1808.4467553356653,1821.567525,1808.4467553356653,13,tp,0.4478050724643362
VWAP_MR,M5,long,2021-07-22 10:05:00+00:00,2021-07-22 11:45:00+00:00,1798.378,1798.418,1789.38611,1801.411352064013,21,timeout,0.004448452994861321
VWAP_MR,M5,long,2021-07-22 15:20:00+00:00,2021-07-22 17:00:00+00:00,1794.368,1796.628,1785.39616,1799.8625214464757,21,timeout,0.25189927595677236
VWAP_MR,M5,short,2021-07-22 19:40:00+00:00,2021-07-22 20:45:00+00:00,1804.027,1796.6819775840147,1813.0471349999998,1796.6819775840147,14,tp,0.8142918499540794
VWAP_MR,M5,short,2021-07-22 22:35:00+00:00,2021-07-23 00:15:00+00:00,1807.158,1804.928,1816.1937899999998,1800.5666503207256,21,timeout,0.24679635095545757
VWAP_MR,M5,short,2021-07-23 14:55:00+00:00,2021-07-23 15:25:00+00:00,1809.548,1805.259119568458,1818.5957399999998,1805.259119568458,7,tp,0.47402781595649635
VWAP_MR,M5,long,2021-07-23 17:10:00+00:00,2021-07-23 18:35:00+00:00,1799.555,1790.557225,1790.557225,1805.2047670191978,18,sl,-1.0
VWAP_MR,M5,short,2021-07-24 01:15:00+00:00,2021-07-24 02:55:00+00:00,1804.018,1801.018,1813.0380899999998,1800.2522836476148,21,timeout,0.33259091649862493
VWAP_MR,M5,short,2021-07-26 08:25:00+00:00,2021-07-26 10:05:00+00:00,1803.608,1806.125,1812.6260399999996,1800.6600251453826,21,timeout,-0.27910721176665176
VWAP_MR,M5,short,2021-07-27 08:20:00+00:00,2021-07-27 08:40:00+00:00,1799.188,1797.7628256645476,1808.18394,1797.7628256645476,5,tp,0.15842417084291044
VWAP_MR,M5,short,2021-07-27 10:00:00+00:00,2021-07-27 11:40:00+00:00,1799.425,1797.978,1808.4221249999998,1797.3851171996541,21,timeout,0.1608291537574403
VWAP_MR,M5,short,2021-07-27 14:50:00+00:00,2021-07-27 15:10:00+00:00,1800.638,1796.6542552158355,1809.6411899999998,1796.6542552158355,5,tp,0.4424814742512868
VWAP_MR,M5,short,2021-07-27 19:15:00+00:00,2021-07-27 20:55:00+00:00,1800.598,1800.618,1809.6009899999997,1797.247330514487,21,timeout,-0.002221484195804107
VWAP_MR,M5,short,2021-07-28 08:20:00+00:00,2021-07-28 10:00:00+00:00,1801.848,1804.698,1810.8572399999998,1799.5480723020871,21,timeout,-0.31634188899398613
VWAP_MR,M5,short,2021-07-28 10:10:00+00:00,2021-07-28 11:50:00+00:00,1805.828,1805.798,1814.8571399999998,1801.4579763727781,21,timeout,0.0033225755719784107
VWAP_MR,M5,long,2021-07-28 15:15:00+00:00,2021-07-28 16:55:00+00:00,1800.708,1799.448,1791.7044600000002,1804.8089225658134,21,timeout,-0.1399449549843729
VWAP_MR,M5,long,2021-07-29 01:05:00+00:00,2021-07-29 01:15:00+00:00,1794.775,1798.9017071073145,1785.8011250000002,1798.9017071073145,3,tp,0.45985787715055115
VWAP_MR,M5,short,2021-07-29 15:50:00+00:00,2021-07-29 17:30:00+00:00,1821.598,1822.478,1830.7059899999997,1817.5385469820046,21,timeout,-0.09661846356881526
VWAP_MR,M5,short,2021-07-29 18:25:00+00:00,2021-07-29 20:05:00+00:00,1826.978,1823.578,1836.1128899999999,1820.119083571389,21,timeout,0.37219933682837564
VWAP_MR,M5,short,2021-07-30 14:15:00+00:00,2021-07-30 15:55:00+00:00,1829.605,1829.528,1838.7530249999998,1827.7686065865087,21,timeout,0.008417117355932063
VWAP_MR,M5,short,2021-08-02 19:00:00+00:00,2021-08-02 19:05:00+00:00,1810.968,1808.2705868014336,1820.0228399999999,1808.2705868014336,2,tp,0.2978973895249945
VWAP_MR,M5,short,2021-08-02 23:45:00+00:00,2021-08-03 01:25:00+00:00,1817.738,1814.508,1826.8266899999999,1811.9417634849872,21,timeout,0.3553867499056612
VWAP_MR,M5,short,2021-08-03 20:00:00+00:00,2021-08-03 20:35:00+00:00,1813.068,1809.955109590711,1822.1333399999999,1809.955109590711,8,tp,0.3433837461462157
VWAP_MR,M5,short,2021-08-04 10:05:00+00:00,2021-08-04 11:45:00+00:00,1813.498,1812.635,1822.56549,1811.2660675753039,21,timeout,0.09517518078322283
VWAP_MR,M5,short,2021-08-04 18:30:00+00:00,2021-08-04 19:20:00+00:00,1815.748,1824.8267399999997,1824.8267399999997,1813.472220211826,11,sl,-1.0
VWAP_MR,M5,short,2021-08-04 19:55:00+00:00,2021-08-04 21:15:00+00:00,1826.616,1817.876505543736,1835.7490799999998,1817.876505543736,17,tp,0.9569054969697233
VWAP_MR,M5,short,2021-08-05 18:25:00+00:00,2021-08-05 19:20:00+00:00,1814.148,1811.121910327332,1823.2187399999998,1811.121910327332,12,tp,0.33361001116424455
VWAP_MR,M5,long,2021-08-06 08:15:00+00:00,2021-08-06 09:55:00+00:00,1800.748,1800.845,1791.74426,1803.2433104216434,21,timeout,0.010773300872746085
VWAP_MR,M5,long,2021-08-06 19:35:00+00:00,2021-08-06 19:45:00+00:00,1790.218,1781.26691,1781.26691,1798.0114506901766,3,sl,-1.0
VWAP_MR,M5,long,2021-08-06 20:35:00+00:00,2021-08-06 22:00:00+00:00,1769.178,1760.33211,1760.33211,1787.0561489033503,18,sl,-1.0
VWAP_MR,M5,long,2021-08-09 05:50:00+00:00,2021-08-09 05:50:00+00:00,1752.368,1743.6061599999998,1743.6061599999998,1761.3696607119234,1,sl,-1.0
VWAP_MR,M5,short,2021-08-10 08:30:00+00:00,2021-08-10 10:10:00+00:00,1734.818,1734.358,1743.4920899999997,1731.3985252060343,21,timeout,0.05303149955788441
VWAP_MR,M5,long,2021-08-10 20:45:00+00:00,2021-08-10 22:25:00+00:00,1721.398,1726.958,1712.79101,1728.8678026682542,21,timeout,0.6459865760271797
VWAP_MR,M5,short,2021-08-11 09:25:00+00:00,2021-08-11 11:05:00+00:00,1732.115,1733.538,1740.775575,1728.0223693502749,21,timeout,-0.1643077971150901
VWAP_MR,M5,short,2021-08-11 17:25:00+00:00,2021-08-11 19:05:00+00:00,1734.878,1739.888,1743.5523899999998,1732.2727027747674,21,timeout,-0.577562226277588
VWAP_MR,M5,short,2021-08-11 19:40:00+00:00,2021-08-11 21:20:00+00:00,1744.228,1744.228,1752.94914,1735.9903430494219,21,timeout,0.0
VWAP_MR,M5,short,2021-08-11 22:15:00+00:00,2021-08-11 23:55:00+00:00,1749.418,1750.408,1758.1650899999997,1741.6087333044923,21,timeout,-0.11318049774268091
VWAP_MR,M5,short,2021-08-12 12:20:00+00:00,2021-08-12 13:00:00+00:00,1752.718,1750.6747294810339,1761.4815899999999,1750.6747294810339,9,tp,0.23315450847954525
VWAP_MR,M5,short,2021-08-12 14:40:00+00:00,2021-08-12 16:20:00+00:00,1756.488,1755.758,1765.2704399999998,1752.4571483344655,21,timeout,0.08312040845141454
VWAP_MR,M5,short,2021-08-13 08:35:00+00:00,2021-08-13 10:15:00+00:00,1755.448,1755.608,1764.22524,1753.171457367375,21,timeout,-0.018228964913783428
VWAP_MR,M5,short,2021-08-13 17:40:00+00:00,2021-08-13 19:15:00+00:00,1760.848,1757.6928606643376,1769.6522399999997,1757.6928606643376,20,tp,0.3583658936674264
VWAP_MR,M5,short,2021-08-13 20:05:00+00:00,2021-08-13 21:05:00+00:00,1762.478,1771.29039,1771.29039,1758.735378024283,13,sl,-1.0
VWAP_MR,M5,short,2021-08-16 08:15:00+00:00,2021-08-16 08:55:00+00:00,1781.888,1779.134864721846,1790.7974399999998,1779.134864721846,9,tp,0.30901328008874934
VWAP_MR,M5,short,2021-08-16 19:40:00+00:00,2021-08-16 21:20:00+00:00,1778.708,1784.848,1787.6015399999999,1774.8824369606023,21,timeout,-0.6903887540844263
VWAP_MR,M5,short,2021-08-16 21:45:00+00:00,2021-08-16 23:25:00+00:00,1788.198,1785.768,1797.13899,1779.922706294168,21,timeout,0.27178198387428126
VWAP_MR,M5,short,2021-08-17 12:40:00+00:00,2021-08-17 14:20:00+00:00,1788.428,1794.597,1797.37014,1786.3811094008927,21,timeout,-0.6898796037637468
VWAP_MR,M5,short,2021-08-17 14:25:00+00:00,2021-08-17 16:05:00+00:00,1794.587,1793.828,1803.5599349999998,1789.5659455943655,21,timeout,0.08458770736665687
VWAP_MR,M5,long,2021-08-18 18:30:00+00:00,2021-08-18 19:20:00+00:00,1783.298,1788.6587232401046,1774.38151,1788.6587232401046,11,tp,0.6012145182806824
VWAP_MR,M5,long,2021-08-19 10:15:00+00:00,2021-08-19 11:55:00+00:00,1777.608,1777.778,1768.71996,1783.7712479642328,21,timeout,0.019126826611949525
VWAP_MR,M5,short,2021-08-19 15:45:00+00:00,2021-08-19 17:25:00+00:00,1784.908,1789.448,1793.8325399999997,1779.7116611312563,21,timeout,-0.5087096926004385
VWAP_MR,M5,short,2021-08-19 17:30:00+00:00,2021-08-19 19:10:00+00:00,1789.448,1786.128,1798.3952399999998,1782.3545940850595,21,timeout,0.37106414939134985
VWAP_MR,M5,short,2021-08-20 08:10:00+00:00,2021-08-20 09:50:00+00:00,1782.288,1782.528,1791.1994399999999,1779.7808372618683,21,timeout,-0.026931674342195306
VWAP_MR,M5,short,2021-08-20 11:10:00+00:00,2021-08-20 12:50:00+00:00,1785.798,1786.548,1794.72699,1782.6089170601251,21,timeout,-0.08399606226460211
VWAP_MR,M5,short,2021-08-23 09:00:00+00:00,2021-08-23 10:40:00+00:00,1785.578,1787.048,1794.5058899999997,1779.3909956150392,21,timeout,-0.16465256628386726
VWAP_MR,M5,short,2021-08-23 17:50:00+00:00,2021-08-23 19:30:00+00:00,1788.915,1793.803,1797.8595749999997,1786.494278393746,21,timeout,-0.5464764955294443
VWAP_MR,M5,long,2021-08-24 07:55:00+00:00,2021-08-24 08:50:00+00:00,1802.358,1804.450533701529,1793.34621,1804.450533701529,12,tp,0.2321995631865545
VWAP_MR,M5,short,2021-08-24 17:25:00+00:00,2021-08-24 19:05:00+00:00,1804.427,1803.452,1813.4491349999996,1802.6763622236633,21,timeout,0.10806754720472933
VWAP_MR,M5,short,2021-08-24 19:20:00+00:00,2021-08-24 19:25:00+00:00,1806.999,1802.9918718348633,1816.0339949999998,1802.9918718348633,2,tp,0.44351194053088033
VWAP_MR,M5,long,2021-08-25 07:40:00+00:00,2021-08-25 09:20:00+00:00,1798.678,1795.038,1789.68461,1803.3078061276478,21,timeout,-0.40474170474093346
VWAP_MR,M5,long,2021-08-26 08:15:00+00:00,2021-08-26 08:55:00+00:00,1788.348,1790.7664815745684,1779.40626,1790.7664815745684,9,tp,0.27047102404771745
VWAP_MR,M5,short,2021-08-26 18:00:00+00:00,2021-08-26 19:40:00+00:00,1788.608,1785.577651036376,1797.5510399999998,1785.577651036376,21,tp,0.33884998430332464
VWAP_MR,M5,short,2021-08-26 21:35:00+00:00,2021-08-26 23:15:00+00:00,1792.749,1791.748,1801.7127449999998,1786.3511391765824,21,timeout,0.11167207456258516
VWAP_MR,M5,short,2021-08-27 09:35:00+00:00,2021-08-27 11:15:00+00:00,1797.038,1798.148,1806.0231899999999,1794.111132144662,21,timeout,-0.12353661970419272
VWAP_MR,M5,short,2021-08-27 21:20:00+00:00,2021-08-27 23:00:00+00:00,1805.148,1813.788,1814.1737399999997,1795.2168723458192,21,timeout,-0.9572622300221675
VWAP_MR,M5,short,2021-08-27 23:05:00+00:00,2021-08-28 00:45:00+00:00,1813.718,1818.229,1822.78659,1800.1550499758343,21,timeout,-0.49743124344578793
VWAP_MR,M5,short,2021-08-31 07:45:00+00:00,2021-08-31 09:25:00+00:00,1811.548,1812.518,1820.6057399999997,1810.4869562361846,21,timeout,-0.10709073124201568
VWAP_MR,M5,short,2021-08-31 11:05:00+00:00,2021-08-31 12:45:00+00:00,1815.888,1816.118,1824.9674399999997,1812.898149977277,21,timeout,-0.0253319587992238
VWAP_MR,M5,short,2021-09-01 00:15:00+00:00,2021-09-01 01:55:00+00:00,1815.772,1815.088,1824.8508599999998,1809.5907649797468,21,timeout,0.07533985544440386
VWAP_MR,M5,short,2021-09-01 11:05:00+00:00,2021-09-01 12:30:00+00:00,1815.388,1813.0655405849566,1824.4649399999996,1813.0655405849566,18,tp,0.2558636958097573
VWAP_MR,M5,short,2021-09-01 19:45:00+00:00,2021-09-01 20:15:00+00:00,1816.725,1813.1008991776187,1825.8086249999997,1813.1008991776187,7,tp,0.39897076578803603
VWAP_MR,M5,short,2021-09-03 07:50:00+00:00,2021-09-03 09:30:00+00:00,1810.445,1813.744,1819.4972249999998,1809.4915017297856,21,timeout,-0.3644407866574253
VWAP_MR,M5,short,2021-09-03 09:40:00+00:00,2021-09-03 11:20:00+00:00,1814.508,1811.4436602075893,1823.58054,1811.4436602075893,21,tp,0.3377598547276429
VWAP_MR,M5,short,2021-09-03 18:10:00+00:00,2021-09-03 19:30:00+00:00,1814.638,1823.7111899999998,1823.7111899999998,1812.75453471371,17,sl,-1.0
VWAP_MR,M5,short,2021-09-03 19:35:00+00:00,2021-09-03 21:15:00+00:00,1822.467,1825.877,1831.579335,1814.0826890800488,21,timeout,-0.3742180242495396
VWAP_MR,M5,short,2021-09-03 22:15:00+00:00,2021-09-03 23:55:00+00:00,1833.284,1829.864,1842.45042,1822.8680204457253,21,timeout,0.3731009488982778
VWAP_MR,M5,short,2021-09-07 07:15:00+00:00,2021-09-07 08:55:00+00:00,1824.275,1826.018,1833.3963749999998,1822.4984937130164,21,timeout,-0.19108961094133203
VWAP_MR,M5,long,2021-09-07 11:35:00+00:00,2021-09-07 13:15:00+00:00,1821.475,1816.138,1812.3676249999999,1825.2856591270572,21,timeout,-0.5860085919378484
VWAP_MR,M5,short,2021-09-08 07:50:00+00:00,2021-09-08 09:30:00+00:00,1797.845,1799.488,1806.8342249999998,1795.1218878794627,21,timeout,-0.18277437710148145
VWAP_MR,M5,short,2021-09-08 19:20:00+00:00,2021-09-08 19:30:00+00:00,1800.938,1798.5217631393703,1809.9426899999999,1798.5217631393703,3,tp,0.26833093206206066
VWAP_MR,M5,short,2021-09-09 16:35:00+00:00,2021-09-09 18:15:00+00:00,1795.017,1796.477,1803.9920849999999,1790.40002496275,21,timeout,-0.16267255407609707
VWAP_MR,M5,short,2021-09-10 00:30:00+00:00,2021-09-10 02:05:00+00:00,1798.704,1791.7535420424297,1807.6975199999997,1791.7535420424297,20,tp,0.7728295436681591
VWAP_MR,M5,short,2021-09-10 12:45:00+00:00,2021-09-10 14:25:00+00:00,1801.978,1800.334,1810.9878899999999,1797.0930984312736,21,timeout,0.18246615663454707
VWAP_MR,M5,long,2021-09-10 17:10:00+00:00,2021-09-10 18:50:00+00:00,1795.454,1797.178,1786.4767299999999,1800.9728755683775,21,timeout,0.1920405646705672
VWAP_MR,M5,short,2021-09-13 10:15:00+00:00,2021-09-13 11:55:00+00:00,1790.925,1790.744,1799.8796249999998,1788.2691568008129,21,timeout,0.020213018412277794
VWAP_MR,M5,short,2021-09-13 21:05:00+00:00,2021-09-13 22:45:00+00:00,1793.094,1795.837,1802.05947,1789.4802108205326,21,timeout,-0.3059516121296461
VWAP_MR,M5,short,2021-09-14 12:50:00+00:00,2021-09-14 14:30:00+00:00,1793.188,1793.234,1802.15394,1791.0996398497343,21,timeout,-0.005130527306654146
VWAP_MR,M5,short,2021-09-14 20:00:00+00:00,2021-09-14 21:40:00+00:00,1796.694,1804.704,1805.6774699999999,1788.025273965923,21,timeout,-0.8916376411342257
VWAP_MR,M5,short,2021-09-14 21:45:00+00:00,2021-09-14 23:25:00+00:00,1804.664,1804.388,1813.6873199999998,1792.263697997976,21,timeout,0.030587411285433064
VWAP_MR,M5,short,2021-09-15 19:25:00+00:00,2021-09-15 19:40:00+00:00,1804.588,1801.5088504019968,1813.6109399999998,1801.5088504019968,4,tp,0.34125790463010924
VWAP_MR,M5,long,2021-09-16 12:45:00+00:00,2021-09-16 14:25:00+00:00,1787.828,1785.588,1778.88886,1793.1691523981804,21,timeout,-0.25058338945357395
VWAP_MR,M5,long,2021-09-16 17:05:00+00:00,2021-09-16 18:45:00+00:00,1776.607,1774.558,1767.723965,1784.9163066647457,21,timeout,-0.23066440692848372
VWAP_MR,M5,long,2021-09-16 19:00:00+00:00,2021-09-16 19:35:00+00:00,1772.567,1763.704165,1763.704165,1781.2881589529752,8,sl,-1.0
VWAP_MR,M5,long,2021-09-16 20:55:00+00:00,2021-09-16 22:35:00+00:00,1746.938,1753.528,1738.20331,1768.1346559355688,21,timeout,0.7544629517475626
VWAP_MR,M5,short,2021-09-17 08:05:00+00:00,2021-09-17 09:45:00+00:00,1756.878,1757.598,1765.6623899999997,1754.1443644924072,21,timeout,-0.08196357402165017
VWAP_MR,M5,short,2021-09-17 10:15:00+00:00,2021-09-17 11:55:00+00:00,1758.758,1759.768,1767.5517899999998,1755.9813699024876,21,timeout,-0.11485377749525784
VWAP_MR,M5,short,2021-09-17 13:00:00+00:00,2021-09-17 14:40:00+00:00,1762.298,1761.688,1771.1094899999998,1758.0329291292624,21,timeout,0.06922779234838969
VWAP_MR,M5,short,2021-09-20 05:10:00+00:00,2021-09-20 05:15:00+00:00,1754.524,1752.3000736225908,1763.2966199999996,1752.3000736225908,2,tp,0.25350766104186784
VWAP_MR,M5,short,2021-09-20 16:05:00+00:00,2021-09-20 17:45:00+00:00,1758.127,1759.568,1766.9176349999998,1751.961969025139,21,timeout,-0.1639244491438966
VWAP_MR,M5,short,2021-09-20 21:30:00+00:00,2021-09-20 23:10:00+00:00,1764.237,1759.694,1773.0581849999999,1758.1382893548105,21,timeout,0.5150101715359365
VWAP_MR,M5,short,2021-09-21 03:25:00+00:00,2021-09-21 06:00:00+00:00,1765.134,1764.188,1773.9596699999997,1762.1757135646667,21,timeout,0.10718732968714476
VWAP_MR,M5,short,2021-09-21 16:00:00+00:00,2021-09-21 17:40:00+00:00,1765.178,1766.878,1774.00389,1761.0376201258432,21,timeout,-0.19261513569734587
VWAP_MR,M5,short,2021-09-21 19:35:00+00:00,2021-09-21 21:15:00+00:00,1774.764,1773.818,1783.6378199999997,1766.2542943732324,21,timeout,0.10660572335250595
VWAP_MR,M5,short,2021-09-23 01:05:00+00:00,2021-09-23 01:05:00+00:00,1781.038,1776.5667631222582,1789.9431899999997,1776.5667631222582,1,tp,0.5020933722629131
VWAP_MR,M5,short,2021-09-23 17:55:00+00:00,2021-09-23 19:30:00+00:00,1774.068,1767.636726585718,1782.9383399999997,1767.636726585718,20,tp,0.7250312180009153
VWAP_MR,M5,long,2021-09-23 20:10:00+00:00,2021-09-23 21:00:00+00:00,1759.138,1750.34231,1750.34231,1769.9649968332344,11,sl,-1.0
VWAP_MR,M5,long,2021-09-24 03:30:00+00:00,2021-09-24 06:05:00+00:00,1742.264,1744.958,1733.5526799999998,1749.8819122407047,21,timeout,0.30925278832601166
VWAP_MR,M5,short,2021-09-24 18:10:00+00:00,2021-09-24 18:15:00+00:00,1757.288,1754.5299814189618,1766.0744399999999,1754.5299814189618,2,tp,0.3138948858739411
VWAP_MR,M5,short,2021-09-27 07:25:00+00:00,2021-09-27 09:05:00+00:00,1753.274,1759.608,1762.0403699999997,1748.3311154824278,21,timeout,-0.7225339564723126
VWAP_MR,M5,long,2021-09-28 08:10:00+00:00,2021-09-28 08:40:00+00:00,1747.188,1750.147409947889,1738.45206,1750.147409947889,7,tp,0.33876262289906234
VWAP_MR,M5,short,2021-09-28 09:00:00+00:00,2021-09-28 10:40:00+00:00,1752.494,1750.184,1761.2564699999998,1750.1736859908315,21,timeout,0.26362429771513896
VWAP_MR,M5,long,2021-09-28 14:05:00+00:00,2021-09-28 15:45:00+00:00,1741.274,1742.998,1732.5676299999998,1748.3046643115517,21,timeout,0.19801593545876628
VWAP_MR,M5,short,2021-09-29 09:30:00+00:00,2021-09-29 11:10:00+00:00,1738.188,1739.695,1746.8789399999998,1735.4039702581902,21,timeout,-0.1733989648990652
VWAP_MR,M5,short,2021-09-30 20:00:00+00:00,2021-09-30 21:00:00+00:00,1734.538,1743.2106899999999,1743.2106899999999,1728.6458594357473,13,sl,-1.0
VWAP_MR,M5,short,2021-10-01 14:05:00+00:00,2021-10-01 14:25:00+00:00,1756.468,1753.7598998445446,1765.2503399999998,1753.7598998445446,5,tp,0.3083574714091595
VWAP_MR,M5,short,2021-10-04 05:20:00+00:00,2021-10-04 07:00:00+00:00,1762.068,1762.888,1770.8783399999998,1759.3018198143106,21,timeout,-0.09307245804361214
VWAP_MR,M5,long,2021-10-04 14:35:00+00:00,2021-10-04 16:15:00+00:00,1754.018,1750.898,1745.24791,1758.7457308728758,21,timeout,-0.35575461597316843
VWAP_MR,M5,short,2021-10-04 21:30:00+00:00,2021-10-04 23:10:00+00:00,1762.085,1768.455,1770.895425,1752.539088798164,21,timeout,-0.7230071194068353
VWAP_MR,M5,long,2021-10-05 10:10:00+00:00,2021-10-05 11:50:00+00:00,1760.958,1758.528,1752.1532100000002,1765.414013852353,21,timeout,-0.27598613936278865
VWAP_MR,M5,short,2021-10-05 19:35:00+00:00,2021-10-05 19:50:00+00:00,1760.598,1757.440635103978,1769.4009899999999,1757.440635103978,4,tp,0.35866959930910725
VWAP_MR,M5,short,2021-10-05 22:40:00+00:00,2021-10-06 00:20:00+00:00,1760.198,1759.465,1768.9989899999998,1754.497316867316,21,timeout,0.0832860848609301
VWAP_MR,M5,short,2021-10-06 00:50:00+00:00,2021-10-06 02:30:00+00:00,1762.485,1760.398,1771.2974249999997,1754.9130403335453,21,timeout,0.23682471056491544
VWAP_MR,M5,short,2021-10-06 18:25:00+00:00,2021-10-06 20:05:00+00:00,1754.058,1759.108,1762.8282899999997,1749.4724772382947,21,timeout,-0.5758076414805126
VWAP_MR,M5,short,2021-10-07 14:25:00+00:00,2021-10-07 15:55:00+00:00,1765.868,1760.2269236773745,1774.6973399999997,1760.2269236773745,19,tp,0.6389012454640481
VWAP_MR,M5,short,2021-10-08 18:10:00+00:00,2021-10-08 19:30:00+00:00,1761.358,1770.1647899999998,1770.1647899999998,1757.3639105275101,17,sl,-1.0
VWAP_MR,M5,short,2021-10-08 19:35:00+00:00,2021-10-08 19:45:00+00:00,1767.648,1776.4862399999997,1776.4862399999997,1759.7944524951301,3,sl,-1.0
VWAP_MR,M5,short,2021-10-11 20:40:00+00:00,2021-10-11 22:20:00+00:00,1758.228,1758.205,1767.0191399999999,1753.802695657738,21,timeout,0.0026162704723322267
VWAP_MR,M5,short,2021-10-12 09:30:00+00:00,2021-10-12 11:10:00+00:00,1757.778,1757.725,1766.5668899999998,1754.110371200236,21,timeout,0.006030340577719382
VWAP_MR,M5,short,2021-10-12 12:35:00+00:00,2021-10-12 14:15:00+00:00,1761.105,1759.038,1769.9105249999998,1756.2864736360752,21,timeout,0.23473898489869297
VWAP_MR,M5,short,2021-10-12 18:30:00+00:00,2021-10-12 19:25:00+00:00,1763.255,1759.524639282309,1772.071275,1759.524639282309,12,tp,0.42312209155127256
VWAP_MR,M5,long,2021-10-12 19:45:00+00:00,2021-10-12 20:10:00+00:00,1754.208,1759.3248625315364,1745.43696,1759.3248625315364,6,tp,0.5833815068151837
VWAP_MR,M5,short,2021-10-12 20:55:00+00:00,2021-10-12 22:35:00+00:00,1767.155,1760.1338347309247,1775.9907749999998,1760.1338347309247,21,tp,0.7946292508665539
VWAP_MR,M5,short,2021-10-13 17:15:00+00:00,2021-10-13 18:55:00+00:00,1769.628,1774.003,1778.4761399999998,1765.0564548280747,21,timeout,-0.49445420167403364
VWAP_MR,M5,short,2021-10-13 21:40:00+00:00,2021-10-13 23:20:00+00:00,1791.538,1794.329,1800.4956899999997,1774.268109335386,21,timeout,-0.31157586386669156
VWAP_MR,M5,short,2021-10-14 14:10:00+00:00,2021-10-14 15:50:00+00:00,1794.918,1796.048,1803.8925899999997,1790.476100711632,21,timeout,-0.12591104440427178
VWAP_MR,M5,short,2021-10-14 16:25:00+00:00,2021-10-14 18:05:00+00:00,1797.764,1799.814,1806.7528199999997,1793.0130944468171,21,timeout,-0.22806108031980019
VWAP_MR,M5,short,2021-10-15 02:05:00+00:00,2021-10-15 02:45:00+00:00,1798.698,1797.1379533838467,1807.69149,1797.1379533838467,9,tp,0.1734639851885546
VWAP_MR,M5,long,2021-10-15 16:20:00+00:00,2021-10-15 18:00:00+00:00,1783.098,1780.868,1774.1825099999999,1789.7305394626635,21,timeout,-0.25012646528682053
VWAP_MR,M5,long,2021-10-15 20:00:00+00:00,2021-10-15 21:40:00+00:00,1764.838,1772.478,1756.01381,1779.1252322554597,21,timeout,0.8658018469683973
VWAP_MR,M5,short,2021-10-18 19:15:00+00:00,2021-10-18 19:30:00+00:00,1767.908,1763.4289969812105,1776.7475399999996,1763.4289969812105,4,tp,0.506700916426595
VWAP_MR,M5,short,2021-10-19 08:55:00+00:00,2021-10-19 10:35:00+00:00,1772.159,1773.724,1781.019795,1766.5301087814407,21,timeout,-0.17662072082695265
VWAP_MR,M5,short,2021-10-20 08:15:00+00:00,2021-10-20 09:55:00+00:00,1770.998,1773.468,1779.8529899999999,1768.8156093455316,21,timeout,-0.2789387678585835
VWAP_MR,M5,short,2021-10-20 18:15:00+00:00,2021-10-20 19:55:00+00:00,1781.414,1787.894,1790.3210699999997,1777.2609040511002,21,timeout,-0.7275119652141727
VWAP_MR,M5,short,2021-10-21 09:00:00+00:00,2021-10-21 10:40:00+00:00,1786.664,1785.732,1795.5973199999999,1783.0521930637367,21,timeout,0.10432851392315849
VWAP_MR,M5,short,2021-10-21 17:00:00+00:00,2021-10-21 17:55:00+00:00,1787.428,1784.3993599071368,1796.3651399999999,1784.3993599071368,12,tp,0.3388824716702824
VWAP_MR,M5,long,2021-10-21 18:35:00+00:00,2021-10-21 19:40:00+00:00,1778.504,1783.8712334736588,1769.6114799999998,1783.8712334736588,14,tp,0.6035672085819102
VWAP_MR,M5,short,2021-10-22 02:25:00+00:00,2021-10-22 05:00:00+00:00,1784.198,1783.138,1793.11899,1780.5475234834225,21,timeout,0.1188208931968527
VWAP_MR,M5,short,2021-10-22 06:15:00+00:00,2021-10-22 07:55:00+00:00,1785.108,1785.688,1794.0335399999997,1781.1643760020556,21,timeout,-0.06498206270995058
VWAP_MR,M5,short,2021-10-22 13:35:00+00:00,2021-10-22 15:15:00+00:00,1789.598,1792.538,1798.5459899999998,1786.651710872351,21,timeout,-0.3285654096618448
VWAP_MR,M5,short,2021-10-22 19:25:00+00:00,2021-10-22 19:50:00+00:00,1796.258,1805.2392899999998,1805.2392899999998,1792.5798450851319,6,sl,-1.0
VWAP_MR,M5,long,2021-10-22 22:45:00+00:00,2021-10-23 00:25:00+00:00,1784.468,1794.448,1775.54566,1803.6985064790954,21,timeout,1.1185406518917607
VWAP_MR,M5,short,2021-10-25 10:20:00+00:00,2021-10-25 12:00:00+00:00,1796.858,1800.148,1805.8422899999998,1794.1981155853753,21,timeout,-0.36619476886877095
VWAP_MR,M5,short,2021-10-25 16:00:00+00:00,2021-10-25 16:40:00+00:00,1803.304,1798.517503541081,1812.32052,1798.517503541081,9,tp,0.5308585195750909
VWAP_MR,M5,short,2021-10-25 20:45:00+00:00,2021-10-25 22:25:00+00:00,1805.994,1807.794,1815.0239699999997,1801.7166804312658,21,timeout,-0.1993362104193278
VWAP_MR,M5,short,2021-10-26 05:40:00+00:00,2021-10-26 07:15:00+00:00,1807.984,1806.6833503535938,1817.0239199999996,1806.6833503535938,20,tp,0.1438784465356045
VWAP_MR,M5,long,2021-10-26 07:40:00+00:00,2021-10-26 09:20:00+00:00,1805.378,1804.018,1796.3511099999998,1806.7633531421843,21,timeout,-0.15066096961410694
VWAP_MR,M5,long,2021-10-26 19:30:00+00:00,2021-10-26 21:10:00+00:00,1794.608,1785.6349599999999,1785.6349599999999,1801.999088255372,21,sl,-1.0
VWAP_MR,M5,short,2021-10-27 17:50:00+00:00,2021-10-27 19:30:00+00:00,1789.648,1795.874,1798.5962399999996,1787.187545212744,21,timeout,-0.6957792817358845
VWAP_MR,M5,long,2021-10-28 16:50:00+00:00,2021-10-28 18:30:00+00:00,1797.894,1800.738,1788.90453,1801.4424564237393,21,timeout,0.3163701530791088
VWAP_MR,M5,short,2021-10-28 19:25:00+00:00,2021-10-28 19:30:00+00:00,1805.998,1800.7015680659417,1815.0279899999998,1800.7015680659417,2,tp,0.5865379622855013
VWAP_MR,M5,short,2021-10-28 20:35:00+00:00,2021-10-28 20:40:00+00:00,1808.998,1801.1737335329908,1818.04299,1801.1737335329908,2,tp,0.8650387083909822
VWAP_MR,M5,short,2021-10-29 17:00:00+00:00,2021-10-29 17:20:00+00:00,1798.738,1795.1060606064461,1807.7316899999998,1795.1060606064461,5,tp,0.4038319525749728
VWAP_MR,M5,long,2021-10-29 19:10:00+00:00,2021-10-29 19:50:00+00:00,1789.578,1780.63011,1780.63011,1794.8478898458184,9,sl,-1.0
VWAP_MR,M5,long,2021-10-29 20:50:00+00:00,2021-10-29 22:30:00+00:00,1773.308,1777.168,1764.44146,1786.8211045266046,21,timeout,0.4353445650727235
VWAP_MR,M5,short,2021-11-01 09:05:00+00:00,2021-11-01 10:45:00+00:00,1784.788,1784.004,1793.71194,1782.0496055203403,21,timeout,0.08785357140457176
VWAP_MR,M5,short,2021-11-01 16:45:00+00:00,2021-11-01 18:15:00+00:00,1786.655,1783.85997591551,1795.5882749999998,1783.85997591551,19,tp,0.3128778733991806
VWAP_MR,M5,short,2021-11-01 21:30:00+00:00,2021-11-01 23:10:00+00:00,1795.364,1790.098,1804.34082,1788.7355118836883,21,timeout,0.5866219886329633
VWAP_MR,M5,short,2021-11-02 11:20:00+00:00,2021-11-02 13:00:00+00:00,1792.618,1793.468,1801.5810899999997,1790.758231882177,21,timeout,-0.09483336661800353
VWAP_MR,M5,long,2021-11-03 07:35:00+00:00,2021-11-03 09:15:00+00:00,1782.994,1781.108,1774.0790299999999,1787.0363468306575,21,timeout,-0.2115542733177968
VWAP_MR,M5,long,2021-11-03 21:15:00+00:00,2021-11-03 22:55:00+00:00,1762.928,1762.574,1754.11336,1775.5517064161836,21,timeout,-0.040160460325100025
VWAP_MR,M5,short,2021-11-04 18:20:00+00:00,2021-11-04 19:35:00+00:00,1779.918,1788.8175899999997,1788.8175899999997,1775.633771663263,16,sl,-1.0
VWAP_MR,M5,short,2021-11-05 08:20:00+00:00,2021-11-05 09:55:00+00:00,1794.708,1792.1781885671749,1803.6815399999998,1792.1781885671749,20,tp,0.2819190010659453
VWAP_MR,M5,short,2021-11-05 12:10:00+00:00,2021-11-05 13:50:00+00:00,1796.828,1796.658,1805.8121399999998,1793.86223875817,21,timeout,0.01892223407027012
VWAP_MR,M5,short,2021-11-05 14:10:00+00:00,2021-11-05 15:10:00+00:00,1797.638,1794.925788155566,1806.6261899999997,1794.925788155566,13,tp,0.30175283838393296
VWAP_MR,M5,short,2021-11-05 20:35:00+00:00,2021-11-05 22:15:00+00:00,1800.788,1804.184,1809.7919399999998,1794.3081287798368,21,timeout,-0.3771682174692437
VWAP_MR,M5,short,2021-11-08 20:30:00+00:00,2021-11-08 22:10:00+00:00,1821.868,1821.368,1830.9773399999997,1816.2993405939658,21,timeout,0.054888718611887787
VWAP_MR,M5,short,2021-11-09 13:20:00+00:00,2021-11-09 13:40:00+00:00,1826.403,1823.7629433486688,1835.535015,1823.7629433486688,5,tp,0.28909902703085844
VWAP_MR,M5,short,2021-11-09 20:50:00+00:00,2021-11-09 22:05:00+00:00,1829.538,1825.142487090473,1838.6856899999998,1825.142487090473,16,tp,0.48050523241683374
VWAP_MR,M5,short,2021-11-10 03:10:00+00:00,2021-11-10 04:50:00+00:00,1832.188,1831.913,1841.3489399999999,1826.6273102383332,21,timeout,0.030018753534036716
VWAP_MR,M5,short,2021-11-10 20:40:00+00:00,2021-11-10 20:45:00+00:00,1838.988,1848.18294,1848.18294,1826.7388779675307,2,sl,-1.0
VWAP_MR,M5,long,2021-11-11 09:55:00+00:00,2021-11-11 10:20:00+00:00,1843.208,1848.2291817289959,1833.99196,1848.2291817289959,6,tp,0.5448307221969262
VWAP_MR,M5,short,2021-11-11 12:55:00+00:00,2021-11-11 14:35:00+00:00,1853.318,1853.848,1862.5845899999997,1848.304868340672,21,timeout,-0.05719471779802371
VWAP_MR,M5,short,2021-11-11 15:55:00+00:00,2021-11-11 17:35:00+00:00,1862.218,1860.764,1871.5290899999998,1853.6776770998415,21,timeout,0.1561578719570132
VWAP_MR,M5,short,2021-11-12 22:15:00+00:00,2021-11-12 23:55:00+00:00,1862.644,1863.408,1871.9572199999998,1853.909007679475,21,timeout,-0.0820339259675939
VWAP_MR,M5,long,2021-11-15 08:25:00+00:00,2021-11-15 10:05:00+00:00,1861.044,1858.568,1851.7387800000001,1864.361198573514,21,timeout,-0.26608720696556587
VWAP_MR,M5,short,2021-11-15 15:35:00+00:00,2021-11-15 16:00:00+00:00,1863.178,1858.610198488287,1872.49389,1858.610198488287,6,tp,0.49032368477011706
VWAP_MR,M5,short,2021-11-15 17:35:00+00:00,2021-11-15 19:15:00+00:00,1863.878,1862.018,1873.1973899999998,1859.8513731051337,21,timeout,0.1995838783439606
VWAP_MR,M5,short,2021-11-15 20:20:00+00:00,2021-11-15 20:40:00+00:00,1868.078,1862.5618328017297,1877.4183899999998,1862.5618328017297,5,tp,0.5905713999383739
VWAP_MR,M5,short,2021-11-16 02:20:00+00:00,2021-11-16 03:40:00+00:00,1865.968,1862.2738916842695,1875.29784,1862.2738916842695,17,tp,0.39594551629294766
VWAP_MR,M5,short,2021-11-16 15:55:00+00:00,2021-11-16 17:35:00+00:00,1867.938,1873.508,1877.27769,1865.516630679784,21,timeout,-0.596379537222334
VWAP_MR,M5,short,2021-11-18 07:25:00+00:00,2021-11-18 09:05:00+00:00,1868.198,1868.792,1877.5389899999998,1865.6822665783582,21,timeout,-0.06359069006602545
VWAP_MR,M5,long,2021-11-18 20:30:00+00:00,2021-11-18 20:40:00+00:00,1856.994,1862.977938055205,1847.70903,1862.977938055205,3,tp,0.6444757554634091
VWAP_MR,M5,short,2021-11-19 08:45:00+00:00,2021-11-19 10:25:00+00:00,1861.508,1862.844,1870.8155399999998,1859.1903191267404,21,timeout,-0.14353953891146778
VWAP_MR,M5,long,2021-11-19 14:05:00+00:00,2021-11-19 15:45:00+00:00,1858.666,1854.558,1849.37267,1861.7337878745016,21,timeout,-0.4420374612759862
VWAP_MR,M5,long,2021-11-19 16:15:00+00:00,2021-11-19 16:30:00+00:00,1852.212,1858.7141569216924,1842.95094,1858.7141569216924,4,tp,0.7020964038341586
VWAP_MR,M5,long,2021-11-20 00:45:00+00:00,2021-11-20 02:25:00+00:00,1848.978,1847.614,1839.7331100000001,1859.264954743007,21,timeout,-0.1475409658741252
VWAP_MR,M5,short,2021-11-22 11:15:00+00:00,2021-11-22 12:55:00+00:00,1848.278,1845.718,1857.51939,1845.6309348076968,21,timeout,0.27701460494578956
VWAP_MR,M5,short,2021-11-24 23:40:00+00:00,2021-11-25 01:20:00+00:00,1791.045,1784.498,1800.0002249999998,1783.9329105953852,21,timeout,0.7310815752814971
VWAP_MR,M5,short,2021-11-25 04:45:00+00:00,2021-11-25 06:25:00+00:00,1789.308,1785.9717265739548,1798.25454,1785.9717265739548,10,tp,0.37291214548252327
VWAP_MR,M5,short,2021-11-25 15:25:00+00:00,2021-11-25 16:10:00+00:00,1794.835,1792.880155707051,1803.8091749999999,1792.880155707051,10,tp,0.21782997244304417
VWAP_MR,M5,short,2021-11-26 07:10:00+00:00,2021-11-26 07:20:00+00:00,1792.598,1790.0177691958816,1801.5609899999997,1790.0177691958816,3,tp,0.28787612215549374
VWAP_MR,M5,short,2021-11-26 07:45:00+00:00,2021-11-26 09:25:00+00:00,1793.618,1792.265,1802.5860899999998,1790.3306613385216,21,timeout,0.15086824507781046
VWAP_MR,M5,short,2021-11-26 10:10:00+00:00,2021-11-26 11:50:00+00:00,1796.958,1797.239,1805.9427899999998,1792.2841467077712,21,timeout,-0.0312750771025207
VWAP_MR,M5,short,2021-11-26 13:50:00+00:00,2021-11-26 15:30:00+00:00,1803.118,1806.288,1812.1335899999997,1796.339639370593,21,timeout,-0.3516131501099941
VWAP_MR,M5,long,2021-11-29 21:05:00+00:00,2021-11-29 22:45:00+00:00,1786.538,1786.288,1777.60531,1793.7488993196787,21,timeout,-0.027987090115071427
VWAP_MR,M5,short,2021-11-30 06:45:00+00:00,2021-11-30 08:05:00+00:00,1787.615,1783.8600246535677,1796.5530749999998,1783.8600246535677,17,tp,0.4201100736380439
VWAP_MR,M5,short,2021-11-30 08:50:00+00:00,2021-11-30 10:30:00+00:00,1787.928,1788.818,1796.86764,1784.936628803249,21,timeout,-0.0995565816967898
VWAP_MR,M5,short,2021-11-30 12:40:00+00:00,2021-11-30 14:20:00+00:00,1792.745,1791.738,1801.7087249999997,1788.0424757886535,21,timeout,0.11234168830478986
VWAP_MR,M5,short,2021-11-30 21:50:00+00:00,2021-11-30 22:40:00+00:00,1801.241,1794.6086298546586,1810.247205,1794.6086298546586,11,tp,0.7364222938897627
VWAP_MR,M5,short,2021-12-01 09:25:00+00:00,2021-12-01 11:05:00+00:00,1778.858,1777.408,1787.7522899999997,1774.3827987555405,21,timeout,0.1630259413623898
VWAP_MR,M5,short,2021-12-01 13:05:00+00:00,2021-12-01 14:45:00+00:00,1789.708,1787.438,1798.65654,1778.2828228077494,21,timeout,0.2536726661555981
VWAP_MR,M5,long,2021-12-02 15:55:00+00:00,2021-12-02 17:20:00+00:00,1769.958,1775.5810764005596,1761.10821,1775.5810764005596,18,tp,0.6353909415431916
VWAP_MR,M5,short,2021-12-03 12:40:00+00:00,2021-12-03 14:00:00+00:00,1775.018,1771.3459101489484,1783.8930899999998,1771.3459101489484,17,tp,0.41375240713634653
VWAP_MR,M5,short,2021-12-03 20:35:00+00:00,2021-12-03 20:35:00+00:00,1777.13,1770.5797379657693,1786.0156499999998,1770.5797379657693,1,tp,0.7371730862943133
VWAP_MR,M5,short,2021-12-07 06:50:00+00:00,2021-12-07 08:20:00+00:00,1781.375,1778.9902480873263,1790.281875,1778.9902480873263,19,tp,0.2677428292946394
VWAP_MR,M5,short,2021-12-07 13:00:00+00:00,2021-12-07 14:40:00+00:00,1780.928,1783.268,1789.8326399999999,1779.0276228135558,21,timeout,-0.26278434613864066
VWAP_MR,M5,long,2021-12-07 20:40:00+00:00,2021-12-07 21:20:00+00:00,1776.708,1780.6201483549262,1767.82446,1780.6201483549262,9,tp,0.440381689610908
VWAP_MR,M5,short,2021-12-07 23:35:00+00:00,2021-12-08 01:15:00+00:00,1785.538,1783.745,1794.4656899999998,1780.2000306070895,21,timeout,0.20083582651281226
VWAP_MR,M5,short,2021-12-08 08:55:00+00:00,2021-12-08 10:35:00+00:00,1786.968,1788.865,1795.90284,1785.0742215359364,21,timeout,-0.21231493792837441
VWAP_MR,M5,short,2021-12-08 17:45:00+00:00,2021-12-08 18:20:00+00:00,1792.058,1788.883577906434,1801.0182899999998,1788.883577906434,8,tp,0.3542767135400745
VWAP_MR,M5,short,2021-12-09 11:10:00+00:00,2021-12-09 12:50:00+00:00,1785.195,1786.328,1794.1209749999998,1783.5989330860061,21,timeout,-0.126932912090842
VWAP_MR,M5,long,2021-12-10 13:15:00+00:00,2021-12-10 14:55:00+00:00,1774.718,1772.858,1765.8444100000002,1777.9176865343031,21,timeout,-0.20961076633021625
VWAP_MR,M5,short,2021-12-10 20:20:00+00:00,2021-12-10 21:00:00+00:00,1775.858,1784.7372899999998,1784.7372899999998,1771.896106712557,9,sl,-1.0
VWAP_MR,M5,short,2021-12-13 08:35:00+00:00,2021-12-13 10:15:00+00:00,1784.935,1785.525,1793.8596749999997,1783.103401839609,21,timeout,-0.06610884990211542
VWAP_MR,M5,short,2021-12-13 19:30:00+00:00,2021-12-13 20:05:00+00:00,1789.328,1786.3087210591425,1798.2746399999999,1786.3087210591425,8,tp,0.3374762973426351
VWAP_MR,M5,short,2021-12-14 09:05:00+00:00,2021-12-14 09:45:00+00:00,1789.068,1786.9861660529766,1798.0133399999997,1786.9861660529766,9,tp,0.23272831966402902
VWAP_MR,M5,short,2021-12-15 19:10:00+00:00,2021-12-15 20:50:00+00:00,1770.658,1770.138,1779.5112899999997,1768.8269068646782,21,timeout,0.058735227243204985
VWAP_MR,M5,short,2021-12-16 20:20:00+00:00,2021-12-16 22:00:00+00:00,1788.645,1794.588,1797.5882249999997,1785.4318502727394,21,timeout,-0.6645253809448096
VWAP_MR,M5,short,2021-12-16 23:50:00+00:00,2021-12-17 01:30:00+00:00,1798.558,1796.358,1807.5507899999998,1790.4037196331594,21,timeout,0.2446404286100418
VWAP_MR,M5,short,2021-12-17 08:50:00+00:00,2021-12-17 10:30:00+00:00,1800.728,1802.868,1809.73164,1798.2957120770338,21,timeout,-0.23768164875538064
VWAP_MR,M5,short,2021-12-17 20:40:00+00:00,2021-12-17 20:45:00+00:00,1813.465,1809.4444446982568,1822.5323249999997,1809.4444446982568,2,tp,0.44341140322457
VWAP_MR,M5,short,2021-12-20 12:20:00+00:00,2021-12-20 14:00:00+00:00,1802.728,1801.10906383389,1811.74164,1801.10906383389,21,tp,0.17960958792563048
VWAP_MR,M5,short,2021-12-21 15:00:00+00:00,2021-12-21 16:40:00+00:00,1793.728,1796.368,1802.69664,1791.3290169552788,21,timeout,-0.2943590109537148
VWAP_MR,M5,short,2021-12-21 16:55:00+00:00,2021-12-21 18:35:00+00:00,1797.675,1797.018,1806.6633749999999,1793.2348303790434,21,timeout,0.07309441361758186
VWAP_MR,M5,short,2021-12-22 17:30:00+00:00,2021-12-22 19:10:00+00:00,1789.808,1790.268,1798.7570399999997,1787.6094042729665,21,timeout,-0.05140216157264351
VWAP_MR,M5,short,2021-12-22 19:35:00+00:00,2021-12-22 21:15:00+00:00,1792.158,1793.705,1801.1187899999998,1788.7658499802042,21,timeout,-0.17264102830219763
VWAP_MR,M5,short,2021-12-22 23:10:00+00:00,2021-12-23 00:50:00+00:00,1798.638,1799.198,1807.6311899999998,1792.6033753242173,21,timeout,-0.062269339355687826
VWAP_MR,M5,short,2021-12-23 01:35:00+00:00,2021-12-23 03:15:00+00:00,1801.378,1803.858,1810.3848899999998,1795.0906605973976,21,timeout,-0.2753447638419088
VWAP_MR,M5,short,2021-12-23 15:20:00+00:00,2021-12-23 17:00:00+00:00,1807.528,1806.978,1816.5656399999998,1806.1380791240358,21,timeout,0.060856595305850615
VWAP_MR,M5,short,2021-12-23 20:35:00+00:00,2021-12-23 21:10:00+00:00,1808.319,1805.9414264929721,1817.3605949999999,1805.9414264929721,8,tp,0.2629595228527534
VWAP_MR,M5,short,2021-12-24 01:35:00+00:00,2021-12-24 03:15:00+00:00,1810.439,1808.828,1819.4911949999998,1805.986171906556,21,timeout,0.1779678851372675
VWAP_MR,M5,short,2021-12-27 08:20:00+00:00,2021-12-27 10:00:00+00:00,1810.758,1810.368,1819.8117899999997,1808.1774097073712,21,timeout,0.043075883138455014
VWAP_MR,M5,short,2021-12-27 22:25:00+00:00,2021-12-28 00:05:00+00:00,1811.865,1809.968,1820.9243249999997,1807.5834711302007,21,timeout,0.20939749926180967
VWAP_MR,M5,short,2021-12-28 05:00:00+00:00,2021-12-28 07:35:00+00:00,1811.805,1811.168,1820.8640249999999,1808.8025282241572,21,timeout,0.07031661795835485
VWAP_MR,M5,short,2021-12-28 12:40:00+00:00,2021-12-28 14:20:00+00:00,1811.714,1815.408,1820.7725699999999,1810.0044127259923,21,timeout,-0.40779063362097917
VWAP_MR,M5,long,2021-12-28 21:20:00+00:00,2021-12-28 23:00:00+00:00,1810.758,1810.668,1801.70421,1816.4290338984058,21,timeout,-0.009940588416579814
VWAP_MR,M5,long,2021-12-29 02:00:00+00:00,2021-12-29 03:40:00+00:00,1805.238,1806.458,1796.21181,1811.7949536713347,21,timeout,0.1351622334562004
VWAP_MR,M5,long,2021-12-29 17:25:00+00:00,2021-12-29 19:05:00+00:00,1800.405,1796.765,1791.402975,1804.3576523056695,21,timeout,-0.4043534649148243
VWAP_MR,M5,short,2021-12-29 23:10:00+00:00,2021-12-30 00:50:00+00:00,1804.138,1803.595,1813.1586899999998,1795.2304097929077,21,timeout,0.060194951827399326
VWAP_MR,M5,long,2021-12-30 12:35:00+00:00,2021-12-30 14:15:00+00:00,1798.849,1797.268,1789.8547549999998,1801.9294605170692,21,timeout,-0.17577906761489012
VWAP_MR,M5,short,2021-12-30 21:40:00+00:00,2021-12-30 23:20:00+00:00,1807.565,1811.688,1816.602825,1802.1140208513639,21,timeout,-0.45619382982079204
VWAP_MR,M5,short,2021-12-31 10:10:00+00:00,2021-12-31 11:50:00+00:00,1818.008,1817.468,1827.0980399999999,1816.2311442926668,21,timeout,0.05940567918292708
VWAP_MR,M5,short,2021-12-31 20:15:00+00:00,2021-12-31 21:55:00+00:00,1822.148,1822.698,1831.2587399999998,1818.9465690084803,21,timeout,-0.06036831256299608
VWAP_MR,M5,short,2022-01-01 02:05:00+00:00,2022-01-01 03:45:00+00:00,1828.548,1828.954,1837.6907399999998,1824.7124847700197,21,timeout,-0.044406818962363474
VWAP_MR,M5,short,2022-01-01 03:55:00+00:00,2022-01-03 06:30:00+00:00,1829.668,1828.854,1838.8163399999996,1825.7273345382052,21,timeout,0.08897789107093466
VWAP_MR,M5,short,2022-01-03 17:10:00+00:00,2022-01-03 18:30:00+00:00,1826.874,1823.81757928617,1836.0083699999998,1823.81757928617,17,tp,0.33460662463093493
VWAP_MR,M5,long,2022-01-03 20:15:00+00:00,2022-01-03 20:40:00+00:00,1816.558,1807.47521,1807.47521,1823.2314102012806,6,sl,-1.0
VWAP_MR,M5,short,2022-01-04 08:15:00+00:00,2022-01-04 09:55:00+00:00,1806.008,1805.758,1815.03804,1802.9089569336745,21,timeout,0.02768537016447364
VWAP_MR,M5,short,2022-01-04 14:35:00+00:00,2022-01-04 15:05:00+00:00,1806.224,1804.5713604351386,1815.2551199999998,1804.5713604351386,7,tp,0.182993866193938
VWAP_MR,M5,short,2022-01-04 21:05:00+00:00,2022-01-04 22:45:00+00:00,1809.068,1816.188,1818.1133399999999,1803.5901851984324,21,timeout,-0.7871456462664974
VWAP_MR,M5,short,2022-01-05 15:45:00+00:00,2022-01-05 17:25:00+00:00,1817.198,1819.118,1826.28399,1815.1158629856952,21,timeout,-0.2113143421905467
VWAP_MR,M5,short,2022-01-05 17:40:00+00:00,2022-01-05 19:20:00+00:00,1819.848,1817.958,1828.9472399999997,1816.2142951373305,21,timeout,0.20770965487226603
VWAP_MR,M5,short,2022-01-05 20:40:00+00:00,2022-01-05 22:20:00+00:00,1824.534,1824.468,1833.6566699999998,1818.952727981149,21,timeout,0.007234724044608955
VWAP_MR,M5,long,2022-01-06 02:10:00+00:00,2022-01-06 03:35:00+00:00,1818.498,1809.40551,1809.40551,1824.443585074767,18,sl,-1.0
VWAP_MR,M5,long,2022-01-06 20:10:00+00:00,2022-01-06 21:50:00+00:00,1787.918,1794.965,1778.97841,1797.1484637133533,21,timeout,0.788291185613665
VWAP_MR,M5,short,2022-01-07 07:40:00+00:00,2022-01-07 09:20:00+00:00,1792.218,1790.525,1801.1790899999999,1789.0303703409809,21,timeout,0.18892790943959095
VWAP_MR,M5,long,2022-01-07 13:25:00+00:00,2022-01-07 14:05:00+00:00,1789.368,1791.3560353346898,1780.4211599999999,1791.3560353346898,9,tp,0.22220530764938204
VWAP_MR,M5,short,2022-01-07 16:55:00+00:00,2022-01-07 18:05:00+00:00,1792.368,1789.9542761819007,1801.3298399999996,1789.9542761819007,15,tp,0.2693335094243281
VWAP_MR,M5,short,2022-01-07 18:55:00+00:00,2022-01-07 19:45:00+00:00,1793.208,1790.3750879220706,1802.1740399999999,1790.3750879220706,11,tp,0.3159602319339993
VWAP_MR,M5,short,2022-01-10 16:05:00+00:00,2022-01-10 17:45:00+00:00,1796.785,1799.858,1805.7689249999999,1793.3544326763736,21,timeout,-0.3420553933831753
VWAP_MR,M5,short,2022-01-10 18:25:00+00:00,2022-01-10 19:45:00+00:00,1800.158,1795.5985602520943,1809.1587899999997,1795.5985602520943,17,tp,0.5065599517270885
VWAP_MR,M5,short,2022-01-11 00:45:00+00:00,2022-01-11 02:25:00+00:00,1798.915,1800.417,1807.9095749999997,1794.1162635254093,21,timeout,-0.16698954647662625
VWAP_MR,M5,short,2022-01-11 23:05:00+00:00,2022-01-12 00:45:00+00:00,1811.118,1816.535,1820.1735899999996,1806.2153896598916,21,timeout,-0.5981940436791326
VWAP_MR,M5,short,2022-01-12 01:30:00+00:00,2022-01-12 03:10:00+00:00,1818.268,1821.065,1827.3593399999997,1809.7802435630297,21,timeout,-0.30765541713324024
VWAP_MR,M5,short,2022-01-12 20:45:00+00:00,2022-01-12 22:25:00+00:00,1823.648,1824.268,1832.7662399999997,1818.2692873831625,21,timeout,-0.0679955780940327
VWAP_MR,M5,short,2022-01-13 12:20:00+00:00,2022-01-13 13:45:00+00:00,1826.968,1825.013353215121,1836.1028399999998,1825.013353215121,18,tp,0.2139771232861354
VWAP_MR,M5,short,2022-01-14 09:30:00+00:00,2022-01-14 11:10:00+00:00,1824.864,1825.618,1833.98832,1821.9876215031818,21,timeout,-0.08263629508828207
VWAP_MR,M5,short,2022-01-17 10:10:00+00:00,2022-01-17 11:50:00+00:00,1818.648,1819.738,1827.7412399999996,1815.8117618679028,21,timeout,-0.1198692655203406
VWAP_MR,M5,short,2022-01-18 08:45:00+00:00,2022-01-18 10:25:00+00:00,1821.398,1820.528,1830.5049899999997,1819.4307940036078,21,timeout,0.09553101518722575
VWAP_MR,M5,long,2022-01-18 10:45:00+00:00,2022-01-18 12:25:00+00:00,1816.204,1817.618,1807.1229799999999,1820.4481345802901,21,timeout,0.15570938066428383
VWAP_MR,M5,short,2022-01-19 22:10:00+00:00,2022-01-19 23:50:00+00:00,1834.188,1840.804,1843.3589399999998,1822.2844910145434,21,timeout,-0.7214091467178031
VWAP_MR,M5,short,2022-01-20 20:30:00+00:00,2022-01-20 22:10:00+00:00,1842.438,1846.954,1851.6501899999998,1839.0522022760258,21,timeout,-0.490220023686005
VWAP_MR,M5,short,2022-01-21 10:35:00+00:00,2022-01-21 12:15:00+00:00,1841.694,1840.628,1850.9024699999998,1838.7610552791996,21,timeout,0.11576298777104702
VWAP_MR,M5,short,2022-01-21 21:15:00+00:00,2022-01-21 22:15:00+00:00,1842.768,1835.9995400422556,1851.98184,1835.9995400422556,13,tp,0.734597079800008
VWAP_MR,M5,short,2022-01-24 15:15:00+00:00,2022-01-24 16:55:00+00:00,1841.008,1841.468,1850.2130399999999,1837.7212781631893,21,timeout,-0.04997262369311215
VWAP_MR,M5,short,2022-01-25 01:25:00+00:00,2022-01-25 03:05:00+00:00,1841.754,1838.828,1850.9627699999996,1835.3114889208152,21,timeout,0.31774058859109483
VWAP_MR,M5,short,2022-01-25 21:50:00+00:00,2022-01-25 23:30:00+00:00,1849.651,1846.255,1858.8992549999998,1839.889424803066,21,timeout,0.3672044077504407
VWAP_MR,M5,long,2022-01-28 17:55:00+00:00,2022-01-28 19:35:00+00:00,1787.955,1789.948,1779.0152249999999,1793.653663351342,21,timeout,0.22293625958149432
VWAP_MR,M5,short,2022-01-29 03:15:00+00:00,2022-01-29 04:55:00+00:00,1788.168,1791.905,1797.1088399999996,1784.6665394094023,21,timeout,-0.4179696762273101
VWAP_MR,M5,short,2022-01-31 21:00:00+00:00,2022-01-31 22:40:00+00:00,1797.285,1795.098,1806.271425,1791.2381249917585,21,timeout,0.24336707867702315
VWAP_MR,M5,short,2022-02-01 11:55:00+00:00,2022-02-01 13:35:00+00:00,1798.618,1802.588,1807.6110899999996,1797.1456944764934,21,timeout,-0.4414500466469428
VWAP_MR,M5,short,2022-02-01 14:10:00+00:00,2022-02-01 15:50:00+00:00,1803.075,1803.138,1812.0903749999998,1798.851842981805,21,timeout,-0.00698806206063269
VWAP_MR,M5,short,2022-02-02 16:25:00+00:00,2022-02-02 18:05:00+00:00,1800.025,1803.028,1809.025125,1797.7712597769741,21,timeout,-0.33366203247177084
VWAP_MR,M5,long,2022-02-03 21:50:00+00:00,2022-02-03 22:40:00+00:00,1791.405,1802.3138504926783,1782.447975,1802.3138504926783,11,tp,1.217910019529743
VWAP_MR,M5,short,2022-02-03 23:35:00+00:00,2022-02-04 01:15:00+00:00,1806.519,1804.128,1815.551595,1800.556344802075,21,timeout,0.26470798258973227
VWAP_MR,M5,short,2022-02-04 14:15:00+00:00,2022-02-04 14:40:00+00:00,1808.555,1806.7239770348904,1817.597775,1806.7239770348904,6,tp,0.2024846316655803
VWAP_MR,M5,short,2022-02-04 17:00:00+00:00,2022-02-04 18:40:00+00:00,1811.668,1810.918,1820.7263399999997,1807.9766387860843,21,timeout,0.0827966271965962
VWAP_MR,M5,long,2022-02-04 20:40:00+00:00,2022-02-04 21:05:00+00:00,1802.058,1793.04771,1793.04771,1810.6793467252048,6,sl,-1.0
VWAP_MR,M5,short,2022-02-07 07:30:00+00:00,2022-02-07 09:10:00+00:00,1812.599,1809.728,1821.6619949999997,1808.2468236103919,21,timeout,0.31678269711060625
VWAP_MR,M5,long,2022-02-08 12:20:00+00:00,2022-02-08 14:00:00+00:00,1819.608,1819.658,1810.5099599999999,1821.6115019795157,21,timeout,0.005495689181401057
VWAP_MR,M5,short,2022-02-08 20:40:00+00:00,2022-02-08 22:20:00+00:00,1821.968,1824.218,1831.07784,1818.9148924012813,21,timeout,-0.2469856770261648
VWAP_MR,M5,short,2022-02-09 20:05:00+00:00,2022-02-09 20:55:00+00:00,1829.632,1827.0161907631302,1838.7801599999998,1827.0161907631302,11,tp,0.28593829107382385
VWAP_MR,M5,long,2022-02-10 20:35:00+00:00,2022-02-10 20:45:00+00:00,1824.952,1831.5663097798893,1815.82724,1831.5663097798893,3,tp,0.724874931492917
VWAP_MR,M5,short,2022-02-11 15:15:00+00:00,2022-02-11 16:55:00+00:00,1827.159,1826.368,1836.294795,1824.1050522066214,21,timeout,0.08658250321949809
VWAP_MR,M5,short,2022-02-11 19:35:00+00:00,2022-02-11 20:45:00+00:00,1830.434,1826.4073988138707,1839.5861699999998,1826.4073988138707,15,tp,0.4399613628384662
VWAP_MR,M5,short,2022-02-11 22:20:00+00:00,2022-02-12 00:00:00+00:00,1834.908,1836.888,1844.0825399999997,1829.2589655018164,21,timeout,-0.2158146348481855
VWAP_MR,M5,short,2022-02-12 00:15:00+00:00,2022-02-12 01:40:00+00:00,1839.944,1849.1437199999998,1849.1437199999998,1832.0877748942971,18,sl,-1.0
VWAP_MR,M5,short,2022-02-14 21:40:00+00:00,2022-02-14 23:20:00+00:00,1863.498,1863.708,1872.81549,1857.5645406916678,21,timeout,-0.02253825869413742
VWAP_MR,M5,short,2022-02-15 09:45:00+00:00,2022-02-15 11:25:00+00:00,1876.108,1877.988,1885.4885399999998,1871.3299191731755,21,timeout,-0.20041490148756178
VWAP_MR,M5,long,2022-02-15 15:25:00+00:00,2022-02-15 15:45:00+00:00,1869.768,1860.41916,1860.41916,1876.78655071058,5,sl,-1.0
VWAP_MR,M5,short,2022-02-16 01:20:00+00:00,2022-02-16 03:00:00+00:00,1855.014,1854.568,1864.2890699999998,1850.5852431072478,21,timeout,0.04808589045688246
VWAP_MR,M5,short,2022-02-16 12:45:00+00:00,2022-02-16 14:25:00+00:00,1854.138,1854.864,1863.4086899999998,1852.0645430943787,21,timeout,-0.07831132310541351
VWAP_MR,M5,short,2022-02-16 21:10:00+00:00,2022-02-16 22:50:00+00:00,1859.068,1862.298,1868.3633399999999,1855.2334196582517,21,timeout,-0.34748594457008075
VWAP_MR,M5,short,2022-02-17 00:30:00+00:00,2022-02-17 02:10:00+00:00,1868.278,1870.768,1877.6193899999998,1859.951763930599,21,timeout,-0.2665556196668865
VWAP_MR,M5,short,2022-02-17 11:00:00+00:00,2022-02-17 12:40:00+00:00,1871.358,1874.308,1880.7147899999998,1869.646545770203,21,timeout,-0.31527906472199363
VWAP_MR,M5,short,2022-02-17 15:35:00+00:00,2022-02-17 17:15:00+00:00,1884.068,1886.128,1893.4883399999999,1874.8474152460585,21,timeout,-0.21867575904903305
VWAP_MR,M5,long,2022-02-18 08:40:00+00:00,2022-02-18 10:20:00+00:00,1894.658,1890.778,1885.18471,1898.661337633392,21,timeout,-0.40957259832644416
VWAP_MR,M5,short,2022-02-18 15:15:00+00:00,2022-02-18 16:55:00+00:00,1894.728,1894.628,1904.2016399999998,1891.4607458311655,21,timeout,0.010555604815059422
VWAP_MR,M5,short,2022-02-18 20:25:00+00:00,2022-02-18 22:05:00+00:00,1896.938,1894.018,1906.4226899999999,1892.1041526422498,21,timeout,0.3078645691108663
VWAP_MR,M5,short,2022-02-19 04:20:00+00:00,2022-02-21 06:55:00+00:00,1897.828,1905.408,1907.3171399999999,1895.6458928715056,21,timeout,-0.7988079003998256
VWAP_MR,M5,short,2022-02-22 00:50:00+00:00,2022-02-22 02:30:00+00:00,1897.448,1905.013,1906.9352399999998,1895.4970453894896,21,timeout,-0.7973868058571371
VWAP_MR,M5,short,2022-02-23 20:25:00+00:00,2022-02-23 22:05:00+00:00,1901.148,1906.858,1910.6537399999997,1894.4598139813168,21,timeout,-0.6006896885460928
VWAP_MR,M5,short,2022-02-24 07:10:00+00:00,2022-02-24 08:50:00+00:00,1911.708,1912.638,1921.2665399999998,1907.9729356335815,21,timeout,-0.09729519361742055
VWAP_MR,M5,short,2022-02-24 09:55:00+00:00,2022-02-24 10:25:00+00:00,1919.258,1928.8542899999998,1928.8542899999998,1912.1761687379612,7,sl,-1.0
VWAP_MR,M5,short,2022-02-24 11:15:00+00:00,2022-02-24 11:15:00+00:00,1934.578,1944.2508899999998,1944.2508899999998,1919.597286909674,1,sl,-1.0
VWAP_MR,M5,short,2022-02-24 17:20:00+00:00,2022-02-24 17:20:00+00:00,1961.188,1970.9939399999998,1970.9939399999998,1943.013431210277,1,sl,-1.0
VWAP_MR,M5,long,2022-02-24 22:25:00+00:00,2022-02-25 00:05:00+00:00,1914.658,1918.528,1905.0847099999999,1956.162084952399,21,timeout,0.40424974068476993
VWAP_MR,M5,short,2022-02-28 06:05:00+00:00,2022-02-28 07:45:00+00:00,1921.303,1915.348,1930.9095149999998,1887.8847602713806,21,timeout,0.6198918130040217
VWAP_MR,M5,short,2022-02-28 20:05:00+00:00,2022-02-28 21:45:00+00:00,1913.033,1916.698,1922.5981649999997,1903.051975805669,21,timeout,-0.3831611895874547
VWAP_MR,M5,short,2022-03-01 16:15:00+00:00,2022-03-01 17:50:00+00:00,1914.838,1924.4121899999998,1924.4121899999998,1908.1268131234533,20,sl,-1.0
VWAP_MR,M5,short,2022-03-01 22:50:00+00:00,2022-03-02 00:30:00+00:00,1928.018,1932.978,1937.65809,1920.2787998444803,21,timeout,-0.5145180179853198
VWAP_MR,M5,short,2022-03-02 01:55:00+00:00,2022-03-02 03:35:00+00:00,1942.173,1942.318,1951.8838649999998,1928.2058932278767,21,timeout,-0.014931728532935533
VWAP_MR,M5,short,2022-03-02 14:50:00+00:00,2022-03-02 15:25:00+00:00,1942.598,1937.2690313246883,1952.3109899999997,1937.2690313246883,8,tp,0.5486434841703535
VWAP_MR,M5,short,2022-03-03 15:00:00+00:00,2022-03-03 16:25:00+00:00,1931.888,1927.1283284381016,1941.5474399999998,1927.1283284381016,18,tp,0.49274818849730473
VWAP_MR,M5,short,2022-03-03 18:40:00+00:00,2022-03-03 20:00:00+00:00,1935.928,1930.1132264104472,1945.60764,1930.1132264104472,17,tp,0.6007220918911282
VWAP_MR,M5,short,2022-03-04 01:55:00+00:00,2022-03-04 03:35:00+00:00,1934.803,1939.953,1944.477015,1928.968583231995,21,timeout,-0.5323539399101568
VWAP_MR,M5,short,2022-03-04 21:40:00+00:00,2022-03-04 22:05:00+00:00,1955.238,1945.972972126821,1965.0141899999999,1945.972972126821,6,tp,0.9477135646073906
VWAP_MR,M5,short,2022-03-04 23:15:00+00:00,2022-03-05 00:55:00+00:00,1960.684,1961.443,1970.4874199999997,1949.6554490084031,21,timeout,-0.07742196090752362
VWAP_MR,M5,short,2022-03-07 06:10:00+00:00,2022-03-07 07:50:00+00:00,1984.468,1988.578,1994.39034,1965.7173443326326,21,timeout,-0.41421680772881825
VWAP_MR,M5,long,2022-03-07 13:20:00+00:00,2022-03-07 14:45:00+00:00,1977.598,1989.6963119562668,1967.71001,1989.6963119562668,18,tp,1.2235360226160084
VWAP_MR,M5,short,2022-03-07 15:30:00+00:00,2022-03-07 17:10:00+00:00,1996.652,1996.578,2006.6352599999998,1986.207697134325,21,timeout,0.007412408371621194
VWAP_MR,M5,short,2022-03-08 01:40:00+00:00,2022-03-08 03:20:00+00:00,1993.802,1994.332,2003.7710099999997,1979.9719579827529,21,timeout,-0.053164757583773196
VWAP_MR,M5,short,2022-03-08 13:40:00+00:00,2022-03-08 14:00:00+00:00,2005.998,2016.0279899999998,2016.0279899999998,1990.0542593968546,5,sl,-1.0
VWAP_MR,M5,short,2022-03-08 14:45:00+00:00,2022-03-08 15:35:00+00:00,2019.868,1999.6705188353576,2029.9673399999997,1999.6705188353576,11,tp,1.9998812956730665
VWAP_MR,M5,short,2022-03-08 21:45:00+00:00,2022-03-08 22:05:00+00:00,2031.57,2041.7278499999998,2041.7278499999998,2011.8007852943665,5,sl,-1.0
VWAP_MR,M5,short,2022-03-09 10:15:00+00:00,2022-03-09 11:55:00+00:00,2053.668,2051.568,2063.9363399999997,2044.689472548092,21,timeout,0.20451212172561345
VWAP_MR,M5,long,2022-03-09 16:10:00+00:00,2022-03-09 16:50:00+00:00,2031.028,2020.87286,2020.87286,2048.380308266996,9,sl,-1.0
VWAP_MR,M5,long,2022-03-10 08:05:00+00:00,2022-03-10 08:20:00+00:00,1980.518,1970.61541,1970.61541,1989.1617905740163,4,sl,-1.0
VWAP_MR,M5,short,2022-03-10 17:20:00+00:00,2022-03-10 18:10:00+00:00,1994.124,2004.0946199999998,2004.0946199999998,1982.850461600234,11,sl,-1.0
VWAP_MR,M5,long,2022-03-11 18:30:00+00:00,2022-03-11 19:15:00+00:00,1977.952,1968.06224,1968.06224,1988.9332887848136,10,sl,-1.0
VWAP_MR,M5,long,2022-03-15 08:50:00+00:00,2022-03-15 10:30:00+00:00,1940.878,1942.058,1931.1736099999998,1949.309897064236,21,timeout,0.12159445364418074
VWAP_MR,M5,long,2022-03-15 12:20:00+00:00,2022-03-15 14:00:00+00:00,1932.158,1928.338,1922.49721,1942.7577369490382,21,timeout,-0.3954127975041351
VWAP_MR,M5,short,2022-03-16 16:45:00+00:00,2022-03-16 18:25:00+00:00,1921.988,1920.888,1931.5979399999999,1916.771060061683,21,timeout,0.11446481455661081
VWAP_MR,M5,short,2022-03-17 15:35:00+00:00,2022-03-17 17:15:00+00:00,1939.498,1944.028,1949.1954899999998,1934.431246766636,21,timeout,-0.4671311854923358
VWAP_MR,M5,short,2022-03-21 20:55:00+00:00,2022-03-21 22:35:00+00:00,1929.353,1933.723,1938.9997649999998,1924.9423039253609,21,timeout,-0.4530016020914796
VWAP_MR,M5,long,2022-03-22 07:50:00+00:00,2022-03-22 09:30:00+00:00,1929.483,1932.763,1919.835585,1935.3407310201867,21,timeout,0.3399874474146705
VWAP_MR,M5,long,2022-03-22 15:15:00+00:00,2022-03-22 16:55:00+00:00,1928.058,1925.145,1918.41771,1935.296714875937,21,timeout,-0.3021693330802285
VWAP_MR,M5,short,2022-03-23 15:50:00+00:00,2022-03-23 17:30:00+00:00,1924.538,1932.063,1934.1606899999997,1920.1433524469971,21,timeout,-0.7820058632253903
VWAP_MR,M5,short,2022-03-23 17:45:00+00:00,2022-03-23 19:25:00+00:00,1931.885,1926.868,1941.5444249999998,1923.4378593293777,21,timeout,0.5193890940713491
VWAP_MR,M5,short,2022-03-24 00:05:00+00:00,2022-03-24 01:45:00+00:00,1935.103,1938.813,1944.778515,1930.767942573611,21,timeout,-0.3834421216855199
VWAP_MR,M5,short,2022-03-24 01:50:00+00:00,2022-03-24 03:30:00+00:00,1938.813,1945.158,1948.5070649999998,1932.96386616335,21,timeout,-0.6545241856744315
VWAP_MR,M5,short,2022-03-24 17:30:00+00:00,2022-03-24 18:50:00+00:00,1945.687,1955.4154349999997,1955.4154349999997,1941.574070323396,17,sl,-1.0
VWAP_MR,M5,short,2022-03-24 21:25:00+00:00,2022-03-24 23:05:00+00:00,1958.498,1963.448,1968.2904899999999,1949.378516241244,21,timeout,-0.5054894107627517
VWAP_MR,M5,long,2022-03-28 11:00:00+00:00,2022-03-28 12:40:00+00:00,1942.348,1940.296,1932.63626,1950.0510496827267,21,timeout,-0.2112906647006525
VWAP_MR,M5,long,2022-03-28 13:00:00+00:00,2022-03-28 14:40:00+00:00,1935.258,1934.028,1925.58171,1946.3309966904014,21,timeout,-0.1271148343011634
VWAP_MR,M5,short,2022-03-28 19:25:00+00:00,2022-03-28 20:35:00+00:00,1943.52,1931.1748248045478,1953.2375999999997,1931.1748248045478,15,tp,1.2703934300086968
VWAP_MR,M5,short,2022-03-30 09:10:00+00:00,2022-03-30 10:50:00+00:00,1923.923,1923.588,1933.5426149999998,1919.6552677271259,21,timeout,0.034824678534436354
VWAP_MR,M5,short,2022-03-30 19:20:00+00:00,2022-03-30 21:00:00+00:00,1928.058,1933.508,1937.6982899999998,1921.6416266089902,21,timeout,-0.5653356901089226
VWAP_MR,M5,short,2022-03-31 14:45:00+00:00,2022-03-31 15:25:00+00:00,1932.728,1925.145433442465,1942.3916399999998,1925.145433442465,9,tp,0.7846491133294765
VWAP_MR,M5,short,2022-03-31 19:35:00+00:00,2022-03-31 21:15:00+00:00,1933.728,1938.948,1943.39664,1928.3279264451985,21,timeout,-0.539889788015698
VWAP_MR,M5,short,2022-04-04 07:25:00+00:00,2022-04-04 08:15:00+00:00,1926.508,1924.046468436841,1936.1405399999999,1924.046468436841,11,tp,0.255543352341032
VWAP_MR,M5,short,2022-04-04 14:00:00+00:00,2022-04-04 15:40:00+00:00,1927.035,1930.238,1936.670175,1920.0004717426705,21,timeout,-0.3324277971079935
VWAP_MR,M5,short,2022-04-04 20:45:00+00:00,2022-04-04 20:50:00+00:00,1936.059,1930.352707814009,1945.7392949999999,1930.352707814009,2,tp,0.5894750300472379
VWAP_MR,M5,short,2022-04-05 19:40:00+00:00,2022-04-05 20:35:00+00:00,1931.268,1940.9243399999998,1940.9243399999998,1928.5275918879902,12,sl,-1.0
VWAP_MR,M5,short,2022-04-06 16:00:00+00:00,2022-04-06 17:40:00+00:00,1926.148,1926.418,1935.7787399999997,1921.2776399718614,21,timeout,-0.028035228860916868
VWAP_MR,M5,short,2022-04-07 14:30:00+00:00,2022-04-07 16:10:00+00:00,1927.732,1925.956,1937.3706599999998,1923.4914049018575,21,timeout,0.18425797776870392
VWAP_MR,M5,short,2022-04-07 18:55:00+00:00,2022-04-07 19:30:00+00:00,1931.358,1927.037899094471,1941.0147899999997,1927.037899094471,8,tp,0.44736407289887115
VWAP_MR,M5,short,2022-04-11 14:45:00+00:00,2022-04-11 15:40:00+00:00,1946.238,1955.9691899999998,1955.9691899999998,1943.106364023992,12,sl,-1.0
VWAP_MR,M5,short,2022-04-12 09:15:00+00:00,2022-04-12 10:55:00+00:00,1956.698,1958.722,1966.48149,1952.4282160028356,21,timeout,-0.2068791402658896
VWAP_MR,M5,short,2022-04-12 11:15:00+00:00,2022-04-12 12:55:00+00:00,1959.228,1955.948,1969.0241399999998,1954.1588771850932,21,timeout,0.33482575790056845
VWAP_MR,M5,short,2022-04-12 19:25:00+00:00,2022-04-12 19:55:00+00:00,1960.818,1970.6220899999998,1970.6220899999998,1954.7084709114167,7,sl,-1.0
VWAP_MR,M5,short,2022-04-12 22:00:00+00:00,2022-04-12 23:40:00+00:00,1976.918,1973.638,1986.8025899999998,1964.431463622913,21,timeout,0.3318296459438388
VWAP_MR,M5,short,2022-04-13 15:25:00+00:00,2022-04-13 17:05:00+00:00,1974.152,1978.138,1984.0227599999998,1969.5359904830582,21,timeout,-0.40381895618979297
VWAP_MR,M5,short,2022-04-14 08:55:00+00:00,2022-04-14 10:00:00+00:00,1979.168,1976.457541738686,1989.0638399999996,1976.457541738686,14,tp,0.2738987555694187
VWAP_MR,M5,short,2022-04-14 18:45:00+00:00,2022-04-14 19:30:00+00:00,1978.232,1972.9243692720624,1988.1231599999999,1972.9243692720624,10,tp,0.5366034649057921
VWAP_MR,M5,long,2022-04-14 21:05:00+00:00,2022-04-14 22:45:00+00:00,1963.352,1965.638,1953.5352400000002,1972.9781135828275,21,timeout,0.23286705593289914
VWAP_MR,M5,short,2022-04-18 05:45:00+00:00,2022-04-18 07:05:00+00:00,1978.328,1988.2196399999998,1988.2196399999998,1972.2929421110111,17,sl,-1.0
VWAP_MR,M5,short,2022-04-18 13:30:00+00:00,2022-04-18 15:10:00+00:00,1988.188,1992.108,1998.1289399999998,1984.7099644929804,21,timeout,-0.3943289065219137
VWAP_MR,M5,short,2022-04-19 14:35:00+00:00,2022-04-19 16:15:00+00:00,1979.108,1978.168,1989.0035399999997,1975.8026996258016,21,timeout,0.09499228945566163
VWAP_MR,M5,long,2022-04-19 21:45:00+00:00,2022-04-19 23:25:00+00:00,1952.562,1954.892,1942.79919,1968.7222306611573,21,timeout,0.23866079540625781
VWAP_MR,M5,short,2022-04-20 16:05:00+00:00,2022-04-20 17:45:00+00:00,1946.938,1952.778,1956.6726899999999,1942.955326792772,21,timeout,-0.5999163815180611
VWAP_MR,M5,short,2022-04-20 18:30:00+00:00,2022-04-20 19:30:00+00:00,1954.229,1946.5765380853998,1964.0001449999997,1946.5765380853998,13,tp,0.7831694151095405
VWAP_MR,M5,short,2022-04-21 02:50:00+00:00,2022-04-21 05:25:00+00:00,1956.348,1955.538,1966.1297399999999,1952.4691441685318,21,timeout,0.08280735329296769
VWAP_MR,M5,short,2022-04-22 13:05:00+00:00,2022-04-22 14:45:00+00:00,1953.488,1953.018,1963.25544,1950.4711255930247,21,timeout,0.04811905678458577
VWAP_MR,M5,short,2022-04-26 11:45:00+00:00,2022-04-26 11:50:00+00:00,1904.913,1901.6957416197586,1914.4375649999997,1901.6957416197586,2,tp,0.33778533510365505
VWAP_MR,M5,short,2022-04-26 12:50:00+00:00,2022-04-26 13:35:00+00:00,1905.388,1902.2039294576825,1914.9149399999997,1902.2039294576825,10,tp,0.3342175496347697
VWAP_MR,M5,short,2022-04-26 20:35:00+00:00,2022-04-26 21:00:00+00:00,1909.488,1904.3262581319432,1919.0354399999999,1904.3262581319432,6,tp,0.5406414565639558
VWAP_MR,M5,long,2022-04-27 10:15:00+00:00,2022-04-27 11:55:00+00:00,1898.083,1897.813,1888.592585,1902.8243090714352,21,timeout,-0.028449756938972875
VWAP_MR,M5,short,2022-04-27 19:05:00+00:00,2022-04-27 20:00:00+00:00,1902.376,1896.526685624316,1911.8878799999998,1896.526685624316,12,tp,0.6149482936794847
VWAP_MR,M5,long,2022-04-27 20:50:00+00:00,2022-04-27 22:30:00+00:00,1884.048,1884.318,1874.62776,1896.7304442823313,21,timeout,0.028661690148020013
VWAP_MR,M5,short,2022-04-28 14:35:00+00:00,2022-04-28 16:15:00+00:00,1886.348,1887.168,1895.7797399999997,1879.0003706461866,21,timeout,-0.08694047969939342
VWAP_MR,M5,short,2022-04-29 13:35:00+00:00,2022-04-29 15:15:00+00:00,1911.888,1914.998,1921.4474399999997,1904.5650251491386,21,timeout,-0.32533286468665557
VWAP_MR,M5,long,2022-04-29 19:45:00+00:00,2022-04-29 21:25:00+00:00,1907.643,1912.303,1898.104785,1914.9423391215887,21,timeout,0.4885610148230108
VWAP_MR,M5,short,2022-05-03 18:45:00+00:00,2022-05-03 19:35:00+00:00,1862.938,1857.1562604819014,1872.2526899999998,1857.1562604819014,11,tp,0.620711963371713
VWAP_MR,M5,short,2022-05-03 20:40:00+00:00,2022-05-03 21:55:00+00:00,1868.618,1877.9610899999998,1877.9610899999998,1860.3022298263847,16,sl,-1.0
VWAP_MR,M5,short,2022-05-05 01:05:00+00:00,2022-05-05 01:35:00+00:00,1872.058,1866.6352269622382,1881.4182899999998,1866.6352269622382,7,tp,0.5793381441987223
VWAP_MR,M5,short,2022-05-05 19:25:00+00:00,2022-05-05 20:45:00+00:00,1902.388,1895.5895233434612,1911.8999399999998,1895.5895233434612,17,tp,0.7147308179549904
VWAP_MR,M5,short,2022-05-06 15:40:00+00:00,2022-05-06 17:20:00+00:00,1879.546,1881.858,1888.94373,1875.6409305541056,21,timeout,-0.24601685726233039
VWAP_MR,M5,short,2022-05-06 22:30:00+00:00,2022-05-07 00:10:00+00:00,1891.918,1885.778,1901.3775899999996,1882.4326750828395,21,timeout,0.6490767570264739
VWAP_MR,M5,long,2022-05-09 17:30:00+00:00,2022-05-09 19:10:00+00:00,1857.158,1861.858,1847.87221,1868.0132203467201,21,timeout,0.5061497190869159
VWAP_MR,M5,short,2022-05-10 09:25:00+00:00,2022-05-10 11:05:00+00:00,1857.588,1864.063,1866.8759399999997,1854.54655427871,21,timeout,-0.6971405930701899
VWAP_MR,M5,short,2022-05-10 18:40:00+00:00,2022-05-10 19:00:00+00:00,1863.948,1860.5040062776818,1873.26774,1860.5040062776818,5,tp,0.36953753241166765
VWAP_MR,M5,short,2022-05-11 13:30:00+00:00,2022-05-11 15:10:00+00:00,1842.848,1849.722,1852.0622399999997,1837.6727472575026,21,timeout,-0.7460192050565407
VWAP_MR,M5,long,2022-05-11 19:45:00+00:00,2022-05-11 20:25:00+00:00,1835.968,1849.1238993215975,1826.78816,1849.1238993215975,9,tp,1.4331294795549159
VWAP_MR,M5,short,2022-05-12 06:55:00+00:00,2022-05-12 07:05:00+00:00,1855.763,1852.6463616979322,1865.0418149999998,1852.6463616979322,3,tp,0.3358875354307364
VWAP_MR,M5,long,2022-05-13 00:00:00+00:00,2022-05-13 01:40:00+00:00,1827.083,1821.596,1817.9475850000001,1840.5739726415013,21,timeout,-0.6006295280510081
VWAP_MR,M5,long,2022-05-13 20:10:00+00:00,2022-05-13 21:35:00+00:00,1806.697,1817.866384621402,1797.663515,1817.866384621402,18,tp,1.2364424827629812
VWAP_MR,M5,short,2022-05-16 05:10:00+00:00,2022-05-16 06:10:00+00:00,1813.748,1809.6825957315878,1822.8167399999998,1809.6825957315878,13,tp,0.448287663822364
VWAP_MR,M5,short,2022-05-16 08:00:00+00:00,2022-05-16 09:40:00+00:00,1815.078,1810.918,1824.1533899999997,1810.06484316059,21,timeout,0.4583825047739215
VWAP_MR,M5,short,2022-05-16 20:00:00+00:00,2022-05-16 21:40:00+00:00,1810.146,1815.268,1819.1967299999997,1801.9129440738259,21,timeout,-0.5659212019362239
VWAP_MR,M5,short,2022-05-17 12:55:00+00:00,2022-05-17 14:20:00+00:00,1827.048,1824.886924031437,1836.1832399999998,1824.886924031437,18,tp,0.23656477208732254
VWAP_MR,M5,short,2022-05-18 16:40:00+00:00,2022-05-18 18:20:00+00:00,1818.82,1815.088,1827.9140999999997,1813.4722046642107,21,timeout,0.4103759580387343
VWAP_MR,M5,short,2022-05-19 15:50:00+00:00,2022-05-19 17:00:00+00:00,1820.628,1829.7311399999996,1829.7311399999996,1813.987245140437,15,sl,-1.0
VWAP_MR,M5,short,2022-05-19 17:50:00+00:00,2022-05-19 19:30:00+00:00,1829.148,1833.043,1838.2937399999996,1818.8163256097519,21,timeout,-0.4258813392902168
VWAP_MR,M5,short,2022-05-20 12:25:00+00:00,2022-05-20 14:05:00+00:00,1843.978,1848.108,1853.19789,1839.9997973812933,21,timeout,-0.44794460671439124
VWAP_MR,M5,short,2022-05-21 03:45:00+00:00,2022-05-23 05:00:00+00:00,1845.498,1854.7254899999998,1854.7254899999998,1842.2977589672628,5,sl,-1.0
VWAP_MR,M5,short,2022-05-23 07:55:00+00:00,2022-05-23 09:35:00+00:00,1851.628,1851.838,1860.8861399999998,1845.8568700048352,21,timeout,-0.022682741889843788
VWAP_MR,M5,short,2022-05-23 15:25:00+00:00,2022-05-23 17:05:00+00:00,1858.838,1864.219,1868.1321899999998,1854.8867753883617,21,timeout,-0.5789638473067772
VWAP_MR,M5,short,2022-05-24 11:05:00+00:00,2022-05-24 12:45:00+00:00,1855.798,1855.108,1865.0769899999998,1852.1862641243779,21,timeout,0.07436154150398587
VWAP_MR,M5,short,2022-05-24 15:05:00+00:00,2022-05-24 16:45:00+00:00,1859.913,1857.018,1869.2125649999998,1854.7572289520954,21,timeout,0.3113048836155286
VWAP_MR,M5,short,2022-05-24 20:15:00+00:00,2022-05-24 21:55:00+00:00,1861.974,1865.043,1871.2838699999998,1857.683727927656,21,timeout,-0.3296501454907555
VWAP_MR,M5,long,2022-05-25 13:25:00+00:00,2022-05-25 15:05:00+00:00,1856.504,1857.753,1847.22148,1861.1103012756864,21,timeout,0.13455397887642867
VWAP_MR,M5,short,2022-05-27 02:15:00+00:00,2022-05-27 03:55:00+00:00,1853.248,1850.678,1862.5142399999997,1848.750206654336,21,timeout,0.2773508996097684
VWAP_MR,M5,short,2022-05-27 08:55:00+00:00,2022-05-27 10:35:00+00:00,1853.703,1853.003,1862.9715149999997,1850.4419747612185,21,timeout,0.07552450419512341
VWAP_MR,M5,short,2022-05-27 14:20:00+00:00,2022-05-27 16:00:00+00:00,1858.016,1857.013,1867.3060799999998,1853.8937981944573,21,timeout,0.107964624631885
VWAP_MR,M5,short,2022-05-30 08:45:00+00:00,2022-05-30 10:25:00+00:00,1855.938,1858.184,1865.21769,1851.4049252876746,21,timeout,-0.24203394725469327
VWAP_MR,M5,long,2022-05-31 07:35:00+00:00,2022-05-31 09:15:00+00:00,1847.958,1849.698,1838.71821,1853.8286464339499,21,timeout,0.18831596822005622
VWAP_MR,M5,short,2022-06-01 19:45:00+00:00,2022-06-01 20:20:00+00:00,1838.678,1847.87139,1847.87139,1832.1916443642297,8,sl,-1.0
VWAP_MR,M5,short,2022-06-02 12:45:00+00:00,2022-06-02 14:25:00+00:00,1847.848,1851.168,1857.0872399999998,1845.5581771437146,21,timeout,-0.3593369151575215
VWAP_MR,M5,short,2022-06-02 20:30:00+00:00,2022-06-02 22:10:00+00:00,1861.858,1867.963,1871.1672899999996,1855.5300332320164,21,timeout,-0.6557965215392603
VWAP_MR,M5,short,2022-06-03 07:40:00+00:00,2022-06-03 09:20:00+00:00,1872.828,1871.564,1882.1921399999999,1869.6134764468097,21,timeout,0.13498303100977868
VWAP_MR,M5,short,2022-06-06 10:30:00+00:00,2022-06-06 12:10:00+00:00,1855.798,1855.643,1865.0769899999998,1852.9216556429924,21,timeout,0.016704404250891116
VWAP_MR,M5,short,2022-06-06 19:15:00+00:00,2022-06-06 19:25:00+00:00,1856.033,1852.9854458286052,1865.3131649999998,1852.9854458286052,3,tp,0.3283943950775397
VWAP_MR,M5,short,2022-06-07 14:35:00+00:00,2022-06-07 16:15:00+00:00,1845.758,1846.758,1854.98679,1841.7927817806724,21,timeout,-0.10835656678719659
VWAP_MR,M5,short,2022-06-07 16:25:00+00:00,2022-06-07 18:05:00+00:00,1848.125,1849.564,1857.365625,1843.3914095507155,21,timeout,-0.1557253973622014
VWAP_MR,M5,short,2022-06-08 17:15:00+00:00,2022-06-08 17:45:00+00:00,1850.918,1848.877018383863,1860.1725899999997,1848.877018383863,7,tp,0.22053722705564277
VWAP_MR,M5,short,2022-06-08 19:05:00+00:00,2022-06-08 19:25:00+00:00,1851.978,1849.0643601699348,1861.2378899999999,1849.0643601699348,5,tp,0.31465166757545504
VWAP_MR,M5,short,2022-06-08 22:10:00+00:00,2022-06-08 23:50:00+00:00,1858.424,1855.528,1867.7161199999998,1852.3862041842626,21,timeout,0.31166192429714723
VWAP_MR,M5,short,2022-06-09 10:40:00+00:00,2022-06-09 12:20:00+00:00,1854.218,1854.408,1863.4890899999998,1852.5906691102634,21,timeout,-0.020493814643136106
VWAP_MR,M5,short,2022-06-10 21:40:00+00:00,2022-06-10 22:00:00+00:00,1849.513,1858.7605649999998,1858.7605649999998,1837.2978834695825,5,sl,-1.0
VWAP_MR,M5,long,2022-06-13 08:55:00+00:00,2022-06-13 10:35:00+00:00,1865.438,1864.298,1856.1108100000001,1872.3307702177656,21,timeout,-0.12222330626910177
VWAP_MR,M5,long,2022-06-13 19:50:00+00:00,2022-06-13 20:30:00+00:00,1844.713,1835.489435,1835.489435,1854.3581495031258,9,sl,-1.0
VWAP_MR,M5,short,2022-06-15 08:40:00+00:00,2022-06-15 10:20:00+00:00,1815.194,1815.284,1824.2699699999998,1809.9665890447463,21,timeout,-0.009916295448326383
VWAP_MR,M5,short,2022-06-15 14:40:00+00:00,2022-06-15 15:20:00+00:00,1823.248,1818.1776181338562,1832.3642399999999,1818.1776181338562,9,tp,0.5561922312427002
VWAP_MR,M5,short,2022-06-15 16:55:00+00:00,2022-06-15 18:35:00+00:00,1825.644,1830.958,1834.7722199999998,1820.0109237147217,21,timeout,-0.582150736945448
VWAP_MR,M5,short,2022-06-16 01:45:00+00:00,2022-06-16 03:25:00+00:00,1834.298,1835.118,1843.4694899999997,1821.8663734124282,21,timeout,-0.0894075008531832
VWAP_MR,M5,short,2022-06-16 22:20:00+00:00,2022-06-16 23:30:00+00:00,1838.988,1848.18294,1848.18294,1827.118998986803,15,sl,-1.0
VWAP_MR,M5,short,2022-06-17 14:50:00+00:00,2022-06-17 16:30:00+00:00,1849.848,1849.773,1859.0972399999998,1844.8295648601315,21,timeout,0.008108774342545604
VWAP_MR,M5,short,2022-06-20 08:15:00+00:00,2022-06-20 08:30:00+00:00,1841.668,1837.9924203502057,1850.8763399999998,1837.9924203502057,4,tp,0.39915768203543545
VWAP_MR,M5,short,2022-06-20 09:50:00+00:00,2022-06-20 11:30:00+00:00,1841.935,1844.578,1851.1446749999998,1838.5384134852197,21,timeout,-0.28698081094067673
VWAP_MR,M5,short,2022-06-21 07:35:00+00:00,2022-06-21 09:15:00+00:00,1840.938,1841.118,1850.14269,1837.7561681015998,21,timeout,-0.019555248465710436
VWAP_MR,M5,short,2022-06-22 14:45:00+00:00,2022-06-22 15:00:00+00:00,1829.883,1826.3786057290047,1839.032415,1826.3786057290047,4,tp,0.383018397459883
VWAP_MR,M5,short,2022-06-22 17:05:00+00:00,2022-06-22 18:10:00+00:00,1828.918,1838.0625899999998,1838.0625899999998,1825.947181996619,14,sl,-1.0
VWAP_MR,M5,short,2022-06-22 19:50:00+00:00,2022-06-22 21:30:00+00:00,1844.163,1843.003,1853.383815,1832.709485108361,21,timeout,0.12580232875294584
VWAP_MR,M5,short,2022-06-23 14:50:00+00:00,2022-06-23 15:35:00+00:00,1836.713,1833.8648340624413,1845.8965649999998,1833.8648340624413,10,tp,0.3101372873779072
VWAP_MR,M5,short,2022-06-23 20:30:00+00:00,2022-06-23 22:10:00+00:00,1838.363,1841.163,1847.554815,1831.2125318302517,21,timeout,-0.304618837520118
VWAP_MR,M5,short,2022-06-24 14:50:00+00:00,2022-06-24 16:30:00+00:00,1827.848,1826.144,1836.9872399999997,1824.4308838557388,21,timeout,0.1864487637921751
VWAP_MR,M5,short,2022-06-27 05:05:00+00:00,2022-06-27 06:45:00+00:00,1835.798,1831.098,1844.97699,1827.313872733397,21,timeout,0.5120389062413299
VWAP_MR,M5,short,2022-06-27 08:40:00+00:00,2022-06-27 10:20:00+00:00,1835.688,1835.158,1844.86644,1830.219934679294,21,timeout,0.05774401750190722
VWAP_MR,M5,short,2022-06-27 15:35:00+00:00,2022-06-27 17:15:00+00:00,1839.683,1838.758,1848.8814149999998,1836.2024843263248,21,timeout,0.10056080313836357
VWAP_MR,M5,long,2022-06-27 21:05:00+00:00,2022-06-27 22:45:00+00:00,1825.843,1823.348,1816.7137850000001,1833.3436593029046,21,timeout,-0.27329841612889355
VWAP_MR,M5,short,2022-06-28 13:15:00+00:00,2022-06-28 14:55:00+00:00,1827.618,1827.936,1836.7560899999996,1825.0722557880686,21,timeout,-0.03479939462185143
VWAP_MR,M5,short,2022-06-29 08:40:00+00:00,2022-06-29 10:20:00+00:00,1821.178,1820.258,1830.28389,1819.4208248296482,21,timeout,0.10103350688401586
VWAP_MR,M5,long,2022-06-29 13:40:00+00:00,2022-06-29 15:20:00+00:00,1816.678,1816.898,1807.59461,1820.9168642565794,21,timeout,0.024220032388766716
VWAP_MR,M5,short,2022-06-29 17:45:00+00:00,2022-06-29 19:25:00+00:00,1823.133,1827.548,1832.2486649999998,1817.572552609987,21,timeout,-0.48433109378197386
VWAP_MR,M5,short,2022-06-29 19:35:00+00:00,2022-06-29 20:50:00+00:00,1830.103,1820.302325589772,1839.2535149999999,1820.302325589772,16,tp,1.0710516741656957
VWAP_MR,M5,short,2022-06-30 07:40:00+00:00,2022-06-30 08:05:00+00:00,1819.618,1818.2006021326024,1828.7160899999997,1818.2006021326024,6,tp,0.15579070633480016
VWAP_MR,M5,short,2022-06-30 19:50:00+00:00,2022-06-30 21:30:00+00:00,1820.628,1811.983,1829.7311399999996,1810.9987727211512,21,timeout,0.9496723108729795
VWAP_MR,M5,short,2022-07-01 21:20:00+00:00,2022-07-01 23:00:00+00:00,1801.108,1806.062,1810.1135399999998,1792.0680203627699,21,timeout,-0.5501058237484943
VWAP_MR,M5,short,2022-07-04 10:25:00+00:00,2022-07-04 12:05:00+00:00,1812.348,1812.414,1821.4097399999998,1808.6328745834942,21,timeout,-0.007283369419121698
VWAP_MR,M5,short,2022-07-04 12:20:00+00:00,2022-07-04 14:00:00+00:00,1812.964,1811.408,1822.0288199999998,1809.2660117857145,21,timeout,0.1716526086563296
VWAP_MR,M5,short,2022-07-05 08:45:00+00:00,2022-07-05 10:25:00+00:00,1810.978,1810.348,1820.03289,1808.3691620151674,21,timeout,0.06957566574526218
VWAP_MR,M5,short,2022-07-07 09:50:00+00:00,2022-07-07 11:30:00+00:00,1742.588,1744.458,1751.3009399999999,1739.8933372256015,21,timeout,-0.21462330740256927
VWAP_MR,M5,short,2022-07-07 20:55:00+00:00,2022-07-07 21:55:00+00:00,1747.379,1742.7328965315744,1756.1158949999997,1742.7328965315744,13,tp,0.5317797075992818
VWAP_MR,M5,short,2022-07-08 07:30:00+00:00,2022-07-08 09:10:00+00:00,1743.298,1742.854,1752.0144899999998,1740.3912058218418,21,timeout,0.05093793487974752
VWAP_MR,M5,short,2022-07-08 19:20:00+00:00,2022-07-08 19:30:00+00:00,1744.794,1738.790705127958,1753.5179699999999,1738.790705127958,3,tp,0.6881379546287051
VWAP_MR,M5,short,2022-07-11 21:00:00+00:00,2022-07-11 21:30:00+00:00,1740.664,1736.4613445671584,1749.3673199999998,1736.4613445671584,7,tp,0.48287957157057443
VWAP_MR,M5,long,2022-07-12 08:15:00+00:00,2022-07-12 08:30:00+00:00,1725.898,1732.5510123732606,1717.2685099999999,1732.5510123732606,4,tp,0.7709624060356618
VWAP_MR,M5,short,2022-07-12 15:45:00+00:00,2022-07-12 17:25:00+00:00,1737.904,1733.954,1746.59352,1732.5816324351842,21,timeout,0.4545705631611516
VWAP_MR,M5,long,2022-07-13 19:40:00+00:00,2022-07-13 20:40:00+00:00,1712.448,1726.9045923148146,1703.8857600000001,1726.9045923148146,13,tp,1.6884124148370738
VWAP_MR,M5,short,2022-07-13 21:55:00+00:00,2022-07-13 23:35:00+00:00,1737.804,1738.644,1746.49302,1722.9713538471658,21,timeout,-0.09667373305619477
VWAP_MR,M5,short,2022-07-15 08:40:00+00:00,2022-07-15 10:20:00+00:00,1712.488,1710.718,1721.05044,1710.4372373386964,21,timeout,0.20671677699347354
VWAP_MR,M5,short,2022-07-15 19:55:00+00:00,2022-07-15 20:40:00+00:00,1709.468,1704.622014568797,1718.01534,1704.622014568797,10,tp,0.5669583088075411
VWAP_MR,M5,short,2022-07-16 03:45:00+00:00,2022-07-18 06:20:00+00:00,1706.118,1709.894,1714.6485899999998,1704.6963375458133,21,timeout,-0.4426423025840106
VWAP_MR,M5,short,2022-07-18 08:20:00+00:00,2022-07-18 10:00:00+00:00,1712.334,1714.138,1720.8956699999999,1707.780462786971,21,timeout,-0.21070655608075264
VWAP_MR,M5,short,2022-07-18 14:40:00+00:00,2022-07-18 16:20:00+00:00,1719.674,1719.855,1728.2723699999997,1715.2497855375805,21,timeout,-0.021050501432253583
VWAP_MR,M5,short,2022-07-18 16:35:00+00:00,2022-07-18 17:40:00+00:00,1723.024,1716.861092846659,1731.6391199999996,1716.861092846659,14,tp,0.7153594091946658
VWAP_MR,M5,short,2022-07-19 11:00:00+00:00,2022-07-19 12:40:00+00:00,1709.038,1710.094,1717.5831899999998,1706.9530361224477,21,timeout,-0.12357829375356923
VWAP_MR,M5,short,2022-07-19 15:10:00+00:00,2022-07-19 16:50:00+00:00,1711.622,1714.748,1720.1801099999998,1709.1178512684273,21,timeout,-0.3652675649179644
VWAP_MR,M5,short,2022-07-19 17:50:00+00:00,2022-07-19 19:20:00+00:00,1715.674,1711.2518857979674,1724.2523699999997,1711.2518857979674,19,tp,0.5154958578416132
VWAP_MR,M5,short,2022-07-20 10:35:00+00:00,2022-07-20 12:10:00+00:00,1713.097,1710.9807161077133,1721.6624849999998,1710.9807161077133,20,tp,0.24707111065943263
VWAP_MR,M5,short,2022-07-20 16:35:00+00:00,2022-07-20 17:45:00+00:00,1711.881,1708.1908055917283,1720.4404049999998,1708.1908055917283,15,tp,0.4311274449885065
VWAP_MR,M5,long,2022-07-21 03:05:00+00:00,2022-07-21 05:40:00+00:00,1693.158,1695.996,1684.69221,1703.216737920071,21,timeout,0.3352315613782297
VWAP_MR,M5,short,2022-07-21 19:40:00+00:00,2022-07-21 19:50:00+00:00,1694.218,1702.6890899999999,1702.6890899999999,1685.9135115841434,3,sl,-1.0
VWAP_MR,M5,short,2022-07-22 13:35:00+00:00,2022-07-22 14:40:00+00:00,1719.088,1715.2613809176598,1727.6834399999998,1715.2613809176598,14,tp,0.4451917624159098
VWAP_MR,M5,short,2022-07-22 16:35:00+00:00,2022-07-22 18:15:00+00:00,1723.558,1723.464,1732.1757899999998,1717.6594438428053,21,timeout,0.010907668903518566
VWAP_MR,M5,short,2022-07-22 18:35:00+00:00,2022-07-22 20:15:00+00:00,1725.974,1725.838,1734.6038699999997,1720.0117154862469,21,timeout,0.015759217693890073
VWAP_MR,M5,short,2022-07-22 20:55:00+00:00,2022-07-22 22:35:00+00:00,1736.898,1730.308,1745.5824899999998,1725.4466997531872,21,timeout,0.7588240645104108
VWAP_MR,M5,long,2022-07-23 01:20:00+00:00,2022-07-23 03:00:00+00:00,1722.354,1723.538,1713.74223,1730.5432904799907,21,timeout,0.13748625427757266
VWAP_MR,M5,short,2022-07-25 09:55:00+00:00,2022-07-25 11:35:00+00:00,1726.958,1727.478,1735.59279,1723.9363976168706,21,timeout,-0.06022149930687272
VWAP_MR,M5,long,2022-07-25 21:10:00+00:00,2022-07-25 22:50:00+00:00,1717.634,1716.198,1709.04583,1726.7498820556932,21,timeout,-0.16720675068145172
VWAP_MR,M5,short,2022-07-27 07:20:00+00:00,2022-07-27 08:20:00+00:00,1719.838,1717.4555468566741,1728.4371899999999,1717.4555468566741,13,tp,0.27705553003548855
VWAP_MR,M5,short,2022-07-27 13:15:00+00:00,2022-07-27 14:55:00+00:00,1719.648,1719.678,1728.2462399999997,1717.1468972331973,21,timeout,-0.0034890861385819386
VWAP_MR,M5,short,2022-07-27 15:20:00+00:00,2022-07-27 17:00:00+00:00,1722.168,1722.344,1730.7788399999997,1718.64252283738,21,timeout,-0.020439353187396564
VWAP_MR,M5,short,2022-07-28 01:45:00+00:00,2022-07-28 03:25:00+00:00,1732.154,1734.024,1740.8147699999997,1720.1359353512578,21,timeout,-0.21591613678690802
VWAP_MR,M5,short,2022-07-28 13:30:00+00:00,2022-07-28 15:10:00+00:00,1740.608,1745.095,1749.3110399999998,1737.4962660942856,21,timeout,-0.5155669742986526
VWAP_MR,M5,short,2022-07-28 20:30:00+00:00,2022-07-28 22:10:00+00:00,1751.315,1752.778,1760.071575,1743.5406673388989,21,timeout,-0.16707445548059427
VWAP_MR,M5,short,2022-07-29 10:10:00+00:00,2022-07-29 11:50:00+00:00,1756.264,1761.168,1765.0453199999997,1754.459348487785,21,timeout,-0.55845818168568
VWAP_MR,M5,short,2022-07-29 22:10:00+00:00,2022-07-29 23:50:00+00:00,1764.388,1762.978,1773.2099399999997,1758.3663185155767,21,timeout,0.15982879049278098
VWAP_MR,M5,short,2022-08-01 14:20:00+00:00,2022-08-01 15:05:00+00:00,1766.714,1762.3808442078025,1775.5475699999997,1762.3808442078025,10,tp,0.4905327961625411
VWAP_MR,M5,short,2022-08-01 16:45:00+00:00,2022-08-01 18:25:00+00:00,1769.267,1771.908,1778.1133349999998,1763.7327260464288,21,timeout,-0.29854171247188027
VWAP_MR,M5,short,2022-08-02 07:30:00+00:00,2022-08-02 09:10:00+00:00,1775.068,1777.474,1783.9433399999998,1770.7820213664593,21,timeout,-0.2710882061982974
VWAP_MR,M5,long,2022-08-03 02:35:00+00:00,2022-08-03 05:10:00+00:00,1762.934,1760.524,1754.11933,1774.2743639825205,21,timeout,-0.27340785304499066
VWAP_MR,M5,short,2022-08-03 19:40:00+00:00,2022-08-03 20:45:00+00:00,1770.111,1765.5390383810904,1778.9615549999999,1765.5390383810904,14,tp,0.5165734373618128
VWAP_MR,M5,short,2022-08-04 10:10:00+00:00,2022-08-04 11:50:00+00:00,1770.964,1770.958,1779.8188199999997,1766.7159675249497,21,timeout,0.0006775970601162148
VWAP_MR,M5,short,2022-08-04 16:10:00+00:00,2022-08-04 17:50:00+00:00,1777.665,1782.533,1786.5533249999999,1772.7360102964215,21,timeout,-0.5476847437509312
VWAP_MR,M5,long,2022-08-05 19:35:00+00:00,2022-08-05 19:50:00+00:00,1779.088,1770.19256,1770.19256,1786.7024146736994,4,sl,-1.0
VWAP_MR,M5,short,2022-08-08 14:15:00+00:00,2022-08-08 15:25:00+00:00,1776.194,1773.8546471275706,1785.0749699999997,1773.8546471275706,15,tp,0.2634118651937144
VWAP_MR,M5,short,2022-08-08 17:55:00+00:00,2022-08-08 19:35:00+00:00,1779.548,1783.364,1788.44574,1775.9377925258657,21,timeout,-0.4288729497602852
VWAP_MR,M5,short,2022-08-09 06:40:00+00:00,2022-08-09 07:10:00+00:00,1790.214,1788.0531860353578,1799.1650699999998,1788.0531860353578,7,tp,0.2414028674384336
VWAP_MR,M5,short,2022-08-09 15:10:00+00:00,2022-08-09 16:50:00+00:00,1790.472,1789.718,1799.4243599999998,1785.9767610733215,21,timeout,0.08422360137437777
VWAP_MR,M5,short,2022-08-09 20:10:00+00:00,2022-08-09 21:50:00+00:00,1797.342,1793.974,1806.32871,1791.6244202592648,21,timeout,0.3747756409186679
VWAP_MR,M5,long,2022-08-10 11:40:00+00:00,2022-08-10 13:20:00+00:00,1790.024,1787.924,1781.07388,1792.6076106947667,21,timeout,-0.23463372558132362
VWAP_MR,M5,short,2022-08-10 16:40:00+00:00,2022-08-10 18:00:00+00:00,1793.908,1790.1722164476041,1802.8775399999997,1790.1722164476041,17,tp,0.416496671222366
VWAP_MR,M5,short,2022-08-10 19:35:00+00:00,2022-08-10 20:40:00+00:00,1804.928,1792.2590624052102,1813.95264,1792.2590624052102,14,tp,1.403816395422985
VWAP_MR,M5,short,2022-08-12 12:30:00+00:00,2022-08-12 14:10:00+00:00,1791.918,1792.984,1800.8775899999996,1788.7877155799326,21,timeout,-0.11897865862166301
VWAP_MR,M5,short,2022-08-12 20:00:00+00:00,2022-08-12 21:40:00+00:00,1793.008,1792.198,1801.9730399999999,1787.9844298933594,21,timeout,0.09035096329742666
VWAP_MR,M5,long,2022-08-15 17:00:00+00:00,2022-08-15 18:40:00+00:00,1777.984,1774.165,1769.0940799999998,1787.291137305012,21,timeout,-0.42958766783052355
VWAP_MR,M5,short,2022-08-16 00:05:00+00:00,2022-08-16 01:05:00+00:00,1782.844,1778.999703326753,1791.75822,1778.999703326753,13,tp,0.4312544084897076
VWAP_MR,M5,short,2022-08-16 09:10:00+00:00,2022-08-16 10:50:00+00:00,1780.844,1781.384,1789.74822,1778.563317804112,21,timeout,-0.060645401843167614
VWAP_MR,M5,short,2022-08-17 11:30:00+00:00,2022-08-17 13:10:00+00:00,1776.998,1779.824,1785.8829899999998,1775.2666920079305,21,timeout,-0.3180645110461676
VWAP_MR,M5,long,2022-08-17 18:25:00+00:00,2022-08-17 20:05:00+00:00,1768.729,1769.435,1759.8853550000001,1774.1983412402433,21,timeout,0.07983133651338443
VWAP_MR,M5,short,2022-08-18 16:05:00+00:00,2022-08-18 17:45:00+00:00,1766.148,1768.427,1774.9787399999998,1763.0451921269514,21,timeout,-0.25807576714975505
VWAP_MR,M5,short,2022-08-18 18:20:00+00:00,2022-08-18 20:00:00+00:00,1770.607,1767.174,1779.4600349999998,1765.2974842699837,21,timeout,0.38777662123780665
VWAP_MR,M5,short,2022-08-19 19:45:00+00:00,2022-08-19 20:40:00+00:00,1755.844,1752.2498835323647,1764.62322,1752.2498835323647,12,tp,0.40938904226518685
VWAP_MR,M5,short,2022-08-22 10:15:00+00:00,2022-08-22 10:30:00+00:00,1748.758,1746.4861918917204,1757.5017899999998,1746.4861918917204,4,tp,0.2598196100637928
VWAP_MR,M5,long,2022-08-22 15:05:00+00:00,2022-08-22 16:45:00+00:00,1736.638,1733.704,1727.95481,1742.2829872814173,21,timeout,-0.33789425314889804
VWAP_MR,M5,short,2022-08-23 07:40:00+00:00,2022-08-23 09:20:00+00:00,1738.004,1739.668,1746.6940199999997,1735.8496452583468,21,timeout,-0.1914840242024794
VWAP_MR,M5,short,2022-08-23 15:40:00+00:00,2022-08-23 17:10:00+00:00,1741.595,1737.4008175075112,1750.3029749999998,1737.4008175075112,19,tp,0.4816484306040071
VWAP_MR,M5,short,2022-08-23 20:50:00+00:00,2022-08-23 21:10:00+00:00,1744.184,1752.9049199999997,1752.9049199999997,1737.0794886313288,5,sl,-1.0
VWAP_MR,M5,short,2022-08-23 21:45:00+00:00,2022-08-23 23:25:00+00:00,1749.984,1748.738,1758.7339199999997,1740.691584531085,21,timeout,0.14240130195474968
VWAP_MR,M5,short,2022-08-24 12:20:00+00:00,2022-08-24 13:00:00+00:00,1747.644,1745.7550843596212,1756.3822199999997,1745.7550843596212,9,tp,0.21616709585921542
VWAP_MR,M5,long,2022-08-24 17:55:00+00:00,2022-08-24 19:35:00+00:00,1743.601,1746.438,1734.8829950000002,1748.0095272147755,21,timeout,0.3254184873718248
VWAP_MR,M5,short,2022-08-24 21:55:00+00:00,2022-08-24 23:35:00+00:00,1751.648,1749.724,1760.4062399999998,1745.9011125042825,21,timeout,0.21967883958420903
VWAP_MR,M5,short,2022-08-25 07:50:00+00:00,2022-08-25 09:30:00+00:00,1753.428,1756.118,1762.19514,1751.221013016753,21,timeout,-0.30682754010998453
VWAP_MR,M5,short,2022-08-26 13:30:00+00:00,2022-08-26 13:55:00+00:00,1758.088,1755.335694499523,1766.8784399999997,1755.335694499523,6,tp,0.3131021314606578
VWAP_MR,M5,short,2022-08-29 17:30:00+00:00,2022-08-29 19:10:00+00:00,1725.968,1725.708,1734.59784,1722.739658508856,21,timeout,0.03012802091348113
VWAP_MR,M5,short,2022-08-29 19:30:00+00:00,2022-08-29 20:10:00+00:00,1730.114,1738.7645699999998,1738.7645699999998,1724.8219454893601,9,sl,-1.0
VWAP_MR,M5,short,2022-08-31 21:35:00+00:00,2022-08-31 23:15:00+00:00,1720.879,1718.494,1729.4833949999997,1713.28585758847,21,timeout,0.2771839275161165
VWAP_MR,M5,short,2022-09-01 16:45:00+00:00,2022-09-01 17:05:00+00:00,1708.038,1704.736573373711,1716.5781899999997,1704.736573373711,5,tp,0.386575313463643
VWAP_MR,M5,short,2022-09-02 07:10:00+00:00,2022-09-02 08:50:00+00:00,1697.728,1697.638,1706.2166399999999,1695.8463292579443,21,timeout,0.010602405096711322
VWAP_MR,M5,short,2022-09-02 13:00:00+00:00,2022-09-02 14:40:00+00:00,1701.094,1703.678,1709.5994699999999,1698.5774727280223,21,timeout,-0.30380449287342276
VWAP_MR,M5,short,2022-09-02 19:35:00+00:00,2022-09-02 19:45:00+00:00,1710.915,1705.1445229318094,1719.4695749999998,1705.1445229318094,3,tp,0.6745486559169341
VWAP_MR,M5,short,2022-09-02 20:55:00+00:00,2022-09-02 22:35:00+00:00,1712.32,1714.004,1720.8815999999997,1707.4309831593137,21,timeout,-0.19669220706410181
VWAP_MR,M5,short,2022-09-05 16:50:00+00:00,2022-09-05 18:30:00+00:00,1713.724,1713.594,1722.2926199999997,1711.3074170332259,21,timeout,0.015171637906674012
VWAP_MR,M5,short,2022-09-06 06:50:00+00:00,2022-09-06 07:50:00+00:00,1713.998,1722.5679899999998,1722.5679899999998,1711.3305662737,13,sl,-1.0
VWAP_MR,M5,long,2022-09-06 16:15:00+00:00,2022-09-06 17:55:00+00:00,1711.631,1711.564,1703.0728450000001,1715.8822270307958,21,timeout,-0.007828790200692524
VWAP_MR,M5,long,2022-09-07 07:30:00+00:00,2022-09-07 09:10:00+00:00,1696.614,1695.928,1688.13093,1700.9524170468924,21,timeout,-0.08086695029039274
VWAP_MR,M5,short,2022-09-07 15:00:00+00:00,2022-09-07 16:40:00+00:00,1702.098,1705.534,1710.6084899999998,1696.3028392096069,21,timeout,-0.40373703511785963
VWAP_MR,M5,short,2022-09-07 21:35:00+00:00,2022-09-07 23:15:00+00:00,1711.035,1710.806,1719.5901749999998,1702.4206219454775,21,timeout,0.026767424395181736
VWAP_MR,M5,short,2022-09-08 13:10:00+00:00,2022-09-08 14:50:00+00:00,1717.498,1718.334,1726.08549,1715.4429111706727,21,timeout,-0.09735091394575407
VWAP_MR,M5,short,2022-09-08 18:00:00+00:00,2022-09-08 19:20:00+00:00,1724.467,1719.2729084121793,1733.089335,1719.2729084121793,17,tp,0.6023996501899944
VWAP_MR,M5,short,2022-09-09 06:30:00+00:00,2022-09-09 08:10:00+00:00,1710.294,1713.744,1718.84547,1708.7424423420855,21,timeout,-0.4034394086630563
VWAP_MR,M5,short,2022-09-09 14:30:00+00:00,2022-09-09 16:10:00+00:00,1728.688,1726.304,1737.33144,1721.253229110667,21,timeout,0.2758161102524067
VWAP_MR,M5,long,2022-09-09 19:00:00+00:00,2022-09-09 20:40:00+00:00,1720.421,1714.458,1711.818895,1726.8874176296204,21,timeout,-0.6932024196403099
VWAP_MR,M5,short,2022-09-12 05:50:00+00:00,2022-09-12 07:15:00+00:00,1719.028,1716.679896528447,1727.62314,1716.679896528447,18,tp,0.2731896713204274
VWAP_MR,M5,short,2022-09-12 13:55:00+00:00,2022-09-12 15:35:00+00:00,1718.998,1724.731,1727.5929899999999,1714.0700269646313,21,timeout,-0.6670164828580445
VWAP_MR,M5,short,2022-09-12 22:55:00+00:00,2022-09-13 00:35:00+00:00,1733.946,1729.494,1742.6157299999998,1728.8129487280023,21,timeout,0.5135108013744463
VWAP_MR,M5,long,2022-09-13 01:35:00+00:00,2022-09-13 03:15:00+00:00,1724.554,1725.764,1715.9312300000001,1729.1796699536658,21,timeout,0.14032613649671935
VWAP_MR,M5,short,2022-09-13 16:15:00+00:00,2022-09-13 17:55:00+00:00,1726.158,1727.964,1734.7887899999996,1723.4901686019205,21,timeout,-0.20925083335362132
VWAP_MR,M5,short,2022-09-13 18:40:00+00:00,2022-09-13 19:30:00+00:00,1729.985,1725.5160516357644,1738.6349249999996,1725.5160516357644,11,tp,0.5166459089802141
VWAP_MR,M5,long,2022-09-13 19:35:00+00:00,2022-09-13 19:40:00+00:00,1717.877,1709.287615,1709.287615,1726.6374570974888,2,sl,-1.0
VWAP_MR,M5,long,2022-09-13 19:55:00+00:00,2022-09-13 20:10:00+00:00,1706.534,1698.00133,1698.00133,1720.4477043251181,4,sl,-1.0
VWAP_MR,M5,short,2022-09-14 11:45:00+00:00,2022-09-14 13:20:00+00:00,1704.908,1700.8783778455513,1713.4325399999998,1700.8783778455513,20,tp,0.472708457517783
VWAP_MR,M5,short,2022-09-14 15:10:00+00:00,2022-09-14 16:50:00+00:00,1704.616,1704.975,1713.1390799999997,1701.821602984852,21,timeout,-0.04212092342204178
VWAP_MR,M5,short,2022-09-16 16:35:00+00:00,2022-09-16 16:50:00+00:00,1665.115,1660.0145141453308,1673.4405749999999,1660.0145141453308,4,tp,0.612628659842624
VWAP_MR,M5,short,2022-09-16 18:05:00+00:00,2022-09-16 19:45:00+00:00,1666.505,1661.855,1674.837525,1660.0245830201472,21,timeout,0.5580541312507553
VWAP_MR,M5,short,2022-09-16 21:15:00+00:00,2022-09-16 21:30:00+00:00,1669.819,1678.1680949999998,1678.1680949999998,1662.550234385354,4,sl,-1.0
VWAP_MR,M5,short,2022-09-19 06:00:00+00:00,2022-09-19 07:40:00+00:00,1678.468,1676.778,1686.86034,1674.6360476975337,21,timeout,0.20137411020050183
VWAP_MR,M5,long,2022-09-19 08:30:00+00:00,2022-09-19 10:10:00+00:00,1672.805,1669.818,1664.440975,1676.037533486955,21,timeout,-0.3571247096942023
VWAP_MR,M5,short,2022-09-19 19:45:00+00:00,2022-09-19 20:25:00+00:00,1667.205,1663.434935622217,1675.5410249999998,1663.434935622217,9,tp,0.45226164482269127
VWAP_MR,M5,short,2022-09-20 05:20:00+00:00,2022-09-20 07:00:00+00:00,1675.648,1676.765,1684.0262399999997,1671.5036552209306,21,timeout,-0.1333215567947706
VWAP_MR,M5,short,2022-09-20 07:10:00+00:00,2022-09-20 08:45:00+00:00,1678.825,1673.5028578601193,1687.2191249999998,1673.5028578601193,20,tp,0.6340317948423272
VWAP_MR,M5,short,2022-09-21 13:00:00+00:00,2022-09-21 13:25:00+00:00,1666.128,1674.4586399999998,1674.4586399999998,1664.246816070871,6,sl,-1.0
VWAP_MR,M5,short,2022-09-22 01:40:00+00:00,2022-09-22 01:45:00+00:00,1677.666,1686.0543299999997,1686.0543299999997,1667.1514331572157,2,sl,-1.0
VWAP_MR,M5,short,2022-09-22 01:50:00+00:00,2022-09-22 03:30:00+00:00,1685.256,1673.835,1693.68228,1668.0035458797768,21,timeout,1.3554023839701714
VWAP_MR,M5,long,2022-09-22 08:15:00+00:00,2022-09-22 09:55:00+00:00,1658.423,1661.225,1650.130885,1671.4917305727297,21,timeout,0.33791137725416476
VWAP_MR,M5,short,2022-09-22 19:50:00+00:00,2022-09-22 21:05:00+00:00,1683.565,1670.8428691053557,1691.9828249999998,1670.8428691053557,16,tp,1.5113323090756465
VWAP_MR,M5,short,2022-09-23 07:50:00+00:00,2022-09-23 08:35:00+00:00,1674.088,1672.1538307632302,1682.4584399999999,1672.1538307632302,10,tp,0.23107139371046148
VWAP_MR,M5,long,2022-09-23 16:35:00+00:00,2022-09-23 16:55:00+00:00,1660.953,1652.6482349999999,1652.6482349999999,1667.251991860046,5,sl,-1.0
VWAP_MR,M5,long,2022-09-23 17:50:00+00:00,2022-09-23 18:00:00+00:00,1649.991,1641.741045,1641.741045,1663.4154532152852,3,sl,-1.0
VWAP_MR,M5,short,2022-09-27 13:00:00+00:00,2022-09-27 14:40:00+00:00,1636.078,1638.675,1644.2583899999997,1631.1227898092156,21,timeout,-0.31746652665704883
VWAP_MR,M5,short,2022-09-27 18:45:00+00:00,2022-09-27 19:00:00+00:00,1642.138,1636.7014136039302,1650.3486899999998,1636.7014136039302,4,tp,0.662135142852771
VWAP_MR,M5,short,2022-09-28 17:25:00+00:00,2022-09-28 19:05:00+00:00,1626.385,1626.855,1634.516925,1620.6082237715925,21,timeout,-0.05779689310956907
VWAP_MR,M5,short,2022-09-28 19:25:00+00:00,2022-09-28 20:30:00+00:00,1635.184,1643.3599199999999,1643.3599199999999,1623.4673099865845,14,sl,-1.0
VWAP_MR,M5,short,2022-09-28 20:50:00+00:00,2022-09-28 22:30:00+00:00,1647.278,1655.5143899999998,1655.5143899999998,1629.7114088120034,21,sl,-1.0
VWAP_MR,M5,short,2022-09-29 20:20:00+00:00,2022-09-29 21:20:00+00:00,1654.578,1648.9434744734187,1662.8508899999997,1648.9434744734187,13,tp,0.681083095095113
VWAP_MR,M5,short,2022-09-29 22:15:00+00:00,2022-09-29 23:55:00+00:00,1658.815,1659.838,1667.1090749999998,1651.3781475496387,21,timeout,-0.12334105973239166
VWAP_MR,M5,short,2022-09-30 12:25:00+00:00,2022-09-30 14:05:00+00:00,1664.948,1670.168,1673.2727399999999,1662.5383727670016,21,timeout,-0.6270466104647028
VWAP_MR,M5,short,2022-09-30 21:40:00+00:00,2022-09-30 23:20:00+00:00,1674.145,1667.0884062073637,1682.5157249999997,1667.0884062073637,21,tp,0.8430086751907926
VWAP_MR,M5,short,2022-10-03 19:30:00+00:00,2022-10-03 21:10:00+00:00,1668.868,1677.2123399999998,1677.2123399999998,1663.887426189966,21,sl,-1.0
VWAP_MR,M5,short,2022-10-04 13:00:00+00:00,2022-10-04 14:40:00+00:00,1703.874,1709.282,1712.3933699999998,1698.1223319104695,21,timeout,-0.634788722640296
VWAP_MR,M5,short,2022-10-04 21:40:00+00:00,2022-10-04 22:35:00+00:00,1717.704,1726.2925199999997,1726.2925199999997,1709.0187698770387,12,sl,-1.0
VWAP_MR,M5,short,2022-10-04 23:05:00+00:00,2022-10-05 00:45:00+00:00,1725.268,1722.714,1733.8943399999998,1713.1859207811312,21,timeout,0.2960699439159767
VWAP_MR,M5,short,2022-10-05 13:45:00+00:00,2022-10-05 14:20:00+00:00,1725.168,1719.863684207459,1733.7938399999998,1719.863684207459,8,tp,0.614933246216121
VWAP_MR,M5,short,2022-10-07 12:50:00+00:00,2022-10-07 13:25:00+00:00,1713.224,1710.8748024632366,1721.7901199999997,1710.8748024632366,8,tp,0.27424289372123994
VWAP_MR,M5,long,2022-10-08 02:10:00+00:00,2022-10-08 03:50:00+00:00,1695.148,1694.688,1686.6722599999998,1700.5650112972962,21,timeout,-0.05427254729378252
VWAP_MR,M5,long,2022-10-11 09:20:00+00:00,2022-10-11 11:00:00+00:00,1661.548,1664.118,1653.24026,1669.2016317086732,21,timeout,0.30935007595326125
VWAP_MR,M5,short,2022-10-11 18:45:00+00:00,2022-10-11 20:25:00+00:00,1669.188,1669.765,1677.53394,1665.6469132781149,21,timeout,-0.06913541194880422
VWAP_MR,M5,short,2022-10-11 22:35:00+00:00,2022-10-11 23:25:00+00:00,1674.775,1683.1488749999999,1683.1488749999999,1669.030898795623,11,sl,-1.0
VWAP_MR,M5,short,2022-10-12 11:10:00+00:00,2022-10-12 12:50:00+00:00,1670.375,1669.035,1678.7268749999998,1664.3918616737528,21,timeout,0.16044301429319097
VWAP_MR,M5,short,2022-10-12 13:30:00+00:00,2022-10-12 15:10:00+00:00,1671.695,1670.508,1680.0534749999997,1666.46357172826,21,timeout,0.1420115511501716
VWAP_MR,M5,short,2022-10-13 01:15:00+00:00,2022-10-13 02:55:00+00:00,1676.095,1674.793,1684.475475,1670.007964265175,21,timeout,0.15536112213211603
VWAP_MR,M5,short,2022-10-13 15:35:00+00:00,2022-10-13 17:15:00+00:00,1673.065,1675.175,1681.4303249999998,1669.5764095535935,21,timeout,-0.2522316825706068
VWAP_MR,M5,short,2022-10-13 18:45:00+00:00,2022-10-13 19:30:00+00:00,1681.663,1673.7459997027775,1690.071315,1673.7459997027775,10,tp,0.9415679951598684
VWAP_MR,M5,long,2022-10-13 19:35:00+00:00,2022-10-13 19:45:00+00:00,1660.148,1651.84726,1651.84726,1674.77743316904,3,sl,-1.0
VWAP_MR,M5,long,2022-10-13 20:10:00+00:00,2022-10-13 21:50:00+00:00,1649.145,1649.278,1640.899275,1667.976119256255,21,timeout,0.016129570171214577
VWAP_MR,M5,short,2022-10-17 15:00:00+00:00,2022-10-17 16:40:00+00:00,1656.886,1657.158,1665.17043,1652.056274580874,21,timeout,-0.03283267527155602
VWAP_MR,M5,short,2022-10-17 17:15:00+00:00,2022-10-17 18:55:00+00:00,1659.735,1657.558,1668.0336749999997,1654.1290841332348,21,timeout,0.2623310347736194
VWAP_MR,M5,short,2022-10-17 19:30:00+00:00,2022-10-17 21:10:00+00:00,1663.818,1663.698,1672.1370899999997,1656.6709111945372,21,timeout,0.014424654619663295
VWAP_MR,M5,short,2022-10-18 11:10:00+00:00,2022-10-18 12:50:00+00:00,1654.558,1657.908,1662.8307899999998,1651.3030317902035,21,timeout,-0.4049419845058326
VWAP_MR,M5,short,2022-10-19 06:05:00+00:00,2022-10-19 07:45:00+00:00,1652.848,1652.218,1661.1122399999997,1650.5391872375178,21,timeout,0.07623205521619668
VWAP_MR,M5,long,2022-10-19 14:10:00+00:00,2022-10-19 14:55:00+00:00,1637.917,1645.5236309564068,1629.7274149999998,1645.5236309564068,10,tp,0.9288176331776049
VWAP_MR,M5,long,2022-10-19 17:45:00+00:00,2022-10-19 19:25:00+00:00,1632.768,1632.137,1624.60416,1640.870484725297,21,timeout,-0.07729205863908288
VWAP_MR,M5,short,2022-10-20 11:25:00+00:00,2022-10-20 13:05:00+00:00,1629.348,1631.177,1637.4947399999999,1626.2179378231588,21,timeout,-0.22450698070638947
VWAP_MR,M5,short,2022-10-20 17:45:00+00:00,2022-10-20 19:25:00+00:00,1636.727,1637.888,1644.910635,1631.2706746509473,21,timeout,-0.1418684973119952
VWAP_MR,M5,short,2022-10-20 21:25:00+00:00,2022-10-20 23:05:00+00:00,1641.528,1640.118,1649.7356399999999,1634.9866528824052,21,timeout,0.17179116043102605
VWAP_MR,M5,short,2022-10-21 17:10:00+00:00,2022-10-21 18:50:00+00:00,1626.667,1623.457,1634.8003349999997,1622.1533617775106,21,timeout,0.39467205027210894
VWAP_MR,M5,short,2022-10-21 20:05:00+00:00,2022-10-21 20:45:00+00:00,1632.407,1640.5690349999998,1640.5690349999998,1623.2717693151199,9,sl,-1.0
VWAP_MR,M5,short,2022-10-21 22:55:00+00:00,2022-10-22 00:35:00+00:00,1649.237,1651.837,1657.4831849999998,1633.6541378957845,21,timeout,-0.3152973162741305
VWAP_MR,M5,short,2022-10-25 02:05:00+00:00,2022-10-25 03:45:00+00:00,1651.598,1649.998,1659.8559899999998,1648.6984270073465,21,timeout,0.19375174830678418
VWAP_MR,M5,short,2022-10-25 06:15:00+00:00,2022-10-25 07:55:00+00:00,1652.278,1653.228,1660.53939,1649.746489809057,21,timeout,-0.11499275545641326
VWAP_MR,M5,short,2022-10-25 20:25:00+00:00,2022-10-25 20:45:00+00:00,1649.038,1657.2831899999999,1657.2831899999999,1642.2897560316596,5,sl,-1.0
VWAP_MR,M5,short,2022-10-26 09:50:00+00:00,2022-10-26 11:30:00+00:00,1655.618,1656.598,1663.8960899999997,1652.176800091742,21,timeout,-0.11838479649291596
VWAP_MR,M5,short,2022-10-26 12:45:00+00:00,2022-10-26 14:05:00+00:00,1659.198,1667.49399,1667.49399,1654.347064357451,17,sl,-1.0
VWAP_MR,M5,short,2022-10-26 22:25:00+00:00,2022-10-26 22:50:00+00:00,1672.098,1666.757750852215,1680.4584899999998,1666.757750852215,6,tp,0.6387483446287412
VWAP_MR,M5,short,2022-10-28 09:05:00+00:00,2022-10-28 09:50:00+00:00,1666.717,1662.4507090246373,1675.050585,1662.4507090246373,10,tp,0.5119394564719636
VWAP_MR,M5,long,2022-10-28 12:50:00+00:00,2022-10-28 14:15:00+00:00,1660.647,1652.3437649999998,1652.3437649999998,1663.8320160640085,18,sl,-1.0
VWAP_MR,M5,long,2022-10-28 14:35:00+00:00,2022-10-28 16:15:00+00:00,1652.157,1647.398,1643.896215,1659.4439345289227,21,timeout,-0.5760953710815677
VWAP_MR,M5,short,2022-10-31 11:10:00+00:00,2022-10-31 12:40:00+00:00,1644.777,1642.563565231229,1653.000885,1642.563565231229,19,tp,0.2691470963870635
VWAP_MR,M5,short,2022-11-01 14:05:00+00:00,2022-11-01 15:45:00+00:00,1647.417,1647.528,1655.6540849999997,1640.7765643164018,21,timeout,-0.013475640957948962
VWAP_MR,M5,short,2022-11-02 08:45:00+00:00,2022-11-02 09:05:00+00:00,1650.827,1648.3221232619342,1659.081135,1648.3221232619342,5,tp,0.30346932029411444
VWAP_MR,M5,short,2022-11-02 10:00:00+00:00,2022-11-02 11:40:00+00:00,1651.598,1650.798,1659.8559899999998,1648.806763032046,21,timeout,0.09687587415339209
VWAP_MR,M5,short,2022-11-03 01:10:00+00:00,2022-11-03 01:35:00+00:00,1660.287,1668.588435,1668.588435,1651.1876860785942,6,sl,-1.0
VWAP_MR,M5,short,2022-11-03 01:40:00+00:00,2022-11-03 01:50:00+00:00,1669.027,1654.9996729060658,1677.3721349999998,1654.9996729060658,3,tp,1.6808987624447722
VWAP_MR,M5,long,2022-11-03 15:10:00+00:00,2022-11-03 16:50:00+00:00,1627.008,1620.318,1618.87296,1633.581233044306,21,timeout,-0.8223684210526264
VWAP_MR,M5,short,2022-11-03 21:55:00+00:00,2022-11-03 23:35:00+00:00,1628.868,1625.788,1637.0123399999998,1621.3961993399357,21,timeout,0.3781767460592254
VWAP_MR,M5,short,2022-11-04 11:00:00+00:00,2022-11-04 12:00:00+00:00,1639.158,1647.3537899999997,1647.3537899999997,1633.8176811043484,13,sl,-1.0
VWAP_MR,M5,short,2022-11-04 19:50:00+00:00,2022-11-04 20:15:00+00:00,1657.437,1665.7241849999998,1665.7241849999998,1650.0835574878267,6,sl,-1.0
VWAP_MR,M5,short,2022-11-04 21:20:00+00:00,2022-11-04 23:00:00+00:00,1671.587,1670.518,1679.9449349999998,1657.6674228030124,21,timeout,0.1279024065154837
VWAP_MR,M5,short,2022-11-07 15:35:00+00:00,2022-11-07 17:15:00+00:00,1674.488,1679.538,1682.86044,1670.7548017925978,21,timeout,-0.6031694464218356
VWAP_MR,M5,short,2022-11-08 21:55:00+00:00,2022-11-08 22:10:00+00:00,1677.987,1686.376935,1686.376935,1672.798383314485,4,sl,-1.0
VWAP_MR,M5,short,2022-11-09 14:15:00+00:00,2022-11-09 15:55:00+00:00,1711.188,1712.988,1719.7439399999998,1709.1218865844662,21,timeout,-0.21038015694359824
VWAP_MR,M5,short,2022-11-09 21:50:00+00:00,2022-11-09 22:45:00+00:00,1715.748,1708.53736317605,1724.32674,1708.53736317605,12,tp,0.8405239958257525
VWAP_MR,M5,short,2022-11-10 20:10:00+00:00,2022-11-10 20:30:00+00:00,1709.678,1718.22639,1718.22639,1707.2414379665972,5,sl,-1.0
VWAP_MR,M5,short,2022-11-11 12:35:00+00:00,2022-11-11 14:15:00+00:00,1761.387,1758.028,1770.1939349999998,1751.2208512050572,21,timeout,0.38140397311890967
VWAP_MR,M5,short,2022-11-14 21:45:00+00:00,2022-11-14 23:25:00+00:00,1767.578,1768.198,1776.4158899999998,1759.4848365432372,21,timeout,-0.07015249114892051
VWAP_MR,M5,short,2022-11-15 14:30:00+00:00,2022-11-15 16:10:00+00:00,1776.958,1777.188,1785.84279,1771.5892060556564,21,timeout,-0.02588693711387915
VWAP_MR,M5,short,2022-11-15 20:35:00+00:00,2022-11-15 20:55:00+00:00,1782.407,1776.1340071673471,1791.3190349999998,1776.1340071673471,5,tp,0.7038788371738787
VWAP_MR,M5,short,2022-11-16 01:45:00+00:00,2022-11-16 02:15:00+00:00,1782.138,1772.8783105341874,1791.0486899999996,1772.8783105341874,7,tp,1.0391663794625083
VWAP_MR,M5,short,2022-11-16 15:00:00+00:00,2022-11-16 16:40:00+00:00,1777.028,1782.068,1785.9131399999999,1773.5570085637585,21,timeout,-0.5672392331465841
VWAP_MR,M5,long,2022-11-17 10:15:00+00:00,2022-11-17 11:55:00+00:00,1765.347,1762.767,1756.5202649999999,1770.6523576367663,21,timeout,-0.29229380965893936
VWAP_MR,M5,short,2022-11-18 07:50:00+00:00,2022-11-18 09:30:00+00:00,1762.898,1763.698,1771.7124899999997,1760.6217816468384,21,timeout,-0.09075964689961694
VWAP_MR,M5,short,2022-11-18 14:20:00+00:00,2022-11-18 14:35:00+00:00,1765.368,1763.186097591257,1774.1948399999997,1763.186097591257,4,tp,0.24718952748015607
VWAP_MR,M5,short,2022-11-18 14:50:00+00:00,2022-11-18 15:10:00+00:00,1766.387,1763.4173223316416,1775.2189349999996,1763.4173223316416,5,tp,0.3362431526453118
VWAP_MR,M5,short,2022-11-22 07:20:00+00:00,2022-11-22 09:00:00+00:00,1740.208,1742.938,1748.90904,1738.0521707225098,21,timeout,-0.3137555970320839
VWAP_MR,M5,short,2022-11-22 16:45:00+00:00,2022-11-22 18:25:00+00:00,1747.477,1747.888,1756.214385,1743.6042409328375,21,timeout,-0.04703924572395921
VWAP_MR,M5,long,2022-11-23 11:05:00+00:00,2022-11-23 12:45:00+00:00,1736.518,1735.625,1727.83541,1740.0835017448098,21,timeout,-0.1028494953694712
VWAP_MR,M5,short,2022-11-23 14:50:00+00:00,2022-11-23 16:05:00+00:00,1743.998,1738.167751073679,1752.7179899999999,1738.167751073679,16,tp,0.6686072949993218
VWAP_MR,M5,short,2022-11-23 21:55:00+00:00,2022-11-23 23:35:00+00:00,1743.547,1742.898,1752.2647349999997,1737.3337356940156,21,timeout,0.07444594266746299
VWAP_MR,M5,short,2022-11-24 02:10:00+00:00,2022-11-24 03:50:00+00:00,1751.358,1750.948,1760.1147899999999,1742.0018735358128,21,timeout,0.04682080990863761
VWAP_MR,M5,short,2022-11-24 14:10:00+00:00,2022-11-24 14:55:00+00:00,1757.047,1754.6705190046991,1765.8322349999999,1754.6705190046991,10,tp,0.27050852883285725
VWAP_MR,M5,short,2022-11-24 16:10:00+00:00,2022-11-24 17:30:00+00:00,1757.147,1754.8864377522075,1765.9327349999996,1754.8864377522075,17,tp,0.25729916140112646
VWAP_MR,M5,short,2022-11-25 09:25:00+00:00,2022-11-25 11:05:00+00:00,1758.278,1760.728,1767.0693899999999,1755.062747522585,21,timeout,-0.2786817556723207
VWAP_MR,M5,short,2022-11-25 11:10:00+00:00,2022-11-25 12:50:00+00:00,1760.617,1757.608,1769.4200849999997,1756.2687815202842,21,timeout,0.34181198977404953
VWAP_MR,M5,long,2022-11-25 20:40:00+00:00,2022-11-25 21:55:00+00:00,1747.098,1751.0527570941235,1738.36251,1751.0527570941235,16,tp,0.4527229833842826
VWAP_MR,M5,short,2022-11-26 00:15:00+00:00,2022-11-28 06:05:00+00:00,1754.758,1753.677,1763.5317899999998,1749.8278002497002,21,timeout,0.12320787253856812
VWAP_MR,M5,short,2022-11-28 14:25:00+00:00,2022-11-28 14:30:00+00:00,1753.398,1750.5020845801741,1762.1649899999998,1750.5020845801741,2,tp,0.33032037447582563
VWAP_MR,M5,short,2022-11-28 16:45:00+00:00,2022-11-28 18:25:00+00:00,1762.258,1761.118,1771.06929,1754.8282551932684,21,timeout,0.12937946657074237
VWAP_MR,M5,short,2022-11-29 08:45:00+00:00,2022-11-29 10:25:00+00:00,1744.368,1749.157,1753.0898399999996,1741.2240151617843,21,timeout,-0.5490813864964447
VWAP_MR,M5,short,2022-11-29 10:55:00+00:00,2022-11-29 12:35:00+00:00,1750.128,1754.148,1758.8786399999997,1744.7025586096552,21,timeout,-0.45939496996792206
VWAP_MR,M5,short,2022-11-30 08:50:00+00:00,2022-11-30 10:30:00+00:00,1753.547,1753.198,1762.314735,1749.9540767241672,21,timeout,0.03980503516585943
VWAP_MR,M5,short,2022-11-30 15:50:00+00:00,2022-11-30 17:30:00+00:00,1757.958,1759.438,1766.74779,1754.8435185769486,21,timeout,-0.16837717397116994
VWAP_MR,M5,short,2022-12-01 02:50:00+00:00,2022-12-01 04:30:00+00:00,1766.688,1768.408,1775.52144,1755.6307580449427,21,timeout,-0.1947146298610533
VWAP_MR,M5,short,2022-12-01 13:25:00+00:00,2022-12-01 14:55:00+00:00,1782.598,1777.2676704632202,1791.5109899999998,1777.2676704632202,19,tp,0.5980405606625738
VWAP_MR,M5,short,2022-12-01 20:25:00+00:00,2022-12-01 21:10:00+00:00,1785.477,1794.4043849999998,1794.4043849999998,1779.838510853618,10,sl,-1.0
VWAP_MR,M5,short,2022-12-01 22:00:00+00:00,2022-12-01 23:40:00+00:00,1803.038,1800.858,1812.0531899999999,1788.944277519456,21,timeout,0.2418140937684176
VWAP_MR,M5,short,2022-12-02 14:45:00+00:00,2022-12-02 16:25:00+00:00,1801.667,1800.868,1810.6753349999997,1798.286734160765,21,timeout,0.08869563576398962
VWAP_MR,M5,long,2022-12-02 20:35:00+00:00,2022-12-02 22:15:00+00:00,1785.558,1785.738,1776.63021,1799.4509036276413,21,timeout,0.020161764557641307
VWAP_MR,M5,short,2022-12-05 08:45:00+00:00,2022-12-05 10:25:00+00:00,1807.518,1807.377,1816.55559,1799.4251462128577,21,timeout,0.015601504383367448
VWAP_MR,M5,long,2022-12-05 14:15:00+00:00,2022-12-05 15:55:00+00:00,1799.088,1797.078,1790.09256,1806.7342993161524,21,timeout,-0.2234465462501011
VWAP_MR,M5,short,2022-12-06 20:00:00+00:00,2022-12-06 21:40:00+00:00,1780.157,1777.948,1789.0577849999997,1774.3580477317835,21,timeout,0.24818035712579045
VWAP_MR,M5,short,2022-12-07 16:00:00+00:00,2022-12-07 16:25:00+00:00,1775.267,1772.5114456973893,1784.1433349999998,1772.5114456973893,6,tp,0.3104382949281301
VWAP_MR,M5,short,2022-12-07 21:00:00+00:00,2022-12-07 22:15:00+00:00,1778.678,1787.5713899999998,1787.5713899999998,1774.3262660493142,16,sl,-1.0
VWAP_MR,M5,short,2022-12-08 02:55:00+00:00,2022-12-08 04:35:00+00:00,1789.808,1785.758,1798.7570399999997,1782.4548480435783,21,timeout,0.4525625094982335
VWAP_MR,M5,short,2022-12-08 13:45:00+00:00,2022-12-08 15:20:00+00:00,1785.808,1783.171018455444,1794.7370399999998,1783.171018455444,20,tp,0.2953264342590062
VWAP_MR,M5,short,2022-12-08 19:25:00+00:00,2022-12-08 21:05:00+00:00,1786.068,1790.198,1794.9983399999999,1783.7093707232625,21,timeout,-0.4624683942604829
VWAP_MR,M5,short,2022-12-08 22:30:00+00:00,2022-12-08 23:15:00+00:00,1793.148,1787.710409615373,1802.1137399999998,1787.710409615373,10,tp,0.6064853971481418
VWAP_MR,M5,short,2022-12-09 08:10:00+00:00,2022-12-09 09:50:00+00:00,1791.348,1792.658,1800.3047399999998,1788.831837714111,21,timeout,-0.14625857175713114
VWAP_MR,M5,short,2022-12-09 18:35:00+00:00,2022-12-09 20:15:00+00:00,1797.698,1800.498,1806.6864899999998,1792.6675248107917,21,timeout,-0.31150949714579856
VWAP_MR,M5,short,2022-12-09 23:35:00+00:00,2022-12-10 01:15:00+00:00,1803.058,1798.018,1812.0732899999998,1797.0863017264135,21,timeout,0.5590502357661332
VWAP_MR,M5,short,2022-12-12 18:25:00+00:00,2022-12-12 19:55:00+00:00,1793.758,1790.152284100607,1802.72679,1790.152284100607,19,tp,0.40202924802488743
VWAP_MR,M5,short,2022-12-13 14:15:00+00:00,2022-12-13 15:55:00+00:00,1787.365,1785.765,1796.3018249999998,1784.3499857783388,21,timeout,0.17903450050772504
VWAP_MR,M5,short,2022-12-13 19:55:00+00:00,2022-12-13 20:30:00+00:00,1788.775,1797.7188749999998,1797.7188749999998,1786.0250960046135,8,sl,-1.0
VWAP_MR,M5,short,2022-12-13 20:35:00+00:00,2022-12-13 21:05:00+00:00,1805.548,1814.5757399999998,1814.5757399999998,1787.900149300911,7,sl,-1.0
VWAP_MR,M5,short,2022-12-13 21:10:00+00:00,2022-12-13 21:55:00+00:00,1814.388,1823.4599399999997,1823.4599399999997,1797.4097708339727,10,sl,-1.0
VWAP_MR,M5,short,2022-12-14 13:45:00+00:00,2022-12-14 14:10:00+00:00,1811.958,1810.3351400056035,1821.0177899999999,1810.3351400056035,6,tp,0.17912777165878968
VWAP_MR,M5,short,2022-12-14 21:45:00+00:00,2022-12-14 23:25:00+00:00,1811.375,1811.725,1820.4318749999998,1808.1536608989752,21,timeout,-0.03864467600578767
VWAP_MR,M5,long,2022-12-15 08:40:00+00:00,2022-12-15 10:05:00+00:00,1801.715,1792.7064249999999,1792.7064249999999,1806.272505252916,18,sl,-1.0
VWAP_MR,M5,long,2022-12-15 15:25:00+00:00,2022-12-15 17:05:00+00:00,1780.545,1777.505,1771.6422750000002,1790.7969599849105,21,timeout,-0.3414684829644846
VWAP_MR,M5,short,2022-12-16 14:15:00+00:00,2022-12-16 14:30:00+00:00,1784.875,1780.822726469074,1793.7993749999998,1780.822726469074,4,tp,0.4540680474460158
VWAP_MR,M5,short,2022-12-16 18:25:00+00:00,2022-12-16 20:05:00+00:00,1783.805,1785.448,1792.724025,1779.1425498122355,21,timeout,-0.1842129604973687
VWAP_MR,M5,short,2022-12-16 22:05:00+00:00,2022-12-16 23:45:00+00:00,1792.498,1789.008,1801.46049,1784.2560824009659,21,timeout,0.3894007134178172
VWAP_MR,M5,short,2022-12-19 10:10:00+00:00,2022-12-19 10:40:00+00:00,1796.275,1793.538648095919,1805.256375,1793.538648095919,7,tp,0.3046695972589078
VWAP_MR,M5,short,2022-12-19 15:25:00+00:00,2022-12-19 17:05:00+00:00,1797.635,1796.455,1806.6231749999997,1792.8771616145557,21,timeout,0.13128360317863186
VWAP_MR,M5,short,2022-12-20 10:10:00+00:00,2022-12-20 11:50:00+00:00,1794.145,1790.165,1803.1157249999999,1787.2609331400402,21,timeout,0.4436653670690007
VWAP_MR,M5,short,2022-12-20 15:20:00+00:00,2022-12-20 16:40:00+00:00,1797.775,1806.7638749999999,1806.7638749999999,1792.363639052848,17,sl,-1.0
VWAP_MR,M5,short,2022-12-20 17:15:00+00:00,2022-12-20 18:55:00+00:00,1806.565,1807.725,1815.5978249999998,1796.9826868026253,21,timeout,-0.12842051074828564
VWAP_MR,M5,short,2022-12-20 22:15:00+00:00,2022-12-20 23:55:00+00:00,1817.757,1817.898,1826.845785,1807.2259815123641,21,timeout,-0.015513624758408338
VWAP_MR,M5,short,2022-12-21 08:15:00+00:00,2022-12-21 08:30:00+00:00,1819.565,1817.651653819972,1828.6628249999999,1817.651653819972,4,tp,0.21030808792521205
VWAP_MR,M5,short,2022-12-21 20:15:00+00:00,2022-12-21 21:55:00+00:00,1816.698,1818.925,1825.7814899999998,1814.2249629000821,21,timeout,-0.24517008330497655
VWAP_MR,M5,short,2022-12-21 22:40:00+00:00,2022-12-21 23:10:00+00:00,1821.215,1816.6613211687886,1830.3210749999998,1816.6613211687886,7,tp,0.5000704289401681
VWAP_MR,M5,short,2022-12-22 20:10:00+00:00,2022-12-22 20:30:00+00:00,1818.405,1816.201907667677,1827.4970249999997,1816.201907667677,5,tp,0.24231041295234465
VWAP_MR,M5,short,2022-12-23 14:10:00+00:00,2022-12-23 15:50:00+00:00,1797.158,1796.775,1806.1437899999996,1794.5090261375863,21,timeout,0.04262285230345051
VWAP_MR,M5,short,2022-12-23 22:40:00+00:00,2022-12-24 00:20:00+00:00,1800.175,1800.595,1809.1758749999997,1795.9624313128916,21,timeout,-0.04666213007069709
VWAP_MR,M5,short,2022-12-27 06:10:00+00:00,2022-12-27 07:50:00+00:00,1800.998,1801.175,1810.00299,1797.3539464081719,21,timeout,-0.019655768634935636
VWAP_MR,M5,short,2022-12-27 16:30:00+00:00,2022-12-27 18:10:00+00:00,1809.225,1808.808,1818.2711249999998,1806.3000567878476,21,timeout,0.04609708576875993
VWAP_MR,M5,short,2022-12-27 18:30:00+00:00,2022-12-27 20:10:00+00:00,1809.615,1808.185,1818.6630749999997,1807.3284623730176,21,timeout,0.15804466695955893
VWAP_MR,M5,short,2022-12-29 01:20:00+00:00,2022-12-29 01:50:00+00:00,1808.355,1803.6639645788794,1817.396775,1803.6639645788794,7,tp,0.518817977788731
VWAP_MR,M5,short,2022-12-29 08:20:00+00:00,2022-12-29 10:00:00+00:00,1806.945,1807.465,1815.9797249999997,1804.9493753142085,21,timeout,-0.057555708668498046
VWAP_MR,M5,short,2022-12-29 16:00:00+00:00,2022-12-29 17:15:00+00:00,1810.105,1807.9338924414578,1819.155525,1807.9338924414578,16,tp,0.23988747156018225
VWAP_MR,M5,short,2022-12-29 20:45:00+00:00,2022-12-29 22:25:00+00:00,1811.225,1814.565,1820.2811249999997,1807.6767617118683,21,timeout,-0.3688111637151878
VWAP_MR,M5,short,2022-12-30 14:00:00+00:00,2022-12-30 14:40:00+00:00,1819.995,1817.8032322605088,1829.0949749999997,1817.8032322605088,9,tp,0.24085425943380107
VWAP_MR,M5,short,2022-12-30 21:15:00+00:00,2022-12-30 21:30:00+00:00,1823.398,1819.074104438961,1832.5149899999997,1819.074104438961,4,tp,0.4742678845802142
VWAP_MR,M5,short,2022-12-31 01:05:00+00:00,2022-12-31 02:45:00+00:00,1823.585,1822.177,1832.7029249999998,1818.377632091543,21,timeout,0.15442109909877105
VWAP_MR,M5,short,2023-01-03 06:05:00+00:00,2023-01-03 07:45:00+00:00,1826.537,1831.208,1835.6696849999998,1821.031339489531,21,timeout,-0.5114596638338174
VWAP_MR,M5,short,2023-01-03 09:50:00+00:00,2023-01-03 11:30:00+00:00,1837.948,1841.035,1847.13774,1828.2343496382896,21,timeout,-0.33591809996801386
VWAP_MR,M5,short,2023-01-03 21:45:00+00:00,2023-01-03 22:20:00+00:00,1847.885,1837.6165450799656,1857.1244249999997,1837.6165450799656,8,tp,1.111373805191846
VWAP_MR,M5,short,2023-01-04 08:45:00+00:00,2023-01-04 10:25:00+00:00,1842.125,1846.158,1851.3356249999997,1838.5356818370121,21,timeout,-0.43786388002986
VWAP_MR,M5,short,2023-01-04 14:40:00+00:00,2023-01-04 15:35:00+00:00,1855.248,1864.52424,1864.52424,1847.6975072976807,12,sl,-1.0
VWAP_MR,M5,short,2023-01-06 08:55:00+00:00,2023-01-06 10:35:00+00:00,1835.625,1839.737,1844.803125,1833.1942299376512,21,timeout,-0.4480217909431524
VWAP_MR,M5,short,2023-01-06 20:40:00+00:00,2023-01-06 20:50:00+00:00,1840.735,1849.9386749999996,1849.9386749999996,1836.8064743034624,3,sl,-1.0
VWAP_MR,M5,short,2023-01-06 22:10:00+00:00,2023-01-06 23:50:00+00:00,1855.755,1861.658,1865.0337749999999,1843.8291374952228,21,timeout,-0.6361831168446201
VWAP_MR,M5,short,2023-01-09 08:50:00+00:00,2023-01-09 10:30:00+00:00,1874.035,1877.338,1883.4051749999999,1868.5438004784173,21,timeout,-0.35250142073119844
VWAP_MR,M5,short,2023-01-10 08:50:00+00:00,2023-01-10 09:45:00+00:00,1874.705,1871.2667780145591,1884.0785249999997,1871.2667780145591,12,tp,0.3668013885321582
VWAP_MR,M5,short,2023-01-10 16:35:00+00:00,2023-01-10 17:45:00+00:00,1876.568,1873.6952122251585,1885.9508399999997,1873.6952122251585,15,tp,0.30617465232718455
VWAP_MR,M5,short,2023-01-10 21:30:00+00:00,2023-01-10 23:10:00+00:00,1877.895,1875.175,1887.2844749999997,1874.071241850806,21,timeout,0.2896860580597007
VWAP_MR,M5,short,2023-01-11 03:35:00+00:00,2023-01-11 06:10:00+00:00,1877.898,1876.615,1887.2874899999997,1874.9721535729668,21,timeout,0.136642139242912
VWAP_MR,M5,long,2023-01-11 08:35:00+00:00,2023-01-11 09:40:00+00:00,1872.878,1876.4208907937548,1863.51361,1876.4208907937548,14,tp,0.3783365273931208
VWAP_MR,M5,short,2023-01-11 12:20:00+00:00,2023-01-11 14:00:00+00:00,1880.045,1882.045,1889.445225,1875.3569171964477,21,timeout,-0.2127608647665379
VWAP_MR,M5,long,2023-01-11 19:20:00+00:00,2023-01-11 21:00:00+00:00,1878.205,1877.285,1868.813975,1883.641373038147,21,timeout,-0.0979658769942424
VWAP_MR,M5,long,2023-01-11 21:55:00+00:00,2023-01-11 23:35:00+00:00,1870.898,1871.405,1861.54351,1878.6706086140944,21,timeout,0.05419857202263993
VWAP_MR,M5,short,2023-01-12 09:05:00+00:00,2023-01-12 10:45:00+00:00,1881.405,1882.585,1890.8120249999997,1877.6266701074771,21,timeout,-0.1254381698783723
VWAP_MR,M5,short,2023-01-12 20:40:00+00:00,2023-01-12 21:45:00+00:00,1897.645,1887.3467122134928,1907.1332249999998,1887.3467122134928,14,tp,1.0853755877951252
VWAP_MR,M5,short,2023-01-13 14:50:00+00:00,2023-01-13 15:50:00+00:00,1898.865,1908.359325,1908.359325,1896.403495272423,13,sl,-1.0
VWAP_MR,M5,short,2023-01-13 21:55:00+00:00,2023-01-13 23:35:00+00:00,1910.878,1911.508,1920.4323899999997,1901.279482451488,21,timeout,-0.06593827549431448
VWAP_MR,M5,short,2023-01-16 09:05:00+00:00,2023-01-16 10:45:00+00:00,1924.295,1926.005,1933.9164749999998,1919.517470551762,21,timeout,-0.17772742744746428
VWAP_MR,M5,short,2023-01-17 06:35:00+00:00,2023-01-17 08:15:00+00:00,1916.995,1914.6060784696017,1926.5799749999996,1914.6060784696017,21,tp,0.2492360731664144
VWAP_MR,M5,short,2023-01-17 19:05:00+00:00,2023-01-17 20:05:00+00:00,1913.195,1907.9231289966485,1922.7609749999997,1907.9231289966485,13,tp,0.5511065002105424
VWAP_MR,M5,short,2023-01-17 21:20:00+00:00,2023-01-17 22:35:00+00:00,1915.755,1909.3427908602555,1925.3337749999998,1909.3427908602555,16,tp,0.6694184945094549
VWAP_MR,M5,long,2023-01-18 09:45:00+00:00,2023-01-18 11:25:00+00:00,1901.205,1897.308,1891.698975,1907.9233893421513,21,timeout,-0.40995053137352067
VWAP_MR,M5,short,2023-01-18 15:20:00+00:00,2023-01-18 17:00:00+00:00,1912.365,1914.125,1921.9268249999998,1902.4429330123758,21,timeout,-0.1840652804250269
VWAP_MR,M5,short,2023-01-19 10:50:00+00:00,2023-01-19 12:30:00+00:00,1910.605,1909.055,1920.1580249999997,1905.4290880026315,21,timeout,0.16225227087754948
VWAP_MR,M5,short,2023-01-19 15:30:00+00:00,2023-01-19 16:10:00+00:00,1916.025,1910.1469755373762,1925.6051249999998,1910.1469755373762,9,tp,0.6135644850796902
VWAP_MR,M5,short,2023-01-19 22:10:00+00:00,2023-01-19 23:50:00+00:00,1918.508,1920.465,1928.10054,1911.500842559451,21,timeout,-0.20401270153680945
VWAP_MR,M5,short,2023-01-20 03:20:00+00:00,2023-01-20 05:00:00+00:00,1934.795,1931.205,1944.4689749999998,1922.6201168236726,21,timeout,0.3710987468956925
VWAP_MR,M5,short,2023-01-20 15:15:00+00:00,2023-01-20 15:55:00+00:00,1936.095,1928.132710715044,1945.775475,1928.132710715044,9,tp,0.8225101851878349
VWAP_MR,M5,short,2023-01-23 08:55:00+00:00,2023-01-23 10:35:00+00:00,1933.655,1931.285,1943.3232749999997,1928.9441351590913,21,timeout,0.24513162896172772
VWAP_MR,M5,long,2023-01-23 13:10:00+00:00,2023-01-23 14:50:00+00:00,1924.707,1920.805,1915.0834650000002,1931.1314954267036,21,timeout,-0.4054643122303878
VWAP_MR,M5,short,2023-01-24 01:25:00+00:00,2023-01-24 03:05:00+00:00,1927.875,1927.535,1937.5143749999997,1920.292331859023,21,timeout,0.035271996369051636
VWAP_MR,M5,short,2023-01-24 13:50:00+00:00,2023-01-24 15:30:00+00:00,1938.975,1939.135,1948.6698749999996,1934.463998210519,21,timeout,-0.016503565027923214
VWAP_MR,M5,long,2023-01-25 17:20:00+00:00,2023-01-25 19:00:00+00:00,1923.355,1925.365,1913.738225,1929.5242401648507,21,timeout,0.20900977718621877
VWAP_MR,M5,short,2023-01-25 22:10:00+00:00,2023-01-25 23:50:00+00:00,1935.398,1934.305,1945.0749899999996,1927.0028697151406,21,timeout,0.11294834447487086
VWAP_MR,M5,short,2023-01-26 00:05:00+00:00,2023-01-26 01:45:00+00:00,1937.155,1940.657,1946.8407749999997,1929.939720504421,21,timeout,-0.3615611554057433
VWAP_MR,M5,short,2023-01-27 19:10:00+00:00,2023-01-27 20:50:00+00:00,1931.215,1931.725,1940.8710749999998,1926.8578930633253,21,timeout,-0.05281649117265531
VWAP_MR,M5,short,2023-01-30 11:20:00+00:00,2023-01-30 13:00:00+00:00,1930.535,1931.375,1940.187675,1927.0586531280105,21,timeout,-0.08702250930440879
VWAP_MR,M5,long,2023-01-30 15:00:00+00:00,2023-01-30 16:40:00+00:00,1923.785,1924.135,1914.166075,1929.7353049335939,21,timeout,0.0363866024529674
VWAP_MR,M5,short,2023-01-31 08:45:00+00:00,2023-01-31 10:25:00+00:00,1925.998,1923.825,1935.62799,1922.5910110079628,21,timeout,0.22564924781853593
VWAP_MR,M5,short,2023-02-01 14:10:00+00:00,2023-02-01 14:25:00+00:00,1928.817,1926.3913037675059,1938.461085,1926.3913037675059,4,tp,0.25152165627886636
VWAP_MR,M5,short,2023-02-01 18:30:00+00:00,2023-02-01 20:10:00+00:00,1928.285,1930.368,1937.9264249999999,1925.6460298636969,21,timeout,-0.21604690178058739
VWAP_MR,M5,short,2023-02-01 20:30:00+00:00,2023-02-01 20:35:00+00:00,1932.885,1927.990362234394,1942.5494249999997,1927.990362234394,2,tp,0.5064592839828617
VWAP_MR,M5,short,2023-02-02 02:45:00+00:00,2023-02-02 02:55:00+00:00,1933.658,1943.3262899999997,1943.3262899999997,1927.0785350283065,3,sl,-1.0
VWAP_MR,M5,short,2023-02-02 03:25:00+00:00,2023-02-02 03:45:00+00:00,1942.365,1952.0768249999999,1952.0768249999999,1931.4216050946848,5,sl,-1.0
VWAP_MR,M5,short,2023-02-02 15:25:00+00:00,2023-02-02 16:15:00+00:00,1959.355,1954.5549050823527,1969.1517749999998,1954.5549050823527,11,tp,0.4899668429301945
VWAP_MR,M5,long,2023-02-02 21:40:00+00:00,2023-02-02 21:50:00+00:00,1942.405,1932.692975,1932.692975,1950.9201807623874,3,sl,-1.0
VWAP_MR,M5,long,2023-02-03 20:35:00+00:00,2023-02-03 20:40:00+00:00,1903.418,1893.9009099999998,1893.9009099999998,1911.7350977452188,2,sl,-1.0
VWAP_MR,M5,short,2023-02-06 08:40:00+00:00,2023-02-06 10:20:00+00:00,1871.205,1874.345,1880.5610249999997,1866.1847720950768,21,timeout,-0.335612613262594
VWAP_MR,M5,short,2023-02-07 07:45:00+00:00,2023-02-07 09:25:00+00:00,1870.425,1872.955,1879.7771249999998,1868.1714980860675,21,timeout,-0.270526751941404
VWAP_MR,M5,short,2023-02-07 10:00:00+00:00,2023-02-07 11:40:00+00:00,1874.895,1871.717,1884.2694749999998,1870.5823839461275,21,timeout,0.3390056509831148
VWAP_MR,M5,short,2023-02-07 22:55:00+00:00,2023-02-08 00:35:00+00:00,1876.548,1871.395,1885.9307399999998,1869.7354580173924,21,timeout,0.549199913884445
VWAP_MR,M5,short,2023-02-08 00:50:00+00:00,2023-02-08 01:20:00+00:00,1882.147,1872.241099154441,1891.5577349999996,1872.241099154441,7,tp,1.0526171277333098
VWAP_MR,M5,short,2023-02-08 08:10:00+00:00,2023-02-08 09:50:00+00:00,1877.665,1876.065,1887.0533249999999,1872.0660013161107,21,timeout,0.1704244367339144
VWAP_MR,M5,short,2023-02-09 09:10:00+00:00,2023-02-09 10:50:00+00:00,1878.055,1878.795,1887.4452749999998,1874.75454654036,21,timeout,-0.07880493382781964
VWAP_MR,M5,short,2023-02-09 15:40:00+00:00,2023-02-09 16:25:00+00:00,1884.625,1880.5885794235064,1894.0481249999998,1880.5885794235064,10,tp,0.42835265121641375
VWAP_MR,M5,short,2023-02-09 17:55:00+00:00,2023-02-09 18:20:00+00:00,1885.688,1881.7891528629536,1895.11644,1881.7891528629536,6,tp,0.41351985450896406
VWAP_MR,M5,short,2023-02-09 21:00:00+00:00,2023-02-09 21:35:00+00:00,1886.325,1882.6445809834959,1895.7566249999998,1882.6445809834959,8,tp,0.3902210930252514
VWAP_MR,M5,short,2023-02-10 14:50:00+00:00,2023-02-10 16:30:00+00:00,1864.845,1863.275,1874.1692249999999,1858.6003848387734,21,timeout,0.16837860519238468
VWAP_MR,M5,short,2023-02-13 13:35:00+00:00,2023-02-13 15:15:00+00:00,1863.948,1863.115,1873.26774,1860.2012246490656,21,timeout,0.08938017584182517
VWAP_MR,M5,short,2023-02-14 13:55:00+00:00,2023-02-14 14:20:00+00:00,1863.535,1858.5530371472041,1872.8526749999999,1858.5530371472041,6,tp,0.5346787533151861
VWAP_MR,M5,short,2023-02-14 16:45:00+00:00,2023-02-14 17:45:00+00:00,1863.325,1859.9014011327408,1872.6416249999997,1859.9014011327408,13,tp,0.3674720048579099
VWAP_MR,M5,short,2023-02-15 08:45:00+00:00,2023-02-15 09:40:00+00:00,1858.615,1855.0508077609832,1867.9080749999998,1855.0508077609832,12,tp,0.3835320643615722
VWAP_MR,M5,short,2023-02-16 08:35:00+00:00,2023-02-16 10:15:00+00:00,1840.045,1841.235,1849.245225,1836.447441192971,21,timeout,-0.1293446627663835
VWAP_MR,M5,short,2023-02-16 15:15:00+00:00,2023-02-16 15:45:00+00:00,1842.675,1838.5516024618873,1851.8883749999998,1838.5516024618873,7,tp,0.4475447420855762
VWAP_MR,M5,short,2023-02-16 23:50:00+00:00,2023-02-17 01:30:00+00:00,1839.398,1841.665,1848.5949899999998,1833.5229135097368,21,timeout,-0.24649368978329583
VWAP_MR,M5,short,2023-02-17 19:35:00+00:00,2023-02-17 21:15:00+00:00,1827.335,1827.745,1836.4716749999998,1823.123415576713,21,timeout,-0.044874092599317156
VWAP_MR,M5,short,2023-02-17 22:10:00+00:00,2023-02-17 22:40:00+00:00,1830.775,1839.9288749999998,1839.9288749999998,1826.2145375106381,7,sl,-1.0
VWAP_MR,M5,short,2023-02-20 11:30:00+00:00,2023-02-20 13:10:00+00:00,1844.475,1843.885,1853.6973749999997,1840.3942616236438,21,timeout,0.06397484379023073
VWAP_MR,M5,short,2023-02-21 21:05:00+00:00,2023-02-21 21:55:00+00:00,1837.035,1834.3145742520114,1846.220175,1834.3145742520114,11,tp,0.29617571227425743
VWAP_MR,M5,short,2023-02-22 19:25:00+00:00,2023-02-22 20:25:00+00:00,1841.505,1836.5394329105898,1850.712525,1836.5394329105898,13,tp,0.539294445511736
VWAP_MR,M5,short,2023-02-23 13:40:00+00:00,2023-02-23 15:05:00+00:00,1833.455,1828.6210190538923,1842.6222749999997,1828.6210190538923,18,tp,0.5273083818373255
VWAP_MR,M5,short,2023-02-24 07:55:00+00:00,2023-02-24 09:35:00+00:00,1825.495,1825.875,1834.6224749999997,1823.11517596062,21,timeout,-0.041632543501912464
VWAP_MR,M5,short,2023-02-27 19:20:00+00:00,2023-02-27 19:25:00+00:00,1813.105,1810.6880405707807,1822.1705249999998,1810.6880405707807,2,tp,0.266609978927795
VWAP_MR,M5,short,2023-02-28 21:00:00+00:00,2023-02-28 22:00:00+00:00,1813.165,1822.2308249999999,1822.2308249999999,1809.933204285718,13,sl,-1.0
VWAP_MR,M5,short,2023-02-28 22:40:00+00:00,2023-03-01 00:20:00+00:00,1825.015,1829.368,1834.1400749999998,1815.2997715556476,21,timeout,-0.4770371750369156
VWAP_MR,M5,short,2023-03-01 20:00:00+00:00,2023-03-01 20:45:00+00:00,1838.905,1834.7178209279352,1848.0995249999999,1834.7178209279352,10,tp,0.4553991720143008
VWAP_MR,M5,short,2023-03-01 22:00:00+00:00,2023-03-01 22:10:00+00:00,1842.415,1836.9981781243175,1851.6270749999999,1836.9981781243175,3,tp,0.5880132191371102
VWAP_MR,M5,long,2023-03-02 08:45:00+00:00,2023-03-02 10:25:00+00:00,1832.485,1833.718,1823.322575,1836.6629473287437,21,timeout,0.13457136074785625
VWAP_MR,M5,short,2023-03-02 18:30:00+00:00,2023-03-02 19:35:00+00:00,1834.145,1832.1889647828104,1843.3157249999997,1832.1889647828104,14,tp,0.21329123021239837
VWAP_MR,M5,short,2023-03-03 13:25:00+00:00,2023-03-03 15:05:00+00:00,1841.625,1844.578,1850.8331249999999,1839.3994741810209,21,timeout,-0.32069503834928526
VWAP_MR,M5,short,2023-03-07 09:20:00+00:00,2023-03-07 10:50:00+00:00,1850.175,1846.6122134675982,1859.4258749999997,1846.6122134675982,19,tp,0.38512968042502943
VWAP_MR,M5,short,2023-03-07 14:30:00+00:00,2023-03-07 15:10:00+00:00,1850.575,1847.9090784415014,1859.827875,1847.9090784415014,9,tp,0.2881181858069729
VWAP_MR,M5,long,2023-03-07 22:15:00+00:00,2023-03-07 23:55:00+00:00,1821.518,1819.575,1812.41041,1834.444614670317,21,timeout,-0.2133385451035859
VWAP_MR,M5,short,2023-03-08 22:30:00+00:00,2023-03-09 00:10:00+00:00,1822.595,1816.3037469469039,1831.7079749999998,1816.3037469469039,21,tp,0.6903621543015671
VWAP_MR,M5,short,2023-03-09 18:10:00+00:00,2023-03-09 19:50:00+00:00,1818.945,1817.835,1828.0397249999996,1815.7224534143782,21,timeout,0.12204877002877347
VWAP_MR,M5,short,2023-03-09 21:05:00+00:00,2023-03-09 22:45:00+00:00,1826.925,1831.355,1836.0596249999999,1819.5433460974225,21,timeout,-0.48496791056010563
VWAP_MR,M5,short,2023-03-10 15:10:00+00:00,2023-03-10 16:50:00+00:00,1835.948,1833.475,1845.12774,1831.4994749959785,21,timeout,0.2693976082111514
VWAP_MR,M5,short,2023-03-10 20:35:00+00:00,2023-03-10 21:25:00+00:00,1839.154,1848.3497699999998,1848.3497699999998,1835.0702693020157,11,sl,-1.0
VWAP_MR,M5,short,2023-03-10 22:05:00+00:00,2023-03-10 23:45:00+00:00,1860.164,1858.445,1869.4648199999997,1844.9191654272586,21,timeout,0.1848224135076376
VWAP_MR,M5,short,2023-03-13 05:05:00+00:00,2023-03-13 05:05:00+00:00,1878.748,1888.1417399999998,1888.1417399999998,1864.0458960699848,1,sl,-1.0
VWAP_MR,M5,short,2023-03-13 15:55:00+00:00,2023-03-13 16:40:00+00:00,1883.255,1892.671275,1892.671275,1878.205605225553,10,sl,-1.0
VWAP_MR,M5,short,2023-03-13 19:35:00+00:00,2023-03-13 20:45:00+00:00,1899.435,1908.9321749999997,1908.9321749999997,1885.5040643706834,15,sl,-1.0
VWAP_MR,M5,long,2023-03-15 07:15:00+00:00,2023-03-15 08:55:00+00:00,1901.398,1903.515,1891.8910099999998,1905.5788992514883,21,timeout,0.22267826094275578
VWAP_MR,M5,long,2023-03-15 15:10:00+00:00,2023-03-15 16:50:00+00:00,1892.975,1894.185,1883.5101249999998,1899.7181716512878,21,timeout,0.12784109668643495
VWAP_MR,M5,short,2023-03-15 17:45:00+00:00,2023-03-15 18:35:00+00:00,1908.825,1918.369125,1918.369125,1897.596808854184,11,sl,-1.0
VWAP_MR,M5,short,2023-03-15 18:55:00+00:00,2023-03-15 19:55:00+00:00,1917.444,1927.0312199999998,1927.0312199999998,1901.4177027021396,13,sl,-1.0
VWAP_MR,M5,long,2023-03-16 01:45:00+00:00,2023-03-16 03:25:00+00:00,1911.315,1917.635,1901.758425,1924.6451698573937,21,timeout,0.6613247947093904
VWAP_MR,M5,short,2023-03-16 18:15:00+00:00,2023-03-16 19:55:00+00:00,1924.325,1930.165,1933.9466249999998,1918.7412548891903,21,timeout,-0.6069660790147257
VWAP_MR,M5,short,2023-03-17 09:20:00+00:00,2023-03-17 11:00:00+00:00,1922.995,1927.365,1932.6099749999996,1920.3230342654251,21,timeout,-0.4544993616728323
VWAP_MR,M5,short,2023-03-17 18:25:00+00:00,2023-03-17 19:35:00+00:00,1934.305,1943.9765249999998,1943.9765249999998,1930.7690471543785,15,sl,-1.0
VWAP_MR,M5,short,2023-03-20 13:00:00+00:00,2023-03-20 14:05:00+00:00,1984.145,1994.0657249999997,1994.0657249999997,1972.8564649668022,14,sl,-1.0
VWAP_MR,M5,short,2023-03-20 14:15:00+00:00,2023-03-20 14:30:00+00:00,1997.745,2007.7337249999996,2007.7337249999996,1982.3381316279954,4,sl,-1.0
VWAP_MR,M5,short,2023-03-21 10:00:00+00:00,2023-03-21 11:40:00+00:00,1983.475,1981.775,1993.3923749999997,1979.5698615417464,21,timeout,0.17141632740517107
VWAP_MR,M5,short,2023-03-22 21:55:00+00:00,2023-03-22 23:35:00+00:00,1948.845,1948.615,1958.5892249999997,1942.5026556818236,21,timeout,0.023603724257190855
VWAP_MR,M5,short,2023-03-23 01:05:00+00:00,2023-03-23 01:05:00+00:00,1955.178,1964.95389,1964.95389,1946.6196244267617,1,sl,-1.0
VWAP_MR,M5,short,2023-03-23 01:45:00+00:00,2023-03-23 03:25:00+00:00,1968.924,1967.985,1978.7686199999998,1952.3992784925206,21,timeout,0.09538204623439935
VWAP_MR,M5,short,2023-03-23 11:00:00+00:00,2023-03-23 12:40:00+00:00,1977.355,1979.405,1987.2417749999997,1971.3810872551373,21,timeout,-0.20734769426835478
VWAP_MR,M5,short,2023-03-23 22:30:00+00:00,2023-03-24 00:10:00+00:00,1985.904,1993.678,1995.8335199999997,1978.390864066378,21,timeout,-0.7829180061070788
VWAP_MR,M5,short,2023-03-24 17:00:00+00:00,2023-03-24 18:40:00+00:00,1994.625,1993.215,2004.5981249999998,1988.222659596034,21,timeout,0.14137995863885358
VWAP_MR,M5,long,2023-03-27 16:25:00+00:00,2023-03-27 17:10:00+00:00,1962.025,1952.2148750000001,1952.2148750000001,1969.3368927309161,10,sl,-1.0
VWAP_MR,M5,long,2023-03-27 17:45:00+00:00,2023-03-27 19:25:00+00:00,1950.698,1955.665,1940.94451,1963.2209653839207,21,timeout,0.5092536107587994
VWAP_MR,M5,short,2023-03-28 08:30:00+00:00,2023-03-28 10:10:00+00:00,1962.035,1959.615,1971.845175,1958.041574673621,21,timeout,0.2466826534694958
VWAP_MR,M5,short,2023-03-28 19:25:00+00:00,2023-03-28 21:05:00+00:00,1963.898,1962.365,1973.7174899999998,1954.9116655159833,21,timeout,0.15611808759924636
VWAP_MR,M5,long,2023-03-29 08:25:00+00:00,2023-03-29 10:05:00+00:00,1968.395,1968.705,1958.553025,1972.2141770208473,21,timeout,0.03149774308509663
VWAP_MR,M5,long,2023-03-29 13:25:00+00:00,2023-03-29 15:05:00+00:00,1960.595,1961.705,1950.792025,1966.7298065843204,21,timeout,0.11323093244651682
VWAP_MR,M5,long,2023-03-30 02:50:00+00:00,2023-03-30 05:25:00+00:00,1961.085,1963.995,1951.279575,1966.1966017657583,21,timeout,0.29677448963199965
VWAP_MR,M5,short,2023-03-30 12:40:00+00:00,2023-03-30 14:20:00+00:00,1964.015,1967.615,1973.835075,1959.8379637625326,21,timeout,-0.36659597813661915
VWAP_MR,M5,short,2023-03-30 19:35:00+00:00,2023-03-30 19:45:00+00:00,1974.085,1968.6231108235597,1983.9554249999999,1968.6231108235597,3,tp,0.5533590677645994
VWAP_MR,M5,short,2023-03-30 23:05:00+00:00,2023-03-31 00:45:00+00:00,1976.035,1980.948,1985.9151749999999,1969.7646733609251,21,timeout,-0.49725839876319194
VWAP_MR,M5,short,2023-03-31 08:45:00+00:00,2023-03-31 10:25:00+00:00,1983.055,1981.555,1992.970275,1979.828505287833,21,timeout,0.1512817344955157
VWAP_MR,M5,short,2023-03-31 14:00:00+00:00,2023-03-31 14:20:00+00:00,1983.615,1980.978864317896,1993.5330749999998,1980.978864317896,5,tp,0.2657910614815868
VWAP_MR,M5,short,2023-03-31 19:40:00+00:00,2023-03-31 20:05:00+00:00,1986.018,1978.5994198282945,1995.9480899999999,1978.5994198282945,6,tp,0.7470808594590476
VWAP_MR,M5,short,2023-04-03 17:20:00+00:00,2023-04-03 19:00:00+00:00,1969.855,1977.508,1979.7042749999998,1959.739859497998,21,timeout,-0.777011505923042
VWAP_MR,M5,short,2023-04-05 09:40:00+00:00,2023-04-05 11:20:00+00:00,2022.695,2022.798,2032.8084749999998,2021.008843151004,21,timeout,-0.010184432156115154
VWAP_MR,M5,short,2023-04-05 13:30:00+00:00,2023-04-05 13:45:00+00:00,2025.915,2022.9452334344078,2036.0445749999997,2022.9452334344078,4,tp,0.2931778051490085
VWAP_MR,M5,short,2023-04-05 19:20:00+00:00,2023-04-05 20:30:00+00:00,2028.444,2024.7695508368026,2038.5862199999997,2024.7695508368026,15,tp,0.36229239389378487
VWAP_MR,M5,long,2023-04-06 08:05:00+00:00,2023-04-06 09:45:00+00:00,2015.835,2008.655,2005.755825,2020.2974503883013,21,timeout,-0.712359890566441
VWAP_MR,M5,short,2023-04-06 14:50:00+00:00,2023-04-06 16:30:00+00:00,2017.734,2017.344,2027.8226699999998,2014.0668099194304,21,timeout,0.03865722637373191
VWAP_MR,M5,short,2023-04-06 16:55:00+00:00,2023-04-06 18:35:00+00:00,2020.315,2017.658,2030.4165749999997,2015.5759991889167,21,timeout,0.2630282901428971
VWAP_MR,M5,long,2023-04-06 20:00:00+00:00,2023-04-06 21:00:00+00:00,2011.825,2001.765875,2001.765875,2016.8182527348074,13,sl,-1.0
VWAP_MR,M5,short,2023-04-11 07:20:00+00:00,2023-04-11 08:15:00+00:00,1994.665,1991.0574671219765,2004.6383249999997,1991.0574671219765,12,tp,0.3617181710235609
VWAP_MR,M5,short,2023-04-11 09:15:00+00:00,2023-04-11 10:55:00+00:00,1995.995,1997.645,2005.9749749999996,1991.7188011413048,21,timeout,-0.1653310754786594
VWAP_MR,M5,short,2023-04-11 12:25:00+00:00,2023-04-11 14:05:00+00:00,2000.848,1998.335,2010.8522399999997,1994.7269749812372,21,timeout,0.2511934939585597
VWAP_MR,M5,short,2023-04-11 22:20:00+00:00,2023-04-12 00:00:00+00:00,2005.505,2005.875,2015.5325249999999,2001.019892256349,21,timeout,-0.0368984370520044
VWAP_MR,M5,short,2023-04-12 08:25:00+00:00,2023-04-12 09:40:00+00:00,2007.915,2017.9545749999997,2017.9545749999997,2004.691648624568,16,sl,-1.0
VWAP_MR,M5,short,2023-04-12 19:40:00+00:00,2023-04-12 20:45:00+00:00,2025.724,2012.8387359739138,2035.8526199999997,2012.8387359739138,14,tp,1.2721638314090646
VWAP_MR,M5,short,2023-04-13 13:30:00+00:00,2023-04-13 15:10:00+00:00,2020.235,2026.174,2030.3361749999997,2017.6522973585204,21,timeout,-0.5879514016933877
VWAP_MR,M5,short,2023-04-13 19:50:00+00:00,2023-04-13 21:00:00+00:00,2038.165,2048.3558249999996,2048.3558249999996,2028.3436477610674,15,sl,-1.0
VWAP_MR,M5,short,2023-04-14 07:50:00+00:00,2023-04-14 09:30:00+00:00,2042.965,2046.775,2053.1798249999997,2039.609691411505,21,timeout,-0.37298730032088173
VWAP_MR,M5,long,2023-04-14 19:50:00+00:00,2023-04-14 21:25:00+00:00,2019.675,2009.576625,2009.576625,2033.320616456591,20,sl,-1.0
VWAP_MR,M5,long,2023-04-14 23:20:00+00:00,2023-04-15 01:00:00+00:00,1992.594,2003.895,1982.63103,2017.2303847131016,21,timeout,1.1343003140629635
VWAP_MR,M5,short,2023-04-17 12:55:00+00:00,2023-04-17 14:35:00+00:00,2012.348,2012.845,2022.4097399999998,2003.982734249891,21,timeout,-0.04939503505358688
VWAP_MR,M5,long,2023-04-17 21:35:00+00:00,2023-04-17 23:15:00+00:00,1989.694,1988.105,1979.74553,2002.3882741136936,21,timeout,-0.15972305289154362
VWAP_MR,M5,short,2023-04-18 08:45:00+00:00,2023-04-18 10:25:00+00:00,1998.765,1999.825,2008.758825,1995.3951503479398,21,timeout,-0.10606549544343312
VWAP_MR,M5,short,2023-04-18 10:35:00+00:00,2023-04-18 12:15:00+00:00,2001.155,1996.9267774020088,2011.1607749999998,1996.9267774020088,21,tp,0.42257822087656327
VWAP_MR,M5,short,2023-04-18 14:40:00+00:00,2023-04-18 16:20:00+00:00,2003.264,2003.848,2013.2803199999996,1999.6970971461415,21,timeout,-0.058304846490535064
VWAP_MR,M5,short,2023-04-18 21:15:00+00:00,2023-04-18 22:55:00+00:00,2008.685,2009.065,2018.7284249999998,2001.7995448668376,21,timeout,-0.03783569847936487
VWAP_MR,M5,short,2023-04-19 08:05:00+00:00,2023-04-19 08:15:00+00:00,2007.745,2005.3455874717324,2017.7837249999998,2005.3455874717324,3,tp,0.2390156646653338
VWAP_MR,M5,long,2023-04-19 13:15:00+00:00,2023-04-19 14:55:00+00:00,1995.965,1992.415,1985.9851749999998,2003.0029991414115,21,timeout,-0.3557176603798075
VWAP_MR,M5,short,2023-04-20 13:20:00+00:00,2023-04-20 15:00:00+00:00,1998.425,1996.645,2008.4171249999997,1994.1708492978046,21,timeout,0.17814028547481298
VWAP_MR,M5,short,2023-04-20 17:35:00+00:00,2023-04-20 19:15:00+00:00,2004.265,1999.975,2014.2863249999998,1997.364115925797,21,timeout,0.4280871042502181
VWAP_MR,M5,short,2023-04-20 19:40:00+00:00,2023-04-20 21:20:00+00:00,2007.335,2008.145,2017.3716749999999,2000.4160862250644,21,timeout,-0.08070401801392982
VWAP_MR,M5,long,2023-04-21 14:15:00+00:00,2023-04-21 15:55:00+00:00,1984.005,1988.145,1974.0849750000002,1995.1965421457342,21,timeout,0.4173376579192004
VWAP_MR,M5,short,2023-04-21 20:20:00+00:00,2023-04-21 20:45:00+00:00,1992.075,1987.4113108246627,2002.035375,1987.4113108246627,6,tp,0.4682242561487315
VWAP_MR,M5,long,2023-04-24 09:05:00+00:00,2023-04-24 09:40:00+00:00,1978.388,1982.8304259923289,1968.49606,1982.8304259923289,8,tp,0.44909552548124493
VWAP_MR,M5,short,2023-04-24 16:05:00+00:00,2023-04-24 17:45:00+00:00,1984.605,1984.798,1994.5280249999998,1980.4981420130243,21,timeout,-0.019449714174859686
VWAP_MR,M5,short,2023-04-25 00:15:00+00:00,2023-04-25 01:55:00+00:00,1988.555,1990.075,1998.4977749999998,1982.645658862968,21,timeout,-0.15287482619289072
VWAP_MR,M5,short,2023-04-25 07:40:00+00:00,2023-04-25 09:20:00+00:00,1996.985,1996.258,2006.9699249999996,1990.9040858569304,21,timeout,0.07280976071426476
VWAP_MR,M5,long,2023-04-25 19:05:00+00:00,2023-04-25 19:35:00+00:00,1977.135,1986.994513879396,1967.249325,1986.994513879396,7,tp,0.9973536333529069
VWAP_MR,M5,short,2023-04-26 00:30:00+00:00,2023-04-26 02:10:00+00:00,1995.475,1997.158,2005.4523749999996,1988.620910660271,21,timeout,-0.16868164221551676
VWAP_MR,M5,short,2023-04-26 20:30:00+00:00,2023-04-26 21:05:00+00:00,2005.998,1998.352676175585,2016.0279899999998,1998.352676175585,8,tp,0.7622464054715157
VWAP_MR,M5,short,2023-04-27 09:15:00+00:00,2023-04-27 10:55:00+00:00,1994.805,1999.525,2004.7790249999998,1990.8546812377813,21,timeout,-0.4732292128804713
VWAP_MR,M5,long,2023-04-27 20:45:00+00:00,2023-04-27 22:25:00+00:00,1974.898,1983.168,1965.02351,1990.09163577269,21,timeout,0.8375116081944531
VWAP_MR,M5,long,2023-04-28 19:35:00+00:00,2023-04-28 19:35:00+00:00,1977.654,1982.4071522240758,1967.76573,1982.4071522240758,1,tp,0.4806859262617107
VWAP_MR,M5,long,2023-05-01 08:00:00+00:00,2023-05-01 09:40:00+00:00,1983.655,1983.055,1973.736725,1987.8459743605085,21,timeout,-0.06049439040558055
VWAP_MR,M5,short,2023-05-01 16:55:00+00:00,2023-05-01 18:35:00+00:00,1984.915,1988.495,1994.8395749999997,1980.6687778322291,21,timeout,-0.3607207361524305
VWAP_MR,M5,short,2023-05-01 19:30:00+00:00,2023-05-01 21:10:00+00:00,1996.604,1989.075,2006.58702,1984.997640948393,21,timeout,0.7541805986565262
VWAP_MR,M5,short,2023-05-02 13:15:00+00:00,2023-05-02 14:15:00+00:00,1984.515,1982.508394431107,1994.437575,1982.508394431107,13,tp,0.20222629397037564
VWAP_MR,M5,short,2023-05-02 17:20:00+00:00,2023-05-02 19:00:00+00:00,1986.094,1986.215,1996.0244699999998,1982.657505009785,21,timeout,-0.012184720360654613
VWAP_MR,M5,short,2023-05-02 21:10:00+00:00,2023-05-02 21:35:00+00:00,1995.395,2005.3719749999998,2005.3719749999998,1988.118552537488,6,sl,-1.0
VWAP_MR,M5,short,2023-05-02 22:20:00+00:00,2023-05-03 00:00:00+00:00,2012.185,2015.615,2022.2459249999997,1996.1105868424124,21,timeout,-0.34092292706685934
VWAP_MR,M5,short,2023-05-03 20:35:00+00:00,2023-05-03 21:00:00+00:00,2018.045,2014.5593344691847,2028.1352249999998,2014.5593344691847,6,tp,0.3454497328667571
VWAP_MR,M5,short,2023-05-04 00:30:00+00:00,2023-05-04 01:35:00+00:00,2026.575,2018.4996190467598,2036.7078749999998,2018.4996190467598,14,tp,0.7969486402665015
VWAP_MR,M5,short,2023-05-04 03:00:00+00:00,2023-05-04 05:00:00+00:00,2034.948,2045.1227399999998,2045.1227399999998,2024.094887477417,14,sl,-1.0
VWAP_MR,M5,short,2023-05-04 21:25:00+00:00,2023-05-04 21:45:00+00:00,2048.824,2059.06812,2059.06812,2040.6318071404999,5,sl,-1.0
VWAP_MR,M5,long,2023-05-05 14:30:00+00:00,2023-05-05 16:10:00+00:00,2042.345,2039.595,2032.133275,2046.9534752921963,21,timeout,-0.26929828212177365
VWAP_MR,M5,long,2023-05-05 19:35:00+00:00,2023-05-05 19:45:00+00:00,2024.445,2014.3227749999999,2014.3227749999999,2037.441956646154,3,sl,-1.0
VWAP_MR,M5,short,2023-05-09 11:05:00+00:00,2023-05-09 12:45:00+00:00,2024.854,2026.104,2034.9782699999998,2022.221839869904,21,timeout,-0.12346569184741468
VWAP_MR,M5,short,2023-05-09 17:15:00+00:00,2023-05-09 18:55:00+00:00,2028.754,2031.204,2038.8977699999996,2025.0508625480734,21,timeout,-0.24152755829441358
VWAP_MR,M5,short,2023-05-10 00:10:00+00:00,2023-05-10 01:50:00+00:00,2032.314,2035.924,2042.4755699999998,2027.8172108076126,21,timeout,-0.3552600631595301
VWAP_MR,M5,short,2023-05-10 19:35:00+00:00,2023-05-10 21:15:00+00:00,2038.465,2035.264,2048.6573249999997,2030.0025003453857,21,timeout,0.3140598440493311
VWAP_MR,M5,short,2023-05-11 07:55:00+00:00,2023-05-11 09:20:00+00:00,2034.285,2031.0891247387337,2044.4564249999999,2031.0891247387337,18,tp,0.31420132983002963
VWAP_MR,M5,short,2023-05-11 18:20:00+00:00,2023-05-11 20:00:00+00:00,2033.884,2036.474,2044.0534199999997,2026.2991292713816,21,timeout,-0.25468512461870885
VWAP_MR,M5,long,2023-05-11 20:55:00+00:00,2023-05-11 22:35:00+00:00,2016.645,2016.464,2006.561775,2031.646162545351,21,timeout,-0.017950606080895597
VWAP_MR,M5,long,2023-05-12 08:35:00+00:00,2023-05-12 10:15:00+00:00,2011.114,2012.015,2001.05843,2015.330036169249,21,timeout,0.08960208123458624
VWAP_MR,M5,short,2023-05-12 19:45:00+00:00,2023-05-12 20:50:00+00:00,2011.355,2021.4117749999998,2021.4117749999998,2006.1653676702,14,sl,-1.0
VWAP_MR,M5,short,2023-05-15 15:40:00+00:00,2023-05-15 16:05:00+00:00,2020.235,2016.9227364144979,2030.3361749999997,2016.9227364144979,6,tp,0.32790874185449653
VWAP_MR,M5,short,2023-05-15 21:00:00+00:00,2023-05-15 21:25:00+00:00,2020.354,2016.150085985103,2030.4557699999998,2016.150085985103,6,tp,0.41615618004538896
VWAP_MR,M5,short,2023-05-16 19:50:00+00:00,2023-05-16 20:20:00+00:00,2013.634,2008.1077237903687,2023.7021699999998,2008.1077237903687,7,tp,0.5488858660145215
VWAP_MR,M5,short,2023-05-18 08:15:00+00:00,2023-05-18 09:55:00+00:00,1983.975,1984.074,1993.8948749999997,1982.606402767754,21,timeout,-0.009979964465294358
VWAP_MR,M5,long,2023-05-18 19:40:00+00:00,2023-05-18 20:30:00+00:00,1969.274,1959.42763,1959.42763,1975.4675981401,11,sl,-1.0
VWAP_MR,M5,short,2023-05-19 07:10:00+00:00,2023-05-19 07:50:00+00:00,1959.505,1957.5158108760945,1969.3025249999998,1957.5158108760945,9,tp,0.20302975740359383
VWAP_MR,M5,short,2023-05-19 10:00:00+00:00,2023-05-19 11:40:00+00:00,1962.015,1963.308,1971.825075,1957.9113020962234,21,timeout,-0.13180327367526853
VWAP_MR,M5,short,2023-05-19 22:20:00+00:00,2023-05-19 22:35:00+00:00,1969.595,1979.4429749999997,1979.4429749999997,1962.1486266819384,4,sl,-1.0
VWAP_MR,M5,short,2023-05-22 15:55:00+00:00,2023-05-22 17:35:00+00:00,1979.435,1979.035,1989.3321749999998,1975.5020632316175,21,timeout,0.040415573130703486
VWAP_MR,M5,long,2023-05-22 18:45:00+00:00,2023-05-22 19:35:00+00:00,1973.085,1977.2977249998967,1963.219575,1977.2977249998967,11,tp,0.42701910965788636
VWAP_MR,M5,short,2023-05-23 00:20:00+00:00,2023-05-23 01:30:00+00:00,1977.984,1973.6444698215757,1987.8739199999998,1973.6444698215757,15,tp,0.4387831426770136
VWAP_MR,M5,long,2023-05-23 08:10:00+00:00,2023-05-23 09:50:00+00:00,1965.835,1963.225,1956.005825,1970.7549446038313,21,timeout,-0.2655360190453529
VWAP_MR,M5,short,2023-05-23 20:20:00+00:00,2023-05-23 22:00:00+00:00,1963.985,1968.235,1973.8049249999997,1958.8862140789972,21,timeout,-0.4327935294821593
VWAP_MR,M5,short,2023-05-24 11:05:00+00:00,2023-05-24 12:45:00+00:00,1976.435,1978.115,1986.3171749999997,1974.4608438141324,21,timeout,-0.17000306106703322
VWAP_MR,M5,short,2023-05-24 12:55:00+00:00,2023-05-24 13:35:00+00:00,1978.775,1975.1398221381514,1988.6688749999998,1975.1398221381514,9,tp,0.36741699908769326
VWAP_MR,M5,short,2023-05-24 18:05:00+00:00,2023-05-24 19:45:00+00:00,1977.685,1982.055,1987.5734249999998,1974.886668512526,21,timeout,-0.44193084338508665
VWAP_MR,M5,long,2023-05-24 21:05:00+00:00,2023-05-24 22:45:00+00:00,1970.715,1968.825,1960.8614249999998,1977.2199581423156,21,timeout,-0.19180855679282444
VWAP_MR,M5,long,2023-05-24 23:00:00+00:00,2023-05-25 00:40:00+00:00,1961.345,1963.054,1951.538275,1974.1561470573104,21,timeout,0.17426816801736308
VWAP_MR,M5,short,2023-05-25 13:55:00+00:00,2023-05-25 15:35:00+00:00,1960.225,1963.915,1970.0261249999996,1957.1476198620028,21,timeout,-0.37648739302887746
VWAP_MR,M5,long,2023-05-25 19:40:00+00:00,2023-05-25 21:20:00+00:00,1947.885,1950.255,1938.145575,1960.1206900028455,21,timeout,0.24334085431122704
VWAP_MR,M5,short,2023-05-26 14:50:00+00:00,2023-05-26 16:30:00+00:00,1956.228,1953.454,1966.00914,1949.7493985873234,21,timeout,0.2836070233122279
VWAP_MR,M5,short,2023-05-29 13:15:00+00:00,2023-05-29 14:15:00+00:00,1947.535,1945.0736471132493,1957.272675,1945.0736471132493,13,tp,0.25276597203652934
VWAP_MR,M5,short,2023-05-29 19:45:00+00:00,2023-05-29 21:25:00+00:00,1947.105,1947.485,1956.8405249999998,1944.9653492059263,21,timeout,-0.039032306937724325
VWAP_MR,M5,short,2023-05-30 09:25:00+00:00,2023-05-30 10:20:00+00:00,1946.145,1943.0380101264468,1955.8757249999999,1943.0380101264468,12,tp,0.31929685337456454
VWAP_MR,M5,short,2023-05-30 17:00:00+00:00,2023-05-30 18:40:00+00:00,1950.175,1957.095,1959.9258749999997,1939.516247268736,21,timeout,-0.7096799005217757
VWAP_MR,M5,short,2023-05-31 12:50:00+00:00,2023-05-31 14:20:00+00:00,1961.605,1957.521502222917,1971.4130249999998,1957.521502222917,19,tp,0.4163425131036183
VWAP_MR,M5,short,2023-05-31 19:20:00+00:00,2023-05-31 20:50:00+00:00,1962.455,1972.2672749999997,1972.2672749999997,1957.931599102422,19,sl,-1.0
VWAP_MR,M5,long,2023-06-02 23:15:00+00:00,2023-06-03 00:55:00+00:00,1956.825,1951.495,1947.0408750000001,1970.3008964541843,21,timeout,-0.5447600066434359
VWAP_MR,M5,short,2023-06-05 20:20:00+00:00,2023-06-05 21:05:00+00:00,1945.588,1955.3159399999997,1955.3159399999997,1942.204516730641,10,sl,-1.0
VWAP_MR,M5,short,2023-06-06 16:20:00+00:00,2023-06-06 18:00:00+00:00,1961.468,1964.205,1971.27534,1959.3704693058128,21,timeout,-0.27907669153918363
VWAP_MR,M5,short,2023-06-07 00:40:00+00:00,2023-06-07 02:20:00+00:00,1965.425,1962.825,1975.2521249999998,1960.9497345144343,21,timeout,0.26457381991172013
VWAP_MR,M5,short,2023-06-07 08:10:00+00:00,2023-06-07 09:05:00+00:00,1965.035,1963.705845494475,1974.8601749999998,1963.705845494475,12,tp,0.13528049174952886
VWAP_MR,M5,short,2023-06-07 21:00:00+00:00,2023-06-07 21:25:00+00:00,1969.405,1962.0274721335704,1979.2520249999998,1962.0274721335704,6,tp,0.7492138860650494
VWAP_MR,M5,short,2023-06-08 19:35:00+00:00,2023-06-08 20:35:00+00:00,1951.774,1961.5328699999998,1961.5328699999998,1947.3824356177065,13,sl,-1.0
VWAP_MR,M5,short,2023-06-08 20:40:00+00:00,2023-06-08 22:20:00+00:00,1963.185,1967.025,1973.0009249999998,1953.3852173952391,21,timeout,-0.39120103301524745
VWAP_MR,M5,short,2023-06-09 13:55:00+00:00,2023-06-09 14:20:00+00:00,1965.495,1963.901292508914,1975.3224749999997,1963.901292508914,6,tp,0.16216856222844708
VWAP_MR,M5,short,2023-06-09 18:30:00+00:00,2023-06-09 19:50:00+00:00,1965.675,1963.0867278669696,1975.5033749999998,1963.0867278669696,17,tp,0.26334690455242427
VWAP_MR,M5,short,2023-06-12 15:10:00+00:00,2023-06-12 16:50:00+00:00,1963.725,1964.565,1973.5436249999998,1959.6251298437282,21,timeout,-0.08555169384716857
VWAP_MR,M5,short,2023-06-13 06:20:00+00:00,2023-06-13 08:00:00+00:00,1960.035,1958.305,1969.835175,1956.997787801383,21,timeout,0.17652745996883157
VWAP_MR,M5,short,2023-06-13 11:00:00+00:00,2023-06-13 12:40:00+00:00,1961.485,1959.708,1971.2924249999996,1958.812461797794,21,timeout,0.18118925202077646
VWAP_MR,M5,short,2023-06-13 13:45:00+00:00,2023-06-13 15:25:00+00:00,1962.958,1961.825,1972.77279,1959.9314741092392,21,timeout,0.11543802771124491
VWAP_MR,M5,long,2023-06-13 19:20:00+00:00,2023-06-13 19:30:00+00:00,1959.385,1949.588075,1949.588075,1963.703693225013,3,sl_first_ambiguous,-1.0
VWAP_MR,M5,short,2023-06-14 19:45:00+00:00,2023-06-14 21:25:00+00:00,1954.225,1958.755,1963.9961249999997,1950.013154074701,21,timeout,-0.46361089434433733
VWAP_MR,M5,long,2023-06-15 01:05:00+00:00,2023-06-15 02:45:00+00:00,1946.675,1945.035,1936.941625,1956.0615803629807,21,timeout,-0.16849242939883327
VWAP_MR,M5,short,2023-06-15 20:05:00+00:00,2023-06-15 20:45:00+00:00,1935.555,1945.232775,1945.232775,1931.7811824655942,9,sl,-1.0
VWAP_MR,M5,short,2023-06-16 08:50:00+00:00,2023-06-16 09:05:00+00:00,1961.055,1957.8737924608474,1970.8602749999998,1957.8737924608474,4,tp,0.3244383802751816
VWAP_MR,M5,short,2023-06-16 13:15:00+00:00,2023-06-16 14:55:00+00:00,1959.865,1960.724,1969.6643249999997,1957.5024783751971,21,timeout,-0.08765909896854605
VWAP_MR,M5,short,2023-06-16 16:05:00+00:00,2023-06-16 17:45:00+00:00,1963.915,1964.365,1973.7345749999997,1960.4232617591313,21,timeout,-0.04582683059094274
VWAP_MR,M5,short,2023-06-16 19:20:00+00:00,2023-06-16 20:00:00+00:00,1967.495,1962.8119352336132,1977.3324749999997,1962.8119352336132,9,tp,0.4760433715345419
VWAP_MR,M5,long,2023-06-16 20:35:00+00:00,2023-06-16 21:00:00+00:00,1958.325,1963.8530458054613,1948.533375,1963.8530458054613,6,tp,0.5645687825525613
VWAP_MR,M5,short,2023-06-19 15:30:00+00:00,2023-06-19 16:20:00+00:00,1958.065,1955.0779154250358,1967.8553249999998,1955.0779154250358,11,tp,0.3051057625731849
VWAP_MR,M5,short,2023-06-20 13:45:00+00:00,2023-06-20 15:25:00+00:00,1952.665,1954.138,1962.4283249999999,1948.9722297718397,21,timeout,-0.15087073307505097
VWAP_MR,M5,short,2023-06-21 09:40:00+00:00,2023-06-21 09:45:00+00:00,1938.995,1937.2251265392074,1948.6899749999998,1937.2251265392074,2,tp,0.1825557529330934
VWAP_MR,M5,short,2023-06-22 19:45:00+00:00,2023-06-22 19:45:00+00:00,1930.695,1927.9615348658203,1940.3484749999998,1927.9615348658203,1,tp,0.2831586692025038
VWAP_MR,M5,long,2023-06-23 09:10:00+00:00,2023-06-23 10:50:00+00:00,1911.265,1911.985,1901.708675,1913.833073674568,21,timeout,0.07534277036410951
VWAP_MR,M5,short,2023-06-23 11:50:00+00:00,2023-06-23 13:30:00+00:00,1916.435,1914.965,1926.0171749999997,1913.1649498072989,21,timeout,0.15340984692933088
VWAP_MR,M5,short,2023-06-23 19:30:00+00:00,2023-06-23 20:15:00+00:00,1922.895,1932.5094749999998,1932.5094749999998,1918.3815842998176,10,sl,-1.0
VWAP_MR,M5,short,2023-06-26 14:35:00+00:00,2023-06-26 16:15:00+00:00,1927.555,1931.925,1937.1927749999998,1925.1540425694861,21,timeout,-0.45342415650915596
VWAP_MR,M5,long,2023-06-26 20:45:00+00:00,2023-06-26 22:25:00+00:00,1925.225,1927.378,1915.598875,1930.773007211448,21,timeout,0.22366216935683045
VWAP_MR,M5,short,2023-06-27 08:35:00+00:00,2023-06-27 10:15:00+00:00,1925.265,1928.525,1934.8913249999998,1923.076114507742,21,timeout,-0.33865467870657645
VWAP_MR,M5,short,2023-06-29 17:45:00+00:00,2023-06-29 19:25:00+00:00,1908.194,1910.675,1917.7349699999997,1904.9405086352572,21,timeout,-0.2600364533165967
VWAP_MR,M5,long,2023-06-29 19:40:00+00:00,2023-06-29 21:15:00+00:00,1900.205,1906.6740051731142,1890.703975,1906.6740051731142,20,tp,0.6808744501897706
VWAP_MR,M5,short,2023-06-30 19:35:00+00:00,2023-06-30 21:15:00+00:00,1909.155,1916.074,1918.7007749999998,1904.9174645747362,21,timeout,-0.7248232856944801
VWAP_MR,M5,short,2023-06-30 21:25:00+00:00,2023-06-30 23:05:00+00:00,1918.275,1919.698,1927.8663749999998,1910.7682864104918,21,timeout,-0.14836246106528417
VWAP_MR,M5,long,2023-07-03 13:25:00+00:00,2023-07-03 15:05:00+00:00,1914.538,1911.505,1904.96531,1918.0348949501163,21,timeout,-0.316838840493102
VWAP_MR,M5,short,2023-07-03 19:45:00+00:00,2023-07-03 21:00:00+00:00,1919.235,1928.8311749999998,1928.8311749999998,1913.072583156178,16,sl,-1.0
VWAP_MR,M5,short,2023-07-04 13:20:00+00:00,2023-07-04 15:00:00+00:00,1925.108,1928.008,1934.7335399999997,1922.6864998386397,21,timeout,-0.30128179821601275
VWAP_MR,M5,short,2023-07-05 15:00:00+00:00,2023-07-05 16:40:00+00:00,1926.825,1928.318,1936.4591249999999,1924.324422483829,21,timeout,-0.15496996354105508
VWAP_MR,M5,short,2023-07-05 20:25:00+00:00,2023-07-05 20:35:00+00:00,1933.585,1928.0372230067653,1943.2529249999998,1928.0372230067653,3,tp,0.5738332675558477
VWAP_MR,M5,short,2023-07-06 12:35:00+00:00,2023-07-06 14:15:00+00:00,1919.945,1920.135,1929.5447249999997,1918.097669531273,21,timeout,-0.019792233631698655
VWAP_MR,M5,short,2023-07-06 17:35:00+00:00,2023-07-06 19:15:00+00:00,1922.248,1919.695,1931.8592399999998,1919.2408418461746,21,timeout,0.2656264956447018
VWAP_MR,M5,long,2023-07-06 19:25:00+00:00,2023-07-06 19:55:00+00:00,1912.145,1902.584275,1902.584275,1919.908118011846,7,sl,-1.0
VWAP_MR,M5,short,2023-07-07 12:10:00+00:00,2023-07-07 13:50:00+00:00,1912.485,1914.408,1922.0474249999997,1911.0926951371816,21,timeout,-0.2010996164675835
VWAP_MR,M5,short,2023-07-07 17:45:00+00:00,2023-07-07 19:20:00+00:00,1917.495,1914.6061558329855,1927.0824749999997,1914.6061558329855,20,tp,0.30131438851360726
VWAP_MR,M5,short,2023-07-07 19:35:00+00:00,2023-07-07 20:05:00+00:00,1920.894,1916.5616428994774,1930.4984699999998,1916.5616428994774,7,tp,0.4510771651660833
VWAP_MR,M5,long,2023-07-10 19:25:00+00:00,2023-07-10 20:50:00+00:00,1918.445,1923.7677244432114,1908.8527749999998,1923.7677244432114,18,tp,0.5548998739303314
VWAP_MR,M5,short,2023-07-11 08:10:00+00:00,2023-07-11 08:40:00+00:00,1927.205,1925.48088920156,1936.8410249999997,1925.48088920156,7,tp,0.17892344596862933
VWAP_MR,M5,short,2023-07-11 12:05:00+00:00,2023-07-11 13:45:00+00:00,1929.325,1935.945,1938.971625,1927.0330201685563,21,timeout,-0.6862503725396175
VWAP_MR,M5,short,2023-07-12 05:35:00+00:00,2023-07-12 07:15:00+00:00,1933.255,1934.375,1942.921275,1931.839797855459,21,timeout,-0.11586676356713548
VWAP_MR,M5,short,2023-07-12 08:05:00+00:00,2023-07-12 09:45:00+00:00,1935.975,1940.455,1945.6548749999997,1933.2177378498686,21,timeout,-0.4628158938002924
VWAP_MR,M5,short,2023-07-12 19:35:00+00:00,2023-07-12 20:40:00+00:00,1944.334,1954.05567,1954.05567,1936.2062340840348,14,sl,-1.0
VWAP_MR,M5,short,2023-07-12 20:55:00+00:00,2023-07-12 22:35:00+00:00,1955.795,1954.578,1965.5739749999998,1944.623597004189,21,timeout,0.1244506709547916
VWAP_MR,M5,short,2023-07-14 08:50:00+00:00,2023-07-14 10:30:00+00:00,1962.305,1962.415,1972.116525,1960.143660646432,21,timeout,-0.011211305072341117
VWAP_MR,M5,long,2023-07-14 13:00:00+00:00,2023-07-14 14:40:00+00:00,1957.865,1954.695,1948.075675,1961.1607792064317,21,timeout,-0.32382212256719284
VWAP_MR,M5,short,2023-07-14 19:25:00+00:00,2023-07-14 19:40:00+00:00,1960.428,1957.0189863570345,1970.23014,1957.0189863570345,4,tp,0.34778259063487393
VWAP_MR,M5,long,2023-07-15 02:50:00+00:00,2023-07-17 05:25:00+00:00,1954.945,1954.184,1945.170275,1958.8614322083959,21,timeout,-0.07785385266592851
VWAP_MR,M5,short,2023-07-17 12:30:00+00:00,2023-07-17 13:10:00+00:00,1955.105,1953.2395250807444,1964.8805249999998,1953.2395250807444,9,tp,0.1908311747200908
VWAP_MR,M5,short,2023-07-17 15:30:00+00:00,2023-07-17 17:10:00+00:00,1956.475,1959.355,1966.2573749999997,1953.528176127466,21,timeout,-0.29440703305691873
VWAP_MR,M5,short,2023-07-18 08:20:00+00:00,2023-07-18 08:45:00+00:00,1957.085,1955.4336963927149,1966.8704249999998,1955.4336963927149,6,tp,0.1687513426637274
VWAP_MR,M5,short,2023-07-18 18:25:00+00:00,2023-07-18 18:45:00+00:00,1967.928,1962.4690306068478,1977.7676399999998,1962.4690306068478,5,tp,0.5547936096394251
VWAP_MR,M5,short,2023-07-18 19:35:00+00:00,2023-07-18 19:35:00+00:00,1967.874,1963.7602868700155,1977.7133699999997,1963.7602868700155,1,tp,0.4180870452055995
VWAP_MR,M5,short,2023-07-18 20:20:00+00:00,2023-07-18 20:35:00+00:00,1971.524,1964.8425709649994,1981.3816199999997,1964.8425709649994,4,tp,0.6777933248594159
VWAP_MR,M5,short,2023-07-19 13:05:00+00:00,2023-07-19 13:20:00+00:00,1979.565,1976.4024662061386,1989.4628249999998,1976.4024662061386,4,tp,0.3195180551142856
VWAP_MR,M5,short,2023-07-19 14:20:00+00:00,2023-07-19 16:00:00+00:00,1979.525,1977.655,1989.422625,1976.360096441023,21,timeout,0.1889342140160038
VWAP_MR,M5,short,2023-07-20 08:20:00+00:00,2023-07-20 10:00:00+00:00,1980.835,1986.175,1990.739175,1977.9735861204445,21,timeout,-0.5391665635956527
VWAP_MR,M5,short,2023-07-21 06:40:00+00:00,2023-07-21 08:20:00+00:00,1972.145,1971.735,1982.0057249999998,1970.084002120823,21,timeout,0.04157909281519272
VWAP_MR,M5,short,2023-07-24 14:05:00+00:00,2023-07-24 15:40:00+00:00,1963.245,1960.4131287260675,1973.0612249999997,1960.4131287260675,20,tp,0.2884888308827935
VWAP_MR,M5,long,2023-07-25 01:25:00+00:00,2023-07-25 03:05:00+00:00,1955.155,1954.315,1945.379225,1960.7215648981753,21,timeout,-0.08592669123418986
VWAP_MR,M5,short,2023-07-25 08:40:00+00:00,2023-07-25 10:20:00+00:00,1960.895,1962.465,1970.6994749999997,1955.7236940836128,21,timeout,-0.1601309606072724
VWAP_MR,M5,short,2023-07-25 22:10:00+00:00,2023-07-25 23:50:00+00:00,1963.755,1962.328,1973.5737749999998,1958.666257820419,21,timeout,0.14533381200813478
VWAP_MR,M5,short,2023-07-26 13:15:00+00:00,2023-07-26 14:55:00+00:00,1966.575,1970.085,1976.4078749999999,1963.5882395057192,21,timeout,-0.35696579077838897
VWAP_MR,M5,short,2023-07-27 01:45:00+00:00,2023-07-27 03:25:00+00:00,1975.404,1972.535,1985.28102,1970.0191846424725,21,timeout,0.29047222745321394
VWAP_MR,M5,short,2023-07-27 08:40:00+00:00,2023-07-27 10:20:00+00:00,1975.485,1978.975,1985.3624249999996,1973.0672562607408,21,timeout,-0.3533309541707605
VWAP_MR,M5,short,2023-07-27 14:55:00+00:00,2023-07-27 15:30:00+00:00,1981.795,1977.405092380676,1991.703975,1977.405092380676,8,tp,0.44302338226952087
VWAP_MR,M5,long,2023-07-27 21:00:00+00:00,2023-07-27 22:40:00+00:00,1943.525,1945.164,1933.807375,1963.9781621267434,21,timeout,0.16866261046293685
VWAP_MR,M5,short,2023-07-28 08:40:00+00:00,2023-07-28 10:20:00+00:00,1949.405,1953.915,1959.1520249999999,1946.4926555043542,21,timeout,-0.46270528699783164
VWAP_MR,M5,short,2023-07-28 17:35:00+00:00,2023-07-28 19:15:00+00:00,1954.415,1956.155,1964.1870749999998,1950.8438461923158,21,timeout,-0.17805839599061962
VWAP_MR,M5,short,2023-07-28 22:35:00+00:00,2023-07-29 00:15:00+00:00,1962.768,1962.185,1972.5818399999998,1956.8443538097047,21,timeout,0.0594059002388561
VWAP_MR,M5,short,2023-07-31 16:50:00+00:00,2023-07-31 18:30:00+00:00,1956.815,1960.885,1966.5990749999999,1954.8066792906561,21,timeout,-0.4159820933506763
VWAP_MR,M5,short,2023-07-31 20:40:00+00:00,2023-07-31 22:20:00+00:00,1967.795,1968.995,1977.633975,1960.1887690309504,21,timeout,-0.12196392408760377
VWAP_MR,M5,short,2023-08-02 05:05:00+00:00,2023-08-02 06:45:00+00:00,1949.555,1952.445,1959.3027749999999,1943.5371677008245,21,timeout,-0.2964779141906667
VWAP_MR,M5,short,2023-08-02 17:50:00+00:00,2023-08-02 19:15:00+00:00,1951.745,1949.6236674954187,1961.5037249999996,1949.6236674954187,18,tp,0.2173780390964292
VWAP_MR,M5,short,2023-08-03 08:40:00+00:00,2023-08-03 10:05:00+00:00,1937.935,1935.601156076661,1947.6246749999998,1935.601156076661,18,tp,0.2408588444234666
VWAP_MR,M5,short,2023-08-04 08:05:00+00:00,2023-08-04 09:25:00+00:00,1937.275,1934.8620431190438,1946.9613749999999,1934.8620431190438,17,tp,0.24910834868114246
VWAP_MR,M5,short,2023-08-04 19:45:00+00:00,2023-08-04 21:25:00+00:00,1938.805,1942.965,1948.4990249999998,1933.9123238897648,21,timeout,-0.42913031480731145
VWAP_MR,M5,short,2023-08-07 05:20:00+00:00,2023-08-07 07:00:00+00:00,1945.125,1943.775,1954.8506249999998,1941.7957874215092,21,timeout,0.13880855986118482
VWAP_MR,M5,short,2023-08-07 20:05:00+00:00,2023-08-07 21:00:00+00:00,1939.135,1935.5197025870082,1948.8306749999997,1935.5197025870082,12,tp,0.37287733066464485
VWAP_MR,M5,long,2023-08-08 09:00:00+00:00,2023-08-08 09:40:00+00:00,1931.665,1934.7425767261107,1922.0066749999999,1934.7425767261107,9,tp,0.3186449747871043
VWAP_MR,M5,short,2023-08-08 16:05:00+00:00,2023-08-08 16:20:00+00:00,1935.335,1933.0375766576426,1945.0116749999997,1933.0375766576426,4,tp,0.23741867349657847
VWAP_MR,M5,short,2023-08-09 08:25:00+00:00,2023-08-09 10:05:00+00:00,1927.045,1929.775,1936.6802249999998,1925.365307060895,21,timeout,-0.28333536580620433
VWAP_MR,M5,short,2023-08-10 14:15:00+00:00,2023-08-10 15:55:00+00:00,1920.485,1919.535,1930.0874249999997,1917.8949513728044,21,timeout,0.09893334235881422
VWAP_MR,M5,short,2023-08-10 18:10:00+00:00,2023-08-10 19:50:00+00:00,1922.415,1924.718,1932.0270749999997,1919.4450962769308,21,timeout,-0.2395944684160459
VWAP_MR,M5,short,2023-08-14 12:35:00+00:00,2023-08-14 13:00:00+00:00,1913.945,1911.6831741397361,1923.5147249999998,1911.6831741397361,6,tp,0.23635223167476985
VWAP_MR,M5,short,2023-08-14 14:45:00+00:00,2023-08-14 16:25:00+00:00,1914.895,1913.348,1924.4694749999999,1912.481443368362,21,timeout,0.1615754388621875
VWAP_MR,M5,long,2023-08-14 20:55:00+00:00,2023-08-14 21:20:00+00:00,1903.295,1909.653089825693,1893.7785250000002,1909.653089825693,6,tp,0.6681139629635008
VWAP_MR,M5,short,2023-08-16 09:35:00+00:00,2023-08-16 11:15:00+00:00,1904.185,1903.865,1913.7059249999998,1901.8170348237934,21,timeout,0.033610179683165535
VWAP_MR,M5,short,2023-08-17 13:25:00+00:00,2023-08-17 15:05:00+00:00,1894.275,1895.965,1903.746375,1892.7096938919517,21,timeout,-0.17843238178193277
VWAP_MR,M5,short,2023-08-17 19:10:00+00:00,2023-08-17 19:30:00+00:00,1900.105,1896.6230029434048,1909.6055249999997,1896.6230029434048,5,tp,0.36650575169217803
VWAP_MR,M5,short,2023-08-17 20:15:00+00:00,2023-08-17 20:35:00+00:00,1902.485,1898.3181136815274,1911.9974249999998,1898.3181136815274,5,tp,0.43804669350586767
VWAP_MR,M5,short,2023-08-18 07:55:00+00:00,2023-08-18 09:35:00+00:00,1893.415,1893.785,1902.8820749999998,1889.4012421192797,21,timeout,-0.03908282125156146
VWAP_MR,M5,short,2023-08-18 17:15:00+00:00,2023-08-18 18:55:00+00:00,1894.485,1893.615,1903.9574249999996,1892.6573269153744,21,timeout,0.09184554113650076
VWAP_MR,M5,short,2023-08-21 10:00:00+00:00,2023-08-21 11:40:00+00:00,1892.455,1893.015,1901.9172749999998,1888.8312596384042,21,timeout,-0.05918238478591892
VWAP_MR,M5,short,2023-08-21 18:40:00+00:00,2023-08-21 20:20:00+00:00,1891.335,1896.005,1900.791675,1888.9126849181796,21,timeout,-0.49383107699060397
VWAP_MR,M5,long,2023-08-21 21:40:00+00:00,2023-08-21 23:20:00+00:00,1885.405,1890.825,1875.977975,1892.0057667742371,21,timeout,0.5749427841763544
VWAP_MR,M5,short,2023-08-22 13:20:00+00:00,2023-08-22 15:00:00+00:00,1897.765,1901.785,1907.253825,1895.8012176787997,21,timeout,-0.42365624827099474
VWAP_MR,M5,short,2023-08-22 16:50:00+00:00,2023-08-22 18:30:00+00:00,1902.675,1902.025,1912.1883749999997,1898.7516369105635,21,timeout,0.06832485842299703
VWAP_MR,M5,long,2023-08-22 20:05:00+00:00,2023-08-22 21:45:00+00:00,1896.185,1893.595,1886.7040749999999,1900.7170080247668,21,timeout,-0.27318009582397274
VWAP_MR,M5,short,2023-08-23 07:20:00+00:00,2023-08-23 09:00:00+00:00,1899.395,1901.815,1908.8919749999998,1897.4402042960487,21,timeout,-0.25481798151517987
VWAP_MR,M5,short,2023-08-24 21:55:00+00:00,2023-08-24 23:35:00+00:00,1922.025,1918.255,1931.6351249999998,1916.2902127046398,21,timeout,0.39229458513808096
VWAP_MR,M5,long,2023-08-25 10:55:00+00:00,2023-08-25 12:35:00+00:00,1913.218,1913.665,1903.65191,1915.5581225727215,21,timeout,0.04672755535437024
VWAP_MR,M5,short,2023-08-25 19:10:00+00:00,2023-08-25 20:15:00+00:00,1919.178,1915.7552715146812,1928.77389,1915.7552715146812,14,tp,0.35668692380997974
VWAP_MR,M5,short,2023-08-28 12:35:00+00:00,2023-08-28 12:50:00+00:00,1917.175,1915.9176208938484,1926.7608749999997,1915.9176208938484,4,tp,0.13116998773211694
VWAP_MR,M5,short,2023-08-28 19:50:00+00:00,2023-08-28 20:30:00+00:00,1916.925,1914.6334471307898,1926.5096249999997,1914.6334471307898,9,tp,0.2390863355853985
VWAP_MR,M5,short,2023-08-29 06:25:00+00:00,2023-08-29 08:05:00+00:00,1921.585,1921.775,1931.1929249999998,1919.850347657154,21,timeout,-0.019775341710104796
VWAP_MR,M5,short,2023-08-29 10:10:00+00:00,2023-08-29 11:50:00+00:00,1924.575,1924.395,1934.1978749999998,1922.0406945096743,21,timeout,0.018705428471227935
VWAP_MR,M5,short,2023-08-29 21:10:00+00:00,2023-08-29 22:50:00+00:00,1930.675,1936.605,1940.3283749999998,1921.9687899027065,21,timeout,-0.6142929286389625
VWAP_MR,M5,short,2023-08-30 19:35:00+00:00,2023-08-30 21:15:00+00:00,1944.835,1947.895,1954.5591749999999,1939.3013234228763,21,timeout,-0.314679651487144
VWAP_MR,M5,short,2023-08-31 08:10:00+00:00,2023-08-31 09:50:00+00:00,1946.085,1946.005,1955.8154249999998,1944.0829055068173,21,timeout,0.008221634717900746
VWAP_MR,M5,short,2023-08-31 19:20:00+00:00,2023-08-31 19:30:00+00:00,1946.985,1944.8634634198397,1956.7199249999996,1944.8634634198397,3,tp,0.21793044940358933
VWAP_MR,M5,short,2023-09-01 08:15:00+00:00,2023-09-01 09:50:00+00:00,1942.468,1940.156105398481,1952.18034,1940.156105398481,20,tp,0.23803682753271485
VWAP_MR,M5,short,2023-09-01 14:30:00+00:00,2023-09-01 16:10:00+00:00,1942.475,1943.205,1952.1873749999997,1939.9892730035901,21,timeout,-0.07516184249475853
VWAP_MR,M5,short,2023-09-01 19:35:00+00:00,2023-09-01 20:40:00+00:00,1951.455,1944.7540721415503,1961.2122749999996,1944.7540721415503,14,tp,0.6867622218754551
VWAP_MR,M5,short,2023-09-04 07:50:00+00:00,2023-09-04 09:30:00+00:00,1941.295,1944.878,1951.0014749999998,1940.0303179452164,21,timeout,-0.36913503614854587
VWAP_MR,M5,short,2023-09-05 11:45:00+00:00,2023-09-05 12:45:00+00:00,1938.465,1936.9632824894786,1948.1573249999997,1936.9632824894786,13,tp,0.15493883155190738
VWAP_MR,M5,long,2023-09-06 07:55:00+00:00,2023-09-06 09:35:00+00:00,1924.785,1925.815,1915.161075,1926.1158356489937,21,timeout,0.10702494044789024
VWAP_MR,M5,short,2023-09-06 12:05:00+00:00,2023-09-06 13:45:00+00:00,1927.235,1926.035,1936.8711749999998,1925.4341202163764,21,timeout,0.12453073963474456
VWAP_MR,M5,long,2023-09-06 14:30:00+00:00,2023-09-06 16:10:00+00:00,1923.785,1924.905,1914.166075,1926.248958434233,21,timeout,0.11643712784951457
VWAP_MR,M5,long,2023-09-06 20:10:00+00:00,2023-09-06 20:40:00+00:00,1921.635,1924.7598502580884,1912.026825,1924.7598502580884,7,tp,0.32522828300778744
VWAP_MR,M5,short,2023-09-06 21:00:00+00:00,2023-09-06 21:00:00+00:00,1928.615,1924.9960332518888,1938.2580749999997,1924.9960332518888,1,tp,0.37529177654548335
VWAP_MR,M5,short,2023-09-07 08:20:00+00:00,2023-09-07 10:00:00+00:00,1918.215,1919.645,1927.8060749999997,1916.8765044178278,21,timeout,-0.14909694690116496
VWAP_MR,M5,short,2023-09-07 16:40:00+00:00,2023-09-07 18:20:00+00:00,1920.255,1920.575,1929.8562749999999,1918.481656551251,21,timeout,-0.03332890683788813
VWAP_MR,M5,short,2023-09-07 18:45:00+00:00,2023-09-07 19:30:00+00:00,1921.715,1918.9957826339912,1931.3235749999997,1918.9957826339912,10,tp,0.2829990259751085
VWAP_MR,M5,short,2023-09-08 07:15:00+00:00,2023-09-08 08:55:00+00:00,1920.915,1925.495,1930.5195749999998,1919.7062478895182,21,timeout,-0.47685608160694287
VWAP_MR,M5,short,2023-09-08 21:05:00+00:00,2023-09-08 22:00:00+00:00,1928.175,1923.7368377808607,1937.8158749999998,1923.7368377808607,12,tp,0.46034848695158265
VWAP_MR,M5,short,2023-09-11 08:35:00+00:00,2023-09-11 10:15:00+00:00,1920.655,1922.845,1930.2582749999997,1919.114791793757,21,timeout,-0.22804720264702616
VWAP_MR,M5,short,2023-09-11 20:15:00+00:00,2023-09-11 20:50:00+00:00,1928.588,1926.1082492613964,1938.2309399999997,1926.1082492613964,8,tp,0.2571571262087746
VWAP_MR,M5,long,2023-09-12 17:40:00+00:00,2023-09-12 19:20:00+00:00,1915.655,1909.878,1906.076725,1919.5247226932827,21,timeout,-0.6031357420829949
VWAP_MR,M5,long,2023-09-12 19:25:00+00:00,2023-09-12 21:05:00+00:00,1909.878,1909.975,1900.32861,1916.4121549329363,21,timeout,0.010157716880343245
VWAP_MR,M5,short,2023-09-13 15:05:00+00:00,2023-09-13 16:45:00+00:00,1911.915,1911.015,1921.4745749999997,1910.052954140663,21,timeout,0.09414644479486645
VWAP_MR,M5,short,2023-09-13 18:05:00+00:00,2023-09-13 19:10:00+00:00,1912.945,1910.5738932114255,1922.5097249999997,1910.5738932114255,14,tp,0.24790119826493157
VWAP_MR,M5,short,2023-09-14 07:45:00+00:00,2023-09-14 09:25:00+00:00,1911.295,1908.707469448583,1920.851475,1908.707469448583,21,tp,0.27076202798805415
VWAP_MR,M5,long,2023-09-14 14:55:00+00:00,2023-09-14 16:35:00+00:00,1905.058,1906.375,1895.53271,1908.1297920984528,21,timeout,0.13826350693784667
VWAP_MR,M5,long,2023-09-14 19:35:00+00:00,2023-09-14 20:05:00+00:00,1902.185,1906.5885903105363,1892.674075,1906.5885903105363,7,tp,0.46300336828819294
VWAP_MR,M5,short,2023-09-15 08:40:00+00:00,2023-09-15 10:20:00+00:00,1912.855,1915.365,1922.4192749999997,1910.6389098969955,21,timeout,-0.2624349467157796
VWAP_MR,M5,short,2023-09-15 20:15:00+00:00,2023-09-15 21:55:00+00:00,1921.585,1928.315,1931.1929249999998,1918.1272894714043,21,timeout,-0.7004634195208811
VWAP_MR,M5,short,2023-09-18 09:40:00+00:00,2023-09-18 11:20:00+00:00,1926.675,1928.975,1936.3083749999998,1924.390656907385,21,timeout,-0.238753292589563
VWAP_MR,M5,short,2023-09-19 14:45:00+00:00,2023-09-19 16:25:00+00:00,1933.635,1934.565,1943.3031749999998,1931.2302891479903,21,timeout,-0.0961918873003523
VWAP_MR,M5,short,2023-09-19 17:30:00+00:00,2023-09-19 19:10:00+00:00,1935.535,1936.105,1945.2126749999998,1932.1073527058732,21,timeout,-0.0588984440994304
VWAP_MR,M5,short,2023-09-20 13:45:00+00:00,2023-09-20 13:50:00+00:00,1932.055,1930.6830661041247,1941.7152749999998,1930.6830661041247,2,tp,0.14201809947184846
VWAP_MR,M5,short,2023-09-20 17:20:00+00:00,2023-09-20 19:00:00+00:00,1932.185,1932.665,1941.8459249999999,1930.1893486809868,21,timeout,-0.04968468340247159
VWAP_MR,M5,short,2023-09-20 20:40:00+00:00,2023-09-20 22:15:00+00:00,1935.565,1945.2428249999998,1945.2428249999998,1932.207121625154,20,sl,-1.0
VWAP_MR,M5,short,2023-09-21 13:30:00+00:00,2023-09-21 14:00:00+00:00,1930.315,1927.4521105761064,1939.966575,1927.4521105761064,7,tp,0.2966240664237379
VWAP_MR,M5,long,2023-09-21 19:20:00+00:00,2023-09-21 21:00:00+00:00,1917.035,1915.505,1907.4498250000001,1923.4412088460167,21,timeout,-0.15962149882500665
VWAP_MR,M5,short,2023-09-22 07:40:00+00:00,2023-09-22 09:20:00+00:00,1921.885,1924.968,1931.4944249999999,1920.353827667769,21,timeout,-0.3208308509614388
VWAP_MR,M5,short,2023-09-22 09:35:00+00:00,2023-09-22 11:15:00+00:00,1925.125,1923.895,1934.750625,1922.1330021380372,21,timeout,0.1277839101357087
VWAP_MR,M5,short,2023-09-22 14:20:00+00:00,2023-09-22 16:00:00+00:00,1927.554,1926.445,1937.19177,1924.7533112939177,21,timeout,0.11506811222929908
VWAP_MR,M5,short,2023-09-22 20:50:00+00:00,2023-09-22 20:50:00+00:00,1927.915,1926.0503917497542,1937.5545749999997,1926.0503917497542,1,tp,0.19343262023956415
VWAP_MR,M5,short,2023-09-25 14:10:00+00:00,2023-09-25 14:50:00+00:00,1925.555,1923.01562994548,1935.1827749999998,1923.01562994548,9,tp,0.263754611477746
VWAP_MR,M5,short,2023-09-25 19:55:00+00:00,2023-09-25 20:15:00+00:00,1926.295,1923.7206692473815,1935.9264749999998,1923.7206692473815,5,tp,0.267283126688144
VWAP_MR,M5,long,2023-09-26 14:05:00+00:00,2023-09-26 14:55:00+00:00,1910.055,1913.4484025293452,1900.504725,1913.4484025293452,11,tp,0.3553198760606524
VWAP_MR,M5,short,2023-09-27 08:40:00+00:00,2023-09-27 09:30:00+00:00,1902.815,1900.9728747660859,1912.3290749999999,1900.9728747660859,11,tp,0.19362105448130665
VWAP_MR,M5,long,2023-09-27 20:45:00+00:00,2023-09-27 22:25:00+00:00,1886.935,1879.915,1877.500325,1892.2660847121685,21,timeout,-0.7440637859809696
VWAP_MR,M5,long,2023-09-27 22:30:00+00:00,2023-09-28 00:10:00+00:00,1879.895,1875.625,1870.495525,1887.7045974498146,21,timeout,-0.45428069120881853
VWAP_MR,M5,short,2023-09-29 13:00:00+00:00,2023-09-29 14:40:00+00:00,1868.005,1873.865,1877.3450249999999,1865.2245271000893,21,timeout,-0.6274073142202576
VWAP_MR,M5,short,2023-09-29 14:45:00+00:00,2023-09-29 16:25:00+00:00,1873.835,1870.938,1883.2041749999999,1867.9793596440327,21,timeout,0.30920545298812246
VWAP_MR,M5,short,2023-09-29 20:15:00+00:00,2023-09-29 20:50:00+00:00,1876.635,1871.6827836782302,1886.0181749999997,1871.6827836782302,8,tp,0.5277761868205553
VWAP_MR,M5,long,2023-10-03 09:35:00+00:00,2023-10-03 11:15:00+00:00,1816.808,1821.395,1807.72396,1823.9889241594153,21,timeout,0.5049515413846714
VWAP_MR,M5,short,2023-10-03 15:10:00+00:00,2023-10-03 16:50:00+00:00,1826.535,1827.005,1835.667675,1821.3576258309022,21,timeout,-0.05146356352328707
VWAP_MR,M5,short,2023-10-03 21:40:00+00:00,2023-10-03 21:55:00+00:00,1832.015,1825.6681521886214,1841.1750749999999,1825.6681521886214,4,tp,0.6928816424951564
VWAP_MR,M5,short,2023-10-04 18:20:00+00:00,2023-10-04 20:00:00+00:00,1826.318,1826.495,1835.4495899999997,1821.5665939967214,21,timeout,-0.0193832618415755
VWAP_MR,M5,short,2023-10-05 08:05:00+00:00,2023-10-05 09:45:00+00:00,1825.855,1826.515,1834.9842749999998,1822.202883484545,21,timeout,-0.07229489745900937
VWAP_MR,M5,long,2023-10-05 19:45:00+00:00,2023-10-05 20:40:00+00:00,1814.474,1820.9177878249714,1805.4016299999998,1820.9177878249714,12,tp,0.7102651043741997
VWAP_MR,M5,long,2023-10-06 13:30:00+00:00,2023-10-06 15:10:00+00:00,1819.348,1821.208,1810.25126,1822.552054810686,21,timeout,0.20446885367726644
VWAP_MR,M5,short,2023-10-06 17:15:00+00:00,2023-10-06 18:55:00+00:00,1823.758,1821.838,1832.8767899999998,1820.5380764445051,21,timeout,0.2105542511671091
VWAP_MR,M5,long,2023-10-06 19:35:00+00:00,2023-10-06 20:25:00+00:00,1814.894,1820.7456114486272,1805.81953,1820.7456114486272,11,tp,0.644843329541799
VWAP_MR,M5,short,2023-10-06 21:30:00+00:00,2023-10-06 23:10:00+00:00,1827.738,1832.415,1836.8766899999998,1819.2175601174495,21,timeout,-0.5117801347895623
VWAP_MR,M5,short,2023-10-09 05:05:00+00:00,2023-10-09 06:45:00+00:00,1849.415,1848.755,1858.6620749999997,1832.2100155054352,21,timeout,0.07137392094255438
VWAP_MR,M5,short,2023-10-09 21:45:00+00:00,2023-10-09 23:25:00+00:00,1851.698,1850.145,1860.9564899999998,1847.6338192974488,21,timeout,0.1677379356677125
VWAP_MR,M5,short,2023-10-10 00:45:00+00:00,2023-10-10 02:25:00+00:00,1854.155,1861.598,1863.4257749999997,1848.232306866521,21,timeout,-0.8028455010503652
VWAP_MR,M5,long,2023-10-10 13:45:00+00:00,2023-10-10 15:25:00+00:00,1856.258,1857.375,1846.9767100000001,1861.131283602156,21,timeout,0.1203496496715407
VWAP_MR,M5,short,2023-10-11 07:15:00+00:00,2023-10-11 08:55:00+00:00,1861.115,1861.505,1870.4205749999999,1859.7795312964045,21,timeout,-0.04191036018731844
VWAP_MR,M5,short,2023-10-11 13:45:00+00:00,2023-10-11 15:25:00+00:00,1861.568,1868.465,1870.8758399999997,1860.2705400146235,21,timeout,-0.7409882421700573
VWAP_MR,M5,short,2023-10-11 23:10:00+00:00,2023-10-12 00:35:00+00:00,1875.995,1871.3304160193213,1885.3749749999997,1871.3304160193213,18,tp,0.4972917284618195
VWAP_MR,M5,short,2023-10-12 13:45:00+00:00,2023-10-12 15:25:00+00:00,1881.585,1880.705,1890.9929249999998,1877.9822350948978,21,timeout,0.09353816064649033
VWAP_MR,M5,short,2023-10-12 18:50:00+00:00,2023-10-12 19:30:00+00:00,1884.285,1881.2817296026421,1893.7064249999999,1881.2817296026421,9,tp,0.31877029189936873
VWAP_MR,M5,short,2023-10-13 11:30:00+00:00,2023-10-13 13:10:00+00:00,1875.618,1876.275,1884.9960899999996,1872.3596098509322,21,timeout,-0.07005690924273213
VWAP_MR,M5,short,2023-10-13 14:45:00+00:00,2023-10-13 16:25:00+00:00,1882.105,1884.645,1891.5155249999998,1876.5194583396274,21,timeout,-0.26991055228056066
VWAP_MR,M5,short,2023-10-13 19:00:00+00:00,2023-10-13 19:30:00+00:00,1898.075,1907.565375,1907.565375,1886.1501586940383,7,sl,-1.0
VWAP_MR,M5,short,2023-10-13 19:35:00+00:00,2023-10-13 19:40:00+00:00,1909.245,1918.7912249999997,1918.7912249999997,1890.635188470052,2,sl,-1.0
VWAP_MR,M5,short,2023-10-16 19:25:00+00:00,2023-10-16 20:40:00+00:00,1920.085,1914.5266305549274,1929.685425,1914.5266305549274,16,tp,0.5789711856582148
VWAP_MR,M5,short,2023-10-17 14:15:00+00:00,2023-10-17 15:55:00+00:00,1919.935,1918.945,1929.5346749999997,1915.8094405164802,21,timeout,0.10312849132913764
VWAP_MR,M5,short,2023-10-17 16:35:00+00:00,2023-10-17 18:15:00+00:00,1922.855,1923.458,1932.469275,1918.545286058624,21,timeout,-0.06271923780004954
VWAP_MR,M5,short,2023-10-18 07:50:00+00:00,2023-10-18 08:30:00+00:00,1927.808,1937.4470399999998,1937.4470399999998,1924.327282490368,9,sl,-1.0
VWAP_MR,M5,short,2023-10-18 16:35:00+00:00,2023-10-18 18:15:00+00:00,1941.755,1945.038,1951.463775,1937.8697163728812,21,timeout,-0.338147706585018
VWAP_MR,M5,short,2023-10-18 18:30:00+00:00,2023-10-18 20:10:00+00:00,1945.685,1948.798,1955.4134249999997,1940.1427915615607,21,timeout,-0.31999013201007603
VWAP_MR,M5,short,2023-10-18 20:45:00+00:00,2023-10-18 21:50:00+00:00,1957.035,1946.816528047546,1966.8201749999998,1946.816528047546,14,tp,1.044280960989905
VWAP_MR,M5,short,2023-10-19 14:20:00+00:00,2023-10-19 16:00:00+00:00,1950.985,1949.655,1960.7399249999996,1947.431914501606,21,timeout,0.13634138653038994
VWAP_MR,M5,short,2023-10-19 19:45:00+00:00,2023-10-19 20:30:00+00:00,1955.555,1951.2383227973726,1965.3327749999999,1951.2383227973726,10,tp,0.4414784756887513
VWAP_MR,M5,short,2023-10-19 22:40:00+00:00,2023-10-19 23:00:00+00:00,1959.065,1953.199014219716,1968.8603249999999,1953.199014219716,5,tp,0.598855656171099
VWAP_MR,M5,short,2023-10-19 23:20:00+00:00,2023-10-19 23:35:00+00:00,1958.735,1953.939815007376,1968.5286749999998,1953.939815007376,4,tp,0.4896205962137805
VWAP_MR,M5,short,2023-10-20 02:25:00+00:00,2023-10-20 05:00:00+00:00,1977.125,1973.398,1987.010625,1962.4518824975464,21,timeout,0.37701207561485794
VWAP_MR,M5,short,2023-10-20 15:20:00+00:00,2023-10-20 17:00:00+00:00,1981.955,1982.745,1991.8647749999998,1978.4467352499914,21,timeout,-0.07971926708729263
VWAP_MR,M5,long,2023-10-20 19:35:00+00:00,2023-10-20 20:45:00+00:00,1973.535,1980.9721454834919,1963.6673250000001,1980.9721454834919,15,tp,0.7536877211188889
VWAP_MR,M5,short,2023-10-20 21:05:00+00:00,2023-10-20 22:45:00+00:00,1988.155,1995.278,1998.0957749999998,1980.4427937170794,21,timeout,-0.7165437302423793
VWAP_MR,M5,short,2023-10-20 22:50:00+00:00,2023-10-20 23:55:00+00:00,1995.258,1984.3483442677052,2005.2342899999999,1984.3483442677052,14,tp,1.0935584001963659
VWAP_MR,M5,long,2023-10-23 05:05:00+00:00,2023-10-23 06:45:00+00:00,1968.954,1974.345,1959.10923,1981.6009355136139,21,timeout,0.5476004010251248
VWAP_MR,M5,short,2023-10-24 08:25:00+00:00,2023-10-24 10:05:00+00:00,1977.765,1977.585,1987.6538249999999,1973.5744470548195,21,timeout,0.018202364790565903
VWAP_MR,M5,long,2023-10-24 18:05:00+00:00,2023-10-24 19:45:00+00:00,1958.585,1963.325,1948.792075,1970.619913635943,21,timeout,0.4840229042906
VWAP_MR,M5,short,2023-10-24 23:00:00+00:00,2023-10-25 00:40:00+00:00,1968.665,1975.755,1978.5083249999998,1962.8792300565376,21,timeout,-0.720285066275905
VWAP_MR,M5,short,2023-10-25 09:00:00+00:00,2023-10-25 09:55:00+00:00,1976.495,1973.1249903148866,1986.3774749999998,1973.1249903148866,12,tp,0.3410086729400565
VWAP_MR,M5,short,2023-10-26 08:40:00+00:00,2023-10-26 10:20:00+00:00,1986.145,1985.145,1996.0757249999997,1982.5755189939896,21,timeout,0.100697582502791
VWAP_MR,M5,short,2023-10-26 11:10:00+00:00,2023-10-26 12:50:00+00:00,1987.945,1986.215,1997.8847249999997,1984.3231923020244,21,timeout,0.17404908083473797
VWAP_MR,M5,short,2023-10-26 15:40:00+00:00,2023-10-26 17:20:00+00:00,1991.035,1990.555,2000.990175,1987.2617931446187,21,timeout,0.048216128797336714
VWAP_MR,M5,long,2023-10-26 18:45:00+00:00,2023-10-26 20:25:00+00:00,1984.085,1976.315,1974.164575,1988.7112816514007,21,timeout,-0.7832325732012453
VWAP_MR,M5,short,2023-10-27 09:10:00+00:00,2023-10-27 10:50:00+00:00,1986.765,1988.025,1996.698825,1984.891147550227,21,timeout,-0.1268393594612358
VWAP_MR,M5,short,2023-10-28 00:25:00+00:00,2023-10-28 01:05:00+00:00,1987.105,1997.040525,1997.040525,1982.4529465989472,9,sl,-1.0
VWAP_MR,M5,short,2023-10-28 02:10:00+00:00,2023-10-28 03:50:00+00:00,2007.575,2005.028,2017.6128749999998,1991.391011211369,21,timeout,0.2537389636750893
VWAP_MR,M5,long,2023-10-30 15:10:00+00:00,2023-10-30 16:50:00+00:00,1991.858,1995.225,1981.89871,1997.8600630860185,21,timeout,0.33807630865252025
VWAP_MR,M5,short,2023-10-30 19:40:00+00:00,2023-10-30 19:45:00+00:00,1999.345,1994.9333243628546,2009.3417249999998,1994.9333243628546,2,tp,0.4413120934251517
VWAP_MR,M5,short,2023-10-30 20:15:00+00:00,2023-10-30 21:40:00+00:00,1999.875,1995.555606147126,2009.8743749999999,1995.555606147126,18,tp,0.43196638318636466
VWAP_MR,M5,short,2023-10-31 15:25:00+00:00,2023-10-31 17:05:00+00:00,1997.918,1997.285,2007.9075899999996,1994.3382944145865,21,timeout,0.0633659639684743
VWAP_MR,M5,short,2023-10-31 21:00:00+00:00,2023-10-31 22:00:00+00:00,2002.314,1998.042934399577,2012.32557,1998.042934399577,13,tp,0.4266129688373669
VWAP_MR,M5,short,2023-11-01 16:05:00+00:00,2023-11-01 17:45:00+00:00,1981.905,1982.395,1991.8145249999998,1978.6935250900715,21,timeout,-0.04944737512645852
VWAP_MR,M5,short,2023-11-01 19:30:00+00:00,2023-11-01 20:35:00+00:00,1986.865,1981.9318009682697,1996.7993249999997,1981.9318009682697,14,tp,0.4965812002053912
VWAP_MR,M5,short,2023-11-02 16:20:00+00:00,2023-11-02 17:20:00+00:00,1988.295,1985.90127161756,1998.236475,1985.90127161756,13,tp,0.24078201498671636
VWAP_MR,M5,short,2023-11-02 18:20:00+00:00,2023-11-02 19:20:00+00:00,1989.745,1987.0416790519496,1999.6937249999996,1987.0416790519496,13,tp,0.2717253666223938
VWAP_MR,M5,short,2023-11-03 09:40:00+00:00,2023-11-03 11:20:00+00:00,1986.515,1986.345,1996.447575,1984.53249462884,21,timeout,0.017115400588475386
VWAP_MR,M5,short,2023-11-03 16:10:00+00:00,2023-11-03 17:35:00+00:00,1989.698,1987.396740345655,1999.6464899999999,1987.396740345655,18,tp,0.2313174817831837
VWAP_MR,M5,long,2023-11-06 06:45:00+00:00,2023-11-06 08:25:00+00:00,1987.785,1991.8675022010636,1977.8460750000002,1991.8675022010636,21,tp,0.4107589302730016
VWAP_MR,M5,long,2023-11-06 10:00:00+00:00,2023-11-06 11:40:00+00:00,1986.995,1983.505,1977.060025,1990.3920568683182,21,timeout,-0.3512842256774495
VWAP_MR,M5,long,2023-11-07 16:10:00+00:00,2023-11-07 17:50:00+00:00,1964.715,1966.985,1954.8914249999998,1969.810347289616,21,timeout,0.23107677194910756
VWAP_MR,M5,long,2023-11-07 19:55:00+00:00,2023-11-07 20:50:00+00:00,1958.115,1965.2872513418606,1948.324425,1965.2872513418606,12,tp,0.732566916842025
VWAP_MR,M5,short,2023-11-08 01:30:00+00:00,2023-11-08 03:10:00+00:00,1967.285,1966.928,1977.1214249999998,1963.9597960251583,21,timeout,0.03629367376866905
VWAP_MR,M5,short,2023-11-09 21:00:00+00:00,2023-11-09 22:15:00+00:00,1950.398,1960.1499899999997,1960.1499899999997,1947.227209553946,16,sl,-1.0
VWAP_MR,M5,long,2023-11-10 19:50:00+00:00,2023-11-10 21:30:00+00:00,1944.625,1946.528,1934.901875,1951.7689636519333,21,timeout,0.19571896895288537
VWAP_MR,M5,short,2023-11-14 16:25:00+00:00,2023-11-14 18:05:00+00:00,1947.455,1946.235,1957.1922749999997,1945.3582112460024,21,timeout,0.12529172689485113
VWAP_MR,M5,short,2023-11-14 20:35:00+00:00,2023-11-14 21:40:00+00:00,1956.055,1965.835275,1965.835275,1947.2322826167465,14,sl,-1.0
VWAP_MR,M5,short,2023-11-14 21:45:00+00:00,2023-11-14 23:25:00+00:00,1968.445,1964.785,1978.2872249999998,1955.3781802166777,21,timeout,0.3718671337019731
VWAP_MR,M5,short,2023-11-16 10:15:00+00:00,2023-11-16 11:55:00+00:00,1961.575,1962.205,1971.3828749999998,1959.2961413366495,21,timeout,-0.06423409760013239
VWAP_MR,M5,short,2023-11-16 12:30:00+00:00,2023-11-16 14:10:00+00:00,1963.315,1965.858,1973.1315749999999,1960.0356883354539,21,timeout,-0.2590516549814917
VWAP_MR,M5,short,2023-11-16 20:40:00+00:00,2023-11-16 21:50:00+00:00,1971.255,1981.111275,1981.111275,1966.5944115195969,15,sl,-1.0
VWAP_MR,M5,short,2023-11-16 22:20:00+00:00,2023-11-17 00:00:00+00:00,1983.715,1982.605,1993.6335749999996,1972.0836288964808,21,timeout,0.11191123724929584
VWAP_MR,M5,short,2023-11-17 08:05:00+00:00,2023-11-17 09:45:00+00:00,1985.825,1983.975,1995.754125,1982.3377002538778,21,timeout,0.18632054687599942
VWAP_MR,M5,short,2023-11-17 15:40:00+00:00,2023-11-17 17:20:00+00:00,1988.065,1992.375,1998.0053249999999,1985.3668621546108,21,timeout,-0.43358743300646924
VWAP_MR,M5,long,2023-11-17 22:00:00+00:00,2023-11-17 23:40:00+00:00,1980.165,1980.505,1970.264175,1986.8092452989883,21,timeout,0.034340572629063496
VWAP_MR,M5,long,2023-11-20 20:40:00+00:00,2023-11-20 22:20:00+00:00,1966.205,1971.115,1956.373975,1974.13391388686,21,timeout,0.4994392751518895
VWAP_MR,M5,short,2023-11-21 01:25:00+00:00,2023-11-21 03:05:00+00:00,1978.735,1978.065,1988.6286749999997,1970.8285730122975,21,timeout,0.06772003325355429
VWAP_MR,M5,short,2023-11-21 08:00:00+00:00,2023-11-21 09:40:00+00:00,1986.045,1991.245,1995.975225,1979.91415577504,21,timeout,-0.523653794350068
VWAP_MR,M5,short,2023-11-21 20:25:00+00:00,2023-11-21 21:40:00+00:00,1994.835,2004.8091749999999,2004.8091749999999,1988.527969944967,16,sl,-1.0
VWAP_MR,M5,short,2023-11-21 22:00:00+00:00,2023-11-21 23:40:00+00:00,2006.755,1999.685,2016.788775,1995.0486164828455,21,timeout,0.7046201454587381
VWAP_MR,M5,short,2023-11-22 11:50:00+00:00,2023-11-22 12:40:00+00:00,1998.655,1996.6743108209027,2008.6482749999998,1996.6743108209027,11,tp,0.19820220889520834
VWAP_MR,M5,short,2023-11-22 15:10:00+00:00,2023-11-22 16:00:00+00:00,2004.975,1999.4032872618066,2014.9998749999997,1999.4032872618066,11,tp,0.5557887493054472
VWAP_MR,M5,short,2023-11-23 09:10:00+00:00,2023-11-23 10:50:00+00:00,1994.125,1996.798,2004.0956249999997,1991.483619807275,21,timeout,-0.2680875070519734
VWAP_MR,M5,short,2023-11-23 10:55:00+00:00,2023-11-23 12:35:00+00:00,1996.785,1995.575,2006.7689249999999,1992.8863638766788,21,timeout,0.12119482067424024
VWAP_MR,M5,short,2023-11-24 20:40:00+00:00,2023-11-24 22:20:00+00:00,2000.415,2001.395,2010.4170749999998,1995.199084993323,21,timeout,-0.09797966921864015
VWAP_MR,M5,short,2023-11-27 16:05:00+00:00,2023-11-27 17:45:00+00:00,2014.385,2014.705,2024.4569249999997,2011.2509083087252,21,timeout,-0.031771483604171466
VWAP_MR,M5,short,2023-11-28 21:20:00+00:00,2023-11-28 23:00:00+00:00,2023.845,2030.888,2033.9642249999997,2017.5302938852737,21,timeout,-0.6960019171428751
VWAP_MR,M5,short,2023-11-28 23:15:00+00:00,2023-11-29 00:55:00+00:00,2034.795,2040.895,2044.9689749999998,2023.268266559099,21,timeout,-0.5995689983511939
VWAP_MR,M5,short,2023-11-29 08:05:00+00:00,2023-11-29 09:45:00+00:00,2051.015,2047.725,2061.2700749999995,2042.532246803186,21,timeout,0.32081676633277656
VWAP_MR,M5,short,2023-11-29 22:00:00+00:00,2023-11-29 22:10:00+00:00,2044.805,2040.2039675648975,2055.029025,2040.2039675648975,3,tp,0.4500216338577649
VWAP_MR,M5,short,2023-12-01 06:35:00+00:00,2023-12-01 08:15:00+00:00,2039.855,2042.185,2050.054275,2036.2680081375795,21,timeout,-0.2284476102468009
VWAP_MR,M5,short,2023-12-01 15:55:00+00:00,2023-12-01 17:35:00+00:00,2043.325,2044.055,2053.541625,2040.5705490844778,21,timeout,-0.07145216742319825
VWAP_MR,M5,long,2023-12-01 18:50:00+00:00,2023-12-01 20:30:00+00:00,2038.215,2038.065,2028.023925,2043.0358905899943,21,timeout,-0.014718761269038275
VWAP_MR,M5,short,2023-12-01 22:25:00+00:00,2023-12-01 23:50:00+00:00,2048.335,2058.576675,2058.576675,2040.2679759201942,18,sl,-1.0
VWAP_MR,M5,short,2023-12-01 23:55:00+00:00,2023-12-02 01:30:00+00:00,2059.734,2070.0326699999996,2070.0326699999996,2045.6244827827752,20,sl,-1.0
VWAP_MR,M5,short,2023-12-02 01:40:00+00:00,2023-12-02 03:20:00+00:00,2074.655,2068.968,2085.028275,2053.8305212783093,21,timeout,0.5482357307600922
VWAP_MR,M5,short,2023-12-04 06:25:00+00:00,2023-12-04 06:25:00+00:00,2098.745,2109.2387249999997,2109.2387249999997,2071.1317782444235,1,sl,-1.0
VWAP_MR,M5,short,2023-12-04 06:55:00+00:00,2023-12-04 08:35:00+00:00,2131.975,2087.705,2142.6348749999997,2085.8326717289106,21,timeout,4.15295676544056
VWAP_MR,M5,long,2023-12-04 22:30:00+00:00,2023-12-04 22:35:00+00:00,2033.065,2022.8996750000001,2022.8996750000001,2056.8802066010217,2,sl,-1.0
VWAP_MR,M5,short,2023-12-05 07:35:00+00:00,2023-12-05 09:15:00+00:00,2038.515,2034.095,2048.707575,2029.3453739072775,21,timeout,0.4336490042997139
VWAP_MR,M5,short,2023-12-05 15:25:00+00:00,2023-12-05 15:45:00+00:00,2037.815,2034.102989134448,2048.004075,2034.102989134448,5,tp,0.36431284150446
VWAP_MR,M5,short,2023-12-06 08:05:00+00:00,2023-12-06 08:35:00+00:00,2022.365,2019.3485503050997,2032.4768249999997,2019.3485503050997,7,tp,0.2983091276698701
VWAP_MR,M5,short,2023-12-06 11:15:00+00:00,2023-12-06 11:45:00+00:00,2023.625,2020.7572974539623,2033.7431249999997,2020.7572974539623,7,tp,0.28342232835013775
VWAP_MR,M5,short,2023-12-06 12:45:00+00:00,2023-12-06 14:25:00+00:00,2024.295,2028.075,2034.4164749999998,2021.4013905592658,21,timeout,-0.37346335390840646
VWAP_MR,M5,short,2023-12-06 14:50:00+00:00,2023-12-06 15:55:00+00:00,2031.575,2024.9342820706836,2041.732875,2024.9342820706836,14,tp,0.6537507036970363
VWAP_MR,M5,short,2023-12-07 15:25:00+00:00,2023-12-07 17:05:00+00:00,2031.735,2034.345,2041.8936749999996,2028.1842939230498,21,timeout,-0.2569232700130884
VWAP_MR,M5,short,2023-12-07 20:55:00+00:00,2023-12-07 21:15:00+00:00,2038.805,2034.0486589505879,2048.9990249999996,2034.0486589505879,5,tp,0.4665812620051837
VWAP_MR,M5,short,2023-12-08 08:10:00+00:00,2023-12-08 08:25:00+00:00,2032.175,2029.394286330982,2042.3358749999998,2029.394286330982,4,tp,0.2736687213471374
VWAP_MR,M5,long,2023-12-08 20:35:00+00:00,2023-12-08 21:20:00+00:00,2017.695,2007.606525,2007.606525,2028.0667090801082,10,sl,-1.0
VWAP_MR,M5,long,2023-12-09 00:15:00+00:00,2023-12-09 01:55:00+00:00,1996.275,1998.795,1986.293625,2012.977003014496,21,timeout,0.25247022579554057
VWAP_MR,M5,long,2023-12-11 09:45:00+00:00,2023-12-11 11:25:00+00:00,1997.945,1996.355,1987.955275,2003.7955311462583,21,timeout,-0.15916354053789597
VWAP_MR,M5,short,2023-12-12 07:40:00+00:00,2023-12-12 09:20:00+00:00,1986.364,1982.415,1996.2958199999998,1981.8789092332722,21,timeout,0.39761091119252595
VWAP_MR,M5,short,2023-12-12 12:55:00+00:00,2023-12-12 14:35:00+00:00,1987.555,1986.555,1997.492775,1984.5119436241525,21,timeout,0.10062614619469777
VWAP_MR,M5,short,2023-12-12 19:20:00+00:00,2023-12-12 20:30:00+00:00,1988.515,1986.0874175131426,1998.457575,1986.0874175131426,15,tp,0.24416033943496457
VWAP_MR,M5,short,2023-12-12 20:35:00+00:00,2023-12-12 20:40:00+00:00,1994.855,1987.320443429922,2004.8292749999998,1987.320443429922,2,tp,0.75539892073139
VWAP_MR,M5,long,2023-12-13 13:25:00+00:00,2023-12-13 14:35:00+00:00,1976.045,1978.9965922093525,1966.164775,1978.9965922093525,15,tp,0.29873734751509723
VWAP_MR,M5,short,2023-12-14 02:05:00+00:00,2023-12-14 02:15:00+00:00,1992.735,2002.6986749999996,2002.6986749999996,1982.1271053061773,3,sl,-1.0
VWAP_MR,M5,short,2023-12-14 15:25:00+00:00,2023-12-14 17:05:00+00:00,2037.065,2033.815,2047.2503249999997,2033.2550494333175,21,timeout,0.31908652890311284
VWAP_MR,M5,short,2023-12-14 21:40:00+00:00,2023-12-14 23:20:00+00:00,2045.575,2039.905,2055.802875,2035.4014300708834,21,timeout,0.5543673539225085
VWAP_MR,M5,short,2023-12-15 16:05:00+00:00,2023-12-15 17:45:00+00:00,2040.335,2043.705,2050.536675,2037.1482090499235,21,timeout,-0.3303379101961157
VWAP_MR,M5,long,2023-12-15 20:45:00+00:00,2023-12-15 22:25:00+00:00,2031.835,2037.335,2021.675825,2040.5638229362373,21,timeout,0.5413825433659719
VWAP_MR,M5,long,2023-12-16 01:25:00+00:00,2023-12-16 03:05:00+00:00,2022.785,2017.725,2012.671075,2033.7665932960335,21,timeout,-0.5003003285074903
VWAP_MR,M5,short,2023-12-18 21:05:00+00:00,2023-12-18 21:20:00+00:00,2026.185,2023.0617888894167,2036.3159249999997,2023.0617888894167,4,tp,0.30828489112133006
VWAP_MR,M5,short,2023-12-19 00:55:00+00:00,2023-12-19 02:35:00+00:00,2029.555,2026.768,2039.7027749999997,2023.3398198384045,21,timeout,0.27464148544879263
VWAP_MR,M5,short,2023-12-19 15:35:00+00:00,2023-12-19 17:15:00+00:00,2027.475,2025.985,2037.6123749999997,2024.1333883060709,21,timeout,0.14698085056536228
VWAP_MR,M5,short,2023-12-19 19:25:00+00:00,2023-12-19 21:05:00+00:00,2029.335,2030.578,2039.4816749999998,2026.0356959281485,21,timeout,-0.12250318454074571
VWAP_MR,M5,short,2023-12-19 21:45:00+00:00,2023-12-19 23:20:00+00:00,2035.255,2045.431275,2045.431275,2029.387478060577,20,sl,-1.0
VWAP_MR,M5,short,2023-12-19 23:25:00+00:00,2023-12-20 01:05:00+00:00,2044.965,2040.095,2055.1898249999995,2034.6233141240727,21,timeout,0.47629177027480696
VWAP_MR,M5,short,2023-12-20 13:20:00+00:00,2023-12-20 15:00:00+00:00,2041.945,2041.188,2052.154725,2039.2240959867215,21,timeout,0.07414499411099117
VWAP_MR,M5,short,2023-12-21 19:40:00+00:00,2023-12-21 20:30:00+00:00,2037.875,2035.070740842288,2048.064375,2035.070740842288,11,tp,0.2752140497049218
VWAP_MR,M5,short,2023-12-21 20:40:00+00:00,2023-12-21 22:20:00+00:00,2041.445,2039.505,2051.652225,2036.0460862704722,21,timeout,0.1900614515698292
VWAP_MR,M5,short,2023-12-22 04:50:00+00:00,2023-12-22 07:25:00+00:00,2045.485,2048.725,2055.7124249999997,2041.920034290371,21,timeout,-0.3167952832702336
VWAP_MR,M5,short,2023-12-22 15:50:00+00:00,2023-12-22 17:30:00+00:00,2051.385,2055.675,2061.641925,2049.158111562723,21,timeout,-0.41825400887693887
VWAP_MR,M5,short,2023-12-22 19:35:00+00:00,2023-12-22 21:15:00+00:00,2064.928,2066.965,2075.2526399999997,2055.6248063245525,21,timeout,-0.19729501464460728
VWAP_MR,M5,short,2023-12-26 08:55:00+00:00,2023-12-26 10:35:00+00:00,2060.925,2064.674,2071.229625,2054.396393762718,21,timeout,-0.363817217996762
VWAP_MR,M5,short,2023-12-27 03:40:00+00:00,2023-12-27 06:15:00+00:00,2065.995,2067.065,2076.3249749999995,2060.4261767857865,21,timeout,-0.10358205126345417
VWAP_MR,M5,short,2023-12-27 16:15:00+00:00,2023-12-27 17:25:00+00:00,2068.195,2066.1559598092335,2078.535975,2066.1559598092335,15,tp,0.19718065180185648
VWAP_MR,M5,long,2023-12-27 17:35:00+00:00,2023-12-27 18:20:00+00:00,2061.895,2066.43788359948,2051.585525,2066.43788359948,10,tp,0.4406513037259274
VWAP_MR,M5,short,2023-12-28 08:35:00+00:00,2023-12-28 10:15:00+00:00,2083.485,2087.504,2093.9024249999998,2079.0701411614646,21,timeout,-0.3857959140574487
VWAP_MR,M5,short,2023-12-29 13:05:00+00:00,2023-12-29 14:45:00+00:00,2071.825,2073.825,2082.1841249999998,2069.3409521206327,21,timeout,-0.1930664993423682
VWAP_MR,M5,short,2024-01-02 08:10:00+00:00,2024-01-02 09:05:00+00:00,2069.045,2065.0880459757977,2079.3902249999996,2065.0880459757977,12,tp,0.3824908616489729
VWAP_MR,M5,short,2024-01-02 10:20:00+00:00,2024-01-02 12:00:00+00:00,2069.715,2069.748,2080.063575,2065.7366318584272,21,timeout,-0.0031888448409468774
VWAP_MR,M5,short,2024-01-02 12:55:00+00:00,2024-01-02 14:35:00+00:00,2073.665,2075.095,2084.033325,2068.579216703211,21,timeout,-0.13792005941170327
VWAP_MR,M5,short,2024-01-04 13:30:00+00:00,2024-01-04 15:10:00+00:00,2047.615,2047.355,2057.853075,2043.7578761749112,21,timeout,0.02539539903741586
VWAP_MR,M5,long,2024-01-05 20:35:00+00:00,2024-01-05 20:55:00+00:00,2027.655,2038.8028091451538,2017.516725,2038.8028091451538,5,tp,1.099576520182555
VWAP_MR,M5,short,2024-01-05 21:35:00+00:00,2024-01-05 22:05:00+00:00,2048.185,2058.4259249999996,2058.4259249999996,2037.768307455902,7,sl,-1.0
VWAP_MR,M5,short,2024-01-05 22:30:00+00:00,2024-01-06 00:00:00+00:00,2063.575,2044.3242026361752,2073.8928749999995,2044.3242026361752,19,tp,1.8657715240614112
VWAP_MR,M5,long,2024-01-08 18:25:00+00:00,2024-01-08 20:05:00+00:00,2022.965,2024.745,2012.8501749999998,2029.2542267778488,21,timeout,0.17597931748695142
VWAP_MR,M5,short,2024-01-08 22:40:00+00:00,2024-01-09 00:20:00+00:00,2031.205,2030.225,2041.3610249999997,2023.0736828447673,21,timeout,0.09649444541541008
VWAP_MR,M5,short,2024-01-09 06:55:00+00:00,2024-01-09 08:35:00+00:00,2030.435,2031.885,2040.5871749999997,2027.7381820249486,21,timeout,-0.14282653717061478
VWAP_MR,M5,short,2024-01-09 14:30:00+00:00,2024-01-09 15:10:00+00:00,2036.495,2033.4690217966506,2046.6774749999997,2033.4690217966506,9,tp,0.2971751173805304
VWAP_MR,M5,short,2024-01-09 17:30:00+00:00,2024-01-09 18:10:00+00:00,2038.085,2034.1281625206595,2048.275425,2034.1281625206595,9,tp,0.3882897405496414
VWAP_MR,M5,short,2024-01-09 21:00:00+00:00,2024-01-09 21:35:00+00:00,2039.045,2035.6335551533887,2049.240225,2035.6335551533887,8,tp,0.3346120214719561
VWAP_MR,M5,short,2024-01-10 15:30:00+00:00,2024-01-10 17:10:00+00:00,2034.345,2037.398,2044.5167249999997,2028.8707790195592,21,timeout,-0.3001457471569448
VWAP_MR,M5,short,2024-01-11 20:30:00+00:00,2024-01-11 20:30:00+00:00,2037.208,2032.9342140670706,2047.39404,2032.9342140670706,1,tp,0.4195728598090709
VWAP_MR,M5,short,2024-01-12 14:35:00+00:00,2024-01-12 16:15:00+00:00,2037.898,2039.205,2048.08749,2034.6375778101726,21,timeout,-0.12826942270908742
VWAP_MR,M5,short,2024-01-12 17:50:00+00:00,2024-01-12 19:30:00+00:00,2043.525,2049.075,2053.742625,2037.881843661353,21,timeout,-0.5431790655851875
VWAP_MR,M5,long,2024-01-13 00:40:00+00:00,2024-01-13 02:20:00+00:00,2042.005,2048.855,2031.794975,2053.384740587542,21,timeout,0.6709092289196011
VWAP_MR,M5,short,2024-01-15 08:50:00+00:00,2024-01-15 10:30:00+00:00,2050.735,2056.465,2060.988675,2047.9065315964558,21,timeout,-0.5588240313838753
VWAP_MR,M5,short,2024-01-16 00:40:00+00:00,2024-01-16 02:20:00+00:00,2055.805,2053.785,2066.0840249999997,2053.090711107649,21,timeout,0.1965166929742867
VWAP_MR,M5,long,2024-01-16 07:45:00+00:00,2024-01-16 09:25:00+00:00,2050.935,2050.575,2040.680325,2054.488672070269,21,timeout,-0.03510593948614955
VWAP_MR,M5,short,2024-01-17 09:10:00+00:00,2024-01-17 09:35:00+00:00,2031.175,2028.0183080959607,2041.3308749999997,2028.0183080959607,6,tp,0.31082421790730286
VWAP_MR,M5,long,2024-01-17 12:15:00+00:00,2024-01-17 13:55:00+00:00,2020.805,2019.525,2010.700975,2027.444500571966,21,timeout,-0.12668218853377353
VWAP_MR,M5,short,2024-01-18 13:30:00+00:00,2024-01-18 15:10:00+00:00,2012.275,2010.015,2022.3363749999999,2008.7222081205205,21,timeout,0.2246213862419443
VWAP_MR,M5,short,2024-01-18 19:10:00+00:00,2024-01-18 20:30:00+00:00,2015.365,2011.283304863709,2025.4418249999999,2011.283304863709,17,tp,0.4050576581702171
VWAP_MR,M5,short,2024-01-18 23:35:00+00:00,2024-01-19 01:15:00+00:00,2016.705,2015.765,2026.7885249999997,2013.02828906196,21,timeout,0.09322136851942625
VWAP_MR,M5,short,2024-01-19 14:35:00+00:00,2024-01-19 16:15:00+00:00,2026.398,2029.395,2036.5299899999998,2023.162854135606,21,timeout,-0.2957957913499828
VWAP_MR,M5,short,2024-01-22 08:15:00+00:00,2024-01-22 09:05:00+00:00,2031.558,2028.4646188996564,2041.7157899999997,2028.4646188996564,11,tp,0.3045328856319756
VWAP_MR,M5,short,2024-01-22 19:00:00+00:00,2024-01-22 20:35:00+00:00,2025.835,2022.7884636850636,2035.9641749999998,2022.7884636850636,20,tp,0.3007684549764945
VWAP_MR,M5,short,2024-01-23 14:00:00+00:00,2024-01-23 15:40:00+00:00,2033.215,2027.805,2043.3810749999998,2026.2704663710845,21,timeout,0.5321621176314287
VWAP_MR,M5,short,2024-01-24 02:20:00+00:00,2024-01-24 04:00:00+00:00,2026.715,2028.465,2036.8485749999998,2024.3538584473192,21,timeout,-0.1726932499142729
VWAP_MR,M5,short,2024-01-24 14:50:00+00:00,2024-01-24 16:30:00+00:00,2030.385,2032.145,2040.5369249999999,2025.7820821164262,21,timeout,-0.17336613499410305
VWAP_MR,M5,short,2024-01-25 17:00:00+00:00,2024-01-25 18:40:00+00:00,2017.645,2016.875,2027.7332249999997,2015.2218036210463,21,timeout,0.07632660849653945
VWAP_MR,M5,short,2024-01-25 21:20:00+00:00,2024-01-25 22:35:00+00:00,2022.525,2017.8982044015645,2032.6376249999998,2017.8982044015645,16,tp,0.4575266657703322
VWAP_MR,M5,short,2024-01-29 06:05:00+00:00,2024-01-29 07:45:00+00:00,2025.964,2020.095,2036.0938199999998,2017.6329698644374,21,timeout,0.579378508206462
VWAP_MR,M5,short,2024-01-29 11:35:00+00:00,2024-01-29 13:15:00+00:00,2026.935,2026.475,2037.0696749999997,2023.6163714066663,21,timeout,0.0453887273148913
VWAP_MR,M5,short,2024-01-29 14:15:00+00:00,2024-01-29 15:55:00+00:00,2030.765,2032.018,2040.918825,2026.3185421467665,21,timeout,-0.12340177223853524
VWAP_MR,M5,short,2024-01-29 20:45:00+00:00,2024-01-29 21:35:00+00:00,2033.275,2029.2351380387704,2043.4413749999999,2029.2351380387704,11,tp,0.3973748716951493
VWAP_MR,M5,short,2024-01-30 03:25:00+00:00,2024-01-30 06:00:00+00:00,2034.695,2032.995,2044.8684749999998,2027.5486442259794,21,timeout,0.16710121172952944
VWAP_MR,M5,short,2024-01-30 14:40:00+00:00,2024-01-30 16:20:00+00:00,2039.145,2036.805,2049.3407249999996,2033.7357252478344,21,timeout,0.229507955540191
VWAP_MR,M5,short,2024-01-30 21:10:00+00:00,2024-01-30 22:15:00+00:00,2039.335,2036.1401933522861,2049.5316749999997,2036.1401933522861,14,tp,0.31331847369010013
VWAP_MR,M5,short,2024-01-31 22:15:00+00:00,2024-01-31 23:55:00+00:00,2054.678,2049.738,2064.9513899999997,2043.753118085402,21,timeout,0.4808539342904468
VWAP_MR,M5,long,2024-02-01 17:45:00+00:00,2024-02-01 19:25:00+00:00,2035.295,2031.378,2025.118525,2040.9655985330685,21,timeout,-0.3849073475835346
VWAP_MR,M5,short,2024-02-01 21:20:00+00:00,2024-02-01 23:00:00+00:00,2045.855,2053.165,2056.0842749999997,2036.1452096521048,21,timeout,-0.7146156496917101
VWAP_MR,M5,short,2024-02-01 23:15:00+00:00,2024-02-02 00:55:00+00:00,2057.675,2055.095,2067.963375,2042.5018038515589,21,timeout,0.2507684644076906
VWAP_MR,M5,short,2024-02-02 11:20:00+00:00,2024-02-02 11:50:00+00:00,2055.665,2054.017509970374,2065.9433249999997,2054.017509970374,7,tp,0.1602877929649244
VWAP_MR,M5,short,2024-02-02 12:45:00+00:00,2024-02-02 13:25:00+00:00,2056.285,2054.231518615943,2066.5664249999995,2054.231518615943,9,tp,0.19972731251328105
VWAP_MR,M5,long,2024-02-02 20:35:00+00:00,2024-02-02 20:55:00+00:00,2041.385,2031.178075,2031.178075,2053.3066476527997,5,sl,-1.0
VWAP_MR,M5,long,2024-02-05 20:30:00+00:00,2024-02-05 22:10:00+00:00,2018.075,2019.805,2007.984625,2023.9457475567137,21,timeout,0.17145051596199537
VWAP_MR,M5,short,2024-02-06 12:50:00+00:00,2024-02-06 14:00:00+00:00,2029.095,2026.1169371721157,2039.2404749999998,2026.1169371721157,15,tp,0.29353606685584893
VWAP_MR,M5,short,2024-02-06 20:15:00+00:00,2024-02-06 21:55:00+00:00,2029.445,2031.605,2039.5922249999996,2025.8120390702322,21,timeout,-0.21286607914973246
VWAP_MR,M5,short,2024-02-06 22:00:00+00:00,2024-02-06 23:40:00+00:00,2031.645,2036.825,2041.8032249999997,2027.3652941562382,21,timeout,-0.5099316071459561
VWAP_MR,M5,short,2024-02-07 21:10:00+00:00,2024-02-07 21:30:00+00:00,2037.818,2034.2344950229663,2048.0070899999996,2034.2344950229663,5,tp,0.3517001986471666
VWAP_MR,M5,short,2024-02-07 21:50:00+00:00,2024-02-07 22:20:00+00:00,2042.475,2035.3153643123246,2052.6873749999995,2035.3153643123246,7,tp,0.7010744990930673
VWAP_MR,M5,short,2024-02-08 17:30:00+00:00,2024-02-08 18:15:00+00:00,2037.015,2032.7765577501523,2047.200075,2032.7765577501523,10,tp,0.41614246825358436
VWAP_MR,M5,long,2024-02-08 19:10:00+00:00,2024-02-08 20:50:00+00:00,2026.825,2022.355,2016.690875,2032.7729446745354,21,timeout,-0.44108396136815065
VWAP_MR,M5,short,2024-02-12 15:25:00+00:00,2024-02-12 15:55:00+00:00,2026.535,2024.2040995960651,2036.667675,2024.2040995960651,7,tp,0.23003801108147506
VWAP_MR,M5,short,2024-02-13 12:55:00+00:00,2024-02-13 14:35:00+00:00,2021.225,2024.145,2031.3311249999997,2019.3332191193756,21,timeout,-0.28893369120213064
VWAP_MR,M5,long,2024-02-13 20:35:00+00:00,2024-02-13 20:45:00+00:00,2022.095,2011.984525,2011.984525,2026.7939880765803,3,sl,-1.0
VWAP_MR,M5,short,2024-02-14 18:00:00+00:00,2024-02-14 19:35:00+00:00,1993.005,1989.9262005798944,2002.9700249999999,1989.9262005798944,20,tp,0.3089605314693947
VWAP_MR,M5,short,2024-02-15 07:05:00+00:00,2024-02-15 08:45:00+00:00,1993.735,1992.425,2003.7036749999997,1991.3087919895643,21,timeout,0.13141164698417446
VWAP_MR,M5,short,2024-02-15 15:15:00+00:00,2024-02-15 16:55:00+00:00,1994.705,1996.225,2004.6785249999998,1992.6942809715554,21,timeout,-0.1524034882351024
VWAP_MR,M5,short,2024-02-15 17:05:00+00:00,2024-02-15 18:45:00+00:00,1996.395,1997.165,2006.3769749999997,1993.9981247009944,21,timeout,-0.07713904312523379
VWAP_MR,M5,short,2024-02-15 20:50:00+00:00,2024-02-15 22:30:00+00:00,2003.095,2005.885,2013.1104749999997,1998.2671326301706,21,timeout,-0.2785689146046541
VWAP_MR,M5,short,2024-02-16 09:05:00+00:00,2024-02-16 10:45:00+00:00,2005.525,2004.305,2015.5526249999998,2003.4453960039577,21,timeout,0.12166390346667948
VWAP_MR,M5,short,2024-02-16 14:40:00+00:00,2024-02-16 15:55:00+00:00,2005.385,2003.9045364478814,2015.4119249999999,2003.9045364478814,16,tp,0.14764881078881625
VWAP_MR,M5,short,2024-02-16 17:50:00+00:00,2024-02-16 19:30:00+00:00,2007.045,2007.565,2017.080225,2004.8698981932184,21,timeout,-0.05181747295152718
VWAP_MR,M5,long,2024-02-16 20:35:00+00:00,2024-02-16 22:15:00+00:00,2000.845,2004.565,1990.8407750000001,2005.7858248049995,21,timeout,0.37184289637628726
VWAP_MR,M5,short,2024-02-16 23:15:00+00:00,2024-02-17 00:55:00+00:00,2010.095,2014.298,2020.1454749999998,2002.603492167343,21,timeout,-0.4181891900631629
VWAP_MR,M5,short,2024-02-17 01:10:00+00:00,2024-02-17 02:50:00+00:00,2013.865,2011.935,2023.9343249999997,2004.1422160803065,21,timeout,0.1916712391347106
VWAP_MR,M5,short,2024-02-19 09:45:00+00:00,2024-02-19 11:25:00+00:00,2021.815,2018.415,2031.924075,2016.1738907477084,21,timeout,0.3363314645504304
VWAP_MR,M5,short,2024-02-20 08:40:00+00:00,2024-02-20 08:55:00+00:00,2018.865,2016.8854911052001,2028.9593249999998,2016.8854911052001,4,tp,0.19610116523887744
VWAP_MR,M5,short,2024-02-20 11:35:00+00:00,2024-02-20 13:15:00+00:00,2019.295,2018.965,2029.391475,2017.2993516871493,21,timeout,0.03268467460179521
VWAP_MR,M5,short,2024-02-20 14:25:00+00:00,2024-02-20 16:05:00+00:00,2021.445,2022.915,2031.5522249999997,2018.657568950525,21,timeout,-0.1454405140877011
VWAP_MR,M5,short,2024-02-20 17:30:00+00:00,2024-02-20 19:10:00+00:00,2025.645,2026.825,2035.7732249999997,2021.9576209189956,21,timeout,-0.11650610052601501
VWAP_MR,M5,short,2024-02-21 09:50:00+00:00,2024-02-21 11:30:00+00:00,2028.725,2030.855,2038.8686249999996,2024.79458645047,21,timeout,-0.20998410331613912
VWAP_MR,M5,short,2024-02-22 08:45:00+00:00,2024-02-22 10:25:00+00:00,2027.978,2027.075,2038.1178899999998,2025.5678181028688,21,timeout,0.0890542205093001
VWAP_MR,M5,short,2024-02-22 15:15:00+00:00,2024-02-22 16:30:00+00:00,2033.698,2029.9471166728365,2043.8664899999999,2029.9471166728365,16,tp,0.36887318836559496
VWAP_MR,M5,long,2024-02-22 20:35:00+00:00,2024-02-22 22:15:00+00:00,2024.125,2021.335,2014.004375,2028.967862929781,21,timeout,-0.2756746742419523
VWAP_MR,M5,short,2024-02-23 06:30:00+00:00,2024-02-23 07:40:00+00:00,2025.828,2023.1636150389825,2035.9571399999998,2023.1636150389825,15,tp,0.26304157717412946
VWAP_MR,M5,long,2024-02-23 12:50:00+00:00,2024-02-23 14:30:00+00:00,2022.265,2021.205,2012.153675,2025.566386397918,21,timeout,-0.10483294721514386
VWAP_MR,M5,short,2024-02-23 19:40:00+00:00,2024-02-23 21:20:00+00:00,2027.035,2025.785,2037.170175,2020.9727691380674,21,timeout,0.12333284822413165
VWAP_MR,M5,short,2024-02-23 23:20:00+00:00,2024-02-24 01:00:00+00:00,2033.935,2038.225,2044.1046749999998,2027.053517261255,21,timeout,-0.42184238926022893
VWAP_MR,M5,short,2024-02-26 14:30:00+00:00,2024-02-26 16:10:00+00:00,2034.775,2033.665,2044.9488749999998,2032.5060417937295,21,timeout,0.1091029720730948
VWAP_MR,M5,short,2024-02-27 03:25:00+00:00,2024-02-27 06:00:00+00:00,2031.985,2031.148,2042.1449249999996,2028.5580405885553,21,timeout,0.08238249790229885
VWAP_MR,M5,short,2024-02-27 14:30:00+00:00,2024-02-27 16:10:00+00:00,2035.415,2037.595,2045.5920749999998,2033.6577256684968,21,timeout,-0.21420693077334105
VWAP_MR,M5,long,2024-02-28 16:10:00+00:00,2024-02-28 17:50:00+00:00,2026.105,2026.965,2015.974475,2029.0168359543793,21,timeout,0.08489194785066885
VWAP_MR,M5,short,2024-02-28 20:20:00+00:00,2024-02-28 22:00:00+00:00,2032.385,2031.755,2042.5469249999999,2027.878189233323,21,timeout,0.06199612770217149
VWAP_MR,M5,short,2024-02-29 04:55:00+00:00,2024-02-29 07:30:00+00:00,2034.995,2034.475,2045.1699749999996,2033.144551167569,21,timeout,0.05110577667266979
VWAP_MR,M5,short,2024-02-29 20:45:00+00:00,2024-02-29 22:25:00+00:00,2043.805,2047.195,2054.0240249999997,2033.9485643832618,21,timeout,-0.3317341918627256
VWAP_MR,M5,short,2024-03-01 17:25:00+00:00,2024-03-01 19:05:00+00:00,2049.385,2055.725,2059.631925,2045.0804523084205,21,timeout,-0.6187222020264362
VWAP_MR,M5,short,2024-03-01 22:40:00+00:00,2024-03-01 23:15:00+00:00,2064.405,2074.727025,2074.727025,2054.594820298371,8,sl,-1.0
VWAP_MR,M5,short,2024-03-02 00:45:00+00:00,2024-03-02 02:25:00+00:00,2084.585,2085.565,2095.007925,2064.338865585305,21,timeout,-0.09402351067478969
VWAP_MR,M5,short,2024-03-04 14:05:00+00:00,2024-03-04 15:45:00+00:00,2083.935,2084.758,2094.3546749999996,2081.684995947421,21,timeout,-0.07898518907738424
VWAP_MR,M5,short,2024-03-04 21:45:00+00:00,2024-03-04 23:00:00+00:00,2097.575,2108.0628749999996,2108.0628749999996,2088.4110745822,16,sl,-1.0
VWAP_MR,M5,short,2024-03-04 23:20:00+00:00,2024-03-05 01:00:00+00:00,2114.035,2115.975,2124.6051749999997,2095.6591622317073,21,timeout,-0.18353527732512326
VWAP_MR,M5,short,2024-03-05 12:45:00+00:00,2024-03-05 14:25:00+00:00,2118.365,2115.025,2128.9568249999998,2113.8351612970614,21,timeout,0.31533753626024785
VWAP_MR,M5,short,2024-03-05 15:35:00+00:00,2024-03-05 17:15:00+00:00,2120.975,2125.635,2131.579875,2116.420861641203,21,timeout,-0.439420549511457
VWAP_MR,M5,short,2024-03-05 20:40:00+00:00,2024-03-05 20:45:00+00:00,2140.308,2126.579549398614,2151.0095399999996,2126.579549398614,2,tp,1.282848132267572
VWAP_MR,M5,short,2024-03-05 22:05:00+00:00,2024-03-05 22:50:00+00:00,2137.585,2128.313382836727,2148.2729249999998,2128.313382836727,10,tp,0.8674852380862573
VWAP_MR,M5,short,2024-03-06 14:10:00+00:00,2024-03-06 15:35:00+00:00,2128.775,2125.8080070397377,2139.418875,2125.8080070397377,18,tp,0.27875120294652356
VWAP_MR,M5,short,2024-03-06 18:50:00+00:00,2024-03-06 20:30:00+00:00,2130.705,2132.365,2141.3585249999996,2127.207947267962,21,timeout,-0.15581697137800854
VWAP_MR,M5,short,2024-03-06 21:40:00+00:00,2024-03-06 22:05:00+00:00,2143.345,2133.964772180198,2154.0617249999996,2133.964772180198,6,tp,0.8752886557975506
VWAP_MR,M5,short,2024-03-07 09:40:00+00:00,2024-03-07 11:20:00+00:00,2151.565,2156.168,2162.3228249999997,2146.8733846205178,21,timeout,-0.4278745936097864
VWAP_MR,M5,short,2024-03-07 20:10:00+00:00,2024-03-07 21:05:00+00:00,2163.395,2156.4386841533815,2174.2119749999997,2156.4386841533815,12,tp,0.6430925324888597
VWAP_MR,M5,short,2024-03-08 13:45:00+00:00,2024-03-08 15:25:00+00:00,2161.425,2163.195,2172.232125,2157.4552495350313,21,timeout,-0.16378083902980786
VWAP_MR,M5,short,2024-03-08 15:35:00+00:00,2024-03-08 17:15:00+00:00,2166.825,2170.045,2177.6591249999997,2160.548409672559,21,timeout,-0.2972090501079041
VWAP_MR,M5,short,2024-03-08 20:40:00+00:00,2024-03-08 21:10:00+00:00,2178.435,2168.3007803986507,2189.327175,2168.3007803986507,7,tp,0.9304128515516259
VWAP_MR,M5,short,2024-03-09 00:00:00+00:00,2024-03-09 00:05:00+00:00,2179.375,2190.271875,2190.271875,2172.0881338063195,2,sl,-1.0
VWAP_MR,M5,short,2024-03-12 05:35:00+00:00,2024-03-12 05:45:00+00:00,2184.258,2181.339773958056,2195.1792899999996,2181.339773958056,3,tp,0.26720525157228814
VWAP_MR,M5,long,2024-03-12 12:50:00+00:00,2024-03-12 14:30:00+00:00,2175.245,2176.365,2164.368775,2179.9906820697197,21,timeout,0.10297690604965355
VWAP_MR,M5,long,2024-03-12 18:25:00+00:00,2024-03-12 19:40:00+00:00,2171.635,2176.4088717457576,2160.7768250000004,2176.4088717457576,16,tp,0.43965691709310273
VWAP_MR,M5,short,2024-03-12 19:45:00+00:00,2024-03-12 19:55:00+00:00,2180.475,2174.428905407075,2191.3773749999996,2174.428905407075,3,tp,0.5545667428358554
VWAP_MR,M5,short,2024-03-13 09:55:00+00:00,2024-03-13 10:45:00+00:00,2161.455,2158.551211005055,2172.2622749999996,2158.551211005055,11,tp,0.2686883599191359
VWAP_MR,M5,short,2024-03-13 17:40:00+00:00,2024-03-13 19:20:00+00:00,2161.105,2165.608,2171.910525,2159.448246035148,21,timeout,-0.4167312555382784
VWAP_MR,M5,short,2024-03-13 20:45:00+00:00,2024-03-13 22:25:00+00:00,2171.115,2173.475,2181.9705749999994,2163.1324497502856,21,timeout,-0.21739981530229552
VWAP_MR,M5,short,2024-03-13 22:30:00+00:00,2024-03-14 00:10:00+00:00,2173.495,2177.255,2184.3624749999994,2166.5403092138386,21,timeout,-0.3459865332103705
VWAP_MR,M5,short,2024-03-14 00:15:00+00:00,2024-03-14 01:55:00+00:00,2177.255,2174.565,2188.141275,2168.579462924754,21,timeout,0.2471001329656006
VWAP_MR,M5,short,2024-03-14 16:50:00+00:00,2024-03-14 17:05:00+00:00,2171.595,2168.8109816274196,2182.4529749999997,2168.8109816274196,4,tp,0.25640309289533963
VWAP_MR,M5,short,2024-03-15 10:55:00+00:00,2024-03-15 12:35:00+00:00,2164.578,2165.195,2175.40089,2162.765780915042,21,timeout,-0.05700880263960864
VWAP_MR,M5,short,2024-03-15 17:05:00+00:00,2024-03-15 18:10:00+00:00,2172.085,2167.8237461807926,2182.945425,2167.8237461807926,14,tp,0.3923652913405808
VWAP_MR,M5,long,2024-03-18 05:05:00+00:00,2024-03-18 06:45:00+00:00,2152.455,2155.385,2141.692725,2159.422828330838,21,timeout,0.27224727113925995
VWAP_MR,M5,short,2024-03-19 05:25:00+00:00,2024-03-19 07:05:00+00:00,2161.935,2162.188,2172.744675,2159.3586764327056,21,timeout,-0.02340495898351774
VWAP_MR,M5,short,2024-03-20 21:05:00+00:00,2024-03-20 22:45:00+00:00,2158.225,2155.315,2169.0161249999996,2154.0050072482904,21,timeout,0.26966604501383545
VWAP_MR,M5,short,2024-03-21 01:10:00+00:00,2024-03-21 02:00:00+00:00,2172.155,2183.015775,2183.015775,2159.2975528955612,11,sl,-1.0
VWAP_MR,M5,short,2024-03-21 02:15:00+00:00,2024-03-21 03:55:00+00:00,2184.105,2185.455,2195.0255249999996,2167.5194532499445,21,timeout,-0.12362043033645045
VWAP_MR,M5,short,2024-03-21 05:20:00+00:00,2024-03-21 05:20:00+00:00,2196.115,2207.0955749999994,2207.0955749999994,2175.042020606899,1,sl,-1.0
VWAP_MR,M5,short,2024-03-21 05:55:00+00:00,2024-03-21 07:35:00+00:00,2204.365,2196.525,2215.3868249999996,2178.799096563157,21,timeout,0.7113159572030792
VWAP_MR,M5,short,2024-03-21 14:35:00+00:00,2024-03-21 15:05:00+00:00,2209.815,2205.1487060982963,2220.864075,2205.1487060982963,7,tp,0.42232439382516457
VWAP_MR,M5,short,2024-03-21 17:20:00+00:00,2024-03-21 19:00:00+00:00,2209.505,2207.365,2220.552525,2204.9148501344293,21,timeout,0.19370854557924394
VWAP_MR,M5,long,2024-03-22 14:25:00+00:00,2024-03-22 16:05:00+00:00,2164.805,2168.715,2153.980975,2172.8067937873725,21,timeout,0.3612334598266678
VWAP_MR,M5,short,2024-03-22 20:55:00+00:00,2024-03-22 21:35:00+00:00,2178.465,2171.4234571655415,2189.357325,2171.4234571655415,9,tp,0.6464683007951677
VWAP_MR,M5,short,2024-03-25 08:25:00+00:00,2024-03-25 10:05:00+00:00,2172.205,2173.358,2183.0660249999996,2166.222115884475,21,timeout,-0.10615940944802901
VWAP_MR,M5,short,2024-03-25 19:10:00+00:00,2024-03-25 20:50:00+00:00,2173.065,2176.305,2183.930325,2167.7594916345397,21,timeout,-0.2981963263869101
VWAP_MR,M5,short,2024-03-27 15:20:00+00:00,2024-03-27 15:35:00+00:00,2181.695,2178.6753799407306,2192.603475,2178.6753799407306,4,tp,0.27681413389769
VWAP_MR,M5,short,2024-03-27 18:00:00+00:00,2024-03-27 19:40:00+00:00,2193.255,2186.605,2204.221275,2184.008742643993,21,timeout,0.606404636031855
VWAP_MR,M5,short,2024-03-28 03:05:00+00:00,2024-03-28 05:00:00+00:00,2193.935,2191.0699249749377,2204.9046749999998,2191.0699249749377,13,tp,0.2611813955347121
VWAP_MR,M5,short,2024-03-28 09:35:00+00:00,2024-03-28 11:15:00+00:00,2194.445,2196.055,2205.417225,2190.5940420814104,21,timeout,-0.14673414006727672
VWAP_MR,M5,short,2024-03-28 12:50:00+00:00,2024-03-28 14:30:00+00:00,2198.815,2193.678,2209.8090749999997,2192.6645242280833,21,timeout,0.4672516787451743
VWAP_MR,M5,short,2024-03-28 17:30:00+00:00,2024-03-28 19:10:00+00:00,2206.565,2213.765,2217.597825,2196.9331010148917,21,timeout,-0.652598042659062
VWAP_MR,M5,short,2024-03-28 23:40:00+00:00,2024-03-29 01:20:00+00:00,2220.898,2221.755,2232.00249,2211.76837321553,21,timeout,-0.07717598917194693
VWAP_MR,M5,short,2024-04-01 05:05:00+00:00,2024-04-01 06:45:00+00:00,2240.415,2246.605,2251.6170749999997,2221.0101590770732,21,timeout,-0.5525761968206983
VWAP_MR,M5,short,2024-04-02 03:25:00+00:00,2024-04-02 06:00:00+00:00,2247.455,2252.805,2258.692275,2240.0410010889264,21,timeout,-0.47609407084902083
VWAP_MR,M5,short,2024-04-02 11:50:00+00:00,2024-04-02 13:30:00+00:00,2257.034,2255.185,2268.3191699999998,2250.7374117455715,21,timeout,0.16384334484994173
VWAP_MR,M5,short,2024-04-02 15:10:00+00:00,2024-04-02 16:50:00+00:00,2259.285,2260.895,2270.5814249999994,2254.712799920539,21,timeout,-0.14252296633671205
VWAP_MR,M5,short,2024-04-02 21:10:00+00:00,2024-04-02 22:00:00+00:00,2271.125,2260.299978912774,2282.4806249999997,2260.299978912774,11,tp,0.9532739137851417
VWAP_MR,M5,short,2024-04-03 02:20:00+00:00,2024-04-03 04:00:00+00:00,2274.898,2280.145,2286.27249,2263.2425263356236,21,timeout,-0.4612954075303582
VWAP_MR,M5,long,2024-04-03 14:25:00+00:00,2024-04-03 16:05:00+00:00,2275.148,2272.565,2263.77226,2281.995319257185,21,timeout,-0.22706215156113754
VWAP_MR,M5,short,2024-04-03 21:50:00+00:00,2024-04-03 23:30:00+00:00,2284.345,2291.855,2295.7667249999995,2274.891666770872,21,timeout,-0.6575188949130204
VWAP_MR,M5,long,2024-04-04 19:10:00+00:00,2024-04-04 20:50:00+00:00,2285.505,2287.025,2274.077475,2292.7652071746134,21,timeout,0.1330121789276308
VWAP_MR,M5,short,2024-04-04 21:35:00+00:00,2024-04-04 23:15:00+00:00,2297.675,2292.965,2309.163375,2289.248428284531,21,timeout,0.40997965334523595
VWAP_MR,M5,short,2024-04-05 01:25:00+00:00,2024-04-05 02:05:00+00:00,2302.365,2291.9546392826833,2313.8768249999994,2291.9546392826833,9,tp,0.9043188823072691
VWAP_MR,M5,long,2024-04-05 08:20:00+00:00,2024-04-05 10:00:00+00:00,2274.585,2273.855,2263.212075,2287.175057407857,21,timeout,-0.06418753311043643
VWAP_MR,M5,short,2024-04-05 21:20:00+00:00,2024-04-05 21:35:00+00:00,2303.865,2315.3843249999995,2315.3843249999995,2292.7651780545384,4,sl,-1.0
VWAP_MR,M5,short,2024-04-05 22:45:00+00:00,2024-04-06 00:25:00+00:00,2327.915,2324.725,2339.5545749999997,2301.8755536674316,21,timeout,0.27406498948631186
VWAP_MR,M5,short,2024-04-08 09:20:00+00:00,2024-04-08 09:40:00+00:00,2332.628,2344.29114,2344.29114,2313.7076812218606,5,sl,-1.0
VWAP_MR,M5,short,2024-04-09 00:45:00+00:00,2024-04-09 02:25:00+00:00,2338.295,2339.685,2349.9864749999997,2328.2777366630376,21,timeout,-0.11889004595227864
VWAP_MR,M5,short,2024-04-09 12:40:00+00:00,2024-04-09 14:20:00+00:00,2347.075,2352.195,2358.8103749999996,2342.7781503373317,21,timeout,-0.4362877198215187
VWAP_MR,M5,short,2024-04-09 15:40:00+00:00,2024-04-09 17:20:00+00:00,2357.355,2360.105,2369.1417749999996,2349.2554593484265,21,timeout,-0.23331233522317157
VWAP_MR,M5,short,2024-04-10 12:00:00+00:00,2024-04-10 13:40:00+00:00,2356.015,2354.995,2367.7950749999995,2350.695450966452,21,timeout,0.08658688505803319
VWAP_MR,M5,long,2024-04-10 19:35:00+00:00,2024-04-10 20:15:00+00:00,2336.375,2324.693125,2324.693125,2349.7025710878893,9,sl,-1.0
VWAP_MR,M5,short,2024-04-11 19:40:00+00:00,2024-04-11 21:20:00+00:00,2342.005,2338.455,2353.715025,2334.3482304368035,21,timeout,0.30315904534791555
VWAP_MR,M5,short,2024-04-12 00:15:00+00:00,2024-04-12 01:55:00+00:00,2353.375,2363.235,2365.141875,2341.8011074724536,21,timeout,-0.8379455037977623
VWAP_MR,M5,short,2024-04-12 02:10:00+00:00,2024-04-12 03:20:00+00:00,2362.884,2374.6984199999997,2374.6984199999997,2347.7250751182332,15,sl,-1.0
VWAP_MR,M5,short,2024-04-12 14:20:00+00:00,2024-04-12 16:00:00+00:00,2397.585,2396.165,2409.572925,2389.9205673473743,21,timeout,0.11845252618781683
VWAP_MR,M5,short,2024-04-15 18:15:00+00:00,2024-04-15 19:30:00+00:00,2360.695,2352.5065303856186,2372.498475,2352.5065303856186,16,tp,0.6937338041874768
VWAP_MR,M5,short,2024-04-15 23:55:00+00:00,2024-04-16 00:40:00+00:00,2357.885,2369.674425,2369.674425,2347.9354236306913,10,sl,-1.0
VWAP_MR,M5,long,2024-04-16 15:00:00+00:00,2024-04-16 16:40:00+00:00,2365.175,2370.658,2353.349125,2378.9807964067995,21,timeout,0.4636443392137767
VWAP_MR,M5,long,2024-04-17 12:40:00+00:00,2024-04-17 14:20:00+00:00,2376.105,2379.905,2364.224475,2382.237761932057,21,timeout,0.31985118502761206
VWAP_MR,M5,short,2024-04-17 15:30:00+00:00,2024-04-17 17:10:00+00:00,2387.895,2389.655,2399.8344749999997,2379.339863981519,21,timeout,-0.14741016669495655
VWAP_MR,M5,short,2024-04-18 09:55:00+00:00,2024-04-18 11:35:00+00:00,2374.605,2375.855,2386.478025,2368.2168775586124,21,timeout,-0.10528066773210817
VWAP_MR,M5,short,2024-04-18 11:40:00+00:00,2024-04-18 13:20:00+00:00,2375.875,2379.585,2387.7543749999995,2370.3321024829875,21,timeout,-0.31230599252908375
VWAP_MR,M5,short,2024-04-19 08:15:00+00:00,2024-04-19 08:35:00+00:00,2388.555,2400.4977749999994,2400.4977749999994,2380.438777809563,5,sl,-1.0
VWAP_MR,M5,short,2024-04-19 08:40:00+00:00,2024-04-19 10:15:00+00:00,2407.965,2388.260462364469,2420.004825,2388.260462364469,20,tp,1.6366132925961623
VWAP_MR,M5,long,2024-04-19 18:20:00+00:00,2024-04-19 19:35:00+00:00,2373.205,2383.417410087955,2361.338975,2383.417410087955,16,tp,0.8606428932987428
VWAP_MR,M5,short,2024-04-19 21:25:00+00:00,2024-04-19 23:05:00+00:00,2390.615,2393.514,2402.5680749999997,2381.1087286457555,21,timeout,-0.2425317334661053
VWAP_MR,M5,short,2024-04-20 00:00:00+00:00,2024-04-20 01:40:00+00:00,2399.285,2394.908,2411.2814249999997,2387.5083750369276,21,timeout,0.36485869748696126
VWAP_MR,M5,long,2024-04-22 18:15:00+00:00,2024-04-22 19:05:00+00:00,2350.525,2338.772375,2338.772375,2359.533325162381,11,sl,-1.0
VWAP_MR,M5,long,2024-04-23 08:45:00+00:00,2024-04-23 08:55:00+00:00,2312.694,2301.13053,2301.13053,2326.932386602089,3,sl,-1.0
VWAP_MR,M5,short,2024-04-23 19:45:00+00:00,2024-04-23 20:45:00+00:00,2312.415,2323.977075,2323.977075,2302.5354068815445,13,sl,-1.0
VWAP_MR,M5,short,2024-04-24 10:25:00+00:00,2024-04-24 12:05:00+00:00,2325.105,2325.285,2336.730525,2320.4679496271,21,timeout,-0.015483171727714443
VWAP_MR,M5,short,2024-04-24 13:10:00+00:00,2024-04-24 14:10:00+00:00,2330.765,2322.6963180954344,2342.4188249999997,2322.6963180954344,13,tp,0.6923634003913332
VWAP_MR,M5,short,2024-04-24 21:55:00+00:00,2024-04-24 23:35:00+00:00,2329.195,2323.714,2340.840975,2319.915850193064,21,timeout,0.470634704264801
VWAP_MR,M5,long,2024-04-25 10:20:00+00:00,2024-04-25 12:00:00+00:00,2309.625,2314.878,2298.076875,2317.8587451165904,21,timeout,0.45487903880502223
VWAP_MR,M5,short,2024-04-25 15:10:00+00:00,2024-04-25 16:50:00+00:00,2328.545,2325.725,2340.187725,2318.557420511694,21,timeout,0.24221133798146363
VWAP_MR,M5,short,2024-04-25 21:40:00+00:00,2024-04-25 23:20:00+00:00,2340.234,2324.4690828026655,2351.9351699999997,2324.4690828026655,21,tp,1.3472940908759243
VWAP_MR,M5,short,2024-04-26 14:25:00+00:00,2024-04-26 16:05:00+00:00,2346.515,2348.445,2358.2475749999994,2336.438726800334,21,timeout,-0.1644992680635211
VWAP_MR,M5,short,2024-04-29 15:45:00+00:00,2024-04-29 17:25:00+00:00,2340.865,2342.058,2352.5693249999995,2333.504612592678,21,timeout,-0.10192813340369836
VWAP_MR,M5,short,2024-04-29 23:20:00+00:00,2024-04-30 01:00:00+00:00,2342.345,2341.425,2354.0567249999995,2335.5500066010563,21,timeout,0.07855375702551458
VWAP_MR,M5,short,2024-05-02 01:45:00+00:00,2024-05-02 03:25:00+00:00,2321.445,2317.365,2333.052225,2305.4974337686103,21,timeout,0.35150520473243796
VWAP_MR,M5,short,2024-05-03 01:00:00+00:00,2024-05-03 02:40:00+00:00,2308.055,2301.718,2319.5952749999997,2297.8834811644015,21,timeout,0.5491203632495827
VWAP_MR,M5,short,2024-05-03 08:10:00+00:00,2024-05-03 08:25:00+00:00,2305.385,2303.150716900725,2316.911925,2303.150716900725,4,tp,0.19383166796654633
VWAP_MR,M5,short,2024-05-03 11:45:00+00:00,2024-05-03 13:20:00+00:00,2306.175,2302.566360280686,2317.705875,2302.566360280686,20,tp,0.3129545432861271
VWAP_MR,M5,short,2024-05-03 19:35:00+00:00,2024-05-03 19:50:00+00:00,2319.174,2300.7765524522774,2330.7698699999996,2300.7765524522774,4,tp,1.5865517246850047
VWAP_MR,M5,short,2024-05-06 09:10:00+00:00,2024-05-06 10:50:00+00:00,2313.055,2311.555,2324.6202749999998,2302.16509483343,21,timeout,0.12969860206523487
VWAP_MR,M5,short,2024-05-06 14:45:00+00:00,2024-05-06 16:25:00+00:00,2322.885,2317.065,2334.499425,2312.417340167297,21,timeout,0.501101001556279
VWAP_MR,M5,short,2024-05-06 19:55:00+00:00,2024-05-06 21:35:00+00:00,2327.755,2323.305,2339.393775,2320.0214466296966,21,timeout,0.3823426434483279
VWAP_MR,M5,short,2024-05-07 08:00:00+00:00,2024-05-07 08:25:00+00:00,2328.675,2325.5415940612716,2340.318375,2325.5415940612716,6,tp,0.269114920607532
VWAP_MR,M5,long,2024-05-08 08:40:00+00:00,2024-05-08 09:45:00+00:00,2307.655,2313.887477045292,2296.1167250000003,2313.887477045292,14,tp,0.5401567431259877
VWAP_MR,M5,short,2024-05-08 10:00:00+00:00,2024-05-08 11:40:00+00:00,2317.235,2318.055,2328.821175,2312.527863697514,21,timeout,-0.07077400436293385
VWAP_MR,M5,long,2024-05-08 15:05:00+00:00,2024-05-08 16:45:00+00:00,2304.625,2310.945,2293.101875,2315.2720678884757,21,timeout,0.5484623311818689
VWAP_MR,M5,short,2024-05-09 18:55:00+00:00,2024-05-09 19:45:00+00:00,2316.208,2327.7890399999997,2327.7890399999997,2311.331709681243,11,sl,-1.0
VWAP_MR,M5,short,2024-05-09 21:15:00+00:00,2024-05-09 22:55:00+00:00,2331.655,2329.755,2343.313275,2318.7785021375116,21,timeout,0.16297436799184506
VWAP_MR,M5,short,2024-05-10 13:20:00+00:00,2024-05-10 15:00:00+00:00,2360.355,2366.128,2372.156775,2352.7482226189622,21,timeout,-0.48916370630690587
VWAP_MR,M5,short,2024-05-14 16:20:00+00:00,2024-05-14 18:00:00+00:00,2347.375,2345.975,2359.1118749999996,2341.377283500541,21,timeout,0.11928217689974023
VWAP_MR,M5,short,2024-05-14 21:05:00+00:00,2024-05-14 22:45:00+00:00,2354.928,2351.155,2366.7026399999995,2346.408995933237,21,timeout,0.32043442517136833
VWAP_MR,M5,short,2024-05-15 10:50:00+00:00,2024-05-15 11:50:00+00:00,2360.425,2357.0329144489724,2372.227125,2357.0329144489724,13,tp,0.28741311848737927
VWAP_MR,M5,short,2024-05-15 14:10:00+00:00,2024-05-15 15:50:00+00:00,2360.988,2372.7929399999994,2372.7929399999994,2358.2461299254633,21,sl,-1.0
VWAP_MR,M5,short,2024-05-15 22:15:00+00:00,2024-05-15 23:55:00+00:00,2378.268,2384.948,2390.1593399999997,2367.087736775319,21,timeout,-0.561753343189247
VWAP_MR,M5,short,2024-05-16 00:15:00+00:00,2024-05-16 01:55:00+00:00,2387.825,2386.348,2399.7641249999997,2371.8064120046724,21,timeout,0.12371090846271206
VWAP_MR,M5,short,2024-05-17 09:35:00+00:00,2024-05-17 09:45:00+00:00,2380.575,2377.6919878278923,2392.4778749999996,2377.6919878278923,3,tp,0.24221141296599452
VWAP_MR,M5,short,2024-05-17 12:15:00+00:00,2024-05-17 13:55:00+00:00,2379.855,2386.315,2391.754275,2377.306451931416,21,timeout,-0.5428902181015369
VWAP_MR,M5,short,2024-05-17 14:00:00+00:00,2024-05-17 15:40:00+00:00,2386.225,2381.735,2398.1561249999995,2380.2632562419562,21,timeout,0.3763266246896188
VWAP_MR,M5,short,2024-05-17 19:00:00+00:00,2024-05-17 20:15:00+00:00,2389.585,2401.532925,2401.532925,2384.7254577006474,16,sl,-1.0
VWAP_MR,M5,short,2024-05-17 21:55:00+00:00,2024-05-17 23:35:00+00:00,2412.225,2409.888,2424.2861249999996,2396.810259211553,21,timeout,0.19376301961882025
VWAP_MR,M5,short,2024-05-20 07:55:00+00:00,2024-05-20 08:05:00+00:00,2425.645,2437.773225,2437.773225,2417.7928331474523,3,sl,-1.0
VWAP_MR,M5,short,2024-05-21 18:10:00+00:00,2024-05-21 19:50:00+00:00,2422.515,2425.085,2434.6275749999995,2416.5635616309064,21,timeout,-0.21217618879554823
VWAP_MR,M5,long,2024-05-22 21:15:00+00:00,2024-05-22 21:30:00+00:00,2397.145,2385.159275,2385.159275,2410.5305093816173,4,sl,-1.0
VWAP_MR,M5,long,2024-05-23 08:35:00+00:00,2024-05-23 10:15:00+00:00,2369.305,2368.325,2357.458475,2378.2569769257047,21,timeout,-0.08272468086633203
VWAP_MR,M5,long,2024-05-23 12:55:00+00:00,2024-05-23 14:35:00+00:00,2362.375,2360.125,2350.563125,2372.2383298164573,21,timeout,-0.19048626911477004
VWAP_MR,M5,short,2024-05-24 12:50:00+00:00,2024-05-24 14:30:00+00:00,2337.248,2338.795,2348.9342399999996,2331.6396593350914,21,timeout,-0.13237790769315758
VWAP_MR,M5,short,2024-05-27 09:55:00+00:00,2024-05-27 11:35:00+00:00,2344.205,2342.535,2355.9260249999998,2337.9765721965155,21,timeout,0.1424790067421661
VWAP_MR,M5,short,2024-05-27 19:25:00+00:00,2024-05-27 21:05:00+00:00,2348.114,2356.255,2359.85457,2343.6177283039574,21,timeout,-0.6934075602803035
VWAP_MR,M5,short,2024-05-27 21:30:00+00:00,2024-05-27 23:10:00+00:00,2356.935,2353.498,2368.719675,2348.8434189622944,21,timeout,0.2916499606480394
VWAP_MR,M5,short,2024-05-28 19:15:00+00:00,2024-05-28 20:20:00+00:00,2349.505,2361.252525,2361.252525,2344.0236243384056,14,sl,-1.0
VWAP_MR,M5,short,2024-05-29 04:00:00+00:00,2024-05-29 06:35:00+00:00,2360.895,2359.435,2372.699475,2357.2749986591048,21,timeout,0.12368190876765357
VWAP_MR,M5,short,2024-05-29 12:45:00+00:00,2024-05-29 12:45:00+00:00,2360.215,2357.6302422444696,2372.016075,2357.6302422444696,1,tp,0.21902731365833616
VWAP_MR,M5,short,2024-05-30 18:05:00+00:00,2024-05-30 19:15:00+00:00,2339.465,2332.9941285935515,2351.162325,2332.9941285935515,15,tp,0.5531924099269554
VWAP_MR,M5,short,2024-05-30 19:40:00+00:00,2024-05-30 21:20:00+00:00,2344.055,2350.288,2355.7752749999995,2336.2183526971216,21,timeout,-0.5318134600084339
VWAP_MR,M5,short,2024-05-31 08:00:00+00:00,2024-05-31 09:40:00+00:00,2346.984,2346.028,2358.71892,2342.8256919501064,21,timeout,0.08146625626763039
VWAP_MR,M5,long,2024-05-31 22:25:00+00:00,2024-06-01 00:05:00+00:00,2328.395,2332.155,2316.753025,2343.7099727503273,21,timeout,0.3229692556460753
VWAP_MR,M5,short,2024-06-03 08:30:00+00:00,2024-06-03 09:50:00+00:00,2330.235,2326.5913711528747,2341.886175,2326.5913711528747,17,tp,0.3127262998903944
VWAP_MR,M5,short,2024-06-03 21:05:00+00:00,2024-06-03 22:45:00+00:00,2341.005,2342.285,2352.710025,2330.6410209995142,21,timeout,-0.10935474294158044
VWAP_MR,M5,short,2024-06-04 00:10:00+00:00,2024-06-04 01:50:00+00:00,2353.694,2347.998,2365.4624699999995,2338.6754553383994,21,timeout,0.48400514255465177
VWAP_MR,M5,long,2024-06-04 08:50:00+00:00,2024-06-04 09:10:00+00:00,2343.925,2348.9659285355033,2332.205375,2348.9659285355033,5,tp,0.43012711887138216
VWAP_MR,M5,short,2024-06-05 10:05:00+00:00,2024-06-05 11:45:00+00:00,2333.475,2337.225,2345.1423749999994,2329.3248334974846,21,timeout,-0.32140905730724767
VWAP_MR,M5,short,2024-06-05 19:50:00+00:00,2024-06-05 21:30:00+00:00,2339.405,2345.125,2351.102025,2333.687693219562,21,timeout,-0.4890132319970103
VWAP_MR,M5,short,2024-06-05 22:05:00+00:00,2024-06-05 23:45:00+00:00,2352.005,2352.515,2363.7650249999997,2339.0164435746037,21,timeout,-0.04336725474646367
VWAP_MR,M5,short,2024-06-06 08:10:00+00:00,2024-06-06 08:35:00+00:00,2358.075,2369.8653749999994,2369.8653749999994,2355.100979658518,6,sl,-1.0
VWAP_MR,M5,short,2024-06-06 20:45:00+00:00,2024-06-06 20:55:00+00:00,2366.525,2360.2448028697872,2378.3576249999996,2360.2448028697872,3,tp,0.5307526546487439
VWAP_MR,M5,short,2024-06-07 06:25:00+00:00,2024-06-07 08:05:00+00:00,2377.305,2377.795,2389.1915249999997,2372.769547028851,21,timeout,-0.04122314974311171
VWAP_MR,M5,short,2024-06-07 10:55:00+00:00,2024-06-07 12:35:00+00:00,2381.315,2380.565,2393.2215749999996,2375.007506873532,21,timeout,0.06299040656108329
VWAP_MR,M5,long,2024-06-07 15:10:00+00:00,2024-06-07 15:35:00+00:00,2361.695,2349.8865250000003,2349.8865250000003,2376.900705365433,6,sl,-1.0
VWAP_MR,M5,long,2024-06-07 16:25:00+00:00,2024-06-07 18:05:00+00:00,2341.475,2333.685,2329.767625,2365.08398546924,21,timeout,-0.665392541026489
VWAP_MR,M5,short,2024-06-10 18:05:00+00:00,2024-06-10 19:45:00+00:00,2299.135,2305.065,2310.630675,2294.3697799982215,21,timeout,-0.5158461769317599
VWAP_MR,M5,short,2024-06-11 15:45:00+00:00,2024-06-11 16:30:00+00:00,2307.138,2302.762808469321,2318.6736899999996,2302.762808469321,10,tp,0.3792743676952994
VWAP_MR,M5,short,2024-06-11 17:35:00+00:00,2024-06-11 19:15:00+00:00,2308.208,2311.865,2319.7490399999997,2303.6633025122323,21,timeout,-0.31686919029825916
VWAP_MR,M5,short,2024-06-11 19:20:00+00:00,2024-06-11 21:00:00+00:00,2311.895,2315.995,2323.4544749999995,2306.2717910491715,21,timeout,-0.35468738848434406
VWAP_MR,M5,short,2024-06-12 13:25:00+00:00,2024-06-12 14:20:00+00:00,2317.145,2313.622461060917,2328.730725,2313.622461060917,12,tp,0.3040413041983159
VWAP_MR,M5,short,2024-06-12 19:35:00+00:00,2024-06-12 19:50:00+00:00,2322.898,2334.51249,2334.51249,2314.2349906592203,4,sl,-1.0
VWAP_MR,M5,long,2024-06-13 02:30:00+00:00,2024-06-13 05:05:00+00:00,2316.615,2324.348,2305.031925,2329.527826641856,21,timeout,0.6676120114909184
VWAP_MR,M5,short,2024-06-13 14:50:00+00:00,2024-06-13 16:30:00+00:00,2318.155,2316.215,2329.745775,2313.395103347264,21,timeout,0.16737448531268276
VWAP_MR,M5,short,2024-06-14 08:15:00+00:00,2024-06-14 08:30:00+00:00,2306.165,2303.5392685483607,2317.695825,2303.5392685483607,4,tp,0.22771410125808694
VWAP_MR,M5,short,2024-06-14 10:20:00+00:00,2024-06-14 11:10:00+00:00,2308.445,2304.648814766094,2319.987225,2304.648814766094,11,tp,0.32889544554073186
VWAP_MR,M5,short,2024-06-14 12:40:00+00:00,2024-06-14 14:20:00+00:00,2310.178,2310.795,2321.7288899999994,2305.6370001540463,21,timeout,-0.05341579739744855
VWAP_MR,M5,short,2024-06-14 14:55:00+00:00,2024-06-14 16:35:00+00:00,2315.318,2318.068,2326.89459,2309.419856305284,21,timeout,-0.23754836268711932
VWAP_MR,M5,short,2024-06-14 17:25:00+00:00,2024-06-14 19:05:00+00:00,2326.308,2331.715,2337.93954,2314.980221917757,21,timeout,-0.4648567601538763
VWAP_MR,M5,long,2024-06-17 13:10:00+00:00,2024-06-17 14:50:00+00:00,2316.975,2317.975,2305.390125,2322.9897323639484,21,timeout,0.08631944669234662
VWAP_MR,M5,short,2024-06-18 07:40:00+00:00,2024-06-18 08:20:00+00:00,2324.508,2320.0119339945404,2336.1305399999997,2320.0119339945404,9,tp,0.38684022644443106
VWAP_MR,M5,short,2024-06-19 14:10:00+00:00,2024-06-19 15:50:00+00:00,2331.875,2332.095,2343.5343749999997,2329.271991806935,21,timeout,-0.018868935942089955
VWAP_MR,M5,short,2024-06-20 08:10:00+00:00,2024-06-20 09:50:00+00:00,2334.085,2333.555,2345.755425,2329.929698809242,21,timeout,0.045413941651671584
VWAP_MR,M5,short,2024-06-20 11:35:00+00:00,2024-06-20 13:15:00+00:00,2338.818,2342.805,2350.51209,2333.9836868319862,21,timeout,-0.34094144991184766
VWAP_MR,M5,short,2024-06-21 07:35:00+00:00,2024-06-21 08:20:00+00:00,2364.185,2359.5710272119254,2376.0059249999995,2359.5710272119254,10,tp,0.3903224822147773
VWAP_MR,M5,short,2024-06-21 12:45:00+00:00,2024-06-21 13:25:00+00:00,2364.118,2360.8581249221834,2375.9385899999997,2360.8581249221834,9,tp,0.27577938815377334
VWAP_MR,M5,long,2024-06-21 14:10:00+00:00,2024-06-21 14:50:00+00:00,2357.398,2360.9683963378966,2345.61101,2360.9683963378966,9,tp,0.30290993187373844
VWAP_MR,M5,short,2024-06-21 15:35:00+00:00,2024-06-21 17:10:00+00:00,2366.935,2361.714928872404,2378.7696749999996,2361.714928872404,20,tp,0.4410827612584294
VWAP_MR,M5,short,2024-06-24 08:40:00+00:00,2024-06-24 09:10:00+00:00,2324.768,2321.33267744174,2336.39184,2321.33267744174,7,tp,0.2955411084684593
VWAP_MR,M5,short,2024-06-24 10:20:00+00:00,2024-06-24 12:00:00+00:00,2325.654,2324.805,2337.2822699999997,2322.0908180006622,21,timeout,0.07301172057409931
VWAP_MR,M5,short,2024-06-24 14:40:00+00:00,2024-06-24 16:20:00+00:00,2328.335,2329.415,2339.976675,2324.591707827297,21,timeout,-0.09277015549737827
VWAP_MR,M5,short,2024-06-24 20:35:00+00:00,2024-06-24 22:15:00+00:00,2330.725,2331.465,2342.378625,2326.795829652492,21,timeout,-0.06349955485956015
VWAP_MR,M5,long,2024-06-25 08:55:00+00:00,2024-06-25 10:35:00+00:00,2323.705,2327.025,2312.086475,2329.3881143507992,21,timeout,0.2857505578376087
VWAP_MR,M5,long,2024-06-26 08:45:00+00:00,2024-06-26 09:20:00+00:00,2312.858,2318.9386555458523,2301.2937100000004,2318.9386555458523,8,tp,0.5258131321380042
VWAP_MR,M5,long,2024-06-26 13:10:00+00:00,2024-06-26 13:35:00+00:00,2310.365,2316.494848200286,2298.813175,2316.494848200286,6,tp,0.5306389423564007
VWAP_MR,M5,long,2024-06-26 17:30:00+00:00,2024-06-26 19:05:00+00:00,2308.055,2314.309670269467,2296.514725,2314.309670269467,20,tp,0.541986241182923
VWAP_MR,M5,short,2024-06-27 15:45:00+00:00,2024-06-27 17:25:00+00:00,2305.088,2313.995,2316.61344,2301.1305561317945,21,timeout,-0.7728121442651893
VWAP_MR,M5,short,2024-06-27 18:00:00+00:00,2024-06-27 19:40:00+00:00,2314.568,2322.774,2326.14084,2305.3585346180103,21,timeout,-0.7090740043066186
VWAP_MR,M5,long,2024-06-28 07:45:00+00:00,2024-06-28 09:25:00+00:00,2323.855,2322.115,2312.235725,2326.304305834773,21,timeout,-0.14975116777942118
VWAP_MR,M5,short,2024-06-28 13:20:00+00:00,2024-06-28 15:00:00+00:00,2326.655,2326.815,2338.288275,2322.5154014760333,21,timeout,-0.013753650627175823
VWAP_MR,M5,short,2024-06-28 17:30:00+00:00,2024-06-28 19:10:00+00:00,2333.845,2333.828,2345.5142249999994,2327.3417861923667,21,timeout,0.0014568233965688295
VWAP_MR,M5,short,2024-07-01 17:45:00+00:00,2024-07-01 19:25:00+00:00,2330.918,2335.335,2342.5725899999998,2325.8894469207694,21,timeout,-0.3789923111838384
VWAP_MR,M5,short,2024-07-02 20:55:00+00:00,2024-07-02 21:10:00+00:00,2336.395,2326.653071613098,2348.076975,2326.653071613098,4,tp,0.8339282002317394
VWAP_MR,M5,short,2024-07-03 11:30:00+00:00,2024-07-03 13:10:00+00:00,2332.968,2333.024,2344.6328399999998,2330.1551568588966,21,timeout,-0.004800751660549175
VWAP_MR,M5,short,2024-07-03 14:00:00+00:00,2024-07-03 15:40:00+00:00,2338.918,2345.855,2350.6125899999997,2333.175514438894,21,timeout,-0.5931802654047839
VWAP_MR,M5,short,2024-07-03 20:50:00+00:00,2024-07-03 22:30:00+00:00,2356.815,2362.488,2368.5990749999996,2348.2831904225577,21,timeout,-0.4814124146358521
VWAP_MR,M5,short,2024-07-04 21:25:00+00:00,2024-07-04 22:05:00+00:00,2360.998,2358.0489643401406,2372.8029899999997,2358.0489643401406,9,tp,0.24981263515339788
VWAP_MR,M5,short,2024-07-05 09:45:00+00:00,2024-07-05 11:25:00+00:00,2362.858,2362.668,2374.67229,2358.298088986289,21,timeout,0.016082219075378865
VWAP_MR,M5,short,2024-07-05 12:00:00+00:00,2024-07-05 13:40:00+00:00,2364.408,2364.258,2376.2300399999995,2359.792708227632,21,timeout,0.012688165494288339
VWAP_MR,M5,short,2024-07-05 21:50:00+00:00,2024-07-05 23:30:00+00:00,2383.425,2385.568,2395.342125,2371.993705328648,21,timeout,-0.17982525147634515
VWAP_MR,M5,long,2024-07-08 16:10:00+00:00,2024-07-08 17:50:00+00:00,2371.048,2372.385,2359.19276,2379.2239549936644,21,timeout,0.11277713483661729
VWAP_MR,M5,long,2024-07-09 14:30:00+00:00,2024-07-09 16:10:00+00:00,2360.195,2362.258,2348.394025,2364.8454166112538,21,timeout,0.17481606392688978
VWAP_MR,M5,short,2024-07-09 20:30:00+00:00,2024-07-09 21:05:00+00:00,2365.228,2361.42448197605,2377.0541399999997,2361.42448197605,8,tp,0.32161956681977366
VWAP_MR,M5,short,2024-07-10 13:55:00+00:00,2024-07-10 15:35:00+00:00,2371.695,2373.285,2383.5534749999997,2368.5465068659914,21,timeout,-0.1340813215864394
VWAP_MR,M5,short,2024-07-10 19:05:00+00:00,2024-07-10 20:45:00+00:00,2378.325,2380.715,2390.2166249999996,2373.456745781025,21,timeout,-0.20098178339801145
VWAP_MR,M5,short,2024-07-10 21:00:00+00:00,2024-07-10 21:35:00+00:00,2386.228,2377.621974313308,2398.1591399999998,2377.621974313308,8,tp,0.7213079124620462
VWAP_MR,M5,long,2024-07-11 00:30:00+00:00,2024-07-11 02:10:00+00:00,2372.705,2371.168,2360.8414749999997,2379.123105614421,21,timeout,-0.12955677170147828
VWAP_MR,M5,short,2024-07-11 10:35:00+00:00,2024-07-11 12:15:00+00:00,2379.565,2381.605,2391.4628249999996,2375.0673910708347,21,timeout,-0.17145990968937933
VWAP_MR,M5,short,2024-07-11 19:35:00+00:00,2024-07-11 19:45:00+00:00,2395.885,2407.8644249999998,2407.8644249999998,2382.2362325873028,3,sl,-1.0
VWAP_MR,M5,short,2024-07-12 22:15:00+00:00,2024-07-12 23:55:00+00:00,2412.245,2416.425,2424.306225,2403.061669480459,21,timeout,-0.346565129163938
VWAP_MR,M5,long,2024-07-15 13:20:00+00:00,2024-07-15 15:00:00+00:00,2405.455,2407.808,2393.427725,2409.6118323815995,21,timeout,0.19563866295566382
VWAP_MR,M5,short,2024-07-15 18:00:00+00:00,2024-07-15 19:40:00+00:00,2415.165,2414.345,2427.240825,2407.628945235294,21,timeout,0.06790426326981144
VWAP_MR,M5,short,2024-07-15 22:00:00+00:00,2024-07-15 23:40:00+00:00,2429.364,2432.188,2441.51082,2417.764044958882,21,timeout,-0.23248883246809324
VWAP_MR,M5,short,2024-07-16 08:55:00+00:00,2024-07-16 10:35:00+00:00,2427.145,2427.058,2439.2807249999996,2422.6757608895477,21,timeout,0.007168916566582687
VWAP_MR,M5,short,2024-07-16 14:55:00+00:00,2024-07-16 16:35:00+00:00,2438.215,2440.845,2450.406075,2431.4745214385393,21,timeout,-0.2157315905282933
VWAP_MR,M5,short,2024-07-16 16:45:00+00:00,2024-07-16 18:25:00+00:00,2442.275,2442.065,2454.486375,2434.2156487157995,21,timeout,0.01719708059084573
VWAP_MR,M5,short,2024-07-16 21:40:00+00:00,2024-07-16 22:25:00+00:00,2448.418,2460.66009,2460.66009,2439.4223871767376,10,sl,-1.0
VWAP_MR,M5,short,2024-07-16 23:30:00+00:00,2024-07-17 01:10:00+00:00,2462.725,2465.418,2475.0386249999997,2445.5752232948603,21,timeout,-0.21870082936586588
VWAP_MR,M5,short,2024-07-17 09:15:00+00:00,2024-07-17 09:40:00+00:00,2481.845,2472.3931685094017,2494.2542249999997,2472.3931685094017,6,tp,0.7616778236028613
VWAP_MR,M5,short,2024-07-17 15:15:00+00:00,2024-07-17 16:55:00+00:00,2476.785,2474.535,2489.1689249999995,2467.5929140495323,21,timeout,0.18168714684561366
VWAP_MR,M5,short,2024-07-18 08:25:00+00:00,2024-07-18 10:05:00+00:00,2463.395,2467.155,2475.7119749999997,2459.2372502031526,21,timeout,-0.3052697598233577
VWAP_MR,M5,short,2024-07-18 10:35:00+00:00,2024-07-18 12:15:00+00:00,2467.495,2468.315,2479.8324749999997,2462.041546043467,21,timeout,-0.06646416710065683
VWAP_MR,M5,long,2024-07-19 20:15:00+00:00,2024-07-19 21:55:00+00:00,2396.935,2396.635,2384.950325,2410.2094582602813,21,timeout,-0.025031967908994056
VWAP_MR,M5,short,2024-07-22 05:20:00+00:00,2024-07-22 07:00:00+00:00,2405.145,2410.105,2417.170725,2399.414394899139,21,timeout,-0.41244914547771966
VWAP_MR,M5,short,2024-07-22 17:50:00+00:00,2024-07-22 18:25:00+00:00,2407.205,2402.900518723877,2419.241025,2402.900518723877,8,tp,0.3576331285555453
VWAP_MR,M5,short,2024-07-23 15:55:00+00:00,2024-07-23 17:35:00+00:00,2404.365,2407.658,2416.3868249999996,2394.8465044341724,21,timeout,-0.27391847743584463
VWAP_MR,M5,short,2024-07-24 09:25:00+00:00,2024-07-24 11:05:00+00:00,2415.685,2416.365,2427.7634249999996,2409.2492867629735,21,timeout,-0.0562987310017534
VWAP_MR,M5,short,2024-07-24 19:05:00+00:00,2024-07-24 20:25:00+00:00,2417.635,2413.7276925725996,2429.723175,2413.7276925725996,17,tp,0.323233856839486
VWAP_MR,M5,long,2024-07-25 01:00:00+00:00,2024-07-25 02:40:00+00:00,2408.358,2404.485,2396.31621,2422.8494081549848,21,timeout,-0.321629923790398
VWAP_MR,M5,long,2024-07-25 08:45:00+00:00,2024-07-25 10:25:00+00:00,2376.465,2367.535,2364.582675,2394.091718389344,21,timeout,-0.7515364206921005
VWAP_MR,M5,short,2024-07-26 08:50:00+00:00,2024-07-26 10:30:00+00:00,2369.545,2376.225,2381.3927249999997,2363.054934979657,21,timeout,-0.5638213243470832
VWAP_MR,M5,short,2024-07-26 20:50:00+00:00,2024-07-26 22:30:00+00:00,2381.865,2384.528,2393.7743249999994,2375.44312863115,21,timeout,-0.2236062917083961
VWAP_MR,M5,short,2024-07-29 05:20:00+00:00,2024-07-29 07:00:00+00:00,2400.355,2397.715,2412.3567749999997,2386.154700670622,21,timeout,0.21996746314607074
VWAP_MR,M5,short,2024-07-30 12:40:00+00:00,2024-07-30 14:20:00+00:00,2389.105,2390.135,2401.0505249999997,2382.147137585974,21,timeout,-0.08622475780681314
VWAP_MR,M5,short,2024-07-30 20:30:00+00:00,2024-07-30 21:00:00+00:00,2393.588,2389.559410937663,2405.5559399999997,2389.559410937663,7,tp,0.3366150784794531
VWAP_MR,M5,short,2024-07-31 00:00:00+00:00,2024-07-31 00:05:00+00:00,2398.155,2410.145775,2410.145775,2390.820335132255,2,sl,-1.0
VWAP_MR,M5,short,2024-07-31 10:20:00+00:00,2024-07-31 12:00:00+00:00,2415.718,2421.175,2427.7965899999995,2408.1968938444525,21,timeout,-0.4517911444962123
VWAP_MR,M5,short,2024-07-31 23:35:00+00:00,2024-08-01 01:00:00+00:00,2427.218,2422.5592480983696,2439.35409,2422.5592480983696,18,tp,0.38387585306554683
VWAP_MR,M5,short,2024-08-01 01:50:00+00:00,2024-08-01 02:30:00+00:00,2430.985,2443.139925,2443.139925,2425.0961127564224,9,sl,-1.0
VWAP_MR,M5,short,2024-08-01 19:40:00+00:00,2024-08-01 21:20:00+00:00,2452.775,2449.895,2465.0388749999997,2438.8841721855642,21,timeout,0.2348360530419784
VWAP_MR,M5,short,2024-08-02 07:35:00+00:00,2024-08-02 08:15:00+00:00,2450.855,2442.806983471832,2463.109275,2442.806983471832,9,tp,0.6567517481179432
VWAP_MR,M5,short,2024-08-02 10:05:00+00:00,2024-08-02 11:45:00+00:00,2455.885,2458.765,2468.164425,2446.6274095515646,21,timeout,-0.23453866935949527
VWAP_MR,M5,short,2024-08-02 11:55:00+00:00,2024-08-02 13:35:00+00:00,2459.745,2467.435,2472.0437249999995,2449.0693351189507,21,timeout,-0.6252680664052798
VWAP_MR,M5,short,2024-08-02 19:35:00+00:00,2024-08-02 20:05:00+00:00,2473.525,2462.1913759767212,2485.892625,2462.1913759767212,7,tp,0.9163945400413556
VWAP_MR,M5,short,2024-08-05 11:00:00+00:00,2024-08-05 12:40:00+00:00,2451.585,2442.915,2463.842925,2436.0142945117573,21,timeout,0.70729752384683
VWAP_MR,M5,long,2024-08-05 18:05:00+00:00,2024-08-05 18:35:00+00:00,2405.425,2393.397875,2393.397875,2427.350707993242,7,sl,-1.0
VWAP_MR,M5,long,2024-08-05 19:20:00+00:00,2024-08-05 19:25:00+00:00,2385.198,2373.2720099999997,2373.2720099999997,2416.59002903763,2,sl,-1.0
VWAP_MR,M5,short,2024-08-06 07:55:00+00:00,2024-08-06 09:35:00+00:00,2416.645,2410.085,2428.728225,2409.0683109741967,21,timeout,0.5429014191161733
VWAP_MR,M5,short,2024-08-06 15:15:00+00:00,2024-08-06 16:55:00+00:00,2414.255,2413.715,2426.326275,2405.511540027975,21,timeout,0.04473429691560942
VWAP_MR,M5,long,2024-08-06 19:40:00+00:00,2024-08-06 21:20:00+00:00,2396.554,2393.605,2384.57123,2410.9857746262433,21,timeout,-0.24610336341263758
VWAP_MR,M5,short,2024-08-07 11:20:00+00:00,2024-08-07 13:00:00+00:00,2389.108,2391.195,2401.05354,2384.9115620301736,21,timeout,-0.17470955687227532
VWAP_MR,M5,short,2024-08-07 13:35:00+00:00,2024-08-07 14:50:00+00:00,2396.495,2388.498131629765,2408.4774749999997,2388.498131629765,16,tp,0.6673803509070658
VWAP_MR,M5,short,2024-08-08 10:50:00+00:00,2024-08-08 12:30:00+00:00,2391.735,2393.985,2403.693675,2387.27492120941,21,timeout,-0.1881479344492619
VWAP_MR,M5,short,2024-08-08 18:00:00+00:00,2024-08-08 19:40:00+00:00,2404.195,2408.705,2416.215975,2397.1770364757263,21,timeout,-0.3751775542333129
VWAP_MR,M5,short,2024-08-08 21:15:00+00:00,2024-08-08 22:55:00+00:00,2419.608,2419.795,2431.70604,2408.1888156288924,21,timeout,-0.015457049241025849
VWAP_MR,M5,short,2024-08-09 09:05:00+00:00,2024-08-09 09:05:00+00:00,2428.275,2424.2446228168214,2440.416375,2424.2446228168214,1,tp,0.33195393299183523
VWAP_MR,M5,short,2024-08-09 17:50:00+00:00,2024-08-09 19:30:00+00:00,2429.328,2427.205,2441.47464,2423.064054464079,21,timeout,0.1747808447439011
VWAP_MR,M5,short,2024-08-12 11:30:00+00:00,2024-08-12 13:10:00+00:00,2430.285,2434.764,2442.4364249999994,2427.5327803853916,21,timeout,-0.3685987445917191
VWAP_MR,M5,short,2024-08-12 20:45:00+00:00,2024-08-12 22:25:00+00:00,2453.265,2458.764,2465.5313249999995,2444.0925847783733,21,timeout,-0.44830053010990917
VWAP_MR,M5,short,2024-08-12 22:30:00+00:00,2024-08-13 00:10:00+00:00,2458.765,2463.598,2471.0588249999996,2448.935786427962,21,timeout,-0.3931241903964132
VWAP_MR,M5,short,2024-08-13 18:30:00+00:00,2024-08-13 20:10:00+00:00,2464.815,2467.965,2477.1390749999996,2462.1089721521107,21,timeout,-0.25559727606333205
VWAP_MR,M5,short,2024-08-13 20:50:00+00:00,2024-08-13 21:35:00+00:00,2473.728,2465.6169869664946,2486.0966399999998,2465.6169869664946,10,tp,0.6557724239290431
VWAP_MR,M5,short,2024-08-14 08:25:00+00:00,2024-08-14 08:50:00+00:00,2471.555,2465.819416530947,2483.912775,2465.819416530947,6,tp,0.4641275204519382
VWAP_MR,M5,short,2024-08-14 14:20:00+00:00,2024-08-14 16:00:00+00:00,2469.655,2474.245,2482.003275,2461.782337129332,21,timeout,-0.37171183829318294
VWAP_MR,M5,short,2024-08-15 07:40:00+00:00,2024-08-15 09:20:00+00:00,2451.335,2451.275,2463.5916749999997,2447.3188273994037,21,timeout,0.004895291749185422
VWAP_MR,M5,short,2024-08-15 18:35:00+00:00,2024-08-15 19:35:00+00:00,2460.745,2456.8132399579,2473.0487249999996,2456.8132399579,13,tp,0.31955851110944633
VWAP_MR,M5,short,2024-08-16 14:55:00+00:00,2024-08-16 16:35:00+00:00,2458.775,2462.625,2471.068875,2454.4793854422073,21,timeout,-0.31316407560675197
VWAP_MR,M5,short,2024-08-16 17:20:00+00:00,2024-08-16 19:00:00+00:00,2465.465,2472.598,2477.792325,2457.9686423890425,21,timeout,-0.5786332395714364
VWAP_MR,M5,short,2024-08-16 20:00:00+00:00,2024-08-16 21:40:00+00:00,2488.325,2485.235,2500.7666249999997,2469.9900144747185,21,timeout,0.24835984045490103
VWAP_MR,M5,short,2024-08-17 01:55:00+00:00,2024-08-17 03:35:00+00:00,2505.415,2507.615,2517.9420749999995,2491.643621805541,21,timeout,-0.1756196079292176
VWAP_MR,M5,short,2024-08-20 08:10:00+00:00,2024-08-20 08:10:00+00:00,2507.025,2504.742879225579,2519.560125,2504.742879225579,1,tp,0.18205807875238322
VWAP_MR,M5,short,2024-08-20 14:30:00+00:00,2024-08-20 15:05:00+00:00,2506.775,2519.3088749999997,2519.3088749999997,2501.6853735797526,8,sl,-1.0
VWAP_MR,M5,short,2024-08-20 16:10:00+00:00,2024-08-20 17:50:00+00:00,2521.525,2522.255,2534.1326249999997,2509.1495642403725,21,timeout,-0.0579014683574455
VWAP_MR,M5,short,2024-08-21 09:15:00+00:00,2024-08-21 10:15:00+00:00,2518.625,2514.7265342714054,2531.218125,2514.7265342714054,13,tp,0.3095709546752407
VWAP_MR,M5,short,2024-08-22 01:10:00+00:00,2024-08-22 02:50:00+00:00,2513.175,2513.805,2525.740875,2504.386721531413,21,timeout,-0.05013578441610039
VWAP_MR,M5,short,2024-08-23 07:00:00+00:00,2024-08-23 08:40:00+00:00,2486.705,2488.905,2499.138525,2483.0204758034774,21,timeout,-0.17694097208959547
VWAP_MR,M5,short,2024-08-23 15:30:00+00:00,2024-08-23 17:10:00+00:00,2496.845,2497.485,2509.3292249999995,2493.1948430091347,21,timeout,-0.05126469604643804
VWAP_MR,M5,short,2024-08-23 21:05:00+00:00,2024-08-23 22:45:00+00:00,2506.995,2512.358,2519.5299749999995,2499.46921133296,21,timeout,-0.42784289557820937
VWAP_MR,M5,short,2024-08-26 05:15:00+00:00,2024-08-26 06:55:00+00:00,2513.965,2514.195,2526.5348249999997,2510.0000174059323,21,timeout,-0.018297788553144203
VWAP_MR,M5,short,2024-08-26 14:25:00+00:00,2024-08-26 16:05:00+00:00,2516.848,2524.395,2529.4322399999996,2511.771351436315,21,timeout,-0.5997183779076223
VWAP_MR,M5,short,2024-08-28 00:45:00+00:00,2024-08-28 02:25:00+00:00,2520.515,2524.175,2533.1175749999998,2513.320955049029,21,timeout,-0.29041683941578145
VWAP_MR,M5,short,2024-08-29 07:25:00+00:00,2024-08-29 09:05:00+00:00,2512.988,2511.715,2525.5529399999996,2507.5530117041203,21,timeout,0.10131365529797266
VWAP_MR,M5,short,2024-08-29 17:00:00+00:00,2024-08-29 18:40:00+00:00,2522.715,2520.895,2535.328575,2517.48711382655,21,timeout,0.1442889902347419
VWAP_MR,M5,long,2024-08-29 19:35:00+00:00,2024-08-29 21:00:00+00:00,2510.098,2518.3897174568087,2497.54751,2518.3897174568087,18,tp,0.6606688230346965
VWAP_MR,M5,short,2024-08-30 00:30:00+00:00,2024-08-30 02:10:00+00:00,2528.398,2523.855,2541.0399899999998,2517.2119977305597,21,timeout,0.3593579808242417
VWAP_MR,M5,short,2024-08-30 13:30:00+00:00,2024-08-30 15:10:00+00:00,2520.185,2522.655,2532.7859249999997,2515.2026667918954,21,timeout,-0.19601735586874033
VWAP_MR,M5,short,2024-08-30 15:15:00+00:00,2024-08-30 16:55:00+00:00,2522.685,2523.025,2535.2984249999995,2517.0526998497894,21,timeout,-0.026955406640159798
VWAP_MR,M5,short,2024-09-02 15:45:00+00:00,2024-09-02 17:25:00+00:00,2502.958,2501.805,2515.47279,2497.6763823615643,21,timeout,0.09213099061192981
VWAP_MR,M5,short,2024-09-03 16:15:00+00:00,2024-09-03 17:20:00+00:00,2504.725,2498.1983265042018,2517.2486249999997,2498.1983265042018,14,tp,0.5211489082273103
VWAP_MR,M5,long,2024-09-04 15:40:00+00:00,2024-09-04 17:20:00+00:00,2477.725,2483.195,2465.336375,2487.3545697041504,21,timeout,0.4415340685508064
VWAP_MR,M5,short,2024-09-04 21:50:00+00:00,2024-09-04 23:30:00+00:00,2498.425,2495.495,2510.917125,2488.9519774306705,21,timeout,0.23454776509203576
VWAP_MR,M5,short,2024-09-05 13:00:00+00:00,2024-09-05 14:40:00+00:00,2500.745,2506.165,2513.2487249999995,2496.9932291643413,21,timeout,-0.4334708256939637
VWAP_MR,M5,short,2024-09-05 15:30:00+00:00,2024-09-05 17:10:00+00:00,2511.465,2515.878,2524.022325,2502.5474918774985,21,timeout,-0.3514283495887933
VWAP_MR,M5,short,2024-09-06 11:05:00+00:00,2024-09-06 12:45:00+00:00,2518.485,2520.144,2531.077425,2515.9205986432535,21,timeout,-0.1317458710295812
VWAP_MR,M5,short,2024-09-06 12:55:00+00:00,2024-09-06 13:40:00+00:00,2521.044,2517.0295983000524,2533.64922,2517.0295983000524,10,tp,0.318471371380072
VWAP_MR,M5,short,2024-09-06 19:35:00+00:00,2024-09-06 20:05:00+00:00,2522.775,2517.314619722972,2535.3888749999996,2517.314619722972,7,tp,0.4328868232028757
VWAP_MR,M5,long,2024-09-09 13:35:00+00:00,2024-09-09 14:30:00+00:00,2485.665,2493.630972969959,2473.236675,2493.630972969959,12,tp,0.6409530624568741
VWAP_MR,M5,short,2024-09-09 19:35:00+00:00,2024-09-09 21:15:00+00:00,2502.455,2498.394,2514.9672749999995,2495.695607352684,21,timeout,0.3245612808222551
VWAP_MR,M5,short,2024-09-10 17:05:00+00:00,2024-09-10 18:45:00+00:00,2506.595,2504.935,2519.1279749999994,2503.2756676027366,21,timeout,0.1324505953295131
VWAP_MR,M5,short,2024-09-10 19:45:00+00:00,2024-09-10 21:15:00+00:00,2509.835,2504.4422205060014,2522.3841749999997,2504.4422205060014,19,tp,0.4297317946397919
VWAP_MR,M5,short,2024-09-10 22:40:00+00:00,2024-09-11 00:20:00+00:00,2517.775,2515.175,2530.363875,2508.507565554533,21,timeout,0.20653156060409897
VWAP_MR,M5,short,2024-09-11 08:45:00+00:00,2024-09-11 10:05:00+00:00,2520.868,2517.2300719821224,2533.47234,2517.2300719821224,17,tp,0.2886250305749943
VWAP_MR,M5,short,2024-09-11 12:20:00+00:00,2024-09-11 14:00:00+00:00,2521.325,2526.575,2533.9316249999997,2518.5881655510807,21,timeout,-0.41644770110953916
VWAP_MR,M5,short,2024-09-11 14:05:00+00:00,2024-09-11 14:55:00+00:00,2526.605,2521.6422046741427,2539.2380249999997,2521.6422046741427,11,tp,0.392842990958813
VWAP_MR,M5,short,2024-09-12 10:45:00+00:00,2024-09-12 12:25:00+00:00,2514.835,2517.955,2527.409175,2512.8892484499115,21,timeout,-0.24812761075775985
VWAP_MR,M5,short,2024-09-12 19:40:00+00:00,2024-09-12 20:10:00+00:00,2524.058,2536.67829,2536.67829,2517.935704164702,7,sl,-1.0
VWAP_MR,M5,short,2024-09-13 08:15:00+00:00,2024-09-13 09:55:00+00:00,2567.045,2564.975,2579.880225,2558.742325354277,21,timeout,0.16127492895529252
VWAP_MR,M5,short,2024-09-13 10:35:00+00:00,2024-09-13 12:15:00+00:00,2567.528,2568.045,2580.3656399999995,2561.8219194537164,21,timeout,-0.040272199563182225
VWAP_MR,M5,short,2024-09-13 19:55:00+00:00,2024-09-13 21:35:00+00:00,2572.305,2577.998,2585.1665249999996,2568.3289963377756,21,timeout,-0.4426380230960402
VWAP_MR,M5,short,2024-09-16 10:10:00+00:00,2024-09-16 11:50:00+00:00,2586.815,2585.225,2599.7490749999997,2581.219944399117,21,timeout,0.12293109480192334
VWAP_MR,M5,short,2024-09-16 21:00:00+00:00,2024-09-16 21:10:00+00:00,2588.615,2582.511913753154,2601.5580749999995,2582.511913753154,3,tp,0.4715329430483659
VWAP_MR,M5,short,2024-09-17 09:20:00+00:00,2024-09-17 09:50:00+00:00,2584.995,2581.9513569552696,2597.919975,2581.9513569552696,7,tp,0.23548541058921282
VWAP_MR,M5,short,2024-09-17 13:35:00+00:00,2024-09-17 15:15:00+00:00,2585.275,2582.074,2598.2013749999996,2579.9602310217692,21,timeout,0.2476332305074031
VWAP_MR,M5,short,2024-09-18 06:35:00+00:00,2024-09-18 08:15:00+00:00,2573.475,2574.214,2586.3423749999997,2569.440730058842,21,timeout,-0.057432071420942005
VWAP_MR,M5,long,2024-09-18 12:10:00+00:00,2024-09-18 13:50:00+00:00,2567.625,2569.015,2554.786875,2572.5116233990916,21,timeout,0.10827126235333034
VWAP_MR,M5,short,2024-09-18 17:30:00+00:00,2024-09-18 19:10:00+00:00,2573.945,2577.764,2586.8147249999997,2568.982829656654,21,timeout,-0.2967429373976592
VWAP_MR,M5,short,2024-09-19 01:05:00+00:00,2024-09-19 01:05:00+00:00,2579.698,2571.6581537425254,2592.5964899999994,2571.6581537425254,1,tp,0.6233168578240319
VWAP_MR,M5,short,2024-09-19 12:15:00+00:00,2024-09-19 13:55:00+00:00,2567.088,2576.164,2579.92344,2558.9928880703396,21,timeout,-0.7071047038512227
VWAP_MR,M5,short,2024-09-20 11:10:00+00:00,2024-09-20 12:50:00+00:00,2593.715,2593.995,2606.683575,2588.90418157061,21,timeout,-0.021590652789512194
VWAP_MR,M5,short,2024-09-20 13:10:00+00:00,2024-09-20 14:50:00+00:00,2597.755,2604.855,2610.743775,2590.7887401448397,21,timeout,-0.5466258365396287
VWAP_MR,M5,short,2024-09-20 22:50:00+00:00,2024-09-21 00:30:00+00:00,2620.684,2620.668,2633.78742,2612.5573603001435,21,timeout,0.0012210552664935186
VWAP_MR,M5,short,2024-09-23 09:40:00+00:00,2024-09-23 11:20:00+00:00,2623.945,2629.448,2637.0647249999997,2619.8844931774447,21,timeout,-0.41944476732552594
VWAP_MR,M5,short,2024-09-23 20:20:00+00:00,2024-09-23 22:00:00+00:00,2628.975,2629.085,2642.1198749999994,2620.7903973183975,21,timeout,-0.008368280413479132
VWAP_MR,M5,short,2024-09-24 08:20:00+00:00,2024-09-24 10:00:00+00:00,2629.928,2629.105,2643.0776399999995,2626.6038444322903,21,timeout,0.0625872647464028
VWAP_MR,M5,short,2024-09-24 10:20:00+00:00,2024-09-24 12:00:00+00:00,2630.974,2637.805,2644.12887,2627.733472111294,21,timeout,-0.5192753710222721
VWAP_MR,M5,short,2024-09-24 17:45:00+00:00,2024-09-24 18:10:00+00:00,2635.015,2628.6728012356684,2648.1900749999995,2628.6728012356684,6,tp,0.48137857009023555
VWAP_MR,M5,short,2024-09-24 20:10:00+00:00,2024-09-24 21:50:00+00:00,2634.435,2644.535,2647.6071749999996,2629.202048917581,21,timeout,-0.7667678268775006
VWAP_MR,M5,short,2024-09-24 21:55:00+00:00,2024-09-24 23:35:00+00:00,2644.535,2648.334,2657.7576749999994,2632.862559541814,21,timeout,-0.2873094891918703
VWAP_MR,M5,short,2024-09-24 23:45:00+00:00,2024-09-25 01:25:00+00:00,2652.975,2656.435,2666.2398749999998,2638.122635401322,21,timeout,-0.2608392465062864
VWAP_MR,M5,short,2024-09-26 17:25:00+00:00,2024-09-26 19:05:00+00:00,2672.625,2681.498,2685.988125,2664.290831929335,21,timeout,-0.6639913942285314
VWAP_MR,M5,short,2024-09-27 02:00:00+00:00,2024-09-27 03:40:00+00:00,2676.815,2672.468,2690.199075,2668.512722410759,21,timeout,0.32478897495719555
VWAP_MR,M5,short,2024-09-27 10:50:00+00:00,2024-09-27 11:20:00+00:00,2673.498,2669.946877716662,2686.8654899999997,2669.946877716662,7,tp,0.26565363305587025
VWAP_MR,M5,long,2024-09-27 12:35:00+00:00,2024-09-27 14:15:00+00:00,2664.878,2667.065,2651.55361,2669.580463591572,21,timeout,0.16413509361403125
VWAP_MR,M5,short,2024-10-01 12:30:00+00:00,2024-10-01 14:10:00+00:00,2642.885,2644.405,2656.099425,2637.726399659354,21,timeout,-0.11502581459276665
VWAP_MR,M5,short,2024-10-01 19:15:00+00:00,2024-10-01 20:40:00+00:00,2653.235,2666.501175,2666.501175,2647.1262792501047,18,sl,-1.0
VWAP_MR,M5,long,2024-10-02 12:35:00+00:00,2024-10-02 14:15:00+00:00,2649.165,2652.445,2635.919175,2657.279269974048,21,timeout,0.24762519510866315
VWAP_MR,M5,short,2024-10-02 20:55:00+00:00,2024-10-02 21:50:00+00:00,2660.395,2652.5379381052503,2673.696975,2652.5379381052503,12,tp,0.5906688213404221
VWAP_MR,M5,short,2024-10-04 09:30:00+00:00,2024-10-04 11:10:00+00:00,2660.378,2661.545,2673.67989,2656.9840334213445,21,timeout,-0.0877318937384041
VWAP_MR,M5,short,2024-10-04 11:30:00+00:00,2024-10-04 13:10:00+00:00,2663.245,2665.865,2676.5612249999995,2658.822353369448,21,timeout,-0.19675245799766633
VWAP_MR,M5,long,2024-10-04 19:35:00+00:00,2024-10-04 21:15:00+00:00,2641.088,2649.485,2627.88256,2658.613842510017,21,timeout,0.6358743063464617
VWAP_MR,M5,short,2024-10-04 22:10:00+00:00,2024-10-04 22:45:00+00:00,2664.548,2649.9873701955903,2677.8707399999994,2649.9873701955903,8,tp,1.0929155567405726
VWAP_MR,M5,short,2024-10-07 14:55:00+00:00,2024-10-07 16:35:00+00:00,2650.705,2651.655,2663.9585249999996,2644.359747805346,21,timeout,-0.0716790438770289
VWAP_MR,M5,short,2024-10-08 05:40:00+00:00,2024-10-08 05:45:00+00:00,2647.505,2643.632376675633,2660.7425249999997,2643.632376675633,2,tp,0.29254889598826617
VWAP_MR,M5,short,2024-10-08 09:05:00+00:00,2024-10-08 09:15:00+00:00,2647.255,2642.3823084054916,2660.491275,2642.3823084054916,3,tp,0.3681316378292696
VWAP_MR,M5,long,2024-10-08 14:10:00+00:00,2024-10-08 15:40:00+00:00,2631.565,2639.460307896738,2618.407175,2639.460307896738,19,tp,0.6000465803989463
VWAP_MR,M5,short,2024-10-08 18:00:00+00:00,2024-10-08 19:40:00+00:00,2646.555,2646.824,2659.7877749999993,2638.047827003916,21,timeout,-0.020328313600151377
VWAP_MR,M5,long,2024-10-08 21:35:00+00:00,2024-10-08 22:15:00+00:00,2625.805,2612.6759749999997,2612.6759749999997,2640.5525122991567,9,sl,-1.0
VWAP_MR,M5,short,2024-10-09 12:40:00+00:00,2024-10-09 13:00:00+00:00,2623.575,2618.9098681674595,2636.6928749999997,2618.9098681674595,5,tp,0.35563167300651316
VWAP_MR,M5,short,2024-10-09 18:05:00+00:00,2024-10-09 19:45:00+00:00,2621.965,2617.258,2635.0748249999997,2614.897549461923,21,timeout,0.35904369432852823
VWAP_MR,M5,short,2024-10-10 10:25:00+00:00,2024-10-10 12:05:00+00:00,2616.114,2614.565,2629.1945699999997,2611.2093638014676,21,timeout,0.11841991595167661
VWAP_MR,M5,short,2024-10-10 19:40:00+00:00,2024-10-10 20:35:00+00:00,2623.748,2615.7896193570487,2636.86674,2615.7896193570487,12,tp,0.6066421503095163
VWAP_MR,M5,short,2024-10-11 02:25:00+00:00,2024-10-11 05:00:00+00:00,2630.488,2628.855,2643.6404399999997,2623.8846126108538,21,timeout,0.12415947155051309
VWAP_MR,M5,short,2024-10-11 09:40:00+00:00,2024-10-11 11:20:00+00:00,2641.145,2644.925,2654.350725,2634.171536392217,21,timeout,-0.2862394908269146
VWAP_MR,M5,short,2024-10-11 11:30:00+00:00,2024-10-11 13:10:00+00:00,2645.528,2644.415,2658.7556399999994,2636.7375282397743,21,timeout,0.08414199358312305
VWAP_MR,M5,short,2024-10-11 19:10:00+00:00,2024-10-11 19:50:00+00:00,2645.735,2640.762622116437,2658.963675,2640.762622116437,9,tp,0.375878754566372
VWAP_MR,M5,short,2024-10-11 20:20:00+00:00,2024-10-11 22:00:00+00:00,2647.665,2653.655,2660.9033249999998,2642.2242612889595,21,timeout,-0.4524741611948887
VWAP_MR,M5,short,2024-10-11 22:20:00+00:00,2024-10-12 00:00:00+00:00,2657.218,2660.418,2670.5040899999995,2647.3648552412883,21,timeout,-0.2408534038231239
VWAP_MR,M5,short,2024-10-14 10:40:00+00:00,2024-10-14 12:20:00+00:00,2656.644,2660.135,2669.9272199999996,2647.972829387628,21,timeout,-0.26281278184058476
VWAP_MR,M5,short,2024-10-15 14:35:00+00:00,2024-10-15 16:15:00+00:00,2652.775,2651.244,2666.0388749999997,2645.1668058900214,21,timeout,0.1154262988757049
VWAP_MR,M5,short,2024-10-15 21:25:00+00:00,2024-10-15 23:05:00+00:00,2659.305,2665.304,2672.6015249999996,2651.6429396056924,21,timeout,-0.4511705125963637
VWAP_MR,M5,short,2024-10-16 09:00:00+00:00,2024-10-16 10:40:00+00:00,2666.015,2666.685,2679.3450749999997,2661.9947178680295,21,timeout,-0.05026228284537636
VWAP_MR,M5,short,2024-10-16 13:25:00+00:00,2024-10-16 15:05:00+00:00,2675.075,2675.025,2688.4503749999994,2667.73048081934,21,timeout,0.0037382129472802493
VWAP_MR,M5,short,2024-10-17 07:35:00+00:00,2024-10-17 09:15:00+00:00,2676.285,2681.555,2689.6664249999994,2674.209745691717,21,timeout,-0.3938295061998365
VWAP_MR,M5,short,2024-10-17 17:30:00+00:00,2024-10-17 19:00:00+00:00,2686.195,2681.4724908782678,2699.625975,2681.4724908782678,19,tp,0.35161327615697924
VWAP_MR,M5,short,2024-10-18 07:40:00+00:00,2024-10-18 09:20:00+00:00,2695.485,2707.195,2708.9624249999997,2692.5807395436923,21,timeout,-0.8688603349675771
VWAP_MR,M5,short,2024-10-18 09:30:00+00:00,2024-10-18 11:10:00+00:00,2709.258,2710.108,2722.8042899999996,2699.0403546701673,21,timeout,-0.06274780770235822
VWAP_MR,M5,short,2024-10-18 21:45:00+00:00,2024-10-18 23:25:00+00:00,2718.975,2717.225,2732.5698749999997,2711.4804901069983,21,timeout,0.12872497908219305
VWAP_MR,M5,short,2024-10-21 15:45:00+00:00,2024-10-21 17:25:00+00:00,2732.875,2729.185,2746.539375,2727.9720923167242,21,timeout,0.2700452819832666
VWAP_MR,M5,short,2024-10-22 08:35:00+00:00,2024-10-22 10:15:00+00:00,2729.065,2731.715,2742.7103249999996,2722.8134685241157,21,timeout,-0.1942057078156942
VWAP_MR,M5,short,2024-10-22 17:45:00+00:00,2024-10-22 18:30:00+00:00,2737.875,2733.911629925196,2751.564375,2733.911629925196,10,tp,0.2895216235075803
VWAP_MR,M5,short,2024-10-22 23:55:00+00:00,2024-10-23 01:35:00+00:00,2744.515,2745.228,2758.2375749999997,2738.2669307972064,21,timeout,-0.05195817840312072
VWAP_MR,M5,long,2024-10-23 08:55:00+00:00,2024-10-23 10:35:00+00:00,2738.605,2741.385,2724.911975,2744.7111964634346,21,timeout,0.20302307196548558
VWAP_MR,M5,short,2024-10-23 11:25:00+00:00,2024-10-23 13:05:00+00:00,2748.735,2751.335,2762.478675,2741.8425754071086,21,timeout,-0.18917793093913846
VWAP_MR,M5,long,2024-10-23 21:45:00+00:00,2024-10-23 23:25:00+00:00,2717.675,2720.785,2704.0866250000004,2738.2123236550865,21,timeout,0.2288721057521385
VWAP_MR,M5,short,2024-10-24 08:30:00+00:00,2024-10-24 10:10:00+00:00,2725.385,2722.125,2739.011925,2719.6626211571356,21,timeout,0.2392322552593722
VWAP_MR,M5,short,2024-10-24 13:30:00+00:00,2024-10-24 15:10:00+00:00,2731.895,2734.635,2745.554475,2724.804963489494,21,timeout,-0.20059336101865194
VWAP_MR,M5,long,2024-10-25 15:25:00+00:00,2024-10-25 17:05:00+00:00,2722.095,2720.715,2708.484525,2727.2767476569225,21,timeout,-0.10139249364916797
VWAP_MR,M5,short,2024-10-25 21:20:00+00:00,2024-10-25 23:00:00+00:00,2737.255,2737.195,2750.9412749999997,2725.845199524377,21,timeout,0.004383953997705535
VWAP_MR,M5,long,2024-10-28 08:15:00+00:00,2024-10-28 09:55:00+00:00,2726.025,2733.485,2712.394875,2736.3286880115397,21,timeout,0.5473170642235462
VWAP_MR,M5,short,2024-10-28 13:15:00+00:00,2024-10-28 14:55:00+00:00,2740.405,2740.335,2754.107025,2731.927970417469,21,timeout,0.005108733928026389
VWAP_MR,M5,short,2024-10-28 20:45:00+00:00,2024-10-28 22:25:00+00:00,2741.395,2742.505,2755.1019749999996,2732.8305968830236,21,timeout,-0.0809806686012165
VWAP_MR,M5,short,2024-10-29 07:05:00+00:00,2024-10-29 08:45:00+00:00,2743.745,2750.455,2757.4637249999996,2741.8064125840733,21,timeout,-0.4891125086332857
VWAP_MR,M5,short,2024-10-29 09:05:00+00:00,2024-10-29 10:45:00+00:00,2753.718,2752.225,2767.4865899999995,2746.7406789846123,21,timeout,0.10843521377279541
VWAP_MR,M5,short,2024-10-30 12:50:00+00:00,2024-10-30 14:30:00+00:00,2783.525,2784.085,2797.4426249999997,2779.110554180422,21,timeout,-0.04023675016390814
VWAP_MR,M5,short,2024-10-30 20:20:00+00:00,2024-10-30 20:30:00+00:00,2787.215,2781.341948731319,2801.1510749999998,2781.341948731319,3,tp,0.42142793208857576
VWAP_MR,M5,short,2024-10-31 08:10:00+00:00,2024-10-31 08:40:00+00:00,2789.815,2786.632185664628,2803.7640749999996,2786.632185664628,7,tp,0.22817386352657534
VWAP_MR,M5,long,2024-10-31 20:30:00+00:00,2024-10-31 21:05:00+00:00,2766.235,2752.4038250000003,2752.4038250000003,2775.309321921737,8,sl,-1.0
VWAP_MR,M5,short,2024-11-01 19:35:00+00:00,2024-11-01 21:15:00+00:00,2757.195,2756.308,2770.980975,2750.8355079319854,21,timeout,0.06434075210496067
VWAP_MR,M5,long,2024-11-02 00:45:00+00:00,2024-11-02 02:25:00+00:00,2735.675,2734.285,2721.996625,2747.5500256239543,21,timeout,-0.10162025825438559
VWAP_MR,M5,short,2024-11-04 14:15:00+00:00,2024-11-04 14:30:00+00:00,2744.535,2739.9741104386685,2758.2576749999994,2739.9741104386685,4,tp,0.33236155205391865
VWAP_MR,M5,short,2024-11-05 14:10:00+00:00,2024-11-05 15:10:00+00:00,2739.535,2732.5360927582033,2753.2326749999997,2732.5360927582033,13,tp,0.5109558550481482
VWAP_MR,M5,short,2024-11-05 16:00:00+00:00,2024-11-05 17:25:00+00:00,2742.155,2735.6906761492187,2755.8657749999998,2735.6906761492187,18,tp,0.47147764081765764
VWAP_MR,M5,short,2024-11-05 20:55:00+00:00,2024-11-05 22:10:00+00:00,2745.575,2739.6872423272293,2759.3028749999994,2739.6872423272293,16,tp,0.42889068211727266
VWAP_MR,M5,long,2024-11-06 07:30:00+00:00,2024-11-06 08:30:00+00:00,2736.725,2741.9705234132584,2723.041375,2741.9705234132584,13,tp,0.38334311363096246
VWAP_MR,M5,short,2024-11-06 08:50:00+00:00,2024-11-06 09:40:00+00:00,2747.565,2740.4096724525198,2761.3028249999998,2740.4096724525198,11,tp,0.5208486457994943
VWAP_MR,M5,long,2024-11-06 18:45:00+00:00,2024-11-06 20:00:00+00:00,2706.045,2692.514775,2692.514775,2721.9091564505948,16,sl,-1.0
VWAP_MR,M5,long,2024-11-06 20:35:00+00:00,2024-11-06 21:05:00+00:00,2671.878,2658.51861,2658.51861,2705.3615341460177,7,sl,-1.0
VWAP_MR,M5,short,2024-11-07 15:25:00+00:00,2024-11-07 15:50:00+00:00,2666.165,2659.3595058988676,2679.4958249999995,2659.3595058988676,6,tp,0.510508096920677
VWAP_MR,M5,short,2024-11-07 19:50:00+00:00,2024-11-07 20:45:00+00:00,2670.985,2684.3399249999998,2684.3399249999998,2664.0986410341734,12,sl,-1.0
VWAP_MR,M5,short,2024-11-07 21:25:00+00:00,2024-11-07 23:05:00+00:00,2688.145,2696.205,2701.585725,2671.704281403279,21,timeout,-0.5996700326805279
VWAP_MR,M5,short,2024-11-08 18:55:00+00:00,2024-11-08 19:30:00+00:00,2694.795,2686.5127484459326,2708.268975,2686.5127484459326,8,tp,0.6146850913755975
VWAP_MR,M5,short,2024-11-08 20:35:00+00:00,2024-11-08 21:45:00+00:00,2695.475,2689.3469329153563,2708.952375,2689.3469329153563,15,tp,0.45469292682318463
VWAP_MR,M5,short,2024-11-11 17:25:00+00:00,2024-11-11 17:35:00+00:00,2674.535,2669.8477452876227,2687.9076749999995,2669.8477452876227,3,tp,0.350509880212991
VWAP_MR,M5,short,2024-11-13 08:10:00+00:00,2024-11-13 09:50:00+00:00,2602.355,2610.045,2615.366775,2599.2070179281804,21,timeout,-0.5910031490707524
VWAP_MR,M5,short,2024-11-13 20:35:00+00:00,2024-11-13 20:45:00+00:00,2617.808,2609.2333049484287,2630.89704,2609.2333049484287,3,tp,0.6551049619812782
VWAP_MR,M5,short,2024-11-14 21:40:00+00:00,2024-11-14 23:20:00+00:00,2565.655,2574.815,2578.483275,2551.990373570303,21,timeout,-0.7140476798322426
VWAP_MR,M5,short,2024-11-15 20:20:00+00:00,2024-11-15 20:30:00+00:00,2574.195,2568.0928045158294,2587.065975,2568.0928045158294,3,tp,0.474105146204611
VWAP_MR,M5,short,2024-11-18 06:20:00+00:00,2024-11-18 08:00:00+00:00,2572.408,2579.725,2585.2700399999994,2563.642655706041,21,timeout,-0.568883318664868
VWAP_MR,M5,short,2024-11-18 08:20:00+00:00,2024-11-18 08:30:00+00:00,2580.875,2593.7793749999996,2593.7793749999996,2568.4145631343845,3,sl,-1.0
VWAP_MR,M5,short,2024-11-18 16:50:00+00:00,2024-11-18 18:30:00+00:00,2593.865,2594.295,2606.8343249999994,2586.523771055827,21,timeout,-0.033155156494289816
VWAP_MR,M5,short,2024-11-18 20:55:00+00:00,2024-11-18 22:35:00+00:00,2604.645,2610.708,2617.668225,2594.0279670985065,21,timeout,-0.4655528872456817
VWAP_MR,M5,short,2024-11-19 09:35:00+00:00,2024-11-19 11:15:00+00:00,2620.315,2623.165,2633.4165749999997,2614.1575675733493,21,timeout,-0.21753109836030995
VWAP_MR,M5,short,2024-11-19 16:25:00+00:00,2024-11-19 18:05:00+00:00,2629.355,2634.895,2642.5017749999997,2622.821118498571,21,timeout,-0.4213961218625927
VWAP_MR,M5,short,2024-11-20 03:55:00+00:00,2024-11-20 06:30:00+00:00,2634.165,2633.678,2647.3358249999997,2628.1724969879515,21,timeout,0.03697566401497942
VWAP_MR,M5,long,2024-11-20 14:40:00+00:00,2024-11-20 16:20:00+00:00,2623.598,2624.965,2610.4800099999998,2632.781870080988,21,timeout,0.10420803796924447
VWAP_MR,M5,short,2024-11-20 20:15:00+00:00,2024-11-20 21:55:00+00:00,2635.084,2641.035,2648.2594199999994,2625.465665727295,21,timeout,-0.45167440582540924
VWAP_MR,M5,short,2024-11-21 07:25:00+00:00,2024-11-21 09:05:00+00:00,2653.518,2656.448,2666.78559,2649.732256165765,21,timeout,-0.22083890141313173
VWAP_MR,M5,short,2024-11-21 13:20:00+00:00,2024-11-21 15:00:00+00:00,2659.905,2663.715,2673.204525,2655.406000228206,21,timeout,-0.28647639671341446
VWAP_MR,M5,short,2024-11-21 15:35:00+00:00,2024-11-21 17:15:00+00:00,2668.065,2668.695,2681.4053249999997,2660.1535416965967,21,timeout,-0.04722523626674199
VWAP_MR,M5,short,2024-11-22 01:00:00+00:00,2024-11-22 02:40:00+00:00,2672.205,2669.395,2685.5660249999996,2666.466210859412,21,timeout,0.21031320576078621
VWAP_MR,M5,short,2024-11-22 08:05:00+00:00,2024-11-22 09:45:00+00:00,2676.995,2684.955,2690.379975,2670.937701180085,21,timeout,-0.5946966654775278
VWAP_MR,M5,short,2024-11-22 16:45:00+00:00,2024-11-22 18:25:00+00:00,2705.775,2703.395,2719.3038749999996,2692.968098610242,21,timeout,0.1759200229139669
VWAP_MR,M5,long,2024-11-25 10:30:00+00:00,2024-11-25 10:30:00+00:00,2685.935,2672.505325,2672.505325,2703.154140311625,1,sl,-1.0
VWAP_MR,M5,short,2024-11-25 18:20:00+00:00,2024-11-25 20:00:00+00:00,2683.265,2676.745,2696.6813249999996,2669.8903837679945,21,timeout,0.4859751086829019
VWAP_MR,M5,long,2024-11-25 21:15:00+00:00,2024-11-25 21:20:00+00:00,2660.615,2647.311925,2647.311925,2677.600307173798,2,sl,-1.0
VWAP_MR,M5,long,2024-11-25 22:00:00+00:00,2024-11-25 23:40:00+00:00,2637.875,2635.585,2624.685625,2667.591733117887,21,timeout,-0.17362460313699293
VWAP_MR,M5,short,2024-11-26 17:40:00+00:00,2024-11-26 19:20:00+00:00,2632.405,2632.175,2645.567025,2620.3010574354857,21,timeout,0.017474514749821903
VWAP_MR,M5,short,2024-11-27 04:20:00+00:00,2024-11-27 06:55:00+00:00,2632.695,2631.825,2645.858475,2626.5464398826994,21,timeout,0.06609197039538241
VWAP_MR,M5,short,2024-11-27 12:50:00+00:00,2024-11-27 14:30:00+00:00,2644.695,2647.338,2657.918475,2636.447228736339,21,timeout,-0.19987181886758762
VWAP_MR,M5,short,2024-11-27 21:00:00+00:00,2024-11-27 21:10:00+00:00,2657.208,2650.1417518724934,2670.4940399999996,2650.1417518724934,3,tp,0.531855099601308
VWAP_MR,M5,long,2024-11-28 08:15:00+00:00,2024-11-28 09:55:00+00:00,2626.595,2627.955,2613.462025,2635.0949017959038,21,timeout,0.1035561249450432
VWAP_MR,M5,short,2024-11-28 13:35:00+00:00,2024-11-28 15:15:00+00:00,2635.895,2637.595,2649.074475,2628.79693915411,21,timeout,-0.12898844604962106
VWAP_MR,M5,short,2024-11-29 08:25:00+00:00,2024-11-29 09:15:00+00:00,2642.845,2656.0592249999995,2656.0592249999995,2638.691919998997,11,sl,-1.0
VWAP_MR,M5,short,2024-11-29 10:10:00+00:00,2024-11-29 11:50:00+00:00,2657.995,2660.274,2671.2849749999996,2645.4107161812803,21,timeout,-0.1714826401103125
VWAP_MR,M5,long,2024-12-02 07:40:00+00:00,2024-12-02 08:20:00+00:00,2640.235,2627.033825,2627.033825,2653.0951217211264,9,sl,-1.0
VWAP_MR,M5,short,2024-12-02 16:25:00+00:00,2024-12-02 18:05:00+00:00,2636.078,2636.688,2649.2583899999995,2628.393925726128,21,timeout,-0.04628087636254685
VWAP_MR,M5,short,2024-12-02 18:20:00+00:00,2024-12-02 20:00:00+00:00,2641.535,2639.245,2654.7426749999995,2630.9045724355124,21,timeout,0.17338403617593737
VWAP_MR,M5,short,2024-12-03 13:15:00+00:00,2024-12-03 14:55:00+00:00,2644.795,2645.315,2658.018975,2639.0742917025095,21,timeout,-0.03932251838044056
VWAP_MR,M5,short,2024-12-03 20:50:00+00:00,2024-12-03 22:00:00+00:00,2647.655,2643.854836644732,2660.893275,2643.854836644732,15,tp,0.28705880148796986
VWAP_MR,M5,short,2024-12-04 09:10:00+00:00,2024-12-04 10:50:00+00:00,2646.985,2645.305,2660.219925,2641.593331432346,21,timeout,0.12693687346171761
VWAP_MR,M5,short,2024-12-04 12:05:00+00:00,2024-12-04 13:45:00+00:00,2648.185,2649.205,2661.4259249999996,2643.2327124786943,21,timeout,-0.07703389302484623
VWAP_MR,M5,short,2024-12-04 22:40:00+00:00,2024-12-05 00:20:00+00:00,2655.874,2651.205,2669.1533699999995,2646.4030479558432,21,timeout,0.35159800502583777
VWAP_MR,M5,short,2024-12-05 12:40:00+00:00,2024-12-05 13:35:00+00:00,2651.735,2647.830490293147,2664.9936749999997,2647.830490293147,12,tp,0.2944871721234177
VWAP_MR,M5,short,2024-12-05 19:00:00+00:00,2024-12-05 20:25:00+00:00,2652.395,2646.7986215642536,2665.656975,2646.7986215642536,18,tp,0.4219868033039135
VWAP_MR,M5,long,2024-12-06 08:15:00+00:00,2024-12-06 09:55:00+00:00,2615.598,2624.235,2602.5200099999997,2629.3334292434984,21,timeout,0.6604225878747438
VWAP_MR,M5,short,2024-12-06 10:30:00+00:00,2024-12-06 12:10:00+00:00,2637.078,2642.175,2650.2633899999996,2624.064832513646,21,timeout,-0.38656421994346357
VWAP_MR,M5,short,2024-12-09 06:05:00+00:00,2024-12-09 07:00:00+00:00,2647.574,2635.6909261770147,2660.81187,2635.6909261770147,12,tp,0.8976575402980551
VWAP_MR,M5,short,2024-12-09 08:25:00+00:00,2024-12-09 10:05:00+00:00,2647.905,2644.594,2661.1445249999997,2636.6967668599304,21,timeout,0.2500845007657203
VWAP_MR,M5,short,2024-12-09 14:35:00+00:00,2024-12-09 16:15:00+00:00,2647.675,2651.435,2660.913375,2640.9385262703527,21,timeout,-0.2840227746985404
VWAP_MR,M5,short,2024-12-09 16:30:00+00:00,2024-12-09 18:10:00+00:00,2653.635,2658.165,2666.903175,2643.5810644158764,21,timeout,-0.34141846938255244
VWAP_MR,M5,short,2024-12-10 17:45:00+00:00,2024-12-10 19:25:00+00:00,2673.405,2676.975,2686.7720249999998,2666.409645326892,21,timeout,-0.2670751345194482
VWAP_MR,M5,short,2024-12-10 19:35:00+00:00,2024-12-10 21:15:00+00:00,2677.675,2681.134,2691.0633749999997,2668.3945385418283,21,timeout,-0.2583584639659369
VWAP_MR,M5,short,2024-12-11 07:35:00+00:00,2024-12-11 09:15:00+00:00,2697.648,2699.798,2711.13624,2692.789301333745,21,timeout,-0.15939811272632215
VWAP_MR,M5,short,2024-12-11 17:35:00+00:00,2024-12-11 19:15:00+00:00,2698.384,2696.874,2711.87592,2691.783948962331,21,timeout,0.11191883734859275
VWAP_MR,M5,short,2024-12-11 21:20:00+00:00,2024-12-11 23:00:00+00:00,2703.184,2712.484,2716.69992,2696.2826757387193,21,timeout,-0.6880774671646361
VWAP_MR,M5,short,2024-12-12 08:05:00+00:00,2024-12-12 08:15:00+00:00,2724.915,2717.8444881210476,2738.539575,2717.8444881210476,3,tp,0.5189528391859926
VWAP_MR,M5,long,2024-12-12 08:35:00+00:00,2024-12-12 10:15:00+00:00,2705.165,2707.095,2691.639175,2718.098404971502,21,timeout,0.1426900022734149
VWAP_MR,M5,short,2024-12-12 14:15:00+00:00,2024-12-12 15:55:00+00:00,2719.375,2716.595,2732.9718749999997,2711.5516206251896,21,timeout,0.20445874511608408
VWAP_MR,M5,short,2024-12-13 08:05:00+00:00,2024-12-13 09:45:00+00:00,2686.885,2686.295,2700.319425,2682.400892217631,21,timeout,0.04391702659400377
VWAP_MR,M5,short,2024-12-16 15:30:00+00:00,2024-12-16 17:10:00+00:00,2657.818,2658.325,2671.10709,2653.076806652021,21,timeout,-0.03815159653517406
VWAP_MR,M5,short,2024-12-16 18:35:00+00:00,2024-12-16 20:15:00+00:00,2663.178,2663.525,2676.4938899999997,2656.5942224853547,21,timeout,-0.02605909180687218
VWAP_MR,M5,short,2024-12-17 08:05:00+00:00,2024-12-17 09:45:00+00:00,2655.235,2655.505,2668.5111749999996,2652.8586904818007,21,timeout,-0.0203371829612062
VWAP_MR,M5,long,2024-12-19 02:10:00+00:00,2024-12-19 02:50:00+00:00,2622.824,2609.70988,2609.70988,2636.850723401179,9,sl,-1.0
VWAP_MR,M5,long,2024-12-19 19:55:00+00:00,2024-12-19 21:05:00+00:00,2607.834,2594.79483,2594.79483,2617.4377803334173,15,sl,-1.0
VWAP_MR,M5,short,2024-12-20 13:35:00+00:00,2024-12-20 15:15:00+00:00,2603.465,2606.748,2616.482325,2598.875245621524,21,timeout,-0.25220235340209696
VWAP_MR,M5,short,2024-12-20 20:40:00+00:00,2024-12-20 22:15:00+00:00,2608.235,2621.276175,2621.276175,2604.5886811567943,20,sl,-1.0
VWAP_MR,M5,short,2024-12-23 13:40:00+00:00,2024-12-23 15:20:00+00:00,2630.748,2629.498,2643.90174,2625.1413533324844,21,timeout,0.09503000667490952
VWAP_MR,M5,short,2024-12-24 06:40:00+00:00,2024-12-24 08:20:00+00:00,2616.635,2615.025,2629.718175,2611.2002819998893,21,timeout,0.12305881408757105
VWAP_MR,M5,short,2024-12-24 23:40:00+00:00,2024-12-25 01:20:00+00:00,2616.875,2615.785,2629.959375,2613.253646984613,21,timeout,0.08330546930978003
VWAP_MR,M5,short,2024-12-26 06:30:00+00:00,2024-12-26 08:10:00+00:00,2619.395,2625.105,2632.491975,2614.396353540399,21,timeout,-0.4359785370285938
VWAP_MR,M5,short,2024-12-26 20:15:00+00:00,2024-12-26 20:25:00+00:00,2630.204,2627.655779756782,2643.35502,2627.655779756782,3,tp,0.19376597733241618
VWAP_MR,M5,short,2024-12-26 22:10:00+00:00,2024-12-26 23:50:00+00:00,2630.805,2633.245,2643.9590249999997,2626.7534959830696,21,timeout,-0.1854945539483229
VWAP_MR,M5,short,2024-12-27 10:40:00+00:00,2024-12-27 11:20:00+00:00,2635.148,2631.912353431503,2648.32374,2631.912353431503,9,tp,0.24557607910425608
VWAP_MR,M5,short,2024-12-28 05:00:00+00:00,2024-12-30 07:35:00+00:00,2621.255,2622.725,2634.3612749999998,2616.653080124507,21,timeout,-0.11216001495465647
VWAP_MR,M5,long,2024-12-30 15:55:00+00:00,2024-12-30 17:35:00+00:00,2611.328,2611.845,2598.27136,2619.4588301450385,21,timeout,0.039596710945529155
VWAP_MR,M5,short,2024-12-31 14:40:00+00:00,2024-12-31 16:20:00+00:00,2610.155,2613.878,2623.205775,2606.49131338157,21,timeout,-0.285270414975359
VWAP_MR,M5,short,2024-12-31 22:20:00+00:00,2025-01-01 00:00:00+00:00,2618.765,2624.675,2631.858825,2612.2654266040076,21,timeout,-0.4513577965186142
VWAP_MR,M5,short,2025-01-01 00:25:00+00:00,2025-01-01 02:05:00+00:00,2627.064,2625.215,2640.1993199999997,2616.936603100091,21,timeout,0.14076550856771852
VWAP_MR,M5,short,2025-01-02 09:05:00+00:00,2025-01-02 10:45:00+00:00,2633.998,2633.498,2647.16799,2627.50070066599,21,timeout,0.037965100960593356
VWAP_MR,M5,short,2025-01-02 17:25:00+00:00,2025-01-02 19:05:00+00:00,2643.235,2640.615,2656.4511749999997,2635.204324481139,21,timeout,0.1982419270326272
VWAP_MR,M5,short,2025-01-02 22:55:00+00:00,2025-01-03 00:35:00+00:00,2654.104,2653.525,2667.3745199999994,2644.679387045802,21,timeout,0.04363054349036374
VWAP_MR,M5,long,2025-01-03 13:00:00+00:00,2025-01-03 14:40:00+00:00,2656.498,2654.645,2643.21551,2660.71220640784,21,timeout,-0.13950697497231754
VWAP_MR,M5,long,2025-01-03 20:45:00+00:00,2025-01-03 22:25:00+00:00,2644.035,2642.415,2630.814825,2654.438602743899,21,timeout,-0.12253998150553225
VWAP_MR,M5,short,2025-01-06 08:20:00+00:00,2025-01-06 09:00:00+00:00,2645.565,2640.1142780844525,2658.792825,2640.1142780844525,9,tp,0.41206486444654145
VWAP_MR,M5,short,2025-01-06 18:30:00+00:00,2025-01-06 20:10:00+00:00,2641.995,2646.798,2655.2049749999996,2631.972047479255,21,timeout,-0.36358887885858765
VWAP_MR,M5,long,2025-01-06 20:50:00+00:00,2025-01-06 22:30:00+00:00,2622.895,2638.6589477618604,2609.780525,2638.6589477618604,21,tp,1.2020265974703987
VWAP_MR,M5,short,2025-01-07 08:30:00+00:00,2025-01-07 10:10:00+00:00,2637.655,2638.105,2650.8432749999997,2634.6889430289534,21,timeout,-0.034121217520853515
VWAP_MR,M5,short,2025-01-07 12:30:00+00:00,2025-01-07 14:10:00+00:00,2643.355,2641.154,2656.571775,2637.9539616147863,21,timeout,0.16653079136173865
VWAP_MR,M5,short,2025-01-07 18:10:00+00:00,2025-01-07 18:25:00+00:00,2645.575,2642.2538085588562,2658.8028749999994,2642.2538085588562,4,tp,0.2510752060435774
VWAP_MR,M5,short,2025-01-08 13:45:00+00:00,2025-01-08 15:25:00+00:00,2651.748,2651.048,2665.00674,2648.17470860921,21,timeout,0.052795363662028624
VWAP_MR,M5,short,2025-01-08 20:10:00+00:00,2025-01-08 20:30:00+00:00,2655.675,2651.458808883944,2668.953375,2651.458808883944,5,tp,0.3175231243323143
VWAP_MR,M5,short,2025-01-08 21:00:00+00:00,2025-01-08 22:40:00+00:00,2659.365,2666.075,2672.6618249999997,2652.855247260814,21,timeout,-0.5046317447962267
VWAP_MR,M5,short,2025-01-09 13:40:00+00:00,2025-01-09 15:20:00+00:00,2662.035,2662.898,2675.3451749999995,2658.771385755841,21,timeout,-0.06483761483228496
VWAP_MR,M5,short,2025-01-09 18:55:00+00:00,2025-01-09 20:35:00+00:00,2672.035,2676.278,2685.3951749999997,2665.1655539641265,21,timeout,-0.3175856603674729
VWAP_MR,M5,short,2025-01-10 13:50:00+00:00,2025-01-10 15:30:00+00:00,2677.405,2679.548,2690.7920249999997,2673.217546623191,21,timeout,-0.16008037633452152
VWAP_MR,M5,short,2025-01-10 22:30:00+00:00,2025-01-11 00:10:00+00:00,2694.554,2693.804,2708.02677,2682.9217848912804,21,timeout,0.055667839649901844
VWAP_MR,M5,long,2025-01-13 08:30:00+00:00,2025-01-13 09:05:00+00:00,2680.415,2686.9089606894618,2667.012925,2686.9089606894618,8,tp,0.4845488992907305
VWAP_MR,M5,short,2025-01-14 06:55:00+00:00,2025-01-14 08:35:00+00:00,2669.055,2667.819,2682.4002749999995,2660.0294485106933,21,timeout,0.09261704985471686
VWAP_MR,M5,short,2025-01-14 15:35:00+00:00,2025-01-14 16:05:00+00:00,2673.515,2669.7979383726693,2686.8825749999996,2669.7979383726693,7,tp,0.27806551504896654
VWAP_MR,M5,short,2025-01-15 04:25:00+00:00,2025-01-15 07:00:00+00:00,2677.359,2675.425,2690.745795,2671.467755939443,21,timeout,0.14447072656298668
VWAP_MR,M5,short,2025-01-15 20:35:00+00:00,2025-01-15 20:40:00+00:00,2692.295,2685.7630946275344,2705.7564749999997,2685.7630946275344,2,tp,0.48522954375102534
VWAP_MR,M5,short,2025-01-15 21:05:00+00:00,2025-01-15 21:20:00+00:00,2695.465,2686.7258120221377,2708.942325,2686.7258120221377,4,tp,0.6484363905940209
VWAP_MR,M5,short,2025-01-16 00:10:00+00:00,2025-01-16 01:50:00+00:00,2691.848,2692.259,2705.3072399999996,2684.6618664561297,21,timeout,-0.03053664248501906
VWAP_MR,M5,short,2025-01-16 14:55:00+00:00,2025-01-16 16:35:00+00:00,2699.695,2703.689,2713.193475,2695.704590921904,21,timeout,-0.2958852759292976
VWAP_MR,M5,short,2025-01-16 16:45:00+00:00,2025-01-16 18:25:00+00:00,2705.248,2708.455,2718.7742399999997,2698.0386088570076,21,timeout,-0.237094713682439
VWAP_MR,M5,short,2025-01-16 20:55:00+00:00,2025-01-16 22:35:00+00:00,2716.575,2719.219,2730.1578749999994,2705.7656094563827,21,timeout,-0.19465687492525036
VWAP_MR,M5,short,2025-01-17 22:05:00+00:00,2025-01-17 23:45:00+00:00,2712.705,2716.455,2726.2685249999995,2707.2954776085758,21,timeout,-0.27647680083165094
VWAP_MR,M5,short,2025-01-17 23:50:00+00:00,2025-01-18 01:25:00+00:00,2716.469,2710.025063031035,2730.051345,2710.025063031035,20,tp,0.47443478787830495
VWAP_MR,M5,long,2025-01-18 03:10:00+00:00,2025-01-18 04:50:00+00:00,2701.235,2701.895,2687.728825,2710.885341774291,21,timeout,0.048866536972892415
VWAP_MR,M5,long,2025-01-20 06:30:00+00:00,2025-01-20 08:10:00+00:00,2693.699,2689.745,2680.230505,2705.3930391781223,21,timeout,-0.29357400362847935
VWAP_MR,M5,short,2025-01-21 21:30:00+00:00,2025-01-21 23:10:00+00:00,2731.105,2739.695,2744.7605249999997,2723.5049548910592,21,timeout,-0.6290494140650288
VWAP_MR,M5,short,2025-01-21 23:25:00+00:00,2025-01-22 01:05:00+00:00,2743.748,2741.815,2757.46674,2730.5456048232963,21,timeout,0.14090215282161636
VWAP_MR,M5,short,2025-01-22 07:55:00+00:00,2025-01-22 09:35:00+00:00,2747.625,2747.455,2761.363125,2743.0213607024234,21,timeout,0.012374323279201096
VWAP_MR,M5,short,2025-01-22 12:55:00+00:00,2025-01-22 13:20:00+00:00,2756.295,2749.8278984236267,2770.076475,2749.8278984236267,6,tp,0.4692604802006649
VWAP_MR,M5,short,2025-01-22 16:25:00+00:00,2025-01-22 18:05:00+00:00,2758.095,2758.268,2771.8854749999996,2751.284968087459,21,timeout,-0.012544890585729053
VWAP_MR,M5,short,2025-01-23 23:35:00+00:00,2025-01-24 01:15:00+00:00,2751.795,2755.955,2765.553975,2744.68255006557,21,timeout,-0.3023481036923124
VWAP_MR,M5,short,2025-01-24 07:50:00+00:00,2025-01-24 09:30:00+00:00,2760.745,2768.165,2774.5487249999996,2754.5097697719643,21,timeout,-0.5375360636350117
VWAP_MR,M5,short,2025-01-24 09:45:00+00:00,2025-01-24 11:25:00+00:00,2771.995,2770.655,2785.8549749999997,2760.979131736402,21,timeout,0.0966812710700925
VWAP_MR,M5,short,2025-01-24 20:15:00+00:00,2025-01-24 21:25:00+00:00,2780.605,2775.0456782379306,2794.5080249999996,2775.0456782379306,15,tp,0.3998641851014138
VWAP_MR,M5,long,2025-01-27 09:10:00+00:00,2025-01-27 10:50:00+00:00,2761.005,2760.175,2747.199975,2768.503274474065,21,timeout,-0.06012303490938411
VWAP_MR,M5,short,2025-01-27 16:20:00+00:00,2025-01-27 18:00:00+00:00,2764.235,2767.065,2778.0561749999997,2754.4473534933595,21,timeout,-0.2047582785110537
VWAP_MR,M5,short,2025-01-28 12:15:00+00:00,2025-01-28 13:05:00+00:00,2744.275,2740.791557992249,2757.9963749999997,2740.791557992249,11,tp,0.2538697475836791
VWAP_MR,M5,short,2025-01-28 16:15:00+00:00,2025-01-28 17:55:00+00:00,2743.405,2742.275,2757.122025,2740.2111070981628,21,timeout,0.08237937891052291
VWAP_MR,M5,short,2025-01-28 20:35:00+00:00,2025-01-28 22:15:00+00:00,2747.645,2754.375,2761.3832249999996,2742.213271819375,21,timeout,-0.4898740557823309
VWAP_MR,M5,short,2025-01-30 14:05:00+00:00,2025-01-30 15:45:00+00:00,2765.278,2771.455,2779.1043899999995,2760.87673141821,21,timeout,-0.44675435887460574
VWAP_MR,M5,short,2025-01-30 23:05:00+00:00,2025-01-31 00:45:00+00:00,2797.855,2794.785,2811.844275,2784.7719546590743,21,timeout,0.21945383159600365
VWAP_MR,M5,short,2025-01-31 07:10:00+00:00,2025-01-31 08:00:00+00:00,2798.235,2794.279966226965,2812.226175,2794.279966226965,11,tp,0.28268060209634344
VWAP_MR,M5,short,2025-01-31 14:30:00+00:00,2025-01-31 15:10:00+00:00,2798.765,2795.6362703430523,2812.7588249999994,2795.6362703430523,9,tp,0.2235793042250919
VWAP_MR,M5,short,2025-01-31 19:00:00+00:00,2025-01-31 20:40:00+00:00,2799.865,2807.068,2813.8643249999996,2795.517057695969,21,timeout,-0.5145248074461124
VWAP_MR,M5,short,2025-02-03 15:20:00+00:00,2025-02-03 17:00:00+00:00,2794.045,2795.525,2808.0152249999996,2782.3375873442833,21,timeout,-0.10593959653477761
VWAP_MR,M5,short,2025-02-03 21:55:00+00:00,2025-02-03 23:35:00+00:00,2828.528,2822.185,2842.6706399999994,2806.9592859517256,21,timeout,0.44850183558374096
VWAP_MR,M5,short,2025-02-04 08:30:00+00:00,2025-02-04 10:10:00+00:00,2820.245,2823.678,2834.346225,2815.973268512002,21,timeout,-0.24345402615730338
VWAP_MR,M5,long,2025-02-04 13:30:00+00:00,2025-02-04 15:10:00+00:00,2811.295,2810.755,2797.238525,2818.4638599177138,21,timeout,-0.038416459318568054
VWAP_MR,M5,short,2025-02-04 19:40:00+00:00,2025-02-04 20:30:00+00:00,2820.485,2834.5874249999997,2834.5874249999997,2815.7267607629483,11,sl,-1.0
VWAP_MR,M5,short,2025-02-04 21:40:00+00:00,2025-02-04 23:20:00+00:00,2838.208,2840.665,2852.39904,2824.1157395821915,21,timeout,-0.1731374162852005
VWAP_MR,M5,short,2025-02-05 07:40:00+00:00,2025-02-05 08:05:00+00:00,2847.735,2842.769666539339,2861.9736749999997,2842.769666539339,6,tp,0.3487215952791341
VWAP_MR,M5,short,2025-02-05 10:05:00+00:00,2025-02-05 11:45:00+00:00,2851.945,2857.285,2866.204725,2845.3165040681706,21,timeout,-0.37448127505963347
VWAP_MR,M5,short,2025-02-05 12:50:00+00:00,2025-02-05 14:30:00+00:00,2858.365,2858.645,2872.6568249999996,2848.8255560754874,21,timeout,-0.019591619684694167
VWAP_MR,M5,short,2025-02-05 22:25:00+00:00,2025-02-05 23:10:00+00:00,2875.495,2867.971333614582,2889.8724749999997,2867.971333614582,10,tp,0.5232953898663082
VWAP_MR,M5,long,2025-02-06 13:55:00+00:00,2025-02-06 15:35:00+00:00,2858.838,2853.135,2844.54381,2868.7581487482003,21,timeout,-0.398973289147545
VWAP_MR,M5,short,2025-02-07 09:00:00+00:00,2025-02-07 10:40:00+00:00,2867.665,2867.185,2882.0033249999997,2858.25813115023,21,timeout,0.03347671363287049
VWAP_MR,M5,short,2025-02-07 16:10:00+00:00,2025-02-07 17:20:00+00:00,2869.705,2863.868693227896,2884.053525,2863.868693227896,15,tp,0.4067530824320898
VWAP_MR,M5,short,2025-02-07 22:15:00+00:00,2025-02-07 23:15:00+00:00,2880.228,2867.8737631975405,2894.6291399999996,2867.8737631975405,13,tp,0.8578651969538538
VWAP_MR,M5,short,2025-02-10 08:15:00+00:00,2025-02-10 09:55:00+00:00,2875.905,2873.145,2890.284525,2863.4407651744846,21,timeout,0.19193958075807446
VWAP_MR,M5,short,2025-02-10 13:55:00+00:00,2025-02-10 15:35:00+00:00,2888.698,2894.935,2903.1414899999995,2876.035290244182,21,timeout,-0.4318208410848229
VWAP_MR,M5,short,2025-02-11 06:10:00+00:00,2025-02-11 07:50:00+00:00,2910.928,2921.635,2925.4826399999997,2904.302849838916,21,timeout,-0.735641692271362
VWAP_MR,M5,short,2025-02-11 08:45:00+00:00,2025-02-11 09:40:00+00:00,2930.635,2914.2145362622177,2945.2881749999997,2914.2145362622177,12,tp,1.120607904961422
VWAP_MR,M5,long,2025-02-12 20:35:00+00:00,2025-02-12 21:00:00+00:00,2865.345,2883.5122213157847,2851.018275,2883.5122213157847,6,tp,1.2680651939494219
VWAP_MR,M5,short,2025-02-12 21:40:00+00:00,2025-02-12 23:20:00+00:00,2897.095,2893.645,2911.5804749999993,2881.859999588079,21,timeout,0.2381696147347559
VWAP_MR,M5,short,2025-02-13 00:05:00+00:00,2025-02-13 01:45:00+00:00,2904.355,2901.685,2918.8767749999997,2885.911934725568,21,timeout,0.1838618212994022
VWAP_MR,M5,short,2025-02-13 07:10:00+00:00,2025-02-13 08:50:00+00:00,2906.755,2906.115,2921.288775,2900.1826084037166,21,timeout,0.04403535901720873
VWAP_MR,M5,short,2025-02-13 10:30:00+00:00,2025-02-13 12:10:00+00:00,2915.955,2919.565,2930.5347749999996,2905.7025699861274,21,timeout,-0.24760327234132226
VWAP_MR,M5,short,2025-02-13 12:20:00+00:00,2025-02-13 14:00:00+00:00,2920.355,2915.315,2934.9567749999997,2909.36430560696,21,timeout,0.34516351607938695
VWAP_MR,M5,short,2025-02-14 02:05:00+00:00,2025-02-14 03:45:00+00:00,2925.188,2926.418,2939.81394,2916.583896744969,21,timeout,-0.08409715888346503
VWAP_MR,M5,short,2025-02-14 13:25:00+00:00,2025-02-14 15:05:00+00:00,2933.135,2931.625,2947.800675,2928.4119535577343,21,timeout,0.10296150705645975
VWAP_MR,M5,short,2025-02-14 15:25:00+00:00,2025-02-14 17:05:00+00:00,2938.145,2934.195,2952.8357249999995,2931.03093284494,21,timeout,0.2688771316595988
VWAP_MR,M5,short,2025-02-17 09:45:00+00:00,2025-02-17 11:25:00+00:00,2899.305,2904.145,2913.8015249999994,2887.4389507598235,21,timeout,-0.3338731178679229
VWAP_MR,M5,short,2025-02-18 09:45:00+00:00,2025-02-18 11:25:00+00:00,2903.565,2908.455,2918.082825,2897.222486078693,21,timeout,-0.3368273140088068
VWAP_MR,M5,short,2025-02-18 11:40:00+00:00,2025-02-18 13:20:00+00:00,2908.895,2912.605,2923.4394749999997,2900.6661376782918,21,timeout,-0.2550796780220747
VWAP_MR,M5,short,2025-02-18 20:45:00+00:00,2025-02-18 22:25:00+00:00,2918.595,2925.655,2933.1879749999994,2913.696129935463,21,timeout,-0.48379442848361
VWAP_MR,M5,long,2025-02-19 09:55:00+00:00,2025-02-19 11:35:00+00:00,2924.175,2926.785,2909.554125,2933.726198290104,21,timeout,0.1785118879683781
VWAP_MR,M5,short,2025-02-19 15:40:00+00:00,2025-02-19 17:20:00+00:00,2939.215,2944.235,2953.911075,2933.384828206045,21,timeout,-0.3415878049070951
VWAP_MR,M5,short,2025-02-20 07:45:00+00:00,2025-02-20 09:25:00+00:00,2940.065,2938.565,2954.765325,2931.906687657972,21,timeout,0.102038560371966
VWAP_MR,M5,short,2025-02-20 13:00:00+00:00,2025-02-20 14:40:00+00:00,2945.675,2950.708,2960.403375,2939.36802782334,21,timeout,-0.34172133721473064
VWAP_MR,M5,short,2025-02-21 18:35:00+00:00,2025-02-21 19:05:00+00:00,2935.545,2927.648132171291,2950.2227249999996,2927.648132171291,7,tp,0.5380171537966175
VWAP_MR,M5,short,2025-02-21 23:40:00+00:00,2025-02-22 01:20:00+00:00,2937.165,2938.725,2951.8508249999995,2930.5843132458867,21,timeout,-0.10622488011398688
VWAP_MR,M5,short,2025-02-22 02:00:00+00:00,2025-02-22 02:50:00+00:00,2942.295,2933.513909003597,2957.0064749999997,2933.513909003597,11,tp,0.596887191556487
VWAP_MR,M5,long,2025-02-24 08:05:00+00:00,2025-02-24 09:45:00+00:00,2926.895,2936.1975915928997,2912.260525,2936.1975915928997,21,tp,0.6356628162540726
VWAP_MR,M5,short,2025-02-24 10:00:00+00:00,2025-02-24 11:40:00+00:00,2940.335,2939.895,2955.036675,2930.7571817516773,21,timeout,0.029928562561753046
VWAP_MR,M5,short,2025-02-24 19:05:00+00:00,2025-02-24 20:45:00+00:00,2948.095,2950.585,2962.8354749999994,2942.401470637574,21,timeout,-0.16892264326626538
VWAP_MR,M5,short,2025-02-24 21:05:00+00:00,2025-02-24 21:25:00+00:00,2955.575,2946.224182519077,2970.3528749999996,2946.224182519077,5,tp,0.6327579222941567
VWAP_MR,M5,long,2025-02-25 19:40:00+00:00,2025-02-25 20:50:00+00:00,2927.905,2936.395273598251,2913.265475,2936.395273598251,15,tp,0.5799555380554303
VWAP_MR,M5,short,2025-02-25 21:40:00+00:00,2025-02-25 21:55:00+00:00,2944.199,2934.3265105602295,2958.9199949999997,2934.3265105602295,4,tp,0.6706400919075632
VWAP_MR,M5,long,2025-02-25 22:25:00+00:00,2025-02-25 22:30:00+00:00,2920.715,2906.111425,2906.111425,2933.7762885937286,2,sl,-1.0
VWAP_MR,M5,short,2025-02-26 07:20:00+00:00,2025-02-26 09:00:00+00:00,2925.515,2919.555,2940.1425749999994,2911.8150852743356,21,timeout,0.4074496285269589
VWAP_MR,M5,short,2025-02-28 08:15:00+00:00,2025-02-28 08:55:00+00:00,2884.345,2877.000548153747,2898.7667249999995,2877.000548153747,9,tp,0.5092630629313122
VWAP_MR,M5,short,2025-03-01 03:20:00+00:00,2025-03-01 05:00:00+00:00,2853.148,2856.998,2867.41374,2846.496908557052,21,timeout,-0.26987734250028084
VWAP_MR,M5,short,2025-03-03 16:10:00+00:00,2025-03-03 16:45:00+00:00,2869.475,2864.228847497032,2883.8223749999997,2864.228847497032,8,tp,0.365652427915774
VWAP_MR,M5,short,2025-03-03 17:50:00+00:00,2025-03-03 19:30:00+00:00,2871.79,2876.005,2886.14895,2865.5655137349527,21,timeout,-0.2935451408355205
VWAP_MR,M5,short,2025-03-03 19:35:00+00:00,2025-03-03 21:15:00+00:00,2876.025,2873.455,2890.4051249999998,2867.8065645500155,21,timeout,0.17871889152564535
VWAP_MR,M5,short,2025-03-03 21:45:00+00:00,2025-03-03 23:25:00+00:00,2882.155,2888.615,2896.565775,2873.1818334283093,21,timeout,-0.4482756826055266
VWAP_MR,M5,short,2025-03-03 23:45:00+00:00,2025-03-04 01:25:00+00:00,2891.435,2891.605,2905.8921749999995,2879.0838308426373,21,timeout,-0.011758867136911466
VWAP_MR,M5,short,2025-03-04 14:25:00+00:00,2025-03-04 15:20:00+00:00,2893.405,2907.8720249999997,2907.8720249999997,2888.9387995847624,12,sl,-1.0
VWAP_MR,M5,short,2025-03-05 13:05:00+00:00,2025-03-05 14:45:00+00:00,2918.145,2916.075,2932.7357249999995,2909.4515189149133,21,timeout,0.14187094883908957
VWAP_MR,M5,short,2025-03-05 23:25:00+00:00,2025-03-06 01:00:00+00:00,2927.695,2913.708055916663,2942.333475,2913.708055916663,20,tp,0.9554918858239991
VWAP_MR,M5,short,2025-03-06 09:00:00+00:00,2025-03-06 10:40:00+00:00,2924.355,2920.4831876217936,2938.9767749999996,2920.4831876217936,21,tp,0.2647976991990723
VWAP_MR,M5,short,2025-03-06 21:55:00+00:00,2025-03-06 23:35:00+00:00,2914.715,2915.915,2929.288575,2903.5397242255517,21,timeout,-0.08234081205193833
VWAP_MR,M5,long,2025-03-07 07:15:00+00:00,2025-03-07 09:00:00+00:00,2897.248,2906.695,2882.76176,2913.128402678873,21,timeout,0.6521360960470073
VWAP_MR,M5,short,2025-03-07 15:25:00+00:00,2025-03-07 17:05:00+00:00,2917.935,2919.585,2932.5246749999997,2910.1876892967707,21,timeout,-0.11309367754937126
VWAP_MR,M5,short,2025-03-07 22:00:00+00:00,2025-03-07 22:40:00+00:00,2926.665,2917.990748372964,2941.2983249999997,2917.990748372964,9,tp,0.5927737972768428
VWAP_MR,M5,long,2025-03-10 15:50:00+00:00,2025-03-10 16:15:00+00:00,2899.385,2908.675754913293,2884.8880750000003,2908.675754913293,6,tp,0.6408776284138126
VWAP_MR,M5,short,2025-03-11 09:20:00+00:00,2025-03-11 11:00:00+00:00,2893.045,2895.848,2907.510225,2887.1266036701295,21,timeout,-0.19377507090279614
VWAP_MR,M5,short,2025-03-11 15:20:00+00:00,2025-03-11 17:00:00+00:00,2904.685,2911.105,2919.208425,2898.2632860842846,21,timeout,-0.4420444901942988
VWAP_MR,M5,short,2025-03-11 17:10:00+00:00,2025-03-11 18:50:00+00:00,2911.585,2913.995,2926.1429249999997,2902.002598314968,21,timeout,-0.16554557053975194
VWAP_MR,M5,short,2025-03-12 13:15:00+00:00,2025-03-12 13:30:00+00:00,2919.715,2915.480168191132,2934.3135749999997,2915.480168191132,4,tp,0.29008528632884395
VWAP_MR,M5,short,2025-03-12 15:45:00+00:00,2025-03-12 16:50:00+00:00,2918.925,2914.40059118324,2933.519625,2914.40059118324,14,tp,0.3100051434524834
VWAP_MR,M5,short,2025-03-12 19:45:00+00:00,2025-03-12 20:00:00+00:00,2921.115,2916.0984799221505,2935.7205749999994,2916.0984799221505,4,tp,0.34346611330600657
VWAP_MR,M5,short,2025-03-13 10:00:00+00:00,2025-03-13 11:40:00+00:00,2945.335,2943.955,2960.061675,2938.701501248814,21,timeout,0.09370750695592317
VWAP_MR,M5,short,2025-03-13 16:25:00+00:00,2025-03-13 18:05:00+00:00,2946.348,2945.965,2961.0797399999997,2938.8719300510684,21,timeout,0.025998286692530424
VWAP_MR,M5,short,2025-03-13 21:40:00+00:00,2025-03-13 21:50:00+00:00,2955.355,2970.131775,2970.131775,2946.3822612154245,3,sl,-1.0
VWAP_MR,M5,short,2025-03-14 11:00:00+00:00,2025-03-14 11:55:00+00:00,2992.065,2986.884272253593,3007.0253249999996,2986.884272253593,12,tp,0.34629780746122707
VWAP_MR,M5,short,2025-03-14 15:30:00+00:00,2025-03-14 17:10:00+00:00,2991.765,2999.748,3006.7238249999996,2985.722386872302,21,timeout,-0.533664910178462
VWAP_MR,M5,short,2025-03-17 16:30:00+00:00,2025-03-17 18:10:00+00:00,2992.845,2999.325,3007.8092249999995,2986.917332300734,21,timeout,-0.4330327831879126
VWAP_MR,M5,short,2025-03-17 18:50:00+00:00,2025-03-17 19:15:00+00:00,3000.715,2991.224907035184,3015.718575,2991.224907035184,6,tp,0.6325221132174337
VWAP_MR,M5,short,2025-03-18 09:55:00+00:00,2025-03-18 11:35:00+00:00,3010.495,3014.655,3025.5474749999994,3003.287421296536,21,timeout,-0.2763665111551719
VWAP_MR,M5,short,2025-03-18 11:40:00+00:00,2025-03-18 12:30:00+00:00,3014.645,3006.165781531634,3029.7182249999996,3006.165781531634,11,tp,0.5625351222692074
VWAP_MR,M5,short,2025-03-18 15:35:00+00:00,2025-03-18 17:15:00+00:00,3025.569,3025.425,3040.6968449999995,3016.142937192387,21,timeout,0.009518870665305112
VWAP_MR,M5,short,2025-03-18 19:50:00+00:00,2025-03-18 21:30:00+00:00,3034.225,3029.095,3049.3961249999998,3024.205937172166,21,timeout,0.3381423592515493
VWAP_MR,M5,short,2025-03-19 11:00:00+00:00,2025-03-19 12:40:00+00:00,3038.285,3040.948,3053.4764249999994,3031.095894057036,21,timeout,-0.17529626088402464
VWAP_MR,M5,short,2025-03-20 01:15:00+00:00,2025-03-20 02:55:00+00:00,3038.545,3047.725,3053.737725,3031.3719756377377,21,timeout,-0.6042365671727691
VWAP_MR,M5,long,2025-03-20 17:15:00+00:00,2025-03-20 18:55:00+00:00,3034.505,3034.448,3019.332475,3044.111675367337,21,timeout,-0.003756790646266454
VWAP_MR,M5,short,2025-03-21 01:20:00+00:00,2025-03-21 03:00:00+00:00,3044.505,3044.708,3059.727525,3036.760571476796,21,timeout,-0.013335501173424174
VWAP_MR,M5,short,2025-03-24 14:15:00+00:00,2025-03-24 15:55:00+00:00,3025.705,3028.615,3040.8335249999996,3020.2679483285388,21,timeout,-0.19235186510250843
VWAP_MR,M5,short,2025-03-24 16:30:00+00:00,2025-03-24 16:45:00+00:00,3030.225,3024.2947100342694,3045.376125,3024.2947100342694,4,tp,0.3914092165255407
VWAP_MR,M5,short,2025-03-24 17:30:00+00:00,2025-03-24 18:45:00+00:00,3031.015,3024.83178363709,3046.1700749999995,3024.83178363709,16,tp,0.40799642119288726
VWAP_MR,M5,short,2025-03-25 12:15:00+00:00,2025-03-25 13:55:00+00:00,3018.255,3017.095,3033.346275,3012.6941271816722,21,timeout,0.07686560612011424
VWAP_MR,M5,short,2025-03-25 15:55:00+00:00,2025-03-25 17:35:00+00:00,3021.325,3021.825,3036.4316249999997,3015.7298448708016,21,timeout,-0.033098061281060694
VWAP_MR,M5,short,2025-03-25 17:55:00+00:00,2025-03-25 19:10:00+00:00,3024.135,3017.055284497681,3039.255675,3017.055284497681,16,tp,0.46821424984793264
VWAP_MR,M5,short,2025-03-25 21:10:00+00:00,2025-03-25 22:15:00+00:00,3035.145,3023.0779050914957,3050.3207249999996,3023.0779050914957,14,tp,0.7951577211964882
VWAP_MR,M5,short,2025-03-26 09:40:00+00:00,2025-03-26 10:20:00+00:00,3025.945,3020.39508528731,3041.074725,3020.39508528731,9,tp,0.36682191597602104
VWAP_MR,M5,short,2025-03-26 14:40:00+00:00,2025-03-26 16:20:00+00:00,3028.345,3020.8308199674834,3043.4867249999993,3020.8308199674834,21,tp,0.4962565383083254
VWAP_MR,M5,short,2025-03-27 17:00:00+00:00,2025-03-27 17:30:00+00:00,3038.835,3054.0291749999997,3054.0291749999997,3033.2395099547975,7,sl,-1.0
VWAP_MR,M5,short,2025-03-27 19:00:00+00:00,2025-03-27 20:25:00+00:00,3054.715,3040.3529934784738,3069.988575,3040.3529934784738,18,tp,0.9403172814175237
VWAP_MR,M5,short,2025-03-28 07:30:00+00:00,2025-03-28 09:10:00+00:00,3063.295,3076.865,3078.6114749999997,3056.577805317407,21,timeout,-0.8859740899913354
VWAP_MR,M5,short,2025-03-28 09:30:00+00:00,2025-03-28 11:10:00+00:00,3076.195,3072.995,3091.5759749999997,3064.0544961948804,21,timeout,0.20804922964898911
VWAP_MR,M5,short,2025-03-31 05:05:00+00:00,2025-03-31 06:45:00+00:00,3088.048,3088.698,3103.488239999999,3081.2079157556,21,timeout,-0.042097791226050514
VWAP_MR,M5,short,2025-03-31 09:40:00+00:00,2025-03-31 11:20:00+00:00,3104.525,3109.695,3120.0476249999997,3090.209348773554,21,timeout,-0.33306222368962746
VWAP_MR,M5,short,2025-04-01 08:15:00+00:00,2025-04-01 09:55:00+00:00,3132.398,3145.075,3148.0599899999997,3125.2426633775203,21,timeout,-0.8094118308082179
VWAP_MR,M5,short,2025-04-02 07:45:00+00:00,2025-04-02 09:25:00+00:00,3122.525,3131.625,3138.137625,3115.81760554181,21,timeout,-0.5828616264081187
VWAP_MR,M5,short,2025-04-03 04:00:00+00:00,2025-04-03 05:05:00+00:00,3136.035,3126.716786819029,3151.7151749999994,3126.716786819029,3,tp,0.5942671673607666
VWAP_MR,M5,long,2025-04-03 13:35:00+00:00,2025-04-03 15:15:00+00:00,3116.778,3129.348,3101.19411,3140.997554844831,21,timeout,0.8066022026593013
VWAP_MR,M5,long,2025-04-03 17:40:00+00:00,2025-04-03 18:45:00+00:00,3101.195,3085.689025,3085.689025,3124.159065745292,14,sl,-1.0
VWAP_MR,M5,short,2025-04-04 17:40:00+00:00,2025-04-04 18:10:00+00:00,3112.165,3127.7258249999995,3127.7258249999995,3095.4585826100956,7,sl,-1.0
VWAP_MR,M5,short,2025-04-07 08:50:00+00:00,2025-04-07 10:30:00+00:00,3046.628,3028.098,3061.86114,3007.979259746615,21,timeout,1.2164268167955141
VWAP_MR,M5,short,2025-04-08 19:00:00+00:00,2025-04-08 19:25:00+00:00,3016.905,3007.474376055415,3031.989525,3007.474376055415,6,tp,0.6251853435613766
VWAP_MR,M5,short,2025-04-09 08:40:00+00:00,2025-04-09 10:20:00+00:00,2996.325,3005.975,3011.3066249999997,2982.1920448430255,21,timeout,-0.6441223832528287
VWAP_MR,M5,short,2025-04-09 20:40:00+00:00,2025-04-09 22:20:00+00:00,3075.695,3084.265,3091.0734749999997,3051.566303513771,21,timeout,-0.5572724213551716
VWAP_MR,M5,short,2025-04-10 09:15:00+00:00,2025-04-10 10:15:00+00:00,3106.695,3122.228475,3122.228475,3089.1205716267127,13,sl,-1.0
VWAP_MR,M5,short,2025-04-11 16:55:00+00:00,2025-04-11 18:35:00+00:00,3227.569,3218.285,3243.7068449999997,3207.6268492411905,21,timeout,0.5752936652942356
VWAP_MR,M5,short,2025-04-14 08:45:00+00:00,2025-04-14 10:25:00+00:00,3237.455,3232.405,3253.6422749999997,3223.473884702612,21,timeout,0.3119734482795775
VWAP_MR,M5,short,2025-04-15 08:25:00+00:00,2025-04-15 10:05:00+00:00,3221.785,3224.975,3237.8939249999994,3212.623660651358,21,timeout,-0.19802687019774098
VWAP_MR,M5,short,2025-04-16 07:05:00+00:00,2025-04-16 08:05:00+00:00,3255.875,3272.1543749999996,3272.1543749999996,3235.673596441351,13,sl,-1.0
VWAP_MR,M5,short,2025-04-16 15:20:00+00:00,2025-04-16 17:00:00+00:00,3314.739,3304.275,3331.3126949999996,3287.42552642506,21,timeout,0.6313619262331183
VWAP_MR,M5,short,2025-04-21 19:50:00+00:00,2025-04-21 20:55:00+00:00,3408.355,3425.3967749999997,3425.3967749999997,3395.088560901919,14,sl,-1.0
VWAP_MR,M5,short,2025-04-22 05:20:00+00:00,2025-04-22 07:00:00+00:00,3431.865,3432.345,3449.0243249999994,3420.720561476117,21,timeout,-0.027973128313615404
VWAP_MR,M5,short,2025-04-22 08:45:00+00:00,2025-04-22 09:45:00+00:00,3448.295,3465.536475,3465.536475,3431.399581529386,13,sl,-1.0
VWAP_MR,M5,long,2025-04-23 05:05:00+00:00,2025-04-23 06:45:00+00:00,3319.935,3339.635,3303.335325,3386.7817198636753,21,timeout,1.186770222911012
VWAP_MR,M5,long,2025-04-23 13:10:00+00:00,2025-04-23 13:55:00+00:00,3310.605,3294.051975,3294.051975,3352.3213939135985,10,sl,-1.0
VWAP_MR,M5,long,2025-04-23 14:00:00+00:00,2025-04-23 15:40:00+00:00,3293.165,3316.435,3276.6991749999997,3339.12859563759,21,timeout,1.4132301296776606
VWAP_MR,M5,long,2025-04-23 20:45:00+00:00,2025-04-23 21:00:00+00:00,3284.735,3268.311325,3268.311325,3315.2913288827026,4,sl,-1.0
VWAP_MR,M5,short,2025-04-24 05:10:00+00:00,2025-04-24 06:50:00+00:00,3308.195,3316.425,3324.7359749999996,3290.687143483357,21,timeout,-0.4975522905995747
VWAP_MR,M5,short,2025-04-24 06:55:00+00:00,2025-04-24 07:30:00+00:00,3316.425,3333.0071249999996,3333.0071249999996,3296.391768015107,8,sl,-1.0
VWAP_MR,M5,short,2025-04-25 03:00:00+00:00,2025-04-25 05:30:00+00:00,3345.455,3362.1822749999997,3362.1822749999997,3331.229097861969,18,sl,-1.0
VWAP_MR,M5,short,2025-04-25 05:35:00+00:00,2025-04-25 07:15:00+00:00,3369.805,3358.555,3386.6540249999994,3337.640800163042,21,timeout,0.6676944214873154
VWAP_MR,M5,long,2025-04-25 20:25:00+00:00,2025-04-25 22:05:00+00:00,3276.335,3278.585,3259.953325,3294.1111732478644,21,timeout,0.13734859225323345
VWAP_MR,M5,short,2025-04-26 02:40:00+00:00,2025-04-26 03:55:00+00:00,3299.995,3316.4949749999996,3316.4949749999996,3285.2284643464577,16,sl,-1.0
VWAP_MR,M5,short,2025-04-28 19:05:00+00:00,2025-04-28 20:45:00+00:00,3296.125,3290.225,3312.6056249999997,3284.5499256373278,21,timeout,0.3579961318214693
VWAP_MR,M5,short,2025-04-28 21:30:00+00:00,2025-04-28 21:50:00+00:00,3314.789,3331.362945,3331.362945,3294.189833278008,5,sl,-1.0
VWAP_MR,M5,short,2025-04-28 22:20:00+00:00,2025-04-29 00:00:00+00:00,3330.915,3336.995,3347.5695749999995,3304.1834913938806,21,timeout,-0.36506485455198256
VWAP_MR,M5,short,2025-04-29 23:45:00+00:00,2025-04-30 01:25:00+00:00,3324.405,3316.815,3341.027025,3311.3451713172726,21,timeout,0.45662306487929705
VWAP_MR,M5,long,2025-05-01 07:40:00+00:00,2025-05-01 09:20:00+00:00,3247.025,3244.475,3230.789875,3281.1653813846465,21,timeout,-0.1570668535043714
VWAP_MR,M5,short,2025-05-02 01:50:00+00:00,2025-05-02 03:30:00+00:00,3225.845,3231.035,3241.9742249999995,3216.951902685686,21,timeout,-0.32177615477496024
VWAP_MR,M5,short,2025-05-02 10:35:00+00:00,2025-05-02 12:15:00+00:00,3254.185,3251.575,3270.4559249999998,3240.3236238113386,21,timeout,0.16040882740226253
VWAP_MR,M5,short,2025-05-05 08:30:00+00:00,2025-05-05 10:10:00+00:00,3264.845,3262.005,3281.1692249999996,3244.981522057377,21,timeout,0.173974568471074
VWAP_MR,M5,short,2025-05-06 01:50:00+00:00,2025-05-06 03:30:00+00:00,3321.635,3330.685,3338.243175,3314.0533962055188,21,timeout,-0.5449123699623716
VWAP_MR,M5,short,2025-05-06 08:15:00+00:00,2025-05-06 08:45:00+00:00,3360.995,3377.7999749999994,3377.7999749999994,3337.0017044741294,7,sl,-1.0
VWAP_MR,M5,short,2025-05-06 08:50:00+00:00,2025-05-06 10:30:00+00:00,3378.885,3361.705,3395.7794249999997,3349.566883937933,21,timeout,1.016903505150415
VWAP_MR,M5,short,2025-05-06 14:30:00+00:00,2025-05-06 16:10:00+00:00,3375.595,3379.125,3392.472974999999,3361.5993785836467,21,timeout,-0.20914831311222587
VWAP_MR,M5,short,2025-05-06 23:50:00+00:00,2025-05-07 01:30:00+00:00,3408.605,3415.865,3425.6480249999995,3391.63358449133,21,timeout,-0.42598071645145047
VWAP_MR,M5,short,2025-05-07 01:35:00+00:00,2025-05-07 03:15:00+00:00,3415.785,3421.605,3432.8639249999997,3397.096961501628,21,timeout,-0.34077086233473314
VWAP_MR,M5,long,2025-05-07 06:05:00+00:00,2025-05-07 07:45:00+00:00,3378.775,3365.295,3361.881125,3411.8885548476624,21,timeout,-0.7979223239191632
VWAP_MR,M5,long,2025-05-07 07:50:00+00:00,2025-05-07 09:30:00+00:00,3365.315,3386.675,3348.488425,3401.015284186748,21,timeout,1.2694205445849833
VWAP_MR,M5,short,2025-05-08 01:15:00+00:00,2025-05-08 01:20:00+00:00,3396.735,3386.1951253590883,3413.7186749999996,3386.1951253590883,2,tp,0.6205885734926151
VWAP_MR,M5,short,2025-05-08 09:05:00+00:00,2025-05-08 10:45:00+00:00,3410.485,3398.005,3427.537425,3385.3452450720238,21,timeout,0.731860717757159
VWAP_MR,M5,long,2025-05-08 13:00:00+00:00,2025-05-08 13:15:00+00:00,3364.105,3347.284475,3347.284475,3396.0104704069267,4,sl,-1.0
VWAP_MR,M5,short,2025-05-08 19:45:00+00:00,2025-05-08 21:25:00+00:00,3356.675,3351.095,3373.4583749999997,3341.3425885604684,21,timeout,0.33247186576004767
VWAP_MR,M5,long,2025-05-09 08:40:00+00:00,2025-05-09 09:15:00+00:00,3292.715,3276.251425,3276.251425,3313.0602776881565,8,sl,-1.0
VWAP_MR,M5,short,2025-05-09 12:05:00+00:00,2025-05-09 13:45:00+00:00,3326.845,3322.655,3343.4792249999996,3303.8090909049533,21,timeout,0.25189030447764493
VWAP_MR,M5,short,2025-05-09 23:05:00+00:00,2025-05-10 00:45:00+00:00,3346.145,3340.965,3362.8757249999994,3333.8502785213627,21,timeout,0.30961001391153165
VWAP_MR,M5,long,2025-05-10 02:40:00+00:00,2025-05-12 05:00:00+00:00,3326.905,3310.2704750000003,3310.2704750000003,3338.970107983357,18,sl,-1.0
VWAP_MR,M5,short,2025-05-13 11:45:00+00:00,2025-05-13 13:25:00+00:00,3246.145,3250.315,3262.3757249999994,3232.4553976715642,21,timeout,-0.25692013141743314
VWAP_MR,M5,long,2025-05-14 07:30:00+00:00,2025-05-14 07:35:00+00:00,3242.195,3248.879348966075,3225.984025,3248.879348966075,2,tp,0.4123347896147557
VWAP_MR,M5,short,2025-05-15 08:05:00+00:00,2025-05-15 08:45:00+00:00,3189.595,3180.510555543409,3205.5429749999994,3180.510555543409,9,tp,0.5696299659731852
VWAP_MR,M5,long,2025-05-15 12:00:00+00:00,2025-05-15 13:05:00+00:00,3137.295,3121.608525,3121.608525,3164.328568802966,14,sl,-1.0
VWAP_MR,M5,short,2025-05-15 17:20:00+00:00,2025-05-15 19:00:00+00:00,3173.315,3178.755,3189.1815749999996,3143.7184073723142,21,timeout,-0.34285912366091653
VWAP_MR,M5,long,2025-05-16 19:00:00+00:00,2025-05-16 20:40:00+00:00,3158.785,3180.535,3142.991075,3195.3660748471702,21,timeout,1.3771117692403931
VWAP_MR,M5,short,2025-05-17 03:10:00+00:00,2025-05-19 05:00:00+00:00,3200.775,3216.778875,3216.778875,3185.93402214775,12,sl,-1.0
VWAP_MR,M5,short,2025-05-19 05:05:00+00:00,2025-05-19 05:20:00+00:00,3211.885,3227.9444249999997,3227.9444249999997,3190.1285276772333,4,sl,-1.0
VWAP_MR,M5,short,2025-05-19 16:00:00+00:00,2025-05-19 17:40:00+00:00,3243.955,3240.035,3260.1747749999995,3225.348835351925,21,timeout,0.24168029457869644
VWAP_MR,M5,short,2025-05-20 14:50:00+00:00,2025-05-20 16:30:00+00:00,3222.995,3239.1099749999994,3239.1099749999994,3213.034218495185,21,sl,-1.0
VWAP_MR,M5,short,2025-05-20 21:05:00+00:00,2025-05-20 21:10:00+00:00,3262.045,3278.355225,3278.355225,3240.289284567378,2,sl,-1.0
VWAP_MR,M5,short,2025-05-21 08:05:00+00:00,2025-05-21 08:20:00+00:00,3313.775,3294.936659482317,3330.3438749999996,3294.936659482317,4,tp,1.1369716119944084
VWAP_MR,M5,short,2025-05-21 12:50:00+00:00,2025-05-21 14:30:00+00:00,3313.845,3312.695,3330.4142249999995,3301.177998201821,21,timeout,0.06940578089799944
VWAP_MR,M5,short,2025-05-21 22:25:00+00:00,2025-05-21 23:35:00+00:00,3313.825,3304.93851419508,3330.3941249999993,3304.93851419508,15,tp,0.5363280079617893
VWAP_MR,M5,short,2025-05-22 02:15:00+00:00,2025-05-22 03:55:00+00:00,3322.535,3314.955,3339.1476749999997,3310.2693430933778,21,timeout,0.4562781129468911
VWAP_MR,M5,short,2025-05-22 08:25:00+00:00,2025-05-22 10:05:00+00:00,3332.448,3342.045,3349.1102399999995,3322.1766598340405,21,timeout,-0.5759729784230935
VWAP_MR,M5,long,2025-05-22 17:35:00+00:00,2025-05-22 19:15:00+00:00,3295.985,3306.805,3279.505075,3321.106117179435,21,timeout,0.6565563860272209
VWAP_MR,M5,long,2025-05-22 21:05:00+00:00,2025-05-22 21:50:00+00:00,3280.585,3304.0617764112067,3264.182075,3304.0617764112067,10,tp,1.4312554871284735
VWAP_MR,M5,short,2025-05-23 11:25:00+00:00,2025-05-23 13:05:00+00:00,3310.565,3327.117825,3327.117825,3300.0657727616813,21,sl,-1.0
VWAP_MR,M5,short,2025-05-23 13:20:00+00:00,2025-05-23 15:00:00+00:00,3328.948,3327.198,3345.5927399999996,3309.4765415397906,21,timeout,0.10513831997375919
VWAP_MR,M5,short,2025-05-23 18:55:00+00:00,2025-05-23 20:05:00+00:00,3346.688,3363.4214399999996,3363.4214399999996,3329.8575162054676,15,sl,-1.0
VWAP_MR,M5,long,2025-05-26 05:25:00+00:00,2025-05-26 07:05:00+00:00,3345.205,3345.455,3328.478975,3360.7842330698213,21,timeout,0.01494676708901254
VWAP_MR,M5,long,2025-05-27 11:55:00+00:00,2025-05-27 12:50:00+00:00,3333.448,3316.7807599999996,3316.7807599999996,3341.2935858231167,12,sl,-1.0
VWAP_MR,M5,long,2025-05-27 13:40:00+00:00,2025-05-27 14:55:00+00:00,3316.248,3299.66676,3299.66676,3332.1930585101495,16,sl,-1.0
VWAP_MR,M5,short,2025-05-28 00:30:00+00:00,2025-05-28 02:10:00+00:00,3302.245,3304.175,3318.7562249999996,3296.4498098809936,21,timeout,-0.11689017622861547
VWAP_MR,M5,short,2025-05-28 02:45:00+00:00,2025-05-28 05:20:00+00:00,3307.365,3304.098,3323.9018249999995,3298.7969383229256,21,timeout,0.19755908404423997
VWAP_MR,M5,long,2025-05-28 10:25:00+00:00,2025-05-28 12:05:00+00:00,3294.948,3298.925,3278.4732599999998,3306.280864634817,21,timeout,0.2413998642770866
VWAP_MR,M5,short,2025-05-28 14:50:00+00:00,2025-05-28 16:30:00+00:00,3318.895,3321.998,3335.4894749999994,3303.8328911260646,21,timeout,-0.1869899469552471
VWAP_MR,M5,short,2025-05-29 17:20:00+00:00,2025-05-29 19:00:00+00:00,3289.745,3299.465,3306.1937249999996,3277.6322104878927,21,timeout,-0.5909272603195936
VWAP_MR,M5,short,2025-05-30 20:15:00+00:00,2025-05-30 20:20:00+00:00,3306.865,3297.440081373377,3323.3993249999994,3297.440081373377,2,tp,0.5700213723041687
VWAP_MR,M5,short,2025-06-02 05:10:00+00:00,2025-06-02 06:50:00+00:00,3304.545,3310.748,3321.067725,3292.1565859760085,21,timeout,-0.3754223349961974
VWAP_MR,M5,short,2025-06-02 12:20:00+00:00,2025-06-02 13:30:00+00:00,3318.748,3335.34174,3335.34174,3308.6301346974114,15,sl,-1.0
VWAP_MR,M5,short,2025-06-02 20:50:00+00:00,2025-06-02 22:30:00+00:00,3366.305,3372.215,3383.1365249999994,3353.892835353464,21,timeout,-0.35112682897125774
VWAP_MR,M5,short,2025-06-03 05:20:00+00:00,2025-06-03 07:00:00+00:00,3385.375,3387.748,3402.3018749999997,3376.486866083078,21,timeout,-0.14019126389248435
VWAP_MR,M5,long,2025-06-04 18:35:00+00:00,2025-06-04 19:50:00+00:00,3344.965,3357.3227111098304,3328.240175,3357.3227111098304,16,tp,0.7388843297212413
VWAP_MR,M5,short,2025-06-04 21:15:00+00:00,2025-06-04 21:45:00+00:00,3365.525,3382.3526249999995,3382.3526249999995,3355.1161110216253,7,sl,-1.0
VWAP_MR,M5,short,2025-06-05 07:30:00+00:00,2025-06-05 07:45:00+00:00,3381.385,3374.980848573993,3398.291925,3374.980848573993,4,tp,0.37878865766584596
VWAP_MR,M5,short,2025-06-05 16:25:00+00:00,2025-06-05 17:45:00+00:00,3381.558,3398.4657899999997,3398.4657899999997,3369.8163315269485,17,sl,-1.0
VWAP_MR,M5,short,2025-06-06 08:30:00+00:00,2025-06-06 10:10:00+00:00,3367.035,3360.0,3383.8701749999996,3359.359903397391,21,timeout,0.41787507406367774
VWAP_MR,M5,short,2025-06-06 10:40:00+00:00,2025-06-06 12:20:00+00:00,3368.675,3371.518,3385.5183749999997,3362.2344585021706,21,timeout,-0.16879039978626237
VWAP_MR,M5,short,2025-06-09 14:05:00+00:00,2025-06-09 15:45:00+00:00,3324.895,3323.135,3341.5194749999996,3311.370083252369,21,timeout,0.10586800485427683
VWAP_MR,M5,short,2025-06-09 22:25:00+00:00,2025-06-10 00:05:00+00:00,3325.505,3335.545,3342.1325249999995,3318.1258517264428,21,timeout,-0.6038180667297335
VWAP_MR,M5,short,2025-06-11 19:40:00+00:00,2025-06-11 20:00:00+00:00,3359.358,3338.8747544949347,3376.1547899999996,3338.8747544949347,5,tp,1.2194738104760616
VWAP_MR,M5,short,2025-06-12 01:35:00+00:00,2025-06-12 03:15:00+00:00,3346.575,3347.495,3363.3078749999995,3333.553587101966,21,timeout,-0.05498158565100675
VWAP_MR,M5,short,2025-06-12 05:25:00+00:00,2025-06-12 07:05:00+00:00,3363.715,3363.328,3380.533575,3340.95299797078,21,timeout,0.023010272867955577
VWAP_MR,M5,long,2025-06-12 14:40:00+00:00,2025-06-12 14:45:00+00:00,3357.618,3340.82991,3340.82991,3372.595901055944,2,sl,-1.0
VWAP_MR,M5,short,2025-06-12 17:35:00+00:00,2025-06-12 19:15:00+00:00,3381.245,3380.989,3398.1512249999996,3362.3638054692806,21,timeout,0.015142351411971764
VWAP_MR,M5,short,2025-06-13 06:55:00+00:00,2025-06-13 07:10:00+00:00,3389.125,3406.070625,3406.070625,3385.0821216889635,4,sl,-1.0
VWAP_MR,M5,short,2025-06-14 01:55:00+00:00,2025-06-14 03:35:00+00:00,3438.505,3432.195,3455.6975249999996,3427.943983446464,21,timeout,0.3670199694343988
VWAP_MR,M5,short,2025-06-16 05:05:00+00:00,2025-06-16 06:45:00+00:00,3442.585,3441.055,3459.797925,3430.0906757886746,21,timeout,0.08888669415571245
VWAP_MR,M5,short,2025-06-17 17:25:00+00:00,2025-06-17 19:05:00+00:00,3396.365,3386.7689253249014,3413.3468249999996,3386.7689253249014,21,tp,0.5650791169440561
VWAP_MR,M5,short,2025-06-18 05:10:00+00:00,2025-06-18 06:45:00+00:00,3395.265,3386.2357444978256,3412.2413249999995,3386.2357444978256,20,tp,0.5318733885086692
VWAP_MR,M5,short,2025-06-18 11:15:00+00:00,2025-06-18 12:55:00+00:00,3392.215,3386.948,3409.176075,3382.8288772289516,21,timeout,0.3105345622255883
VWAP_MR,M5,short,2025-06-18 20:20:00+00:00,2025-06-18 21:20:00+00:00,3391.748,3383.1462914968356,3408.7067399999996,3383.1462914968356,13,tp,0.5072138910770883
VWAP_MR,M5,short,2025-06-20 00:25:00+00:00,2025-06-20 00:40:00+00:00,3373.405,3367.3319189782387,3390.2720249999998,3367.3319189782387,4,tp,0.3600564427788327
VWAP_MR,M5,short,2025-06-20 16:50:00+00:00,2025-06-20 18:30:00+00:00,3358.605,3351.395,3375.3980249999995,3349.005893772283,21,timeout,0.4293449214778312
VWAP_MR,M5,short,2025-06-20 20:45:00+00:00,2025-06-20 22:25:00+00:00,3363.148,3367.035,3379.9637399999997,3351.993568343708,21,timeout,-0.23115247976002365
VWAP_MR,M5,short,2025-06-23 05:05:00+00:00,2025-06-23 06:45:00+00:00,3391.398,3374.605,3408.35499,3368.418875985371,21,timeout,0.9903290619384949
VWAP_MR,M5,short,2025-06-23 16:20:00+00:00,2025-06-23 18:00:00+00:00,3367.248,3369.955,3384.0842399999997,3356.9863307777396,21,timeout,-0.16078411806911394
VWAP_MR,M5,short,2025-06-23 18:15:00+00:00,2025-06-23 19:20:00+00:00,3372.915,3361.055866246583,3389.7795749999996,3361.055866246583,14,tp,0.7031979017210592
VWAP_MR,M5,long,2025-06-24 05:10:00+00:00,2025-06-24 06:40:00+00:00,3361.165,3344.359175,3344.359175,3381.515709377152,19,sl,-1.0
VWAP_MR,M5,long,2025-06-24 12:25:00+00:00,2025-06-24 13:15:00+00:00,3340.535,3323.832325,3323.832325,3349.5104141060783,11,sl,-1.0
VWAP_MR,M5,short,2025-06-25 23:35:00+00:00,2025-06-26 01:15:00+00:00,3330.148,3328.148,3346.7987399999997,3320.86813441915,21,timeout,0.12011478168538153
VWAP_MR,M5,short,2025-06-26 09:45:00+00:00,2025-06-26 11:25:00+00:00,3339.045,3335.755,3355.7402249999996,3333.8999990707166,21,timeout,0.19706233369122403
VWAP_MR,M5,short,2025-06-26 14:10:00+00:00,2025-06-26 15:50:00+00:00,3341.398,3347.198,3358.10499,3336.5827798075647,21,timeout,-0.34716008090026024
VWAP_MR,M5,long,2025-06-27 11:05:00+00:00,2025-06-27 12:45:00+00:00,3293.005,3300.415,3276.539975,3310.3375571525144,21,timeout,0.4500448678334754
VWAP_MR,M5,short,2025-06-30 09:25:00+00:00,2025-06-30 11:05:00+00:00,3281.365,3280.615,3297.7718249999994,3268.4389769548366,21,timeout,0.04571268359356668
VWAP_MR,M5,short,2025-06-30 23:20:00+00:00,2025-07-01 01:00:00+00:00,3293.895,3293.175,3310.364475,3284.435212220985,21,timeout,0.043717240531334814
VWAP_MR,M5,short,2025-07-01 02:35:00+00:00,2025-07-01 05:10:00+00:00,3306.165,3302.565,3322.695825,3294.898350204719,21,timeout,0.2177749749331898
VWAP_MR,M5,short,2025-07-01 05:55:00+00:00,2025-07-01 07:35:00+00:00,3310.745,3312.065,3327.2987249999996,3297.385951593129,21,timeout,-0.07974036055330042
VWAP_MR,M5,short,2025-07-02 17:05:00+00:00,2025-07-02 18:45:00+00:00,3342.675,3341.345,3359.388375,3336.003510303937,21,timeout,0.07957698549816519
VWAP_MR,M5,short,2025-07-02 19:25:00+00:00,2025-07-02 20:40:00+00:00,3348.735,3339.187980416453,3365.478675,3339.187980416453,16,tp,0.5701866276995652
VWAP_MR,M5,short,2025-07-03 00:05:00+00:00,2025-07-03 01:45:00+00:00,3349.425,3351.685,3366.172125,3342.0938859989346,21,timeout,-0.13494853594272338
VWAP_MR,M5,short,2025-07-03 13:00:00+00:00,2025-07-03 14:40:00+00:00,3358.155,3355.448,3374.9457749999997,3348.7627877591494,21,timeout,0.16121947914854542
VWAP_MR,M5,long,2025-07-03 16:50:00+00:00,2025-07-03 18:30:00+00:00,3344.175,3347.048,3327.454125,3355.448958865323,21,timeout,0.17182115170405832
VWAP_MR,M5,short,2025-07-04 06:50:00+00:00,2025-07-04 07:10:00+00:00,3331.398,3328.264007885068,3348.0549899999996,3328.264007885068,5,tp,0.1881487660695039
VWAP_MR,M5,short,2025-07-07 05:10:00+00:00,2025-07-07 05:25:00+00:00,3340.218,3333.8541429168954,3356.9190899999994,3333.8541429168954,4,tp,0.3810444158497807
VWAP_MR,M5,long,2025-07-07 08:15:00+00:00,2025-07-07 09:55:00+00:00,3315.345,3307.848,3298.768275,3328.631876611852,21,timeout,-0.45226062445989124
VWAP_MR,M5,short,2025-07-07 21:00:00+00:00,2025-07-07 22:40:00+00:00,3315.148,3320.475,3331.72374,3306.165570491892,21,timeout,-0.32137328408866483
VWAP_MR,M5,short,2025-07-07 22:50:00+00:00,2025-07-08 00:30:00+00:00,3321.175,3332.265,3337.780875,3309.401133435591,21,timeout,-0.6678359315603583
VWAP_MR,M5,short,2025-07-08 14:10:00+00:00,2025-07-08 14:30:00+00:00,3338.545,3333.293414629731,3355.2377249999995,3333.293414629731,5,tp,0.3146032400503269
VWAP_MR,M5,short,2025-07-09 20:00:00+00:00,2025-07-09 21:40:00+00:00,3295.745,3312.2237249999994,3312.2237249999994,3289.351566426116,21,sl,-1.0
VWAP_MR,M5,short,2025-07-10 13:25:00+00:00,2025-07-10 14:50:00+00:00,3327.225,3321.1956181334626,3343.8611249999994,3321.1956181334626,18,tp,0.3624270595789251
VWAP_MR,M5,short,2025-07-11 02:10:00+00:00,2025-07-11 03:50:00+00:00,3322.985,3323.845,3339.599925,3317.0974894149313,21,timeout,-0.05176069106539331
VWAP_MR,M5,short,2025-07-11 05:10:00+00:00,2025-07-11 06:50:00+00:00,3325.798,3325.945,3342.4269899999995,3318.6252491489977,21,timeout,-0.008839983667101363
VWAP_MR,M5,short,2025-07-11 12:30:00+00:00,2025-07-11 14:00:00+00:00,3338.608,3330.9004102469485,3355.30104,3330.9004102469485,19,tp,0.461724751935649
VWAP_MR,M5,short,2025-07-11 17:30:00+00:00,2025-07-11 19:10:00+00:00,3343.648,3348.465,3360.36624,3336.7390189058415,21,timeout,-0.2881284154312951
VWAP_MR,M5,short,2025-07-11 19:55:00+00:00,2025-07-11 21:35:00+00:00,3355.295,3358.259,3372.0714749999997,3343.5556938906293,21,timeout,-0.17667597036922245
VWAP_MR,M5,short,2025-07-14 05:05:00+00:00,2025-07-14 06:45:00+00:00,3365.555,3366.895,3382.3827749999996,3354.784721089927,21,timeout,-0.07963025414828553
VWAP_MR,M5,short,2025-07-14 14:00:00+00:00,2025-07-14 15:40:00+00:00,3368.035,3366.235,3384.8751749999997,3357.65816458299,21,timeout,0.10688725028093513
VWAP_MR,M5,long,2025-07-14 19:35:00+00:00,2025-07-14 21:15:00+00:00,3356.009,3351.155,3339.228955,3367.596501446446,21,timeout,-0.28927216822123075
VWAP_MR,M5,short,2025-07-15 10:10:00+00:00,2025-07-15 11:50:00+00:00,3353.095,3360.475,3369.8604749999995,3347.3656691974215,21,timeout,-0.4401903316190113
VWAP_MR,M5,short,2025-07-16 08:25:00+00:00,2025-07-16 09:05:00+00:00,3333.465,3329.4993115097773,3350.1323249999996,3329.4993115097773,9,tp,0.2379319111028919
VWAP_MR,M5,short,2025-07-16 11:35:00+00:00,2025-07-16 13:15:00+00:00,3335.438,3340.315,3352.1151899999995,3330.7529108120652,21,timeout,-0.2924353563160293
VWAP_MR,M5,short,2025-07-16 22:10:00+00:00,2025-07-16 22:20:00+00:00,3347.885,3364.624425,3364.624425,3332.320669757462,3,sl,-1.0
VWAP_MR,M5,short,2025-07-17 21:45:00+00:00,2025-07-17 23:25:00+00:00,3332.965,3338.448,3349.629825,3320.042602172886,21,timeout,-0.32901635630735837
VWAP_MR,M5,short,2025-07-18 09:20:00+00:00,2025-07-18 09:45:00+00:00,3343.365,3339.5329339067516,3360.0818249999993,3339.5329339067516,6,tp,0.2292340856142401
VWAP_MR,M5,short,2025-07-18 14:15:00+00:00,2025-07-18 15:55:00+00:00,3343.745,3347.598,3360.4637249999996,3337.9396414255766,21,timeout,-0.23046015769743983
VWAP_MR,M5,short,2025-07-21 08:15:00+00:00,2025-07-21 09:55:00+00:00,3356.848,3353.895,3373.6322399999995,3349.579562325101,21,timeout,0.17593885692769304
VWAP_MR,M5,short,2025-07-21 18:30:00+00:00,2025-07-21 19:55:00+00:00,3371.455,3388.3122749999998,3388.3122749999998,3366.3339666449956,18,sl,-1.0
VWAP_MR,M5,short,2025-07-23 14:20:00+00:00,2025-07-23 14:45:00+00:00,3428.715,3423.389270075759,3445.8585749999997,3423.389270075759,6,tp,0.3106545702539322
VWAP_MR,M5,long,2025-07-23 23:05:00+00:00,2025-07-24 00:45:00+00:00,3394.415,3387.975,3377.442925,3414.932238431178,21,timeout,-0.3794468266255013
VWAP_MR,M5,long,2025-07-25 15:35:00+00:00,2025-07-25 17:15:00+00:00,3345.485,3345.835,3328.757575,3356.2249642316506,21,timeout,0.020923722569367864
VWAP_MR,M5,long,2025-07-28 05:05:00+00:00,2025-07-28 05:10:00+00:00,3323.615,3334.7296778185223,3306.996925,3334.7296778185223,2,tp,0.6688306448564358
VWAP_MR,M5,short,2025-07-28 12:55:00+00:00,2025-07-28 13:35:00+00:00,3343.345,3336.991344875006,3360.0617249999996,3336.991344875006,9,tp,0.38007774399555583
VWAP_MR,M5,short,2025-07-30 14:10:00+00:00,2025-07-30 14:25:00+00:00,3329.965,3326.689338255673,3346.6148249999997,3326.689338255673,4,tp,0.19673850892288958
VWAP_MR,M5,long,2025-07-30 21:00:00+00:00,2025-07-30 22:40:00+00:00,3300.275,3291.455,3283.7736250000003,3318.134400883681,21,timeout,-0.5345009128027366
VWAP_MR,M5,short,2025-07-31 15:25:00+00:00,2025-07-31 17:05:00+00:00,3312.185,3307.385,3328.7459249999997,3300.044093708215,21,timeout,0.2898388827918606
VWAP_MR,M5,short,2025-08-01 18:00:00+00:00,2025-08-01 19:35:00+00:00,3298.725,3315.2186249999995,3315.2186249999995,3292.0019341609423,20,sl,-1.0
VWAP_MR,M5,short,2025-08-02 02:40:00+00:00,2025-08-04 05:15:00+00:00,3357.498,3359.955,3374.2854899999998,3347.2105892952313,21,timeout,-0.14635898517288307
VWAP_MR,M5,short,2025-08-04 20:10:00+00:00,2025-08-04 21:50:00+00:00,3371.505,3372.475,3388.3625249999996,3363.177543795463,21,timeout,-0.057541068454582275
VWAP_MR,M5,long,2025-08-05 18:45:00+00:00,2025-08-05 19:35:00+00:00,3350.648,3363.5990328584144,3333.89476,3363.5990328584144,11,tp,0.7730464589783369
VWAP_MR,M5,short,2025-08-06 21:35:00+00:00,2025-08-06 23:15:00+00:00,3376.615,3375.225,3393.4980749999995,3366.6830630941013,21,timeout,0.08233097347490871
VWAP_MR,M5,short,2025-08-07 08:20:00+00:00,2025-08-07 10:00:00+00:00,3377.385,3378.455,3394.271925,3371.3702432432588,21,timeout,-0.06336263114804633
VWAP_MR,M5,short,2025-08-07 13:55:00+00:00,2025-08-07 15:20:00+00:00,3385.765,3378.056516444791,3402.6938249999994,3378.056516444791,18,tp,0.4553466383643805
VWAP_MR,M5,short,2025-08-07 19:40:00+00:00,2025-08-07 20:00:00+00:00,3389.325,3380.0098559168487,3406.2716249999994,3380.0098559168487,5,tp,0.5496754712605832
VWAP_MR,M5,short,2025-08-07 20:50:00+00:00,2025-08-07 21:10:00+00:00,3391.365,3380.627334050599,3408.3218249999995,3380.627334050599,5,tp,0.6332356410708292
VWAP_MR,M5,short,2025-08-08 02:45:00+00:00,2025-08-08 05:15:00+00:00,3397.585,3389.987976057522,3414.5729249999995,3389.987976057522,20,tp,0.4472014058502431
VWAP_MR,M5,short,2025-08-11 05:05:00+00:00,2025-08-11 05:05:00+00:00,3403.648,3396.322841047291,3420.6662399999996,3396.322841047291,1,tp,0.43042987716175335
VWAP_MR,M5,short,2025-08-12 08:15:00+00:00,2025-08-12 08:25:00+00:00,3356.815,3349.9384935263915,3373.5990749999996,3349.9384935263915,3,tp,0.4097042269894939
VWAP_MR,M5,short,2025-08-12 14:50:00+00:00,2025-08-12 15:30:00+00:00,3355.945,3349.532466053009,3372.7247249999996,3349.532466053009,9,tp,0.382159656787658
VWAP_MR,M5,short,2025-08-12 22:35:00+00:00,2025-08-13 00:15:00+00:00,3356.748,3348.555,3373.53174,3344.2669732338636,21,timeout,0.48815103189159764
VWAP_MR,M5,long,2025-08-13 07:30:00+00:00,2025-08-13 08:15:00+00:00,3344.025,3347.8960532900614,3327.3048750000003,3347.8960532900614,10,tp,0.23152059509491674
VWAP_MR,M5,short,2025-08-13 14:25:00+00:00,2025-08-13 16:05:00+00:00,3358.565,3360.035,3375.3578249999996,3351.371207404965,21,timeout,-0.08753738575849151
VWAP_MR,M5,short,2025-08-14 07:05:00+00:00,2025-08-14 08:45:00+00:00,3363.865,3366.798,3380.6843249999993,3356.0648774111364,21,timeout,-0.17438274128123948
VWAP_MR,M5,short,2025-08-15 10:35:00+00:00,2025-08-15 12:15:00+00:00,3341.895,3345.168,3358.6044749999996,3336.714835421516,21,timeout,-0.19587689020751434
VWAP_MR,M5,short,2025-08-18 07:55:00+00:00,2025-08-18 09:35:00+00:00,3342.065,3343.265,3358.7753249999996,3335.0378943075048,21,timeout,-0.07181188875739102
VWAP_MR,M5,short,2025-08-19 07:20:00+00:00,2025-08-19 08:05:00+00:00,3337.995,3332.313609530297,3354.6849749999997,3332.313609530297,10,tp,0.34040736847735814
VWAP_MR,M5,short,2025-08-19 10:05:00+00:00,2025-08-19 11:45:00+00:00,3338.195,3335.045,3354.8859749999997,3333.529231765023,21,timeout,0.1887247449594874
VWAP_MR,M5,short,2025-08-19 17:10:00+00:00,2025-08-19 18:50:00+00:00,3340.945,3341.248,3357.6497249999998,3338.356884078735,21,timeout,-0.01813858055130455
VWAP_MR,M5,short,2025-08-20 18:40:00+00:00,2025-08-20 20:20:00+00:00,3330.635,3340.945,3347.2881749999997,3325.1403557257627,21,timeout,-0.6191011623909721
VWAP_MR,M5,short,2025-08-20 21:05:00+00:00,2025-08-20 22:45:00+00:00,3344.798,3340.945,3361.5219899999993,3332.294782265006,21,timeout,0.2303876048717875
VWAP_MR,M5,short,2025-08-21 05:10:00+00:00,2025-08-21 06:50:00+00:00,3351.598,3346.715,3368.3559899999996,3345.8716472523765,21,timeout,0.29138339383183337
VWAP_MR,M5,long,2025-08-21 17:45:00+00:00,2025-08-21 19:05:00+00:00,3332.335,3338.1895045055076,3315.673325,3338.1895045055076,17,tp,0.3513755072948896
VWAP_MR,M5,short,2025-08-21 20:35:00+00:00,2025-08-21 20:45:00+00:00,3346.948,3337.095952493228,3363.6827399999993,3337.095952493228,3,tp,0.5887182894249932
VWAP_MR,M5,short,2025-08-22 20:45:00+00:00,2025-08-22 21:05:00+00:00,3334.548,3351.2207399999993,3351.2207399999993,3328.554573888428,5,sl,-1.0
VWAP_MR,M5,short,2025-08-25 21:05:00+00:00,2025-08-25 22:45:00+00:00,3371.005,3372.855,3387.860025,3366.7231977818597,21,timeout,-0.10975955241833972
VWAP_MR,M5,long,2025-08-26 06:20:00+00:00,2025-08-26 07:15:00+00:00,3357.325,3367.44831087096,3340.5383749999996,3367.44831087096,12,tp,0.6030581412857055
VWAP_MR,M5,short,2025-08-26 22:30:00+00:00,2025-08-27 00:10:00+00:00,3383.275,3382.765,3400.191375,3375.1380198127467,21,timeout,0.030148303049573246
VWAP_MR,M5,long,2025-08-27 11:40:00+00:00,2025-08-27 13:20:00+00:00,3376.145,3381.185,3359.264275,3383.9057194572156,21,timeout,0.2985653755984988
VWAP_MR,M5,short,2025-08-27 23:25:00+00:00,2025-08-28 01:05:00+00:00,3389.765,3393.925,3406.7138249999994,3381.5136536105965,21,timeout,-0.24544474321968837
VWAP_MR,M5,short,2025-08-28 13:50:00+00:00,2025-08-28 15:30:00+00:00,3394.835,3395.665,3411.809175,3388.452915212434,21,timeout,-0.04889781093926129
VWAP_MR,M5,short,2025-08-28 15:45:00+00:00,2025-08-28 17:25:00+00:00,3399.245,3395.225,3416.2412249999993,3392.2697642073167,21,timeout,0.23652311027890727
VWAP_MR,M5,short,2025-08-28 18:30:00+00:00,2025-08-28 20:00:00+00:00,3402.555,3396.549042633368,3419.5677749999995,3396.549042633368,19,tp,0.3530263209048393
VWAP_MR,M5,short,2025-08-28 20:55:00+00:00,2025-08-28 22:35:00+00:00,3408.115,3407.048,3425.1555749999993,3400.0923242165627,21,timeout,0.06261525799452404
VWAP_MR,M5,short,2025-08-29 15:20:00+00:00,2025-08-29 16:00:00+00:00,3413.775,3409.6433335181305,3430.8438749999996,3409.6433335181305,9,tp,0.2420585118743761
VWAP_MR,M5,short,2025-08-29 19:55:00+00:00,2025-08-29 21:05:00+00:00,3414.415,3431.4870749999995,3431.4870749999995,3409.782462262708,15,sl,-1.0
VWAP_MR,M5,short,2025-08-29 21:35:00+00:00,2025-08-29 23:15:00+00:00,3437.425,3443.465,3454.6121249999997,3419.4951703823826,21,timeout,-0.351425849291266
VWAP_MR,M5,short,2025-09-01 09:05:00+00:00,2025-09-01 09:45:00+00:00,3456.145,3473.4257249999996,3473.4257249999996,3445.9395974170575,9,sl,-1.0
VWAP_MR,M5,short,2025-09-02 07:35:00+00:00,2025-09-02 07:45:00+00:00,3482.525,3478.23999636607,3499.9376249999996,3478.23999636607,3,tp,0.2460860228673261
VWAP_MR,M5,short,2025-09-02 22:50:00+00:00,2025-09-03 00:30:00+00:00,3515.615,3528.965,3533.193074999999,3494.056499732866,21,timeout,-0.7594688269335969
VWAP_MR,M5,short,2025-09-03 20:10:00+00:00,2025-09-03 21:50:00+00:00,3554.345,3562.415,3572.1167249999994,3541.846927503925,21,timeout,-0.4540921041711113
VWAP_MR,M5,short,2025-09-04 23:05:00+00:00,2025-09-05 00:35:00+00:00,3553.745,3544.747570518396,3571.5137249999993,3544.747570518396,19,tp,0.5063632580055186
VWAP_MR,M5,long,2025-09-05 05:15:00+00:00,2025-09-05 06:35:00+00:00,3540.235,3548.573550786657,3522.533825,3548.573550786657,17,tp,0.47107329240329265
VWAP_MR,M5,short,2025-09-05 06:55:00+00:00,2025-09-05 08:35:00+00:00,3552.328,3553.385,3570.0896399999997,3546.5734387678267,21,timeout,-0.059510270448013845
VWAP_MR,M5,short,2025-09-05 19:35:00+00:00,2025-09-05 20:50:00+00:00,3573.075,3590.940374999999,3590.940374999999,3551.4568232590545,16,sl,-1.0
VWAP_MR,M5,short,2025-09-08 13:35:00+00:00,2025-09-08 14:40:00+00:00,3594.425,3612.397125,3612.397125,3587.1068522414375,14,sl,-1.0
VWAP_MR,M5,short,2025-09-08 15:05:00+00:00,2025-09-08 16:45:00+00:00,3608.615,3613.625,3626.6580749999994,3592.1187625506486,21,timeout,-0.2776688563340967
VWAP_MR,M5,short,2025-09-09 08:25:00+00:00,2025-09-09 10:05:00+00:00,3644.705,3649.865,3662.9285249999994,3635.435666356955,21,timeout,-0.28315048817394095
VWAP_MR,M5,short,2025-09-09 20:35:00+00:00,2025-09-09 21:10:00+00:00,3658.805,3651.796950501581,3677.0990249999995,3651.796950501581,8,tp,0.38307860071357497
VWAP_MR,M5,short,2025-09-10 11:10:00+00:00,2025-09-10 12:50:00+00:00,3639.465,3642.875,3657.662325,3630.2095447095826,21,timeout,-0.1873901796005689
VWAP_MR,M5,long,2025-09-11 16:20:00+00:00,2025-09-11 18:00:00+00:00,3615.065,3621.395,3596.9896750000003,3628.890934808607,21,timeout,0.3502011720397835
VWAP_MR,M5,short,2025-09-11 19:40:00+00:00,2025-09-11 20:25:00+00:00,3639.685,3622.3551663946605,3657.8834249999995,3622.3551663946605,10,tp,0.9522710677072239
VWAP_MR,M5,short,2025-09-12 08:05:00+00:00,2025-09-12 09:45:00+00:00,3637.498,3647.015,3655.68549,3634.680061446808,21,timeout,-0.5232717653727882
VWAP_MR,M5,short,2025-09-15 19:55:00+00:00,2025-09-15 21:35:00+00:00,3650.365,3659.648,3668.6168249999996,3642.460375493585,21,timeout,-0.5086066735792418
VWAP_MR,M5,short,2025-09-15 22:55:00+00:00,2025-09-16 00:35:00+00:00,3674.295,3681.315,3692.6664749999995,3654.3740969463393,21,timeout,-0.3821141198515735
VWAP_MR,M5,short,2025-09-16 08:05:00+00:00,2025-09-16 08:05:00+00:00,3686.475,3680.193863424791,3704.9073749999993,3680.193863424791,1,tp,0.3407665357941815
VWAP_MR,M5,short,2025-09-16 13:40:00+00:00,2025-09-16 15:20:00+00:00,3686.915,3695.405,3705.3495749999997,3681.3663681828657,21,timeout,-0.4605476394221371
VWAP_MR,M5,short,2025-09-16 21:25:00+00:00,2025-09-16 21:30:00+00:00,3700.955,3693.636432661703,3719.4597749999994,3693.636432661703,2,tp,0.39549615373853736
VWAP_MR,M5,short,2025-09-17 06:15:00+00:00,2025-09-17 07:55:00+00:00,3694.535,3691.835,3713.0076749999994,3689.3852821003743,21,timeout,0.14616183092052923
VWAP_MR,M5,long,2025-09-17 08:35:00+00:00,2025-09-17 10:15:00+00:00,3683.0,3682.635,3664.585,3690.3566235992866,21,timeout,-0.019820798262274366
VWAP_MR,M5,short,2025-09-17 20:00:00+00:00,2025-09-17 21:40:00+00:00,3678.515,3685.145,3696.9075749999993,3667.0690664942854,21,timeout,-0.3604715489810604
VWAP_MR,M5,short,2025-09-18 01:15:00+00:00,2025-09-18 01:15:00+00:00,3702.098,3683.844591693165,3720.6084899999996,3683.844591693165,1,tp,0.9861115673780235
VWAP_MR,M5,long,2025-09-18 13:10:00+00:00,2025-09-18 14:45:00+00:00,3641.195,3656.023753686771,3622.9890250000003,3656.023753686771,20,tp,0.8144992886550251
VWAP_MR,M5,short,2025-09-18 16:15:00+00:00,2025-09-18 17:55:00+00:00,3667.745,3666.758,3686.0837249999995,3650.1736463551647,21,timeout,0.05382053550615437
VWAP_MR,M5,long,2025-09-18 20:45:00+00:00,2025-09-18 22:25:00+00:00,3636.165,3639.815,3617.984175,3662.7180469403465,21,timeout,0.20076096656780473
VWAP_MR,M5,short,2025-09-19 08:15:00+00:00,2025-09-19 08:50:00+00:00,3649.385,3642.4665114117633,3667.6319249999997,3642.4665114117633,8,tp,0.37915915082881485
VWAP_MR,M5,short,2025-09-19 11:50:00+00:00,2025-09-19 13:25:00+00:00,3659.365,3647.1265560810525,3677.661824999999,3647.1265560810525,20,tp,0.6688834767205589
VWAP_MR,M5,short,2025-09-19 21:05:00+00:00,2025-09-19 22:45:00+00:00,3662.775,3669.935,3681.088875,3653.184356700734,21,timeout,-0.3909604057033218
VWAP_MR,M5,short,2025-09-22 10:55:00+00:00,2025-09-22 12:35:00+00:00,3696.485,3697.775,3714.967425,3689.6587867470676,21,timeout,-0.06979603596389462
VWAP_MR,M5,short,2025-09-22 12:40:00+00:00,2025-09-22 13:45:00+00:00,3697.775,3716.2638749999996,3716.2638749999996,3691.0155126356713,14,sl,-1.0
VWAP_MR,M5,short,2025-09-22 14:35:00+00:00,2025-09-22 16:15:00+00:00,3713.775,3720.935,3732.3438749999996,3698.6583629586635,21,timeout,-0.38559148036701496
VWAP_MR,M5,short,2025-09-23 08:50:00+00:00,2025-09-23 09:10:00+00:00,3758.575,3749.0219586827407,3777.3678749999995,3749.0219586827407,5,tp,0.5083331484543658
VWAP_MR,M5,short,2025-09-23 15:40:00+00:00,2025-09-23 16:15:00+00:00,3764.745,3783.5687249999996,3783.5687249999996,3753.1348144678786,8,sl,-1.0
VWAP_MR,M5,short,2025-09-23 16:55:00+00:00,2025-09-23 18:35:00+00:00,3781.625,3784.358,3800.5331249999995,3761.1311738243207,21,timeout,-0.14454103725251716
VWAP_MR,M5,short,2025-09-24 12:05:00+00:00,2025-09-24 13:45:00+00:00,3768.255,3772.415,3787.096275,3759.6536001744,21,timeout,-0.22079185193145928
VWAP_MR,M5,short,2025-09-25 13:20:00+00:00,2025-09-25 15:00:00+00:00,3747.945,3751.775,3766.6847249999996,3737.6714065344436,21,timeout,-0.20437866617573305
VWAP_MR,M5,short,2025-09-25 15:10:00+00:00,2025-09-25 16:50:00+00:00,3754.925,3759.455,3773.6996249999997,3741.196625469474,21,timeout,-0.24128311484249892
VWAP_MR,M5,long,2025-09-25 19:55:00+00:00,2025-09-25 21:35:00+00:00,3732.255,3731.155,3713.593725,3750.576643465362,21,timeout,-0.05894559723276748
VWAP_MR,M5,short,2025-09-26 01:40:00+00:00,2025-09-26 03:20:00+00:00,3751.425,3749.748,3770.182125,3733.9346306561124,21,timeout,0.08940602571023903
VWAP_MR,M5,short,2025-09-26 13:20:00+00:00,2025-09-26 14:00:00+00:00,3751.745,3742.355512215635,3770.5037249999996,3742.355512215635,9,tp,0.5005397639959609
VWAP_MR,M5,short,2025-09-26 15:45:00+00:00,2025-09-26 17:25:00+00:00,3753.935,3749.798,3772.7046749999995,3746.3674588474487,21,timeout,0.22040871778548482
VWAP_MR,M5,short,2025-09-26 20:15:00+00:00,2025-09-26 21:30:00+00:00,3763.855,3782.6742749999994,3782.6742749999994,3751.6342356560585,16,sl,-1.0
VWAP_MR,M5,short,2025-09-29 07:50:00+00:00,2025-09-29 08:25:00+00:00,3784.965,3770.052289499119,3803.8898249999997,3770.052289499119,8,tp,0.7879972734691808
VWAP_MR,M5,short,2025-09-29 09:20:00+00:00,2025-09-29 11:00:00+00:00,3787.885,3793.185,3806.824425,3773.9417864858037,21,timeout,-0.27983954106314457
VWAP_MR,M5,short,2025-09-29 11:45:00+00:00,2025-09-29 13:25:00+00:00,3805.435,3815.035,3824.4621749999997,3784.1250390581513,21,timeout,-0.5045415307317063
VWAP_MR,M5,short,2025-09-29 19:00:00+00:00,2025-09-29 19:30:00+00:00,3828.725,3815.2457732094317,3847.8686249999996,3815.2457732094317,7,tp,0.704110469703016
VWAP_MR,M5,short,2025-09-30 10:50:00+00:00,2025-09-30 12:30:00+00:00,3865.145,3868.855,3884.4707249999997,3844.3195300872662,21,timeout,-0.19197209936497053
VWAP_MR,M5,long,2025-09-30 15:25:00+00:00,2025-09-30 15:35:00+00:00,3831.465,3812.307675,3812.307675,3857.3488500385242,3,sl,-1.0
VWAP_MR,M5,short,2025-10-01 14:35:00+00:00,2025-10-01 15:20:00+00:00,3871.265,3890.6213249999996,3890.6213249999996,3862.711251286075,10,sl,-1.0
VWAP_MR,M5,short,2025-10-02 17:10:00+00:00,2025-10-02 18:50:00+00:00,3879.455,3884.365,3898.8522749999997,3870.483897931861,21,timeout,-0.2531283389032688
VWAP_MR,M5,short,2025-10-02 19:10:00+00:00,2025-10-02 20:50:00+00:00,3888.155,3875.2312545637474,3907.595775,3875.2312545637474,21,tp,0.6647752178734188
VWAP_MR,M5,long,2025-10-02 21:25:00+00:00,2025-10-02 21:40:00+00:00,3863.375,3844.058125,3844.058125,3881.4348403775357,4,sl,-1.0
VWAP_MR,M5,short,2025-10-03 20:00:00+00:00,2025-10-03 20:45:00+00:00,3870.905,3890.259525,3890.259525,3862.9239896965905,10,sl,-1.0
VWAP_MR,M5,short,2025-10-06 05:20:00+00:00,2025-10-06 06:05:00+00:00,3891.348,3910.8047399999996,3910.8047399999996,3884.4435930575446,10,sl,-1.0
VWAP_MR,M5,short,2025-10-06 21:40:00+00:00,2025-10-06 23:20:00+00:00,3955.215,3954.235,3974.991075,3939.4503472634933,21,timeout,0.04955482824574795
VWAP_MR,M5,short,2025-10-07 05:30:00+00:00,2025-10-07 05:40:00+00:00,3974.195,3959.938796164548,3994.0659749999995,3959.938796164548,3,tp,0.7174385673301212
VWAP_MR,M5,short,2025-10-07 20:00:00+00:00,2025-10-07 21:40:00+00:00,3979.185,3982.148,3999.0809249999993,3960.33748419183,21,timeout,-0.1489249683038255
VWAP_MR,M5,short,2025-10-08 05:15:00+00:00,2025-10-08 06:55:00+00:00,3988.525,3993.995,4008.4676249999998,3979.34748379754,21,timeout,-0.27428686043085543
VWAP_MR,M5,short,2025-10-08 10:10:00+00:00,2025-10-08 11:50:00+00:00,4012.835,4023.765,4032.8991749999996,3995.28075230314,21,timeout,-0.5447520269335817
VWAP_MR,M5,short,2025-10-08 11:55:00+00:00,2025-10-08 13:35:00+00:00,4023.635,4029.205,4043.753175,4002.0999808390734,21,timeout,-0.27686407937100743
VWAP_MR,M5,short,2025-10-09 11:55:00+00:00,2025-10-09 13:35:00+00:00,4039.735,4034.465,4059.9336749999998,4021.126370207085,21,timeout,0.26090820313709073
VWAP_MR,M5,short,2025-10-09 18:05:00+00:00,2025-10-09 18:25:00+00:00,4045.205,4034.0479179292934,4065.4310249999994,4034.0479179292934,5,tp,0.5516201068033314
VWAP_MR,M5,short,2025-10-09 20:00:00+00:00,2025-10-09 20:45:00+00:00,4049.645,4039.602640619328,4069.8932249999993,4039.602640619328,10,tp,0.495962455013814
VWAP_MR,M5,long,2025-10-09 23:40:00+00:00,2025-10-09 23:55:00+00:00,3992.145,3972.184275,3972.184275,4026.338041506091,4,sl,-1.0
VWAP_MR,M5,short,2025-10-10 15:15:00+00:00,2025-10-10 16:50:00+00:00,3985.635,4005.563175,4005.563175,3967.6220317968714,20,sl,-1.0
VWAP_MR,M5,short,2025-10-10 22:15:00+00:00,2025-10-10 23:05:00+00:00,4006.305,3989.6580655778403,4026.3365249999993,3989.6580655778403,11,tp,0.8310367993530227
VWAP_MR,M5,short,2025-10-13 20:20:00+00:00,2025-10-13 22:00:00+00:00,4088.765,4097.025,4109.208825,4077.450689198929,21,timeout,-0.40403398092088105
VWAP_MR,M5,short,2025-10-13 23:10:00+00:00,2025-10-14 00:50:00+00:00,4109.805,4102.145,4130.354025,4089.49303041221,21,timeout,0.37276707775673534
VWAP_MR,M5,short,2025-10-14 08:30:00+00:00,2025-10-14 10:10:00+00:00,4146.405,4152.345,4167.137024999999,4121.752695814935,21,timeout,-0.28651325666454186
VWAP_MR,M5,long,2025-10-14 13:50:00+00:00,2025-10-14 15:30:00+00:00,4092.698,4141.76087719618,4072.23451,4141.76087719618,21,tp,2.397581116230924
VWAP_MR,M5,short,2025-10-14 23:55:00+00:00,2025-10-15 01:35:00+00:00,4152.568,4145.845,4173.33084,4125.572558133311,21,timeout,0.3237996343467534
VWAP_MR,M5,short,2025-10-15 06:45:00+00:00,2025-10-15 08:25:00+00:00,4165.098,4185.675,4185.923489999999,4148.024439896102,21,timeout,-0.9880679878361063
VWAP_MR,M5,short,2025-10-15 15:15:00+00:00,2025-10-15 16:20:00+00:00,4216.035,4190.710127408884,4237.115174999999,4190.710127408884,14,tp,1.2013596941731863
VWAP_MR,M5,short,2025-10-15 21:15:00+00:00,2025-10-15 22:00:00+00:00,4209.215,4193.497068740939,4230.261074999999,4193.497068740939,10,tp,0.7468343270211688
VWAP_MR,M5,short,2025-10-16 09:20:00+00:00,2025-10-16 11:00:00+00:00,4233.965,4232.185,4255.134825,4216.147525883771,21,timeout,0.0840819421039026
VWAP_MR,M5,short,2025-10-16 17:05:00+00:00,2025-10-16 18:45:00+00:00,4240.385,4245.975,4261.586925,4223.150838742568,21,timeout,-0.263655304883887
VWAP_MR,M5,short,2025-10-16 21:15:00+00:00,2025-10-16 22:55:00+00:00,4262.038,4274.048,4283.348189999999,4242.881027173496,21,timeout,-0.563580146399476
VWAP_MR,M5,short,2025-10-16 23:25:00+00:00,2025-10-17 01:05:00+00:00,4285.125,4289.785,4306.550625,4256.218281110972,21,timeout,-0.2174965724453726
VWAP_MR,M5,short,2025-10-17 05:05:00+00:00,2025-10-17 05:10:00+00:00,4335.705,4357.383524999999,4357.383524999999,4290.748466977947,2,sl,-1.0
VWAP_MR,M5,short,2025-10-17 05:45:00+00:00,2025-10-17 07:25:00+00:00,4358.725,4358.035,4380.518625,4303.749694100945,21,timeout,0.031660634703980194
VWAP_MR,M5,short,2025-10-20 19:05:00+00:00,2025-10-20 19:25:00+00:00,4277.755,4299.143775,4299.143775,4256.343489216351,5,sl,-1.0
VWAP_MR,M5,short,2025-10-20 20:15:00+00:00,2025-10-20 21:55:00+00:00,4323.625,4329.885,4345.243125,4278.366070776796,21,timeout,-0.2895718291942631
VWAP_MR,M5,long,2025-10-21 14:40:00+00:00,2025-10-21 15:05:00+00:00,4297.595,4276.107025,4276.107025,4332.93036049057,6,sl,-1.0
VWAP_MR,M5,long,2025-10-21 15:10:00+00:00,2025-10-21 15:15:00+00:00,4274.315,4252.9434249999995,4252.9434249999995,4323.6576191555205,2,sl,-1.0
VWAP_MR,M5,long,2025-10-21 21:50:00+00:00,2025-10-21 23:30:00+00:00,4086.279,4116.065,4065.847605,4198.727825129415,21,timeout,1.4578544441042576
VWAP_MR,M5,long,2025-10-22 07:05:00+00:00,2025-10-22 07:05:00+00:00,4080.848,4060.44376,4060.44376,4113.124502680732,1,sl,-1.0
VWAP_MR,M5,long,2025-10-22 15:20:00+00:00,2025-10-22 17:00:00+00:00,4068.698,4068.085,4048.3545099999997,4131.390163960435,21,timeout,-0.030132489558075973
VWAP_MR,M5,short,2025-10-23 01:10:00+00:00,2025-10-23 02:25:00+00:00,4074.749,4095.122744999999,4095.122744999999,4050.237804599715,16,sl,-1.0
VWAP_MR,M5,short,2025-10-23 13:00:00+00:00,2025-10-23 13:10:00+00:00,4105.865,4126.394324999999,4126.394324999999,4084.7408431075114,3,sl,-1.0
VWAP_MR,M5,short,2025-10-23 21:00:00+00:00,2025-10-23 22:40:00+00:00,4147.969,4140.698,4168.708844999999,4123.84783718227,21,timeout,0.35058121215467275
VWAP_MR,M5,long,2025-10-24 15:15:00+00:00,2025-10-24 16:55:00+00:00,4054.085,4057.735,4033.814575,4090.8598790569768,21,timeout,0.18006529216827286
VWAP_MR,M5,short,2025-10-24 20:15:00+00:00,2025-10-24 21:15:00+00:00,4107.498,4128.035489999999,4128.035489999999,4067.4617296147294,13,sl,-1.0
VWAP_MR,M5,short,2025-10-24 21:20:00+00:00,2025-10-24 23:00:00+00:00,4133.815,4130.725,4154.484074999999,4085.6507768936494,21,timeout,0.14949870761024706
VWAP_MR,M5,long,2025-10-27 16:00:00+00:00,2025-10-27 17:40:00+00:00,4028.785,4041.725,4008.641075,4068.386620988632,21,timeout,0.6423772924095055
VWAP_MR,M5,long,2025-10-27 21:25:00+00:00,2025-10-27 22:15:00+00:00,3991.085,3971.129575,3971.129575,4028.583573599701,11,sl,-1.0
VWAP_MR,M5,short,2025-10-28 21:35:00+00:00,2025-10-28 22:55:00+00:00,3948.845,3968.5892249999993,3968.5892249999993,3922.8504603088263,17,sl,-1.0
VWAP_MR,M5,long,2025-10-29 05:25:00+00:00,2025-10-29 06:45:00+00:00,3932.925,3956.600318610736,3913.2603750000003,3956.600318610736,17,tp,1.203954746695444
VWAP_MR,M5,short,2025-10-29 07:10:00+00:00,2025-10-29 08:50:00+00:00,3966.505,3972.725,3986.337525,3952.093958691591,21,timeout,-0.3136262276235558
VWAP_MR,M5,short,2025-10-29 13:40:00+00:00,2025-10-29 14:15:00+00:00,3976.935,3996.8196749999997,3996.8196749999997,3962.6189721931937,8,sl,-1.0
VWAP_MR,M5,short,2025-10-29 15:50:00+00:00,2025-10-29 17:30:00+00:00,4013.875,4023.768,4033.9443749999996,3978.7249789519587,21,timeout,-0.4929401139796449
VWAP_MR,M5,short,2025-10-30 11:35:00+00:00,2025-10-30 11:40:00+00:00,3961.265,3981.0713249999994,3981.0713249999994,3943.0960937991563,2,sl,-1.0
VWAP_MR,M5,short,2025-10-30 16:15:00+00:00,2025-10-30 17:55:00+00:00,4002.005,3986.025,4022.0150249999997,3966.717181260625,21,timeout,0.7985997018994403
VWAP_MR,M5,short,2025-10-30 21:15:00+00:00,2025-10-30 22:55:00+00:00,4011.625,4005.445,4031.6831249999996,3980.974338635329,21,timeout,0.30810457109026745
VWAP_MR,M5,short,2025-10-31 19:45:00+00:00,2025-10-31 20:55:00+00:00,4026.255,4011.9796360832324,4046.386275,4011.9796360832324,15,tp,0.7091137504588191
VWAP_MR,M5,short,2025-11-05 10:10:00+00:00,2025-11-05 11:50:00+00:00,3953.605,3973.3730249999994,3973.3730249999994,3936.1887549805074,21,sl,-1.0
VWAP_MR,M5,short,2025-11-05 12:15:00+00:00,2025-11-05 13:55:00+00:00,3971.275,3966.655,3991.1313749999995,3947.9659174426342,21,timeout,0.2326708676684457
VWAP_MR,M5,short,2025-11-05 21:30:00+00:00,2025-11-05 22:00:00+00:00,3982.805,3968.622474130016,4002.7190249999994,3968.622474130016,7,tp,0.7121878108510956
VWAP_MR,M5,long,2025-11-06 06:10:00+00:00,2025-11-06 07:50:00+00:00,3970.798,3971.305,3950.9440099999997,3983.8406069511475,21,timeout,0.025536428697710643
VWAP_MR,M5,short,2025-11-06 14:25:00+00:00,2025-11-06 16:05:00+00:00,4007.725,4012.718,4027.7636249999996,3987.732618779791,21,timeout,-0.24916879276896578
VWAP_MR,M5,short,2025-11-07 07:25:00+00:00,2025-11-07 09:05:00+00:00,3991.945,4000.545,4011.904725,3985.3278692371136,21,timeout,-0.43086765974982294
VWAP_MR,M5,short,2025-11-07 13:55:00+00:00,2025-11-07 15:35:00+00:00,4006.445,4008.225,4026.4772249999996,3995.6332548749347,21,timeout,-0.08885682943356478
VWAP_MR,M5,short,2025-11-07 23:30:00+00:00,2025-11-08 00:10:00+00:00,4008.055,3995.5482361296185,4028.095274999999,3995.5482361296185,9,tp,0.6240814495001529
VWAP_MR,M5,short,2025-11-10 07:10:00+00:00,2025-11-10 08:20:00+00:00,4015.575,4035.6528749999993,4035.6528749999993,4004.24436809764,15,sl,-1.0
VWAP_MR,M5,short,2025-11-10 20:10:00+00:00,2025-11-10 21:15:00+00:00,4104.775,4083.954028521947,4125.2988749999995,4083.954028521947,14,tp,1.0144756522855911
VWAP_MR,M5,short,2025-11-11 01:15:00+00:00,2025-11-11 02:55:00+00:00,4103.238,4112.085,4123.75419,4090.749497756469,21,timeout,-0.43122041665631017
VWAP_MR,M5,short,2025-11-12 06:25:00+00:00,2025-11-12 08:05:00+00:00,4136.105,4134.445,4156.785524999999,4119.11462890708,21,timeout,0.08026875526611987
VWAP_MR,M5,short,2025-11-12 23:40:00+00:00,2025-11-13 01:20:00+00:00,4193.295,4201.098,4214.261474999999,4154.091207127505,21,timeout,-0.37216556431160497
VWAP_MR,M5,short,2025-11-13 10:25:00+00:00,2025-11-13 12:05:00+00:00,4204.865,4210.615,4225.889324999999,4193.427917430242,21,timeout,-0.2734927280661882
VWAP_MR,M5,short,2025-11-13 12:15:00+00:00,2025-11-13 13:55:00+00:00,4216.335,4211.555,4237.4166749999995,4198.113072026994,21,timeout,0.2267372018589543
VWAP_MR,M5,short,2025-11-13 15:35:00+00:00,2025-11-13 17:15:00+00:00,4237.485,4236.175,4258.672424999999,4213.908211470228,21,timeout,0.06182912741871852
VWAP_MR,M5,long,2025-11-14 01:40:00+00:00,2025-11-14 03:20:00+00:00,4153.615,4160.885,4132.846925,4197.361537967581,21,timeout,0.350056517033979
VWAP_MR,M5,long,2025-11-14 14:30:00+00:00,2025-11-14 16:10:00+00:00,4159.155,4179.785,4138.359225,4188.16233084124,21,timeout,0.9920284288515582
VWAP_MR,M5,short,2025-11-18 15:40:00+00:00,2025-11-18 17:20:00+00:00,4037.315,4040.515,4057.501575,4014.3598922208835,21,timeout,-0.1585211953984201
VWAP_MR,M5,short,2025-11-18 21:20:00+00:00,2025-11-18 23:00:00+00:00,4076.975,4053.565,4097.359874999999,4047.5260063300875,21,timeout,1.1484004684846327
VWAP_MR,M5,short,2025-11-19 02:55:00+00:00,2025-11-19 04:20:00+00:00,4079.635,4064.8034525528087,4100.033175,4064.8034525528087,18,tp,0.7271016866553976
VWAP_MR,M5,short,2025-11-19 09:50:00+00:00,2025-11-19 11:00:00+00:00,4078.635,4067.678514446163,4099.0281749999995,4067.678514446163,15,tp,0.5372623710549149
VWAP_MR,M5,short,2025-11-19 12:25:00+00:00,2025-11-19 14:05:00+00:00,4089.415,4091.185,4109.862074999999,4070.3524560782917,21,timeout,-0.08656494877629475
VWAP_MR,M5,short,2025-11-20 06:55:00+00:00,2025-11-20 08:35:00+00:00,4104.845,4092.935,4125.3692249999995,4078.967871455975,21,timeout,0.580289876962505
VWAP_MR,M5,long,2025-11-20 09:15:00+00:00,2025-11-20 09:20:00+00:00,4061.165,4040.859175,4040.859175,4088.522611209965,2,sl,-1.0
VWAP_MR,M5,short,2025-11-20 19:25:00+00:00,2025-11-20 21:05:00+00:00,4078.525,4074.005,4098.917625,4060.426806560918,21,timeout,0.2216487578229871
VWAP_MR,M5,short,2025-11-20 21:55:00+00:00,2025-11-20 22:35:00+00:00,4105.185,4077.937838138596,4125.710925,4077.937838138596,9,tp,1.3274511069004007
VWAP_MR,M5,short,2025-11-21 19:40:00+00:00,2025-11-21 20:55:00+00:00,4059.285,4079.5814249999994,4079.5814249999994,4042.5319354787694,16,sl,-1.0
VWAP_MR,M5,short,2025-11-22 00:00:00+00:00,2025-11-22 01:40:00+00:00,4097.185,4078.675,4117.670925,4067.561862625212,21,timeout,0.9035471915473801
VWAP_MR,M5,long,2025-11-22 03:45:00+00:00,2025-11-24 06:20:00+00:00,4059.575,4073.445,4039.2771249999996,4080.67736845555,21,timeout,0.6833227616191452
VWAP_MR,M5,short,2025-11-24 14:50:00+00:00,2025-11-24 16:30:00+00:00,4065.935,4068.225,4086.2646749999994,4050.8130028830305,21,timeout,-0.11264321736574835
VWAP_MR,M5,short,2025-11-24 22:40:00+00:00,2025-11-25 00:20:00+00:00,4092.295,4090.935,4112.756474999999,4077.9891146947693,21,timeout,0.06646637155924406
VWAP_MR,M5,short,2025-11-25 01:45:00+00:00,2025-11-25 03:25:00+00:00,4112.005,4123.395,4132.565025,4088.553097458533,21,timeout,-0.553987653225152
VWAP_MR,M5,short,2025-11-25 20:35:00+00:00,2025-11-25 21:35:00+00:00,4148.175,4130.250845245572,4168.915875,4130.250845245572,13,tp,0.8641947243994467
VWAP_MR,M5,short,2025-11-26 00:15:00+00:00,2025-11-26 01:55:00+00:00,4151.345,4137.485,4172.1017249999995,4131.534520620758,21,timeout,0.6677353966004301
VWAP_MR,M5,short,2025-11-26 08:45:00+00:00,2025-11-26 10:25:00+00:00,4150.025,4163.335,4170.775124999999,4135.264839151218,21,timeout,-0.6414419190246168
VWAP_MR,M5,short,2025-11-26 19:05:00+00:00,2025-11-26 19:30:00+00:00,4172.448,4161.386402141818,4193.31024,4161.386402141818,6,tp,0.5302210049440041
VWAP_MR,M5,short,2025-11-28 06:15:00+00:00,2025-11-28 07:35:00+00:00,4162.148,4182.95874,4182.95874,4156.752956089794,17,sl,-1.0
VWAP_MR,M5,short,2025-11-28 21:05:00+00:00,2025-11-28 21:40:00+00:00,4186.735,4207.668674999999,4207.668674999999,4168.893663243246,8,sl,-1.0
