strategy,timeframe,direction,entry_time,exit_time,entry_price,exit_price,sl_price,tp_price,bars_held,reason,pnl_r
VWAP_MR,M15,short,2020-12-01 18:30:00+00:00,2020-12-01 21:00:00+00:00,1807.565,1812.018,1816.602825,1787.1749107542178,11,timeout,-0.4927070395808761
VWAP_MR,M15,short,2020-12-02 17:45:00+00:00,2020-12-02 20:15:00+00:00,1830.298,1826.075,1839.4494899999997,1815.958383463154,11,timeout,0.4614549106211203
VWAP_MR,M15,short,2020-12-03 11:00:00+00:00,2020-12-03 13:30:00+00:00,1835.555,1834.165,1844.732775,1824.7792242390979,11,timeout,0.15145283034287915
VWAP_MR,M15,long,2020-12-07 16:00:00+00:00,2020-12-07 18:30:00+00:00,1828.755,1830.365,1819.611225,1836.535976395846,11,timeout,0.17607607361291142
VWAP_MR,M15,short,2020-12-07 22:00:00+00:00,2020-12-07 22:00:00+00:00,1845.885,1855.1144249999998,1855.1144249999998,1835.297189571246,1,sl,-1.0
VWAP_MR,M15,long,2020-12-09 10:45:00+00:00,2020-12-09 13:15:00+00:00,1861.798,1861.815,1852.48901,1868.1860442643647,11,timeout,0.001826191670638035
VWAP_MR,M15,long,2020-12-09 22:15:00+00:00,2020-12-10 00:45:00+00:00,1840.425,1841.058,1831.222875,1859.0207188395889,11,timeout,0.06878845918741992
VWAP_MR,M15,short,2020-12-10 21:00:00+00:00,2020-12-10 23:00:00+00:00,1844.648,1837.0992575654611,1853.8712399999997,1837.0992575654611,9,tp,0.8184480111694958
VWAP_MR,M15,short,2020-12-15 11:45:00+00:00,2020-12-15 14:15:00+00:00,1834.865,1840.928,1844.0393249999997,1828.694201975639,11,timeout,-0.6608660582658978
VWAP_MR,M15,short,2020-12-15 15:45:00+00:00,2020-12-15 18:15:00+00:00,1844.605,1844.045,1853.8280249999998,1832.4282023476849,11,timeout,0.06071760620837077
VWAP_MR,M15,short,2020-12-17 08:45:00+00:00,2020-12-17 11:15:00+00:00,1866.588,1864.848,1875.9209399999997,1857.3136847747555,11,timeout,0.18643642839234476
VWAP_MR,M15,short,2020-12-17 13:15:00+00:00,2020-12-17 15:30:00+00:00,1869.218,1878.5640899999999,1878.5640899999999,1858.2562412535005,10,sl,-1.0
VWAP_MR,M15,short,2020-12-17 15:45:00+00:00,2020-12-17 18:15:00+00:00,1879.565,1875.248,1888.9628249999998,1862.2247675763451,11,timeout,0.45936160760602657
VWAP_MR,M15,short,2020-12-21 08:00:00+00:00,2020-12-21 08:30:00+00:00,1889.205,1898.6510249999997,1898.6510249999997,1883.3208022888593,3,sl,-1.0
VWAP_MR,M15,long,2020-12-21 17:30:00+00:00,2020-12-21 20:00:00+00:00,1871.508,1877.845,1862.15046,1892.5398255454986,11,timeout,0.6772078986571266
VWAP_MR,M15,short,2020-12-23 22:00:00+00:00,2020-12-24 00:30:00+00:00,1874.628,1871.711,1884.0011399999996,1866.2246146839584,11,timeout,0.3112084104152943
VWAP_MR,M15,short,2020-12-24 09:45:00+00:00,2020-12-24 12:15:00+00:00,1879.588,1876.475,1888.9859399999998,1869.9267994008237,11,timeout,0.33124280427414
VWAP_MR,M15,short,2020-12-28 06:15:00+00:00,2020-12-28 08:15:00+00:00,1884.268,1893.68934,1893.68934,1876.0674763280178,9,sl,-1.0
VWAP_MR,M15,short,2020-12-30 09:00:00+00:00,2020-12-30 11:30:00+00:00,1883.305,1885.265,1892.721525,1878.6559823223604,11,timeout,-0.2081447243011689
VWAP_MR,M15,short,2020-12-30 22:15:00+00:00,2020-12-31 00:45:00+00:00,1887.308,1888.298,1896.7445399999997,1881.3286330288336,11,timeout,-0.1049113340270948
VWAP_MR,M15,short,2020-12-31 09:30:00+00:00,2020-12-31 10:30:00+00:00,1897.628,1887.1145152650881,1907.1161399999996,1887.1145152650881,5,tp,1.1080659365178136
VWAP_MR,M15,short,2021-01-04 06:15:00+00:00,2021-01-04 08:45:00+00:00,1909.728,1917.468,1919.2766399999998,1894.9569929599447,11,timeout,-0.810586638516083
VWAP_MR,M15,short,2021-01-05 21:30:00+00:00,2021-01-05 21:45:00+00:00,1951.095,1943.2855589557116,1960.8504749999997,1943.2855589557116,2,tp,0.8005187901448818
VWAP_MR,M15,short,2021-01-06 17:00:00+00:00,2021-01-06 19:00:00+00:00,1955.599,1948.8076582157187,1965.3769949999996,1948.8076582157187,9,tp,0.6945536159797047
VWAP_MR,M15,long,2021-01-08 15:15:00+00:00,2021-01-08 17:45:00+00:00,1887.995,1890.375,1878.555025,1911.1882229583957,11,timeout,0.25211931175666336
VWAP_MR,M15,short,2021-01-12 13:00:00+00:00,2021-01-12 15:30:00+00:00,1857.335,1857.785,1866.6216749999999,1846.6708825759201,11,timeout,-0.04845652507491149
VWAP_MR,M15,short,2021-01-12 17:15:00+00:00,2021-01-12 19:45:00+00:00,1862.218,1860.455,1871.5290899999998,1851.5022970349573,11,timeout,0.1893441047181592
VWAP_MR,M15,long,2021-01-12 21:30:00+00:00,2021-01-13 00:00:00+00:00,1839.758,1842.678,1830.5592100000001,1853.4225405520908,11,timeout,0.3174330536951163
VWAP_MR,M15,short,2021-01-15 01:15:00+00:00,2021-01-15 03:45:00+00:00,1857.198,1848.025,1866.48399,1843.4783974401855,11,timeout,0.9878322074437021
VWAP_MR,M15,long,2021-01-18 07:15:00+00:00,2021-01-18 09:45:00+00:00,1811.075,1828.688,1802.0196250000001,1835.8057023027675,11,timeout,1.9450326463564707
VWAP_MR,M15,short,2021-01-20 08:30:00+00:00,2021-01-20 11:00:00+00:00,1844.595,1848.415,1853.817975,1839.8260593271254,11,timeout,-0.41418305915390374
VWAP_MR,M15,short,2021-01-20 14:30:00+00:00,2021-01-20 17:00:00+00:00,1853.995,1854.598,1863.2649749999996,1844.7024735866423,11,timeout,-0.06504871911737461
VWAP_MR,M15,long,2021-01-20 20:30:00+00:00,2021-01-20 21:00:00+00:00,1835.035,1849.3211589619295,1825.859825,1849.3211589619295,3,tp,1.557044847856235
VWAP_MR,M15,short,2021-01-20 23:00:00+00:00,2021-01-21 01:30:00+00:00,1868.015,1866.315,1877.355075,1852.2981478289003,11,timeout,0.1820113864182112
VWAP_MR,M15,short,2021-01-25 18:15:00+00:00,2021-01-25 20:45:00+00:00,1862.755,1864.455,1872.068775,1854.676915887121,11,timeout,-0.18252534552314667
VWAP_MR,M15,long,2021-01-27 19:00:00+00:00,2021-01-27 21:30:00+00:00,1839.458,1842.905,1830.26071,1847.1249993900037,11,timeout,0.3747843114656452
VWAP_MR,M15,short,2021-01-28 21:00:00+00:00,2021-01-28 21:15:00+00:00,1850.595,1859.847975,1859.847975,1839.1694063748846,2,sl,-1.0
VWAP_MR,M15,short,2021-01-29 17:45:00+00:00,2021-01-29 18:45:00+00:00,1852.895,1862.1594749999997,1862.1594749999997,1844.6837670109223,5,sl,-1.0
VWAP_MR,M15,long,2021-02-02 20:45:00+00:00,2021-02-02 23:15:00+00:00,1833.275,1838.067,1824.108625,1851.1784081745657,11,timeout,0.522780270281317
VWAP_MR,M15,long,2021-02-04 21:30:00+00:00,2021-02-04 21:45:00+00:00,1795.885,1786.905575,1786.905575,1818.4484542105145,2,sl,-1.0
VWAP_MR,M15,short,2021-02-06 00:15:00+00:00,2021-02-06 02:45:00+00:00,1814.225,1810.465,1823.2961249999996,1802.577438720195,11,timeout,0.4145020601083229
VWAP_MR,M15,short,2021-02-08 20:15:00+00:00,2021-02-08 22:15:00+00:00,1825.793,1834.9219649999998,1834.9219649999998,1814.7431468548587,9,sl,-1.0
VWAP_MR,M15,short,2021-02-10 21:00:00+00:00,2021-02-10 21:45:00+00:00,1854.585,1842.535199250836,1863.8579249999998,1842.535199250836,4,tp,1.2994606069998724
VWAP_MR,M15,long,2021-02-12 00:15:00+00:00,2021-02-12 02:45:00+00:00,1830.485,1821.332575,1821.332575,1840.2491008080322,11,sl,-1.0
VWAP_MR,M15,short,2021-02-12 23:15:00+00:00,2021-02-13 01:45:00+00:00,1827.893,1822.895,1837.0324649999998,1817.9537034984114,11,timeout,0.5468591432868539
VWAP_MR,M15,short,2021-02-16 09:00:00+00:00,2021-02-16 11:30:00+00:00,1824.674,1825.625,1833.7973699999998,1819.3583221028898,11,timeout,-0.10423779809434926
VWAP_MR,M15,short,2021-02-19 21:15:00+00:00,2021-02-19 23:45:00+00:00,1783.025,1784.035,1791.9401249999999,1771.0670103480215,11,timeout,-0.11329061566719681
VWAP_MR,M15,short,2021-02-22 16:45:00+00:00,2021-02-22 19:15:00+00:00,1797.785,1796.195,1806.773925,1786.6206072370785,11,timeout,0.17688433266493675
VWAP_MR,M15,short,2021-02-22 22:00:00+00:00,2021-02-23 00:30:00+00:00,1805.695,1810.295,1814.7234749999998,1792.2788236394215,11,timeout,-0.5094991125301024
VWAP_MR,M15,short,2021-02-24 09:15:00+00:00,2021-02-24 11:45:00+00:00,1811.825,1808.635,1820.8841249999998,1806.2969279810914,11,timeout,0.35213113849297106
VWAP_MR,M15,long,2021-03-02 09:15:00+00:00,2021-03-02 11:45:00+00:00,1710.836,1714.216,1702.28182,1732.612170901552,11,timeout,0.39512846351138825
VWAP_MR,M15,long,2021-03-03 20:30:00+00:00,2021-03-03 22:45:00+00:00,1715.885,1707.305575,1707.305575,1729.091618532497,10,sl,-1.0
VWAP_MR,M15,long,2021-03-03 23:00:00+00:00,2021-03-03 23:15:00+00:00,1704.763,1721.9012041123383,1696.239185,1721.9012041123383,2,tp,2.010626006352595
VWAP_MR,M15,short,2021-03-04 20:15:00+00:00,2021-03-04 20:30:00+00:00,1722.169,1714.4283427396888,1730.779845,1714.4283427396888,2,tp,0.8989428169141792
VWAP_MR,M15,short,2021-03-08 06:15:00+00:00,2021-03-08 06:30:00+00:00,1705.118,1713.6435899999997,1713.6435899999997,1697.3366052697656,2,sl,-1.0
VWAP_MR,M15,long,2021-03-08 16:45:00+00:00,2021-03-08 19:15:00+00:00,1690.198,1686.923,1681.74701,1703.194687924141,11,timeout,-0.387528561742479
VWAP_MR,M15,short,2021-03-09 16:15:00+00:00,2021-03-09 18:45:00+00:00,1701.118,1709.6235899999997,1709.6235899999997,1686.850308417681,11,sl,-1.0
VWAP_MR,M15,short,2021-03-09 19:00:00+00:00,2021-03-09 21:15:00+00:00,1709.764,1718.3128199999996,1718.3128199999996,1692.3847015359527,10,sl,-1.0
VWAP_MR,M15,short,2021-03-10 21:00:00+00:00,2021-03-10 23:30:00+00:00,1718.568,1716.645,1727.1608399999998,1713.4738387742277,11,timeout,0.22379097015655444
VWAP_MR,M15,short,2021-03-11 01:45:00+00:00,2021-03-11 04:15:00+00:00,1723.785,1725.034,1732.4039249999998,1715.944549187045,11,timeout,-0.1449136638269921
VWAP_MR,M15,long,2021-03-12 17:00:00+00:00,2021-03-12 19:30:00+00:00,1701.715,1703.975,1693.2064249999999,1717.3830921891763,11,timeout,0.26561439488985805
VWAP_MR,M15,short,2021-03-15 05:15:00+00:00,2021-03-15 07:45:00+00:00,1728.425,1726.008,1737.0671249999998,1708.859944047392,11,timeout,0.2796765841734479
VWAP_MR,M15,short,2021-03-15 08:30:00+00:00,2021-03-15 11:00:00+00:00,1731.781,1727.735,1740.4399049999997,1711.9260105399114,11,timeout,0.46726462526152596
VWAP_MR,M15,short,2021-03-16 12:45:00+00:00,2021-03-16 14:15:00+00:00,1734.585,1729.729066272583,1743.257925,1729.729066272583,7,tp,0.5598957361463612
VWAP_MR,M15,short,2021-03-16 21:45:00+00:00,2021-03-16 22:30:00+00:00,1740.263,1732.6596888855622,1748.9643149999997,1732.6596888855622,4,tp,0.8738117301164112
VWAP_MR,M15,short,2021-03-17 11:15:00+00:00,2021-03-17 13:45:00+00:00,1735.712,1735.694,1744.3905599999998,1732.1231635191623,11,timeout,0.002074076805372026
VWAP_MR,M15,short,2021-03-18 01:30:00+00:00,2021-03-18 02:15:00+00:00,1741.774,1750.4828699999996,1750.4828699999996,1732.010959633263,4,sl,-1.0
VWAP_MR,M15,short,2021-03-18 05:15:00+00:00,2021-03-18 07:45:00+00:00,1745.698,1750.675,1754.4264899999998,1734.6360932297835,11,timeout,-0.5702017187394396
VWAP_MR,M15,short,2021-03-18 09:45:00+00:00,2021-03-18 12:15:00+00:00,1752.505,1750.755,1761.267525,1736.9981853433437,11,timeout,0.19971412349751086
VWAP_MR,M15,short,2021-03-19 13:30:00+00:00,2021-03-19 16:00:00+00:00,1739.218,1743.688,1747.91409,1732.3590311239698,11,timeout,-0.5140241188856224
VWAP_MR,M15,short,2021-03-19 16:15:00+00:00,2021-03-19 17:15:00+00:00,1743.689,1735.7302356218254,1752.4074449999998,1735.7302356218254,5,tp,0.9128651242480652
VWAP_MR,M15,short,2021-03-24 23:30:00+00:00,2021-03-25 02:00:00+00:00,1736.655,1734.565,1745.3382749999998,1731.3055091230517,11,timeout,0.24069259582357466
VWAP_MR,M15,short,2021-03-25 10:30:00+00:00,2021-03-25 13:00:00+00:00,1738.298,1733.845,1746.9894899999997,1732.9448493618677,11,timeout,0.5123402316518947
VWAP_MR,M15,short,2021-03-25 20:45:00+00:00,2021-03-25 22:45:00+00:00,1739.658,1732.636701645177,1748.3562899999997,1732.636701645177,9,tp,0.807204445336155
VWAP_MR,M15,short,2021-03-26 22:30:00+00:00,2021-03-27 01:00:00+00:00,1735.898,1731.775,1744.5774899999997,1727.4232613308266,11,timeout,0.4750279106260776
VWAP_MR,M15,long,2021-03-29 21:00:00+00:00,2021-03-29 23:30:00+00:00,1710.615,1713.359,1702.061925,1725.9519384833284,11,timeout,0.32082028977881094
VWAP_MR,M15,long,2021-03-30 19:00:00+00:00,2021-03-30 19:45:00+00:00,1688.698,1680.25451,1680.25451,1702.629751039502,4,sl,-1.0
VWAP_MR,M15,short,2021-03-31 21:15:00+00:00,2021-03-31 22:00:00+00:00,1696.548,1705.03074,1705.03074,1685.1473191391206,4,sl,-1.0
VWAP_MR,M15,short,2021-04-06 21:15:00+00:00,2021-04-06 23:45:00+00:00,1742.958,1742.898,1751.6727899999998,1734.269985787101,11,timeout,0.006884847483436137
VWAP_MR,M15,short,2021-04-08 13:00:00+00:00,2021-04-08 15:30:00+00:00,1743.938,1745.125,1752.65769,1738.9732486541695,11,timeout,-0.13612869264846705
VWAP_MR,M15,short,2021-04-08 18:45:00+00:00,2021-04-08 21:15:00+00:00,1749.018,1757.76309,1757.76309,1741.3172347061613,11,sl,-1.0
VWAP_MR,M15,short,2021-04-08 22:00:00+00:00,2021-04-09 00:30:00+00:00,1758.428,1756.218,1767.22014,1746.2443691964477,11,timeout,0.2513608745993682
VWAP_MR,M15,short,2021-04-13 20:00:00+00:00,2021-04-13 22:30:00+00:00,1740.868,1743.268,1749.5723399999997,1730.0103323226867,11,timeout,-0.2757245236284604
VWAP_MR,M15,short,2021-04-15 14:15:00+00:00,2021-04-15 16:45:00+00:00,1746.169,1747.608,1754.899845,1737.8316002045547,11,timeout,-0.16481795290145237
VWAP_MR,M15,short,2021-04-15 21:30:00+00:00,2021-04-16 00:00:00+00:00,1764.019,1767.255,1772.8390949999998,1746.2122704975163,11,timeout,-0.36688947227894636
VWAP_MR,M15,short,2021-04-16 17:30:00+00:00,2021-04-16 19:15:00+00:00,1771.885,1780.7444249999999,1780.7444249999999,1764.429625075559,8,sl,-1.0
VWAP_MR,M15,short,2021-04-19 15:00:00+00:00,2021-04-19 17:30:00+00:00,1783.585,1789.215,1792.5029249999998,1778.1008592328199,11,timeout,-0.631312777355724
VWAP_MR,M15,short,2021-04-21 21:15:00+00:00,2021-04-21 23:45:00+00:00,1796.478,1790.858,1805.46039,1783.5915722047894,11,timeout,0.625668669474403
VWAP_MR,M15,short,2021-04-23 19:15:00+00:00,2021-04-23 20:45:00+00:00,1791.027,1785.4894767504736,1799.9821349999997,1785.4894767504736,7,tp,0.618362900115589
VWAP_MR,M15,short,2021-04-29 02:00:00+00:00,2021-04-29 05:15:00+00:00,1781.108,1781.295,1790.0135399999997,1770.8251307316043,11,timeout,-0.020998165187078026
VWAP_MR,M15,short,2021-04-29 06:00:00+00:00,2021-04-29 08:30:00+00:00,1782.542,1787.998,1791.4547099999997,1772.5214035379836,11,timeout,-0.6121594890892033
VWAP_MR,M15,long,2021-04-29 21:15:00+00:00,2021-04-29 23:45:00+00:00,1759.008,1768.995,1750.21296,1777.2913094378814,11,timeout,1.1355263876002706
VWAP_MR,M15,short,2021-05-03 09:15:00+00:00,2021-05-03 11:45:00+00:00,1771.845,1774.368,1780.704225,1768.8825795360965,11,timeout,-0.2847878905886161
VWAP_MR,M15,short,2021-05-03 20:45:00+00:00,2021-05-03 23:15:00+00:00,1789.653,1793.223,1798.6012649999998,1777.6917791556898,11,timeout,-0.39896002185898943
VWAP_MR,M15,short,2021-05-04 21:15:00+00:00,2021-05-04 22:15:00+00:00,1795.365,1787.2989535451788,1804.3418249999997,1787.2989535451788,5,tp,0.8985411272717693
VWAP_MR,M15,short,2021-05-06 21:00:00+00:00,2021-05-06 22:00:00+00:00,1806.068,1815.0983399999998,1815.0983399999998,1791.8050332604564,5,sl,-1.0
VWAP_MR,M15,short,2021-05-07 20:00:00+00:00,2021-05-07 22:30:00+00:00,1837.768,1832.768,1846.9568399999998,1820.371993725368,11,timeout,0.5441383243151593
VWAP_MR,M15,short,2021-05-10 17:45:00+00:00,2021-05-10 20:15:00+00:00,1839.085,1839.765,1848.280425,1834.0773182692565,11,timeout,-0.07394981743639605
VWAP_MR,M15,short,2021-05-10 20:45:00+00:00,2021-05-10 22:15:00+00:00,1844.438,1836.1626571451761,1853.6601899999998,1836.1626571451761,7,tp,0.8973294689031802
VWAP_MR,M15,short,2021-05-11 17:45:00+00:00,2021-05-11 19:30:00+00:00,1840.855,1836.0614851976732,1850.0592749999998,1836.0614851976732,8,tp,0.5207922190859079
VWAP_MR,M15,long,2021-05-11 20:15:00+00:00,2021-05-11 20:30:00+00:00,1827.078,1817.94261,1817.94261,1836.160370602964,2,sl,-1.0
VWAP_MR,M15,short,2021-05-13 23:45:00+00:00,2021-05-14 02:15:00+00:00,1826.498,1825.126,1835.6304899999998,1818.8240837124704,11,timeout,0.15023284996754563
VWAP_MR,M15,short,2021-05-14 14:00:00+00:00,2021-05-14 16:30:00+00:00,1833.838,1833.248,1843.0071899999998,1824.9009371860986,11,timeout,0.06434592368572667
VWAP_MR,M15,short,2021-05-19 20:15:00+00:00,2021-05-19 20:15:00+00:00,1874.784,1865.6674322576273,1884.1579199999999,1865.6674322576273,1,tp,0.9725459298109043
VWAP_MR,M15,short,2021-05-19 21:00:00+00:00,2021-05-19 23:30:00+00:00,1885.334,1883.165,1894.76067,1867.1889159253428,11,timeout,0.23009185640317686
VWAP_MR,M15,short,2021-05-20 21:15:00+00:00,2021-05-20 23:45:00+00:00,1877.798,1881.385,1887.1869899999997,1871.9340618079577,11,timeout,-0.38204322296648585
VWAP_MR,M15,short,2021-05-21 17:00:00+00:00,2021-05-21 19:30:00+00:00,1879.615,1884.598,1889.0130749999998,1874.69267837818,11,timeout,-0.5302149642347007
VWAP_MR,M15,short,2021-05-21 19:45:00+00:00,2021-05-21 21:00:00+00:00,1884.598,1875.836970684344,1894.0209899999998,1875.836970684344,6,tp,0.9297504630330974
VWAP_MR,M15,short,2021-05-25 21:30:00+00:00,2021-05-26 00:00:00+00:00,1894.178,1895.205,1903.64889,1881.5948805875164,11,timeout,-0.10843753860511895
VWAP_MR,M15,short,2021-05-26 00:15:00+00:00,2021-05-26 02:45:00+00:00,1895.205,1899.018,1904.6810249999996,1884.9206867703297,11,timeout,-0.402383910975353
VWAP_MR,M15,long,2021-05-28 14:00:00+00:00,2021-05-28 15:45:00+00:00,1888.725,1893.716174696668,1879.2813749999998,1893.716174696668,8,tp,0.5285231779817717
VWAP_MR,M15,long,2021-05-28 19:30:00+00:00,2021-05-28 19:45:00+00:00,1884.658,1892.174338358984,1875.23471,1892.174338358984,2,tp,0.797634197714821
VWAP_MR,M15,short,2021-05-29 00:15:00+00:00,2021-05-29 02:45:00+00:00,1901.068,1904.008,1910.5733399999997,1893.6119648185638,11,timeout,-0.3092998251509305
VWAP_MR,M15,short,2021-05-31 08:15:00+00:00,2021-05-31 10:45:00+00:00,1906.578,1908.768,1916.1108899999997,1896.4959571292354,11,timeout,-0.22973096301332732
VWAP_MR,M15,short,2021-06-01 08:30:00+00:00,2021-06-01 11:00:00+00:00,1909.278,1911.148,1918.8243899999998,1905.720853043296,11,timeout,-0.19588556511937397
VWAP_MR,M15,short,2021-06-01 13:45:00+00:00,2021-06-01 15:30:00+00:00,1915.278,1908.7296855553334,1924.8543899999997,1908.7296855553334,8,tp,0.6837978032083929
VWAP_MR,M15,short,2021-06-02 19:30:00+00:00,2021-06-02 22:00:00+00:00,1903.815,1902.378,1913.3340749999998,1898.2480025599689,11,timeout,0.15096004601289206
VWAP_MR,M15,long,2021-06-03 20:15:00+00:00,2021-06-03 20:45:00+00:00,1881.688,1872.2795600000002,1872.2795600000002,1896.0668346024308,3,sl,-1.0
VWAP_MR,M15,short,2021-06-04 19:45:00+00:00,2021-06-04 20:15:00+00:00,1878.898,1888.2924899999998,1888.2924899999998,1870.0676034470557,3,sl,-1.0
VWAP_MR,M15,short,2021-06-07 23:15:00+00:00,2021-06-08 01:45:00+00:00,1894.378,1898.994,1903.8498899999997,1887.379223664585,11,timeout,-0.4873367406082716
VWAP_MR,M15,short,2021-06-08 06:15:00+00:00,2021-06-08 08:45:00+00:00,1898.988,1899.768,1908.4829399999999,1890.0574005523656,11,timeout,-0.08214901831922981
VWAP_MR,M15,short,2021-06-09 21:00:00+00:00,2021-06-09 21:15:00+00:00,1898.128,1892.860372358306,1907.6186399999997,1892.860372358306,2,tp,0.5550339747049797
VWAP_MR,M15,short,2021-06-22 10:45:00+00:00,2021-06-22 12:30:00+00:00,1789.288,1781.4208548287206,1798.2344399999997,1781.4208548287206,8,tp,0.8793604127764388
VWAP_MR,M15,short,2021-06-23 21:00:00+00:00,2021-06-23 23:30:00+00:00,1790.788,1785.378,1799.7419399999999,1782.590772607833,11,timeout,0.6042032892782571
VWAP_MR,M15,long,2021-06-28 09:00:00+00:00,2021-06-28 11:30:00+00:00,1771.538,1780.408,1762.68031,1782.292919929352,11,timeout,1.0013897528587976
VWAP_MR,M15,short,2021-06-30 23:30:00+00:00,2021-07-01 02:00:00+00:00,1767.368,1768.918,1776.2048399999996,1760.38206533286,11,timeout,-0.17540206680216064
VWAP_MR,M15,short,2021-07-01 03:00:00+00:00,2021-07-01 06:15:00+00:00,1771.348,1769.968,1780.2047399999997,1761.9753961689723,11,timeout,0.15581353861578026
VWAP_MR,M15,short,2021-07-02 15:30:00+00:00,2021-07-02 18:00:00+00:00,1780.855,1787.028,1789.759275,1776.321344449244,11,timeout,-0.6932625059311501
VWAP_MR,M15,short,2021-07-05 15:15:00+00:00,2021-07-05 17:45:00+00:00,1793.158,1791.578,1802.1237899999996,1787.537497177052,11,timeout,0.17622540791162547
VWAP_MR,M15,short,2021-07-06 09:30:00+00:00,2021-07-06 12:00:00+00:00,1798.365,1800.518,1807.3568249999998,1791.630358809156,11,timeout,-0.23943971329513858
VWAP_MR,M15,short,2021-07-08 15:45:00+00:00,2021-07-08 18:15:00+00:00,1811.208,1816.198,1820.2640399999998,1802.1483064325007,11,timeout,-0.5510134672550219
VWAP_MR,M15,short,2021-07-13 09:45:00+00:00,2021-07-13 12:15:00+00:00,1810.805,1809.518,1819.859025,1803.5378333289477,11,timeout,0.14214672479919674
VWAP_MR,M15,short,2021-07-14 19:30:00+00:00,2021-07-14 22:00:00+00:00,1826.688,1820.128,1835.82144,1813.0861451439819,11,timeout,0.7182397869806217
VWAP_MR,M15,short,2021-07-20 09:00:00+00:00,2021-07-20 11:30:00+00:00,1817.968,1816.618,1827.05784,1808.5375938556099,11,timeout,0.14851746565397808
VWAP_MR,M15,short,2021-07-22 22:45:00+00:00,2021-07-23 01:15:00+00:00,1807.158,1807.568,1816.1937899999998,1799.8213886085239,11,timeout,-0.04537511385281045
VWAP_MR,M15,short,2021-07-26 09:15:00+00:00,2021-07-26 11:45:00+00:00,1806.738,1806.758,1815.7716899999998,1800.4991902692643,11,timeout,-0.0022139347265605043
VWAP_MR,M15,short,2021-07-26 13:00:00+00:00,2021-07-26 15:30:00+00:00,1808.678,1808.328,1817.72139,1802.4339745679679,11,timeout,0.038702300796509215
VWAP_MR,M15,short,2021-07-27 19:30:00+00:00,2021-07-27 21:30:00+00:00,1802.518,1797.2505478267424,1811.5305899999998,1797.2505478267424,9,tp,0.5844548762628454
VWAP_MR,M15,short,2021-07-28 10:30:00+00:00,2021-07-28 13:00:00+00:00,1806.788,1805.545,1815.8219399999998,1800.677113486139,11,timeout,0.1375922355029993
VWAP_MR,M15,short,2021-07-29 03:00:00+00:00,2021-07-29 06:15:00+00:00,1808.137,1809.475,1817.1776849999997,1800.6252992416394,11,timeout,-0.14799763513494918
VWAP_MR,M15,short,2021-07-29 12:30:00+00:00,2021-07-29 15:00:00+00:00,1816.308,1815.478,1825.38954,1804.6341024251044,11,timeout,0.09139419085308614
VWAP_MR,M15,short,2021-08-03 00:30:00+00:00,2021-08-03 03:00:00+00:00,1819.228,1812.968,1828.32414,1811.0097006781843,11,timeout,0.6882040074141422
VWAP_MR,M15,short,2021-08-04 09:15:00+00:00,2021-08-04 11:45:00+00:00,1813.058,1812.635,1822.1232899999998,1810.8049307811843,11,timeout,0.046661496764032064
VWAP_MR,M15,long,2021-08-06 22:15:00+00:00,2021-08-07 00:45:00+00:00,1758.878,1763.908,1750.08361,1784.9249819651798,11,timeout,0.5719555307417524
VWAP_MR,M15,long,2021-08-09 06:15:00+00:00,2021-08-09 06:15:00+00:00,1704.84,1696.3157999999999,1696.3157999999999,1772.0745124037992,1,sl,-1.0
VWAP_MR,M15,short,2021-08-11 18:00:00+00:00,2021-08-11 19:45:00+00:00,1735.878,1744.5573899999997,1744.5573899999997,1731.2474385064834,8,sl,-1.0
VWAP_MR,M15,short,2021-08-11 20:00:00+00:00,2021-08-11 22:30:00+00:00,1746.108,1749.058,1754.8385399999997,1733.8289660170087,11,timeout,-0.3378943341420022
VWAP_MR,M15,short,2021-08-13 21:30:00+00:00,2021-08-14 00:00:00+00:00,1774.158,1776.148,1783.0287899999996,1759.770886231023,11,timeout,-0.22433176752015016
VWAP_MR,M15,short,2021-08-16 22:00:00+00:00,2021-08-17 00:30:00+00:00,1787.998,1787.098,1796.93799,1778.475296984326,11,timeout,0.10067125354727531
VWAP_MR,M15,long,2021-08-19 10:30:00+00:00,2021-08-19 13:00:00+00:00,1775.748,1778.978,1766.86926,1784.431817767134,11,timeout,0.36379035764083406
VWAP_MR,M15,short,2021-08-19 18:00:00+00:00,2021-08-19 20:30:00+00:00,1789.778,1787.198,1798.72689,1782.8714608556247,11,timeout,0.2883039125522784
VWAP_MR,M15,short,2021-08-23 10:00:00+00:00,2021-08-23 12:30:00+00:00,1786.318,1787.348,1795.24959,1782.3581091683684,11,timeout,-0.11532101227216907
VWAP_MR,M15,short,2021-08-23 18:45:00+00:00,2021-08-23 20:00:00+00:00,1792.073,1801.033365,1801.033365,1784.7092922365523,6,sl,-1.0
VWAP_MR,M15,short,2021-08-24 19:30:00+00:00,2021-08-24 19:30:00+00:00,1806.999,1803.03634430567,1816.0339949999998,1803.03634430567,1,tp,0.438589694220111
VWAP_MR,M15,short,2021-08-24 20:00:00+00:00,2021-08-24 20:45:00+00:00,1808.378,1803.3312986624508,1817.4198899999997,1803.3312986624508,4,tp,0.5581467301138713
VWAP_MR,M15,short,2021-08-27 10:00:00+00:00,2021-08-27 12:30:00+00:00,1797.708,1801.588,1806.69654,1790.4198360324933,11,timeout,-0.4316607591444167
VWAP_MR,M15,short,2021-08-27 23:15:00+00:00,2021-08-28 01:45:00+00:00,1813.718,1817.519,1822.78659,1800.0686135928963,11,timeout,-0.419139028228202
VWAP_MR,M15,long,2021-08-31 20:30:00+00:00,2021-08-31 20:45:00+00:00,1804.275,1813.1697547909314,1795.253625,1813.1697547909314,2,tp,0.985964422378104
VWAP_MR,M15,short,2021-09-01 20:15:00+00:00,2021-09-01 20:15:00+00:00,1819.235,1814.1160499643404,1828.3311749999998,1814.1160499643404,1,tp,0.5627585260463397
VWAP_MR,M15,short,2021-09-03 19:45:00+00:00,2021-09-03 22:15:00+00:00,1822.467,1831.579335,1831.579335,1813.108558986311,11,sl,-1.0
VWAP_MR,M15,long,2021-09-07 12:45:00+00:00,2021-09-07 15:15:00+00:00,1818.748,1814.958,1809.65426,1823.6281933377388,11,timeout,-0.4167702177541862
VWAP_MR,M15,long,2021-09-07 16:45:00+00:00,2021-09-07 19:15:00+00:00,1811.788,1811.868,1802.72906,1820.0688695754109,11,timeout,0.008831055289021252
VWAP_MR,M15,long,2021-09-07 21:30:00+00:00,2021-09-08 00:00:00+00:00,1797.508,1795.534,1788.52046,1814.2593289606173,11,timeout,-0.219637409124178
VWAP_MR,M15,short,2021-09-09 18:45:00+00:00,2021-09-09 21:00:00+00:00,1799.457,1790.5921429765206,1808.454285,1790.5921429765206,10,tp,0.9852813402576025
VWAP_MR,M15,short,2021-09-10 13:00:00+00:00,2021-09-10 15:30:00+00:00,1802.702,1802.614,1811.7155099999998,1793.8979361299573,11,timeout,0.009763122246490844
VWAP_MR,M15,short,2021-09-13 21:30:00+00:00,2021-09-14 00:00:00+00:00,1795.974,1793.668,1804.9538699999998,1789.9406114503265,11,timeout,0.25679659059653065
VWAP_MR,M15,short,2021-09-14 20:15:00+00:00,2021-09-14 22:00:00+00:00,1798.794,1807.7879699999999,1807.7879699999999,1789.9804026182123,8,sl,-1.0
VWAP_MR,M15,long,2021-09-16 17:15:00+00:00,2021-09-16 19:15:00+00:00,1776.607,1767.723965,1767.723965,1788.7054666949941,9,sl,-1.0
VWAP_MR,M15,short,2021-09-20 16:15:00+00:00,2021-09-20 18:45:00+00:00,1758.127,1756.304,1766.9176349999998,1751.5032837330693,11,timeout,0.2073797854193581
VWAP_MR,M15,short,2021-09-21 19:45:00+00:00,2021-09-21 22:15:00+00:00,1774.764,1779.014,1783.6378199999997,1764.562301945616,11,timeout,-0.47893691780992825
VWAP_MR,M15,short,2021-09-21 22:30:00+00:00,2021-09-22 01:00:00+00:00,1779.003,1775.998,1787.8980149999998,1768.7989906819084,11,timeout,0.33782967201291275
VWAP_MR,M15,long,2021-09-24 04:00:00+00:00,2021-09-24 07:15:00+00:00,1738.718,1747.014,1730.02441,1758.0940912709793,11,timeout,0.9542663042540239
VWAP_MR,M15,short,2021-09-27 08:30:00+00:00,2021-09-27 11:00:00+00:00,1756.638,1759.064,1765.4211899999998,1748.9250951837903,11,timeout,-0.27620944098900196
VWAP_MR,M15,long,2021-09-28 13:45:00+00:00,2021-09-28 16:15:00+00:00,1743.948,1742.688,1735.22826,1750.7040151637018,11,timeout,-0.14449972132196495
VWAP_MR,M15,short,2021-09-29 17:45:00+00:00,2021-09-29 19:30:00+00:00,1745.173,1738.263222847166,1753.898865,1738.263222847166,8,tp,0.7918730295316462
VWAP_MR,M15,short,2021-09-30 20:15:00+00:00,2021-09-30 21:15:00+00:00,1737.928,1746.61764,1746.61764,1730.0684230669506,5,sl,-1.0
VWAP_MR,M15,short,2021-10-04 05:45:00+00:00,2021-10-04 08:15:00+00:00,1764.505,1764.618,1773.327525,1756.9613875087146,11,timeout,-0.012808124658171147
VWAP_MR,M15,long,2021-10-04 15:45:00+00:00,2021-10-04 18:15:00+00:00,1752.035,1748.708,1743.274825,1759.3896238680998,11,timeout,-0.37978693348020487
VWAP_MR,M15,short,2021-10-04 22:00:00+00:00,2021-10-05 00:30:00+00:00,1768.878,1765.548,1777.7223899999997,1756.3558074508915,11,timeout,0.37650985539986614
VWAP_MR,M15,short,2021-10-08 18:30:00+00:00,2021-10-08 19:30:00+00:00,1761.845,1770.6542249999998,1770.6542249999998,1757.4043651459497,5,sl,-1.0
VWAP_MR,M15,short,2021-10-12 12:30:00+00:00,2021-10-12 15:00:00+00:00,1759.798,1756.888,1768.5969899999998,1756.2066877460456,11,timeout,0.33071977579246664
VWAP_MR,M15,short,2021-10-12 18:45:00+00:00,2021-10-12 19:30:00+00:00,1763.915,1757.9616167333506,1772.7345749999997,1757.9616167333506,4,tp,0.6750192913660226
VWAP_MR,M15,short,2021-10-13 15:00:00+00:00,2021-10-13 17:30:00+00:00,1765.558,1770.223,1774.3857899999998,1760.969464753687,11,timeout,-0.5284448316056518
VWAP_MR,M15,long,2021-10-15 14:45:00+00:00,2021-10-15 17:15:00+00:00,1788.718,1783.024,1779.77441,1794.9855337809827,11,timeout,-0.6366570918389743
VWAP_MR,M15,long,2021-10-15 18:15:00+00:00,2021-10-15 19:30:00+00:00,1780.798,1771.89401,1771.89401,1790.4167075999023,6,sl,-1.0
VWAP_MR,M15,long,2021-10-15 20:15:00+00:00,2021-10-15 22:45:00+00:00,1767.778,1769.358,1758.93911,1784.7953998097837,11,timeout,0.17875547721489107
VWAP_MR,M15,short,2021-10-19 09:00:00+00:00,2021-10-19 11:30:00+00:00,1770.008,1774.748,1778.8580399999998,1766.06253331338,11,timeout,-0.535590799589619
VWAP_MR,M15,short,2021-10-20 20:00:00+00:00,2021-10-20 20:45:00+00:00,1786.688,1776.0544870677832,1795.62144,1776.0544870677832,4,tp,1.190304399225516
VWAP_MR,M15,short,2021-10-22 14:00:00+00:00,2021-10-22 16:30:00+00:00,1792.858,1792.184,1801.8222899999998,1783.734068096952,11,timeout,0.0751872150499355
VWAP_MR,M15,short,2021-10-22 20:00:00+00:00,2021-10-22 22:15:00+00:00,1804.588,1813.6109399999998,1813.6109399999998,1790.9476919240562,10,sl,-1.0
VWAP_MR,M15,short,2021-10-25 21:00:00+00:00,2021-10-25 23:30:00+00:00,1806.144,1806.664,1815.1747199999998,1798.4775176808064,11,timeout,-0.05758123383296087
VWAP_MR,M15,short,2021-10-27 19:30:00+00:00,2021-10-27 21:15:00+00:00,1794.458,1788.933743755554,1803.4302899999998,1788.933743755554,8,tp,0.6157019272054695
VWAP_MR,M15,short,2021-10-28 20:45:00+00:00,2021-10-28 20:45:00+00:00,1808.998,1800.68299109931,1818.04299,1800.68299109931,1,tp,0.9192944271569415
VWAP_MR,M15,short,2021-11-01 20:00:00+00:00,2021-11-01 22:30:00+00:00,1790.124,1791.358,1799.0746199999999,1784.5467026150693,11,timeout,-0.13786754437122178
VWAP_MR,M15,long,2021-11-03 20:30:00+00:00,2021-11-03 21:15:00+00:00,1771.858,1762.9987099999998,1762.9987099999998,1781.295128114005,4,sl,-1.0
VWAP_MR,M15,short,2021-11-04 20:00:00+00:00,2021-11-04 21:00:00+00:00,1788.728,1797.6716399999998,1797.6716399999998,1777.4379374672967,5,sl,-1.0
VWAP_MR,M15,short,2021-11-05 20:45:00+00:00,2021-11-05 22:45:00+00:00,1800.788,1809.7919399999998,1809.7919399999998,1794.5445689795229,9,sl,-1.0
VWAP_MR,M15,short,2021-11-08 08:30:00+00:00,2021-11-08 11:00:00+00:00,1819.173,1819.053,1828.2688649999998,1802.8077099176417,11,timeout,0.013192807940739426
VWAP_MR,M15,short,2021-11-10 21:00:00+00:00,2021-11-10 21:45:00+00:00,1850.915,1860.1695749999997,1860.1695749999997,1828.7995484304315,4,sl,-1.0
VWAP_MR,M15,short,2021-11-11 15:45:00+00:00,2021-11-11 18:15:00+00:00,1859.188,1862.024,1868.4839399999998,1849.421428658952,11,timeout,-0.3050794217690586
VWAP_MR,M15,short,2021-11-13 02:15:00+00:00,2021-11-13 04:45:00+00:00,1867.258,1864.194,1876.5942899999998,1857.1405797243472,11,timeout,0.32818175099532737
VWAP_MR,M15,short,2021-11-15 20:30:00+00:00,2021-11-15 21:45:00+00:00,1868.078,1861.0016113386794,1877.4183899999998,1861.0016113386794,6,tp,0.7576116908737992
VWAP_MR,M15,short,2021-11-16 02:45:00+00:00,2021-11-16 03:45:00+00:00,1867.364,1862.0137507295703,1876.7008199999998,1862.0137507295703,5,tp,0.5730269267726937
VWAP_MR,M15,short,2021-11-16 16:15:00+00:00,2021-11-16 18:45:00+00:00,1872.378,1873.368,1881.7398899999998,1865.3791541555097,11,timeout,-0.10574787783236284
VWAP_MR,M15,short,2021-11-16 20:30:00+00:00,2021-11-16 21:00:00+00:00,1876.298,1868.5489795813355,1885.6794899999998,1868.5489795813355,3,tp,0.8259903723891072
VWAP_MR,M15,long,2021-11-20 01:00:00+00:00,2021-11-20 03:30:00+00:00,1845.148,1846.888,1835.9222599999998,1859.2984780939817,11,timeout,0.18860275706880886
VWAP_MR,M15,long,2021-11-22 21:30:00+00:00,2021-11-22 21:30:00+00:00,1825.964,1816.8341799999998,1816.8341799999998,1841.7537422084756,1,sl,-1.0
VWAP_MR,M15,short,2021-11-26 10:30:00+00:00,2021-11-26 13:00:00+00:00,1797.099,1797.578,1806.0844949999998,1791.8843713864003,11,timeout,-0.05330813716996639
VWAP_MR,M15,short,2021-11-26 17:15:00+00:00,2021-11-26 19:45:00+00:00,1809.245,1807.515,1818.2912249999997,1798.074707058736,11,timeout,0.19123999237248962
VWAP_MR,M15,short,2021-11-30 22:00:00+00:00,2021-11-30 22:45:00+00:00,1801.241,1792.8137686370774,1810.247205,1792.8137686370774,4,tp,0.9357139175626912
VWAP_MR,M15,long,2021-12-02 15:45:00+00:00,2021-12-02 18:15:00+00:00,1771.478,1777.19,1762.6206100000002,1780.0543177397112,11,timeout,0.6448852314282262
VWAP_MR,M15,short,2021-12-03 20:45:00+00:00,2021-12-03 20:45:00+00:00,1777.13,1771.177868297143,1786.0156499999998,1771.177868297143,1,tp,0.669858896406819
VWAP_MR,M15,short,2021-12-07 14:15:00+00:00,2021-12-07 16:15:00+00:00,1783.405,1779.8449541757552,1792.3220249999997,1779.8449541757552,9,tp,0.3992414313344257
VWAP_MR,M15,short,2021-12-07 23:45:00+00:00,2021-12-08 02:15:00+00:00,1785.538,1784.375,1794.4656899999998,1780.5064525306573,11,timeout,0.13026886014187797
VWAP_MR,M15,short,2021-12-10 21:15:00+00:00,2021-12-10 23:45:00+00:00,1785.96,1785.828,1794.8898,1775.2888476464273,11,timeout,0.01478196600148531
VWAP_MR,M15,short,2021-12-22 19:45:00+00:00,2021-12-22 22:00:00+00:00,1792.158,1788.765072639386,1801.1187899999998,1788.765072639386,10,tp,0.37864154395024235
VWAP_MR,M15,short,2021-12-22 23:15:00+00:00,2021-12-23 01:45:00+00:00,1795.968,1801.365,1804.9478399999998,1790.5841980869216,11,timeout,-0.601012935642516
VWAP_MR,M15,short,2021-12-23 09:15:00+00:00,2021-12-23 11:45:00+00:00,1807.595,1806.138,1816.6329749999998,1796.6913294438284,11,timeout,0.16120867782884443
VWAP_MR,M15,short,2021-12-28 14:00:00+00:00,2021-12-28 16:30:00+00:00,1815.059,1814.758,1824.1342949999998,1810.3327565469388,11,timeout,0.03316696592231274
VWAP_MR,M15,short,2021-12-28 18:00:00+00:00,2021-12-28 20:30:00+00:00,1817.068,1818.778,1826.1533399999998,1811.9693994776096,11,timeout,-0.18821530069321157
VWAP_MR,M15,short,2021-12-30 22:00:00+00:00,2021-12-31 00:30:00+00:00,1808.015,1813.315,1817.055075,1801.4442045738208,11,timeout,-0.5862783218059607
VWAP_MR,M15,long,2022-01-03 20:30:00+00:00,2022-01-03 21:45:00+00:00,1814.378,1805.30611,1805.30611,1824.4383823706307,6,sl,-1.0
VWAP_MR,M15,long,2022-01-03 22:15:00+00:00,2022-01-04 00:45:00+00:00,1803.098,1799.118,1794.08251,1817.8314651338817,11,timeout,-0.4414624163523023
VWAP_MR,M15,short,2022-01-04 21:15:00+00:00,2022-01-04 23:45:00+00:00,1809.068,1811.988,1818.1133399999999,1804.2955554130187,11,timeout,-0.3228181583003078
VWAP_MR,M15,short,2022-01-05 21:00:00+00:00,2022-01-05 23:30:00+00:00,1826.508,1823.178,1835.6405399999999,1817.216590781412,11,timeout,0.36463021240530974
VWAP_MR,M15,short,2022-01-10 17:30:00+00:00,2022-01-10 20:00:00+00:00,1799.448,1794.7617765746893,1808.44524,1794.7617765746893,11,tp,0.5208512194084899
VWAP_MR,M15,short,2022-01-11 08:30:00+00:00,2022-01-11 11:00:00+00:00,1804.828,1805.768,1813.8521399999997,1796.8202026027784,11,timeout,-0.10416505063087224
VWAP_MR,M15,short,2022-01-12 01:15:00+00:00,2022-01-12 03:45:00+00:00,1817.808,1821.505,1826.8970399999998,1808.5301964180746,11,timeout,-0.406753628546049
VWAP_MR,M15,short,2022-01-12 06:45:00+00:00,2022-01-12 09:15:00+00:00,1821.278,1819.858,1830.38439,1810.7915763034669,11,timeout,0.15593445920942167
VWAP_MR,M15,short,2022-01-13 01:00:00+00:00,2022-01-13 03:30:00+00:00,1826.634,1825.898,1835.7671699999999,1820.5991348953828,11,timeout,0.08058538273130982
VWAP_MR,M15,short,2022-01-14 10:45:00+00:00,2022-01-14 13:15:00+00:00,1826.618,1826.858,1835.7510899999997,1820.7115911368505,11,timeout,-0.026278072372002692
VWAP_MR,M15,long,2022-01-21 15:45:00+00:00,2022-01-21 18:15:00+00:00,1832.748,1834.128,1823.58426,1839.6279958617217,11,timeout,0.1505935349540567
VWAP_MR,M15,short,2022-01-24 16:30:00+00:00,2022-01-24 19:00:00+00:00,1842.868,1838.098,1852.0823399999997,1834.9822435183448,11,timeout,0.5176713687578387
VWAP_MR,M15,short,2022-01-25 22:00:00+00:00,2022-01-26 00:30:00+00:00,1849.651,1848.888,1858.8992549999998,1840.8277596391658,11,timeout,0.08250205038682092
VWAP_MR,M15,short,2022-01-26 01:15:00+00:00,2022-01-26 03:45:00+00:00,1850.388,1847.968,1859.6399399999998,1842.6947743159944,11,timeout,0.26156676329503625
VWAP_MR,M15,long,2022-01-27 03:00:00+00:00,2022-01-27 06:15:00+00:00,1818.938,1819.868,1809.8433100000002,1838.4291089862747,11,timeout,0.10225747111774525
VWAP_MR,M15,long,2022-01-28 18:15:00+00:00,2022-01-28 20:45:00+00:00,1787.378,1786.818,1778.44111,1795.1827796155771,11,timeout,-0.06266161942241077
VWAP_MR,M15,short,2022-01-31 21:15:00+00:00,2022-01-31 23:45:00+00:00,1796.968,1796.378,1805.95284,1790.0837844025434,11,timeout,0.06566616656503126
VWAP_MR,M15,short,2022-02-02 23:00:00+00:00,2022-02-03 01:30:00+00:00,1808.802,1809.088,1817.8460099999998,1802.0053044246267,11,timeout,-0.03162314062015225
VWAP_MR,M15,long,2022-02-03 22:00:00+00:00,2022-02-03 22:45:00+00:00,1791.405,1803.049500253653,1782.447975,1803.049500253653,4,tp,1.3000410575668864
VWAP_MR,M15,long,2022-02-04 21:00:00+00:00,2022-02-04 22:15:00+00:00,1796.888,1807.916392532222,1787.90356,1807.916392532222,6,tp,1.227499157679522
VWAP_MR,M15,short,2022-02-08 22:45:00+00:00,2022-02-09 01:15:00+00:00,1826.704,1826.558,1835.8375199999998,1820.634380204897,11,timeout,0.015985074757591856
VWAP_MR,M15,short,2022-02-09 02:15:00+00:00,2022-02-09 04:45:00+00:00,1828.038,1826.058,1837.1781899999999,1821.8209474397245,11,timeout,0.216625693776612
VWAP_MR,M15,long,2022-02-10 20:45:00+00:00,2022-02-10 20:45:00+00:00,1824.952,1832.5969657912424,1815.82724,1832.5969657912424,1,tp,0.8378265062579672
VWAP_MR,M15,short,2022-02-12 00:30:00+00:00,2022-02-12 01:45:00+00:00,1839.838,1849.0371899999998,1849.0371899999998,1829.0056371297717,6,sl,-1.0
VWAP_MR,M15,short,2022-02-12 02:00:00+00:00,2022-02-12 02:00:00+00:00,1850.174,1859.4248699999998,1859.4248699999998,1831.1779424315391,1,sl,-1.0
VWAP_MR,M15,short,2022-02-14 22:15:00+00:00,2022-02-15 00:45:00+00:00,1866.738,1862.868,1876.0716899999998,1856.8543772797643,11,timeout,0.41462701246776357
VWAP_MR,M15,short,2022-02-15 01:45:00+00:00,2022-02-15 04:15:00+00:00,1867.798,1872.378,1877.1369899999997,1859.3588662746292,11,timeout,-0.4904170579473856
VWAP_MR,M15,short,2022-02-15 04:30:00+00:00,2022-02-15 07:45:00+00:00,1872.398,1871.498,1881.7599899999998,1861.733404850242,11,timeout,0.09613340753406864
VWAP_MR,M15,short,2022-02-16 17:15:00+00:00,2022-02-16 17:45:00+00:00,1858.618,1854.0458712384743,1867.9110899999998,1854.0458712384743,3,tp,0.49199230412335093
VWAP_MR,M15,short,2022-02-16 21:45:00+00:00,2022-02-17 00:15:00+00:00,1860.998,1866.844,1870.30299,1854.6891685420583,11,timeout,-0.6282650491832974
VWAP_MR,M15,short,2022-02-17 02:30:00+00:00,2022-02-17 05:00:00+00:00,1870.848,1869.498,1880.2022399999998,1859.8924717402977,11,timeout,0.14431958128078015
VWAP_MR,M15,short,2022-02-17 16:45:00+00:00,2022-02-17 19:15:00+00:00,1892.328,1886.288,1901.7896399999997,1874.2404994724318,11,timeout,0.6383671329706178
VWAP_MR,M15,short,2022-02-21 06:15:00+00:00,2022-02-21 08:45:00+00:00,1900.598,1894.4415542071556,1910.1009899999997,1894.4415542071556,11,tp,0.6478430254945579
VWAP_MR,M15,short,2022-02-22 01:30:00+00:00,2022-02-22 06:00:00+00:00,1899.828,1909.3271399999999,1909.3271399999999,1894.5002277928215,6,sl,-1.0
VWAP_MR,M15,short,2022-02-23 20:45:00+00:00,2022-02-23 23:15:00+00:00,1903.518,1907.147,1913.0355899999997,1896.3825334053647,11,timeout,-0.3812940040493465
VWAP_MR,M15,short,2022-02-24 00:15:00+00:00,2022-02-24 02:45:00+00:00,1909.363,1906.718,1918.9098149999998,1899.2458402631491,11,timeout,0.27705575105415425
VWAP_MR,M15,short,2022-02-24 10:15:00+00:00,2022-02-24 11:15:00+00:00,1921.548,1931.1557399999997,1931.1557399999997,1906.847984559967,5,sl,-1.0
VWAP_MR,M15,short,2022-02-24 12:30:00+00:00,2022-02-24 15:00:00+00:00,1940.578,1943.908,1950.2808899999998,1915.421001575086,11,timeout,-0.3431967176789592
VWAP_MR,M15,short,2022-02-24 17:45:00+00:00,2022-02-24 20:15:00+00:00,1967.928,1963.068,1977.7676399999998,1932.8179190538704,11,timeout,0.49392050928695364
VWAP_MR,M15,long,2022-02-25 02:45:00+00:00,2022-02-25 02:45:00+00:00,1890.168,1880.71716,1880.71716,1942.1216533458291,1,sl,-1.0
VWAP_MR,M15,short,2022-02-28 06:15:00+00:00,2022-02-28 08:45:00+00:00,1921.303,1912.198,1930.9095149999998,1895.196080634912,11,timeout,0.9477942833587713
VWAP_MR,M15,short,2022-03-01 16:00:00+00:00,2022-03-01 18:00:00+00:00,1913.62,1923.1880999999996,1923.1880999999996,1904.8930891608027,9,sl,-1.0
VWAP_MR,M15,short,2022-03-01 23:00:00+00:00,2022-03-02 01:30:00+00:00,1928.018,1937.65809,1937.65809,1913.7995260631637,11,sl,-1.0
VWAP_MR,M15,short,2022-03-02 04:15:00+00:00,2022-03-02 07:30:00+00:00,1946.298,1940.948,1956.02949,1923.549742377175,11,timeout,0.5497616500659166
VWAP_MR,M15,short,2022-03-04 21:45:00+00:00,2022-03-04 23:15:00+00:00,1951.578,1961.3358899999998,1961.3358899999998,1940.884686869299,7,sl,-1.0
VWAP_MR,M15,short,2022-03-05 01:45:00+00:00,2022-03-05 04:15:00+00:00,1963.6,1968.618,1973.4179999999997,1947.4685023967863,11,timeout,-0.511102057445524
VWAP_MR,M15,short,2022-03-07 06:15:00+00:00,2022-03-07 06:15:00+00:00,1976.26,1986.1412999999998,1986.1412999999998,1953.607970640755,1,sl,-1.0
VWAP_MR,M15,short,2022-03-07 09:00:00+00:00,2022-03-07 11:30:00+00:00,1997.862,1987.828,2007.8513099999998,1962.1688659468023,11,timeout,1.0044737824735044
VWAP_MR,M15,short,2022-03-08 14:00:00+00:00,2022-03-08 14:00:00+00:00,2009.72,2019.7685999999999,2019.7685999999999,1988.7448119336846,1,sl,-1.0
VWAP_MR,M15,short,2022-03-08 22:00:00+00:00,2022-03-08 22:00:00+00:00,2027.952,2038.0917599999998,2038.0917599999998,2005.3805727020888,1,sl,-1.0
VWAP_MR,M15,short,2022-03-08 23:30:00+00:00,2022-03-09 00:00:00+00:00,2057.08,2067.3653999999997,2067.3653999999997,2016.4050792686992,3,sl,-1.0
VWAP_MR,M15,long,2022-03-09 17:15:00+00:00,2022-03-09 17:15:00+00:00,2015.871,2005.791645,2005.791645,2044.1036980930078,1,sl,-1.0
VWAP_MR,M15,long,2022-03-11 19:00:00+00:00,2022-03-11 21:00:00+00:00,1969.902,1960.05249,1960.05249,1990.153662075414,9,sl,-1.0
VWAP_MR,M15,long,2022-03-15 12:30:00+00:00,2022-03-15 15:00:00+00:00,1932.158,1929.553,1922.49721,1951.9995662457252,11,timeout,-0.2696466852089546
VWAP_MR,M15,short,2022-03-17 03:00:00+00:00,2022-03-17 06:15:00+00:00,1924.528,1925.863,1934.1506399999998,1914.1703374874871,11,timeout,-0.13873531588005594
VWAP_MR,M15,short,2022-03-21 21:15:00+00:00,2022-03-21 23:45:00+00:00,1931.203,1933.208,1940.8590149999998,1925.1579083149022,11,timeout,-0.2076425937615208
VWAP_MR,M15,short,2022-03-22 02:45:00+00:00,2022-03-22 06:00:00+00:00,1937.503,1935.978,1947.1905149999998,1928.8333262580602,11,timeout,0.15741911109297765
VWAP_MR,M15,long,2022-03-22 21:30:00+00:00,2022-03-23 00:00:00+00:00,1914.058,1920.198,1904.4877099999999,1928.3875065715106,11,timeout,0.6415688552802503
VWAP_MR,M15,short,2022-03-23 16:15:00+00:00,2022-03-23 18:45:00+00:00,1926.453,1929.743,1936.0852649999997,1920.7503411965463,11,timeout,-0.3415603702763633
VWAP_MR,M15,short,2022-03-23 21:00:00+00:00,2022-03-23 23:30:00+00:00,1934.108,1932.423,1943.7785399999998,1924.8826023394859,11,timeout,0.1742405284503215
VWAP_MR,M15,short,2022-03-24 02:45:00+00:00,2022-03-24 06:00:00+00:00,1941.853,1945.088,1951.5622649999998,1929.7112807110698,11,timeout,-0.33318690961674124
VWAP_MR,M15,short,2022-03-24 19:15:00+00:00,2022-03-24 19:30:00+00:00,1957.698,1943.7871373101982,1967.4864899999998,1943.7871373101982,2,tp,1.421144904862991
VWAP_MR,M15,short,2022-03-24 21:45:00+00:00,2022-03-25 00:15:00+00:00,1962.523,1964.208,1972.3356149999997,1946.7462693923735,11,timeout,-0.17171773273487273
VWAP_MR,M15,long,2022-03-29 19:45:00+00:00,2022-03-29 22:15:00+00:00,1896.35,1910.518,1886.86825,1918.644227755231,11,timeout,1.494238932686502
VWAP_MR,M15,short,2022-03-31 20:30:00+00:00,2022-03-31 23:00:00+00:00,1936.732,1944.163,1946.4156599999997,1927.8935912816921,11,timeout,-0.7673751453479652
VWAP_MR,M15,short,2022-04-01 00:45:00+00:00,2022-04-01 03:15:00+00:00,1947.948,1936.978,1957.6877399999998,1932.4622083356912,11,timeout,1.1263134334181715
VWAP_MR,M15,short,2022-04-05 20:15:00+00:00,2022-04-05 21:30:00+00:00,1935.178,1929.692254121516,1944.8538899999999,1929.692254121516,6,tp,0.5669500044424034
VWAP_MR,M15,short,2022-04-07 19:00:00+00:00,2022-04-07 20:00:00+00:00,1929.732,1925.116584734911,1939.3806599999998,1925.116584734911,5,tp,0.4783477980454404
VWAP_MR,M15,short,2022-04-07 21:15:00+00:00,2022-04-07 23:45:00+00:00,1933.32,1933.748,1942.9865999999997,1926.266662176181,11,timeout,-0.044276167421856735
VWAP_MR,M15,short,2022-04-08 19:30:00+00:00,2022-04-08 19:45:00+00:00,1936.568,1931.9658968758004,1946.2508399999997,1931.9658968758004,2,tp,0.47528443351328387
VWAP_MR,M15,short,2022-04-11 05:30:00+00:00,2022-04-11 08:00:00+00:00,1948.548,1944.498,1958.2907399999997,1938.2606393608999,11,timeout,0.41569414764225315
VWAP_MR,M15,short,2022-04-11 15:45:00+00:00,2022-04-11 18:15:00+00:00,1954.371,1957.482,1964.1428549999998,1944.0978237368963,11,timeout,-0.3183632994963558
VWAP_MR,M15,short,2022-04-11 19:15:00+00:00,2022-04-11 19:45:00+00:00,1959.562,1969.3598099999997,1969.3598099999997,1948.457810074821,3,sl,-1.0
VWAP_MR,M15,short,2022-04-12 12:45:00+00:00,2022-04-12 15:15:00+00:00,1959.378,1952.878,1969.1748899999998,1951.1120719077544,11,timeout,0.6634758581549962
VWAP_MR,M15,short,2022-04-12 20:00:00+00:00,2022-04-12 22:00:00+00:00,1966.688,1976.52144,1976.52144,1956.1692870943539,9,sl,-1.0
VWAP_MR,M15,short,2022-04-12 22:45:00+00:00,2022-04-13 01:15:00+00:00,1974.728,1968.742,1984.6016399999999,1961.1952412360556,11,timeout,0.6062607103358263
VWAP_MR,M15,short,2022-04-13 19:30:00+00:00,2022-04-13 22:00:00+00:00,1980.188,1978.612,1990.0889399999999,1971.6195560264684,11,timeout,0.1591768054346415
VWAP_MR,M15,short,2022-04-18 06:15:00+00:00,2022-04-18 08:45:00+00:00,1979.478,1984.688,1989.37539,1971.4398655290302,11,timeout,-0.5264014048148159
VWAP_MR,M15,long,2022-04-22 17:45:00+00:00,2022-04-22 20:15:00+00:00,1932.658,1931.518,1922.99471,1949.101256425123,11,timeout,-0.11797224340777078
VWAP_MR,M15,long,2022-04-25 12:15:00+00:00,2022-04-25 14:45:00+00:00,1916.693,1915.078,1907.109535,1932.698875668739,11,timeout,-0.16851942382009225
VWAP_MR,M15,short,2022-04-29 02:30:00+00:00,2022-04-29 05:45:00+00:00,1895.328,1893.298,1904.8046399999998,1886.1909615062195,11,timeout,0.21421094396326149
VWAP_MR,M15,short,2022-04-29 07:45:00+00:00,2022-04-29 10:15:00+00:00,1897.618,1900.308,1907.1060899999998,1888.868038604577,11,timeout,-0.2835133309233052
VWAP_MR,M15,short,2022-04-29 10:45:00+00:00,2022-04-29 13:15:00+00:00,1902.938,1908.943,1912.4526899999998,1890.9711473478185,11,timeout,-0.6311293378975081
VWAP_MR,M15,short,2022-05-03 21:15:00+00:00,2022-05-03 23:45:00+00:00,1869.708,1870.988,1879.0565399999998,1860.5931826036667,11,timeout,-0.13691977570829345
VWAP_MR,M15,short,2022-05-05 02:00:00+00:00,2022-05-05 02:00:00+00:00,1874.803,1884.177015,1884.177015,1868.213319869956,1,sl,-1.0
VWAP_MR,M15,long,2022-05-05 23:15:00+00:00,2022-05-06 01:45:00+00:00,1873.758,1876.138,1864.38921,1895.174078981598,11,timeout,0.25403493941051986
VWAP_MR,M15,short,2022-05-06 22:45:00+00:00,2022-05-07 01:15:00+00:00,1891.108,1882.918,1900.5635399999996,1878.987507893579,11,timeout,0.866158886747908
VWAP_MR,M15,long,2022-05-09 16:00:00+00:00,2022-05-09 18:30:00+00:00,1865.358,1859.398,1856.0312099999999,1877.0874476445513,11,timeout,-0.6390194268338828
VWAP_MR,M15,long,2022-05-11 08:00:00+00:00,2022-05-11 10:30:00+00:00,1832.148,1836.583,1822.9872599999999,1849.5749193732117,11,timeout,0.48413119464149806
VWAP_MR,M15,long,2022-05-13 20:30:00+00:00,2022-05-13 23:00:00+00:00,1803.268,1808.378,1794.2516600000001,1820.957758006285,11,timeout,0.5667488138202371
VWAP_MR,M15,short,2022-05-17 01:00:00+00:00,2022-05-17 03:00:00+00:00,1817.548,1826.6357399999997,1826.6357399999997,1807.0897679164898,9,sl,-1.0
VWAP_MR,M15,short,2022-05-18 23:00:00+00:00,2022-05-19 01:30:00+00:00,1822.784,1819.118,1831.8979199999999,1813.6259282232927,11,timeout,0.4022418454408483
VWAP_MR,M15,short,2022-05-19 16:00:00+00:00,2022-05-19 17:00:00+00:00,1820.628,1829.7311399999996,1829.7311399999996,1815.6242890882484,5,sl,-1.0
VWAP_MR,M15,short,2022-05-19 19:45:00+00:00,2022-05-19 21:15:00+00:00,1833.044,1842.20922,1842.20922,1820.0218328683939,7,sl,-1.0
VWAP_MR,M15,short,2022-05-19 22:00:00+00:00,2022-05-20 00:30:00+00:00,1845.303,1841.563,1854.529515,1826.3407379279186,11,timeout,0.405353483953592
VWAP_MR,M15,short,2022-05-23 05:15:00+00:00,2022-05-23 07:45:00+00:00,1848.398,1850.708,1857.6399899999997,1842.6752735368234,11,timeout,-0.2499461696020265
VWAP_MR,M15,short,2022-05-24 15:15:00+00:00,2022-05-24 17:45:00+00:00,1859.913,1855.468,1869.2125649999998,1853.3407582692628,11,timeout,0.47797934634577327
VWAP_MR,M15,short,2022-05-24 21:15:00+00:00,2022-05-24 23:45:00+00:00,1868.368,1867.443,1877.7098399999998,1857.0456192382555,11,timeout,0.09901689602904486
VWAP_MR,M15,short,2022-05-27 02:15:00+00:00,2022-05-27 05:30:00+00:00,1852.343,1850.373,1861.604715,1846.8963708093697,11,timeout,0.2127035867547269
VWAP_MR,M15,short,2022-05-27 09:15:00+00:00,2022-05-27 11:45:00+00:00,1855.304,1854.033,1864.58052,1848.145871628086,11,timeout,0.13701258661655452
VWAP_MR,M15,short,2022-05-30 11:15:00+00:00,2022-05-30 13:45:00+00:00,1860.483,1861.568,1869.7854149999998,1854.664618516303,11,timeout,-0.11663637883281386
VWAP_MR,M15,short,2022-06-02 20:30:00+00:00,2022-06-02 23:00:00+00:00,1860.604,1867.778,1869.9070199999999,1851.5143848491286,11,timeout,-0.771147433844075
VWAP_MR,M15,short,2022-06-13 05:30:00+00:00,2022-06-13 08:00:00+00:00,1877.988,1871.428,1887.3779399999999,1852.20515916626,11,timeout,0.6986200124814522
VWAP_MR,M15,long,2022-06-13 20:45:00+00:00,2022-06-13 21:15:00+00:00,1837.293,1828.106535,1828.106535,1858.2300487941086,3,sl,-1.0
VWAP_MR,M15,short,2022-06-15 18:45:00+00:00,2022-06-15 21:15:00+00:00,1832.027,1820.564,1841.187135,1818.812663891577,11,timeout,1.2514007708401838
VWAP_MR,M15,short,2022-06-16 02:00:00+00:00,2022-06-16 05:15:00+00:00,1836.968,1833.714,1846.15284,1823.7884195318086,11,timeout,0.354279443082315
VWAP_MR,M15,short,2022-06-16 22:30:00+00:00,2022-06-16 23:30:00+00:00,1838.988,1848.18294,1848.18294,1828.9523255366364,5,sl,-1.0
VWAP_MR,M15,short,2022-06-22 18:30:00+00:00,2022-06-22 21:00:00+00:00,1840.113,1843.428,1849.313565,1828.1711722409227,11,timeout,-0.36030395959379685
VWAP_MR,M15,short,2022-06-23 21:15:00+00:00,2022-06-23 22:45:00+00:00,1842.831,1833.8317727023552,1852.0451549999998,1833.8317727023552,7,tp,0.9766741820215497
VWAP_MR,M15,short,2022-06-27 05:15:00+00:00,2022-06-27 07:45:00+00:00,1835.798,1828.168,1844.97699,1826.372435653599,11,timeout,0.8312461392811414
VWAP_MR,M15,long,2022-06-27 22:45:00+00:00,2022-06-28 01:15:00+00:00,1821.398,1824.253,1812.29101,1832.8099131175782,11,timeout,0.31349545788455013
VWAP_MR,M15,short,2022-06-29 18:00:00+00:00,2022-06-29 20:30:00+00:00,1825.373,1830.113,1834.4998649999998,1818.9901135020536,11,timeout,-0.5193459090279249
VWAP_MR,M15,short,2022-06-30 20:15:00+00:00,2022-06-30 20:30:00+00:00,1824.263,1814.8907263416127,1833.3843149999998,1814.8907263416127,2,tp,1.0275134296302006
VWAP_MR,M15,long,2022-07-01 13:00:00+00:00,2022-07-01 15:30:00+00:00,1796.608,1793.464,1787.6249599999999,1807.031406061036,11,timeout,-0.34999287546309266
VWAP_MR,M15,long,2022-07-06 00:00:00+00:00,2022-07-06 02:30:00+00:00,1765.904,1767.207,1757.07448,1792.1167618731688,11,timeout,0.14757314100881028
VWAP_MR,M15,long,2022-07-12 08:30:00+00:00,2022-07-12 08:30:00+00:00,1724.678,1735.8454984733037,1716.0546100000001,1735.8454984733037,1,tp,1.2950241695323537
VWAP_MR,M15,long,2022-07-13 20:00:00+00:00,2022-07-13 20:45:00+00:00,1710.315,1724.7106078299798,1701.763425,1724.7106078299798,4,tp,1.6833867246653222
VWAP_MR,M15,long,2022-07-14 21:00:00+00:00,2022-07-14 23:30:00+00:00,1698.298,1705.688,1689.80651,1717.8683973518296,11,timeout,0.8702830716399598
VWAP_MR,M15,short,2022-07-18 08:30:00+00:00,2022-07-18 11:00:00+00:00,1712.334,1716.264,1720.8956699999999,1705.5649096203151,11,timeout,-0.4590225972269333
VWAP_MR,M15,short,2022-07-22 21:15:00+00:00,2022-07-22 23:45:00+00:00,1736.184,1729.804,1744.8649199999998,1721.7083701291378,11,timeout,0.7349451440630761
VWAP_MR,M15,short,2022-07-25 16:30:00+00:00,2022-07-25 19:00:00+00:00,1730.521,1725.614,1739.1736049999997,1725.2194014128197,11,timeout,0.567112447638608
VWAP_MR,M15,short,2022-07-27 15:30:00+00:00,2022-07-27 18:00:00+00:00,1722.168,1719.934,1730.7788399999997,1718.1520605593944,11,timeout,0.2594404262534165
VWAP_MR,M15,short,2022-07-28 01:30:00+00:00,2022-07-28 01:45:00+00:00,1724.986,1733.6109299999998,1733.6109299999998,1719.484182272871,2,sl_first_ambiguous,-1.0
VWAP_MR,M15,short,2022-07-28 02:00:00+00:00,2022-07-28 05:15:00+00:00,1733.841,1734.768,1742.5102049999998,1720.6561927463458,11,timeout,-0.1069302202451255
VWAP_MR,M15,short,2022-07-28 08:30:00+00:00,2022-07-28 11:00:00+00:00,1738.608,1736.998,1747.3010399999998,1725.2772649844799,11,timeout,0.1852056357729772
VWAP_MR,M15,short,2022-08-01 17:00:00+00:00,2022-08-01 19:30:00+00:00,1770.574,1770.878,1779.4268699999998,1763.6405737061843,11,timeout,-0.03433914651405362
VWAP_MR,M15,short,2022-08-02 08:00:00+00:00,2022-08-02 10:30:00+00:00,1778.768,1774.238,1787.6618399999998,1770.5800445453804,11,timeout,0.5093412968976405
VWAP_MR,M15,short,2022-08-02 19:45:00+00:00,2022-08-02 21:00:00+00:00,1786.274,1775.2469110010018,1795.2053699999997,1775.2469110010018,6,tp,1.2346469801383646
VWAP_MR,M15,short,2022-08-04 12:45:00+00:00,2022-08-04 15:15:00+00:00,1773.298,1774.592,1782.16449,1762.286146821209,11,timeout,-0.14594275750608338
VWAP_MR,M15,short,2022-08-08 18:15:00+00:00,2022-08-08 20:45:00+00:00,1780.154,1783.748,1789.0547699999997,1774.9794028234558,11,timeout,-0.4037852904861216
VWAP_MR,M15,short,2022-08-08 21:15:00+00:00,2022-08-08 23:45:00+00:00,1784.937,1787.614,1793.8616849999996,1777.9084691873236,11,timeout,-0.29995456422273914
VWAP_MR,M15,short,2022-08-09 20:30:00+00:00,2022-08-09 23:00:00+00:00,1796.258,1795.748,1805.2392899999998,1789.2449730522117,11,timeout,0.056784715781364035
VWAP_MR,M15,long,2022-08-10 13:15:00+00:00,2022-08-10 15:45:00+00:00,1788.288,1792.114,1779.34656,1793.5377803593676,11,timeout,0.42789528308639296
VWAP_MR,M15,short,2022-08-10 19:45:00+00:00,2022-08-10 20:45:00+00:00,1804.928,1792.0219793642846,1813.95264,1792.0219793642846,5,tp,1.430087032359822
VWAP_MR,M15,short,2022-08-12 14:30:00+00:00,2022-08-12 14:45:00+00:00,1793.824,1789.221805587796,1802.7931199999998,1789.221805587796,2,tp,0.5131154909516319
VWAP_MR,M15,short,2022-08-12 23:00:00+00:00,2022-08-13 01:30:00+00:00,1796.998,1801.268,1805.9829899999997,1790.8804055729838,11,timeout,-0.47523703420928964
VWAP_MR,M15,long,2022-08-15 17:30:00+00:00,2022-08-15 20:00:00+00:00,1777.218,1778.974,1768.33191,1791.8774752635545,11,timeout,0.19761222314874874
VWAP_MR,M15,short,2022-08-17 12:00:00+00:00,2022-08-17 14:15:00+00:00,1778.564,1775.7069393580784,1787.4568199999999,1775.7069393580784,10,tp,0.32127723735796954
VWAP_MR,M15,short,2022-08-18 17:15:00+00:00,2022-08-18 19:45:00+00:00,1769.378,1767.758,1778.2248899999997,1764.6783572245624,11,timeout,0.1831151964136467
VWAP_MR,M15,short,2022-08-23 16:00:00+00:00,2022-08-23 17:15:00+00:00,1742.598,1737.342471281733,1751.3109899999997,1737.342471281733,6,tp,0.6031831458852965
VWAP_MR,M15,short,2022-08-23 21:00:00+00:00,2022-08-23 21:15:00+00:00,1744.184,1752.9049199999997,1752.9049199999997,1737.6503264920707,2,sl,-1.0
VWAP_MR,M15,short,2022-08-24 16:15:00+00:00,2022-08-24 17:30:00+00:00,1752.014,1746.7762306386041,1760.7740699999997,1746.7762306386041,6,tp,0.597914099019284
VWAP_MR,M15,short,2022-08-24 22:15:00+00:00,2022-08-25 00:45:00+00:00,1752.724,1748.934,1761.4876199999997,1746.843685502437,11,timeout,0.4324696871840729
VWAP_MR,M15,short,2022-08-25 08:30:00+00:00,2022-08-25 11:00:00+00:00,1754.304,1756.108,1763.0755199999999,1748.5739737312479,11,timeout,-0.20566560869722747
VWAP_MR,M15,long,2022-08-29 08:45:00+00:00,2022-08-29 11:15:00+00:00,1727.398,1724.178,1718.76101,1742.368091322933,11,timeout,-0.3728150663599022
VWAP_MR,M15,long,2022-08-29 12:00:00+00:00,2022-08-29 14:30:00+00:00,1721.164,1721.768,1712.55818,1739.2019629052495,11,timeout,0.07018506080769087
VWAP_MR,M15,long,2022-08-31 16:00:00+00:00,2022-08-31 18:30:00+00:00,1713.748,1715.068,1705.17926,1722.3238924746909,11,timeout,0.15404831982297823
VWAP_MR,M15,short,2022-09-02 17:15:00+00:00,2022-09-02 19:45:00+00:00,1707.17,1705.508,1715.7058499999998,1699.800908883696,11,timeout,0.19470820129220667
VWAP_MR,M15,short,2022-09-02 22:00:00+00:00,2022-09-03 00:30:00+00:00,1716.504,1710.198,1725.0865199999996,1705.6329114806601,11,timeout,0.7347492344905727
VWAP_MR,M15,short,2022-09-06 07:30:00+00:00,2022-09-06 08:00:00+00:00,1715.517,1724.0945849999998,1724.0945849999998,1711.9172569792588,3,sl,-1.0
VWAP_MR,M15,short,2022-09-07 21:45:00+00:00,2022-09-08 00:15:00+00:00,1711.035,1715.368,1719.5901749999998,1700.1843063463737,11,timeout,-0.5064770738178928
VWAP_MR,M15,short,2022-09-12 14:45:00+00:00,2022-09-12 17:15:00+00:00,1725.891,1724.011,1734.5204549999999,1717.0764421531385,11,timeout,0.2178584858487769
VWAP_MR,M15,long,2022-09-13 20:00:00+00:00,2022-09-13 20:15:00+00:00,1710.308,1701.75646,1701.75646,1721.4677382151356,2,sl,-1.0
VWAP_MR,M15,long,2022-09-15 22:15:00+00:00,2022-09-16 00:45:00+00:00,1667.658,1667.044,1659.31971,1686.5364606551173,11,timeout,-0.07363620118751106
VWAP_MR,M15,short,2022-09-16 21:30:00+00:00,2022-09-17 00:00:00+00:00,1673.385,1672.375,1681.7519249999998,1662.3906496444224,11,timeout,0.12071340426739977
VWAP_MR,M15,short,2022-09-20 07:15:00+00:00,2022-09-20 09:45:00+00:00,1676.785,1675.655,1685.168925,1668.2127109068956,11,timeout,0.13478174005613452
VWAP_MR,M15,short,2022-09-21 13:30:00+00:00,2022-09-21 16:00:00+00:00,1670.735,1671.035,1679.0886749999997,1664.7115388523655,11,timeout,-0.035912337983006005
VWAP_MR,M15,short,2022-09-22 02:00:00+00:00,2022-09-22 03:00:00+00:00,1685.256,1670.6732442683249,1693.68228,1670.6732442683249,5,tp,1.7306279558328668
VWAP_MR,M15,short,2022-09-22 20:00:00+00:00,2022-09-22 22:30:00+00:00,1683.565,1669.97,1691.9828249999998,1666.5500165134795,11,timeout,1.6150252589000609
VWAP_MR,M15,short,2022-09-28 19:45:00+00:00,2022-09-28 20:30:00+00:00,1636.685,1644.8684249999997,1644.8684249999997,1624.1260671943958,4,sl,-1.0
VWAP_MR,M15,short,2022-09-28 20:45:00+00:00,2022-09-28 21:15:00+00:00,1644.755,1652.978775,1652.978775,1625.9545477909664,3,sl,-1.0
VWAP_MR,M15,short,2022-09-29 00:00:00+00:00,2022-09-29 02:30:00+00:00,1657.755,1659.526,1666.0437749999999,1633.9563726019044,11,timeout,-0.21366245313692428
VWAP_MR,M15,short,2022-09-29 23:30:00+00:00,2022-09-30 02:00:00+00:00,1664.306,1658.878,1672.6275299999998,1650.6522078609883,11,timeout,0.6522838949087847
VWAP_MR,M15,short,2022-10-03 19:45:00+00:00,2022-10-03 21:15:00+00:00,1668.706,1677.0495299999998,1677.0495299999998,1664.3102520981154,7,sl,-1.0
VWAP_MR,M15,short,2022-10-04 22:30:00+00:00,2022-10-05 01:00:00+00:00,1724.314,1723.418,1732.9355699999999,1707.535083979593,11,timeout,0.10392538713948934
VWAP_MR,M15,short,2022-10-06 08:00:00+00:00,2022-10-06 10:30:00+00:00,1723.264,1722.894,1731.8803199999998,1710.1738703340077,11,timeout,0.04294176632250159
VWAP_MR,M15,short,2022-10-11 22:45:00+00:00,2022-10-11 23:30:00+00:00,1674.775,1683.1488749999999,1683.1488749999999,1667.2505055732133,4,sl,-1.0
VWAP_MR,M15,short,2022-10-13 01:30:00+00:00,2022-10-13 04:00:00+00:00,1676.895,1672.978,1685.2794749999998,1669.8782811748088,11,timeout,0.4671729595472575
VWAP_MR,M15,short,2022-10-13 19:00:00+00:00,2022-10-13 19:30:00+00:00,1679.849,1673.1336126663787,1688.2482449999998,1673.1336126663787,3,tp,0.7995227349150306
VWAP_MR,M15,long,2022-10-14 16:45:00+00:00,2022-10-14 19:15:00+00:00,1654.945,1654.515,1646.670275,1665.6803703098556,11,timeout,-0.051965473172804755
VWAP_MR,M15,short,2022-10-17 20:00:00+00:00,2022-10-17 22:30:00+00:00,1666.428,1661.028,1674.7601399999999,1654.472841989189,11,timeout,0.6480928068899767
VWAP_MR,M15,long,2022-10-19 12:00:00+00:00,2022-10-19 14:15:00+00:00,1645.867,1637.637665,1637.637665,1650.8384685995652,10,sl,-1.0
VWAP_MR,M15,short,2022-10-20 18:00:00+00:00,2022-10-20 20:30:00+00:00,1637.998,1631.058,1646.18799,1630.2718254412264,11,timeout,0.8473758820218559
VWAP_MR,M15,short,2022-10-21 21:00:00+00:00,2022-10-21 23:00:00+00:00,1639.898,1648.0974899999997,1648.0974899999997,1625.458400372116,9,sl,-1.0
VWAP_MR,M15,short,2022-10-22 00:00:00+00:00,2022-10-22 02:30:00+00:00,1652.037,1655.398,1660.297185,1632.6936471055576,11,timeout,-0.40689161320235945
VWAP_MR,M15,short,2022-10-24 05:15:00+00:00,2022-10-24 07:00:00+00:00,1661.547,1669.854735,1669.854735,1636.9340839637148,8,sl,-1.0
VWAP_MR,M15,short,2022-10-25 20:45:00+00:00,2022-10-25 23:15:00+00:00,1654.398,1656.898,1662.6699899999996,1646.391428691285,11,timeout,-0.3022247367320416
VWAP_MR,M15,short,2022-10-26 14:15:00+00:00,2022-10-26 15:15:00+00:00,1664.748,1673.0717399999999,1673.0717399999999,1655.7365021482099,5,sl,-1.0
VWAP_MR,M15,short,2022-10-26 16:00:00+00:00,2022-10-26 18:30:00+00:00,1672.007,1670.838,1680.367035,1659.80764828162,11,timeout,0.139831950464335
VWAP_MR,M15,short,2022-10-28 09:15:00+00:00,2022-10-28 11:45:00+00:00,1666.717,1663.758,1675.050585,1661.0485561956837,11,timeout,0.3550692769078507
VWAP_MR,M15,long,2022-10-28 16:30:00+00:00,2022-10-28 19:00:00+00:00,1647.438,1650.368,1639.20081,1657.6689958118498,11,timeout,0.3557038261834214
VWAP_MR,M15,short,2022-11-01 13:30:00+00:00,2022-11-01 16:00:00+00:00,1642.738,1646.898,1650.9516899999999,1636.9991576583643,11,timeout,-0.5064715128036179
VWAP_MR,M15,short,2022-11-02 15:45:00+00:00,2022-11-02 18:15:00+00:00,1654.778,1655.868,1663.0518899999997,1649.6911112683472,11,timeout,-0.13173972581215804
VWAP_MR,M15,short,2022-11-03 01:30:00+00:00,2022-11-03 02:00:00+00:00,1663.818,1653.367445946452,1672.1370899999997,1653.367445946452,3,tp,1.2562136067223952
VWAP_MR,M15,short,2022-11-04 09:45:00+00:00,2022-11-04 12:00:00+00:00,1635.888,1644.0674399999998,1644.0674399999998,1624.773133542702,10,sl,-1.0
VWAP_MR,M15,short,2022-11-08 22:15:00+00:00,2022-11-08 22:15:00+00:00,1678.667,1687.0603349999997,1687.0603349999997,1671.8550097645668,1,sl,-1.0
VWAP_MR,M15,short,2022-11-10 20:45:00+00:00,2022-11-10 21:45:00+00:00,1733.498,1742.1654899999999,1742.1654899999999,1708.9726136605832,5,sl,-1.0
VWAP_MR,M15,short,2022-11-10 23:00:00+00:00,2022-11-11 01:30:00+00:00,1752.427,1750.158,1761.1891349999996,1726.5069882427176,11,timeout,0.25895515191218565
VWAP_MR,M15,short,2022-11-12 05:00:00+00:00,2022-11-14 06:00:00+00:00,1770.048,1761.9742309183807,1778.8982399999998,1761.9742309183807,2,tp,0.9122655523036094
VWAP_MR,M15,short,2022-11-14 22:15:00+00:00,2022-11-15 00:45:00+00:00,1769.547,1769.748,1778.3947349999999,1761.2659681790967,11,timeout,-0.0227176785923206
VWAP_MR,M15,short,2022-11-15 20:45:00+00:00,2022-11-15 21:00:00+00:00,1782.407,1775.2374633101963,1791.3190349999998,1775.2374633101963,2,tp,0.8044780669963448
VWAP_MR,M15,short,2022-11-16 16:30:00+00:00,2022-11-16 19:00:00+00:00,1780.687,1782.908,1789.5904349999996,1775.5467876862335,11,timeout,-0.24945428365569852
VWAP_MR,M15,short,2022-11-24 01:45:00+00:00,2022-11-24 04:15:00+00:00,1745.367,1750.198,1754.0938349999997,1739.0796507933665,11,timeout,-0.5535798488226592
VWAP_MR,M15,short,2022-11-25 11:15:00+00:00,2022-11-25 13:00:00+00:00,1759.398,1756.4245149730675,1768.1949899999997,1756.4245149730675,8,tp,0.3380116411332119
VWAP_MR,M15,short,2022-11-28 15:45:00+00:00,2022-11-28 18:15:00+00:00,1756.828,1761.068,1765.6121399999997,1750.7118427711423,11,timeout,-0.4826881174480517
VWAP_MR,M15,long,2022-11-28 23:30:00+00:00,2022-11-29 02:00:00+00:00,1742.087,1740.658,1733.376565,1752.8562609147216,11,timeout,-0.16405610052771116
VWAP_MR,M15,short,2022-11-30 16:00:00+00:00,2022-11-30 18:30:00+00:00,1757.958,1759.958,1766.74779,1752.5741932080462,11,timeout,-0.2275367215826593
VWAP_MR,M15,short,2022-12-01 03:00:00+00:00,2022-12-01 06:15:00+00:00,1766.688,1770.498,1775.52144,1757.3453905263148,11,timeout,-0.43131554637830744
VWAP_MR,M15,long,2022-12-02 20:45:00+00:00,2022-12-02 23:15:00+00:00,1785.558,1788.658,1776.63021,1798.8335700593852,11,timeout,0.3472303896036895
VWAP_MR,M15,short,2022-12-05 09:00:00+00:00,2022-12-05 11:30:00+00:00,1806.378,1808.377,1815.4098899999997,1791.304625686363,11,timeout,-0.22132687621307162
VWAP_MR,M15,long,2022-12-05 22:15:00+00:00,2022-12-06 00:15:00+00:00,1779.857,1770.957715,1770.957715,1797.3738642232092,9,sl,-1.0
VWAP_MR,M15,short,2022-12-07 20:45:00+00:00,2022-12-07 22:00:00+00:00,1777.278,1786.16439,1786.16439,1772.747791456706,6,sl,-1.0
VWAP_MR,M15,short,2022-12-08 01:45:00+00:00,2022-12-08 04:15:00+00:00,1785.748,1786.348,1794.6767399999999,1777.57780072758,11,timeout,-0.06719873128794435
VWAP_MR,M15,short,2022-12-08 20:45:00+00:00,2022-12-08 23:15:00+00:00,1788.458,1787.958,1797.4002899999998,1784.1926338108271,11,timeout,0.055914089120350056
VWAP_MR,M15,short,2022-12-09 08:45:00+00:00,2022-12-09 11:15:00+00:00,1794.517,1795.838,1803.4895849999998,1788.2537262170852,11,timeout,-0.14722624527936476
VWAP_MR,M15,short,2022-12-13 20:45:00+00:00,2022-12-13 21:15:00+00:00,1805.548,1814.5757399999998,1814.5757399999998,1787.2234871097312,3,sl,-1.0
VWAP_MR,M15,short,2022-12-16 20:15:00+00:00,2022-12-16 22:00:00+00:00,1784.218,1793.13909,1793.13909,1779.6418324040217,8,sl,-1.0
VWAP_MR,M15,short,2022-12-16 22:15:00+00:00,2022-12-17 00:45:00+00:00,1792.498,1787.915,1801.46049,1781.9910002873053,11,timeout,0.5113534296830613
VWAP_MR,M15,short,2022-12-20 15:30:00+00:00,2022-12-20 16:45:00+00:00,1797.775,1806.7638749999999,1806.7638749999999,1790.2101343641807,6,sl,-1.0
VWAP_MR,M15,short,2022-12-20 22:15:00+00:00,2022-12-21 00:45:00+00:00,1813.735,1818.228,1822.8036749999997,1799.1369252541108,11,timeout,-0.4954417266028704
VWAP_MR,M15,short,2022-12-21 23:00:00+00:00,2022-12-21 23:15:00+00:00,1821.898,1816.0106804806871,1831.0074899999997,1816.0106804806871,2,tp,0.646284206834069
VWAP_MR,M15,short,2022-12-27 09:15:00+00:00,2022-12-27 11:45:00+00:00,1804.335,1804.565,1813.3566749999998,1798.0509024404453,11,timeout,-0.0254941571271438
VWAP_MR,M15,short,2022-12-27 22:45:00+00:00,2022-12-27 22:45:00+00:00,1821.077,1830.1823849999998,1830.1823849999998,1807.5001228512306,1,sl,-1.0
VWAP_MR,M15,short,2022-12-29 22:00:00+00:00,2022-12-30 00:30:00+00:00,1815.735,1817.615,1824.8136749999996,1808.559692228171,11,timeout,-0.20707867612841757
VWAP_MR,M15,short,2022-12-31 01:15:00+00:00,2022-12-31 03:45:00+00:00,1823.585,1822.548,1832.7029249999998,1818.1283130917234,11,timeout,0.11373201687884676
VWAP_MR,M15,short,2023-01-04 09:15:00+00:00,2023-01-04 11:45:00+00:00,1844.135,1846.208,1853.3556749999998,1837.7121624548865,11,timeout,-0.22482085096808396
VWAP_MR,M15,short,2023-01-04 12:00:00+00:00,2023-01-04 14:30:00+00:00,1846.208,1852.815,1855.43904,1839.0240577258946,11,timeout,-0.7157373383714128
VWAP_MR,M15,short,2023-01-06 21:00:00+00:00,2023-01-06 22:15:00+00:00,1848.615,1857.8580749999999,1857.8580749999999,1838.6345071622725,6,sl,-1.0
VWAP_MR,M15,short,2023-01-06 22:30:00+00:00,2023-01-07 01:00:00+00:00,1861.265,1862.455,1870.571325,1843.2602114376048,11,timeout,-0.12787002388159174
VWAP_MR,M15,short,2023-01-07 02:00:00+00:00,2023-01-07 04:30:00+00:00,1867.027,1865.948,1876.3621349999999,1848.900999026345,11,timeout,0.11558483085675493
VWAP_MR,M15,short,2023-01-11 13:00:00+00:00,2023-01-11 15:30:00+00:00,1884.245,1882.505,1893.6662249999997,1876.128566218312,11,timeout,0.18468935833713923
VWAP_MR,M15,short,2023-01-11 16:15:00+00:00,2023-01-11 18:45:00+00:00,1883.758,1884.095,1893.1767899999998,1877.7784349031192,11,timeout,-0.03577954280751553
VWAP_MR,M15,short,2023-01-12 10:00:00+00:00,2023-01-12 12:30:00+00:00,1884.285,1884.315,1893.7064249999999,1876.0779650383138,11,timeout,-0.0031842316846945598
VWAP_MR,M15,short,2023-01-12 21:15:00+00:00,2023-01-12 21:45:00+00:00,1899.895,1886.4735976932318,1909.3944749999998,1886.4735976932318,3,tp,1.4128572691404948
VWAP_MR,M15,short,2023-01-13 22:45:00+00:00,2023-01-14 01:15:00+00:00,1912.698,1919.145,1922.2614899999999,1902.0749427308867,11,timeout,-0.674126286533477
VWAP_MR,M15,short,2023-01-14 01:30:00+00:00,2023-01-14 04:00:00+00:00,1919.145,1920.548,1928.7407249999999,1905.5511156954456,11,timeout,-0.14621094289384431
VWAP_MR,M15,short,2023-01-18 20:30:00+00:00,2023-01-18 23:00:00+00:00,1919.265,1912.285,1928.8613249999999,1907.919539594506,11,timeout,0.7273617765134256
VWAP_MR,M15,short,2023-01-19 21:45:00+00:00,2023-01-20 00:15:00+00:00,1917.495,1921.845,1927.0824749999997,1909.4378594016828,11,timeout,-0.4537169588447658
VWAP_MR,M15,short,2023-01-20 02:45:00+00:00,2023-01-20 06:00:00+00:00,1928.245,1931.387,1937.8862249999997,1915.1993922891922,11,timeout,-0.32589219730896246
VWAP_MR,M15,short,2023-01-20 06:30:00+00:00,2023-01-20 09:00:00+00:00,1932.885,1932.045,1942.5494249999997,1917.9033848077825,11,timeout,0.08691670740886741
VWAP_MR,M15,long,2023-01-23 14:00:00+00:00,2023-01-23 16:30:00+00:00,1921.325,1922.505,1911.718375,1927.8572267267846,11,timeout,0.12283189986077823
VWAP_MR,M15,short,2023-01-24 04:00:00+00:00,2023-01-24 07:15:00+00:00,1931.135,1932.058,1940.7906749999997,1922.8784714547526,11,timeout,-0.09559145269492045
VWAP_MR,M15,short,2023-01-24 14:00:00+00:00,2023-01-24 16:30:00+00:00,1938.975,1935.545,1948.6698749999996,1926.6133881077299,11,timeout,0.35379517528590604
VWAP_MR,M15,long,2023-01-24 22:15:00+00:00,2023-01-24 22:45:00+00:00,1920.965,1934.234835743228,1911.3601749999998,1934.234835743228,3,tp,1.3815801686368905
VWAP_MR,M15,short,2023-01-26 00:45:00+00:00,2023-01-26 03:15:00+00:00,1939.255,1943.735,1948.951275,1929.7946974711283,11,timeout,-0.4620331003400676
VWAP_MR,M15,short,2023-01-30 12:00:00+00:00,2023-01-30 14:30:00+00:00,1933.297,1928.2496979537405,1942.9634849999998,1928.2496979537405,11,tp,0.5221445071563977
VWAP_MR,M15,long,2023-01-31 15:30:00+00:00,2023-01-31 18:00:00+00:00,1907.665,1904.885,1898.126675,1920.693196032543,11,timeout,-0.29145578495175795
VWAP_MR,M15,long,2023-02-02 22:15:00+00:00,2023-02-03 00:45:00+00:00,1922.755,1914.875,1913.141225,1949.9908820234264,11,timeout,-0.8196572106170659
VWAP_MR,M15,long,2023-02-03 21:00:00+00:00,2023-02-03 21:30:00+00:00,1885.675,1876.246625,1876.246625,1906.9264598097711,3,sl,-1.0
VWAP_MR,M15,long,2023-02-03 21:45:00+00:00,2023-02-03 22:15:00+00:00,1879.515,1870.1174250000001,1870.1174250000001,1902.5885235123167,3,sl,-1.0
VWAP_MR,M15,short,2023-02-08 01:00:00+00:00,2023-02-08 01:30:00+00:00,1882.147,1872.682698184423,1891.5577349999996,1872.682698184423,3,tp,1.0056920969060485
VWAP_MR,M15,short,2023-02-08 15:15:00+00:00,2023-02-08 17:45:00+00:00,1884.615,1881.085,1894.0380749999997,1875.219445138651,11,timeout,0.37461232134946243
VWAP_MR,M15,short,2023-02-09 15:45:00+00:00,2023-02-09 18:15:00+00:00,1884.005,1883.308,1893.425025,1877.770051932941,11,timeout,0.07399131106341268
VWAP_MR,M15,short,2023-02-09 21:15:00+00:00,2023-02-09 21:45:00+00:00,1888.635,1880.7615824477782,1898.0781749999999,1880.7615824477782,3,tp,0.8337680443518074
VWAP_MR,M15,long,2023-02-10 01:00:00+00:00,2023-02-10 03:30:00+00:00,1863.465,1859.695,1854.147675,1879.174863925577,11,timeout,-0.40462257139253904
VWAP_MR,M15,long,2023-02-15 15:00:00+00:00,2023-02-15 17:30:00+00:00,1837.025,1835.465,1827.8398750000001,1850.4745768999746,11,timeout,-0.16983982253917915
VWAP_MR,M15,short,2023-02-16 15:30:00+00:00,2023-02-16 16:00:00+00:00,1842.865,1837.7527961901164,1852.079325,1837.7527961901164,3,tp,0.5548104511056006
VWAP_MR,M15,short,2023-02-17 01:00:00+00:00,2023-02-17 03:30:00+00:00,1843.655,1838.305,1852.8732749999997,1836.1545021268,11,timeout,0.5803688868036667
VWAP_MR,M15,short,2023-02-22 15:15:00+00:00,2023-02-22 15:45:00+00:00,1839.914,1835.7130488762796,1849.1135699999998,1835.7130488762796,3,tp,0.45664646540224396
VWAP_MR,M15,short,2023-02-27 21:15:00+00:00,2023-02-27 23:45:00+00:00,1816.245,1815.975,1825.3262249999998,1811.1053337349922,11,timeout,0.029731671663237577
VWAP_MR,M15,long,2023-02-28 15:30:00+00:00,2023-02-28 18:00:00+00:00,1807.265,1808.705,1798.228675,1815.8695012060093,11,timeout,0.15935681817551073
VWAP_MR,M15,short,2023-02-28 22:15:00+00:00,2023-03-01 00:45:00+00:00,1822.665,1829.645,1831.7783249999998,1813.1846805036962,11,timeout,-0.7659114538327304
VWAP_MR,M15,short,2023-03-03 07:15:00+00:00,2023-03-03 09:45:00+00:00,1840.295,1838.905,1849.496475,1834.557728561201,11,timeout,0.15106273722420843
VWAP_MR,M15,short,2023-03-03 14:00:00+00:00,2023-03-03 16:30:00+00:00,1843.035,1846.678,1852.250175,1837.0931017231287,11,timeout,-0.39532618751137133
VWAP_MR,M15,short,2023-03-04 03:00:00+00:00,2023-03-06 06:15:00+00:00,1852.418,1853.605,1861.6800899999996,1845.417801455089,11,timeout,-0.12815681989703856
VWAP_MR,M15,long,2023-03-07 20:30:00+00:00,2023-03-07 22:15:00+00:00,1837.825,1828.635875,1828.635875,1845.284089999136,8,sl,-1.0
VWAP_MR,M15,short,2023-03-09 16:00:00+00:00,2023-03-09 18:30:00+00:00,1818.095,1819.605,1827.1854749999998,1814.6937199922452,11,timeout,-0.1661079316537402
VWAP_MR,M15,short,2023-03-09 21:15:00+00:00,2023-03-09 23:45:00+00:00,1826.925,1827.878,1836.0596249999999,1817.069353901184,11,timeout,-0.10432831123335479
VWAP_MR,M15,short,2023-03-10 20:45:00+00:00,2023-03-10 21:30:00+00:00,1839.154,1848.3497699999998,1848.3497699999998,1833.4026917983651,4,sl,-1.0
VWAP_MR,M15,short,2023-03-13 05:15:00+00:00,2023-03-13 05:15:00+00:00,1878.748,1888.1417399999998,1888.1417399999998,1853.010119208327,1,sl,-1.0
VWAP_MR,M15,short,2023-03-13 22:00:00+00:00,2023-03-14 00:30:00+00:00,1911.075,1910.985,1920.6303749999997,1889.024099184737,11,timeout,0.0094187826223616
VWAP_MR,M15,short,2023-03-15 18:45:00+00:00,2023-03-15 19:15:00+00:00,1913.214,1922.7800699999998,1922.7800699999998,1901.360257730419,3,sl,-1.0
VWAP_MR,M15,short,2023-03-17 12:15:00+00:00,2023-03-17 14:45:00+00:00,1930.608,1930.958,1940.2610399999996,1922.182367979309,11,timeout,-0.03625800784003253
VWAP_MR,M15,short,2023-03-17 19:45:00+00:00,2023-03-17 21:00:00+00:00,1943.085,1952.800425,1952.800425,1929.3695800937471,6,sl,-1.0
VWAP_MR,M15,short,2023-03-17 21:15:00+00:00,2023-03-17 22:00:00+00:00,1954.045,1963.8152249999998,1963.8152249999998,1935.1294186237033,4,sl,-1.0
VWAP_MR,M15,short,2023-03-18 01:30:00+00:00,2023-03-18 04:00:00+00:00,1978.005,1987.8950249999998,1987.8950249999998,1948.3474761898378,11,sl,-1.0
VWAP_MR,M15,long,2023-03-21 23:45:00+00:00,2023-03-22 02:15:00+00:00,1941.045,1937.695,1931.3397750000001,1962.8929949466055,11,timeout,-0.3451748929056422
VWAP_MR,M15,short,2023-03-22 22:15:00+00:00,2023-03-23 00:45:00+00:00,1949.395,1948.645,1959.1419749999998,1942.0601275361466,11,timeout,0.07694695020763015
VWAP_MR,M15,short,2023-03-23 01:15:00+00:00,2023-03-23 01:15:00+00:00,1955.178,1964.95389,1964.95389,1943.7321763527627,1,sl,-1.0
VWAP_MR,M15,short,2023-03-23 03:15:00+00:00,2023-03-23 06:30:00+00:00,1971.655,1966.558,1981.5132749999998,1952.673170507772,11,timeout,0.5170275732823514
VWAP_MR,M15,short,2023-03-24 01:15:00+00:00,2023-03-24 03:45:00+00:00,1998.474,1993.315,2008.4663699999996,1980.6590611092597,11,timeout,0.516293932270325
VWAP_MR,M15,short,2023-03-28 19:45:00+00:00,2023-03-28 22:15:00+00:00,1963.395,1969.305,1973.2119749999997,1956.7995459007363,11,timeout,-0.6020184425446988
VWAP_MR,M15,short,2023-03-30 19:45:00+00:00,2023-03-30 20:30:00+00:00,1974.085,1965.699537001223,1983.9554249999999,1965.699537001223,4,tp,0.8495544010290503
VWAP_MR,M15,short,2023-03-30 23:15:00+00:00,2023-03-31 01:45:00+00:00,1976.035,1980.058,1985.9151749999999,1967.207551854176,11,timeout,-0.40717902263876904
VWAP_MR,M15,short,2023-04-04 20:45:00+00:00,2023-04-04 21:00:00+00:00,1988.355,1998.2967749999998,1998.2967749999998,1981.6267589823958,2,sl,-1.0
VWAP_MR,M15,short,2023-04-04 23:00:00+00:00,2023-04-05 01:30:00+00:00,2020.505,2019.648,2030.607525,1995.9411905247475,11,timeout,0.0848302775791415
VWAP_MR,M15,long,2023-04-10 05:15:00+00:00,2023-04-10 07:45:00+00:00,1996.585,1999.098,1986.602075,2012.2288088949392,11,timeout,0.25172982868246674
VWAP_MR,M15,short,2023-04-11 16:00:00+00:00,2023-04-11 18:30:00+00:00,2006.555,2000.845,2016.5877749999997,1995.870186502346,11,timeout,0.5691346611481093
VWAP_MR,M15,short,2023-04-12 08:45:00+00:00,2023-04-12 11:15:00+00:00,2009.975,2017.785,2020.0248749999996,2002.8608062674389,11,timeout,-0.7771240935832938
VWAP_MR,M15,short,2023-04-13 15:00:00+00:00,2023-04-13 17:30:00+00:00,2024.405,2026.315,2034.5270249999999,2015.7505502865458,11,timeout,-0.1886974197356855
VWAP_MR,M15,short,2023-04-13 20:00:00+00:00,2023-04-13 21:00:00+00:00,2038.165,2048.3558249999996,2048.3558249999996,2023.7079017817678,5,sl,-1.0
VWAP_MR,M15,long,2023-04-14 20:00:00+00:00,2023-04-14 21:30:00+00:00,2019.675,2009.576625,2009.576625,2035.8432464382852,7,sl,-1.0
VWAP_MR,M15,long,2023-04-17 21:45:00+00:00,2023-04-18 00:15:00+00:00,1989.694,1995.525,1979.74553,2005.269337962968,11,timeout,0.58612027779147
VWAP_MR,M15,short,2023-04-18 22:45:00+00:00,2023-04-19 01:15:00+00:00,2010.705,2004.165,2020.7585249999997,2001.8898286731567,11,timeout,0.6505181018598042
VWAP_MR,M15,long,2023-04-19 13:30:00+00:00,2023-04-19 15:45:00+00:00,1993.285,1983.318575,1983.318575,2005.0980176602816,10,sl,-1.0
VWAP_MR,M15,long,2023-04-19 18:15:00+00:00,2023-04-19 20:45:00+00:00,1972.445,1991.548,1962.5827749999999,1992.4044652963794,11,timeout,1.9369868361348388
VWAP_MR,M15,long,2023-04-21 13:00:00+00:00,2023-04-21 13:45:00+00:00,1995.445,1985.4677749999998,1985.4677749999998,2004.1309291224782,4,sl,-1.0
VWAP_MR,M15,short,2023-04-25 05:30:00+00:00,2023-04-25 08:00:00+00:00,1992.425,1997.125,2002.3871249999997,1984.1232453480484,11,timeout,-0.4717868928567094
VWAP_MR,M15,long,2023-04-25 19:15:00+00:00,2023-04-25 20:00:00+00:00,1977.135,1990.2039715935766,1967.249325,1990.2039715935766,4,tp,1.322011050694732
VWAP_MR,M15,short,2023-04-26 01:15:00+00:00,2023-04-26 03:45:00+00:00,1998.798,1996.408,2008.7919899999997,1989.050809598508,11,timeout,0.23914372537896963
VWAP_MR,M15,short,2023-04-26 20:45:00+00:00,2023-04-26 21:30:00+00:00,2006.945,1998.0502561472358,2016.9797249999997,1998.0502561472358,4,tp,0.8863963738681769
VWAP_MR,M15,long,2023-04-27 20:00:00+00:00,2023-04-27 20:45:00+00:00,1983.955,1974.0352249999999,1974.0352249999999,1995.8554961321963,4,sl,-1.0
VWAP_MR,M15,short,2023-04-28 22:15:00+00:00,2023-04-29 00:45:00+00:00,1993.975,1990.285,2003.9448749999997,1984.7002724443303,11,timeout,0.37011497135118654
VWAP_MR,M15,short,2023-05-01 19:45:00+00:00,2023-05-01 21:30:00+00:00,1997.125,1985.055309417146,2007.1106249999998,1985.055309417146,8,tp,1.208706573985532
VWAP_MR,M15,short,2023-05-02 21:30:00+00:00,2023-05-02 21:45:00+00:00,1999.884,2009.88342,2009.88342,1986.9901295510308,2,sl,-1.0
VWAP_MR,M15,short,2023-05-03 22:30:00+00:00,2023-05-04 01:00:00+00:00,2022.755,2028.898,2032.868775,2015.8829016884408,11,timeout,-0.6073894267966136
VWAP_MR,M15,long,2023-05-05 19:45:00+00:00,2023-05-05 19:45:00+00:00,2024.445,2014.3227749999999,2014.3227749999999,2043.538188770925,1,sl,-1.0
VWAP_MR,M15,short,2023-05-10 00:30:00+00:00,2023-05-10 03:00:00+00:00,2034.804,2034.194,2044.9780199999998,2027.3891041427805,11,timeout,0.05995663464394067
VWAP_MR,M15,short,2023-05-10 20:00:00+00:00,2023-05-10 20:45:00+00:00,2045.214,2033.6183522115546,2055.4400699999997,2033.6183522115546,4,tp,1.1339300228187081
VWAP_MR,M15,long,2023-05-11 15:15:00+00:00,2023-05-11 17:45:00+00:00,2024.014,2028.364,2013.89393,2029.8092656879614,11,timeout,0.4298389240390789
VWAP_MR,M15,short,2023-05-11 18:45:00+00:00,2023-05-11 19:30:00+00:00,2037.654,2028.876761999192,2047.8422699999999,2028.876761999192,4,tp,0.861504259389287
VWAP_MR,M15,long,2023-05-18 20:15:00+00:00,2023-05-18 20:45:00+00:00,1967.038,1957.20281,1957.20281,1977.276975007415,3,sl,-1.0
VWAP_MR,M15,short,2023-05-19 22:45:00+00:00,2023-05-20 01:15:00+00:00,1975.125,1981.824,1985.000625,1964.4717224066974,11,timeout,-0.6783368141257021
VWAP_MR,M15,short,2023-05-24 19:45:00+00:00,2023-05-24 20:15:00+00:00,1984.545,1976.1730502799353,1994.467725,1976.1730502799353,3,tp,0.8437147779531188
VWAP_MR,M15,long,2023-05-25 20:00:00+00:00,2023-05-25 22:30:00+00:00,1941.135,1945.385,1931.429325,1957.579850980712,11,timeout,0.437888142761841
VWAP_MR,M15,short,2023-05-30 17:15:00+00:00,2023-05-30 19:45:00+00:00,1953.155,1956.735,1962.9207749999998,1941.5007622765058,11,timeout,-0.3665863692333668
VWAP_MR,M15,long,2023-06-01 14:30:00+00:00,2023-06-01 17:00:00+00:00,1958.295,1960.224,1948.503525,1964.7600259841363,11,timeout,0.19700811164812876
VWAP_MR,M15,short,2023-06-01 21:00:00+00:00,2023-06-01 23:00:00+00:00,1972.738,1982.6016899999997,1982.6016899999997,1963.6493066234614,9,sl,-1.0
VWAP_MR,M15,short,2023-06-08 21:00:00+00:00,2023-06-08 23:30:00+00:00,1965.588,1967.315,1975.4159399999999,1950.9960803232398,11,timeout,-0.17572349851546784
VWAP_MR,M15,long,2023-06-12 21:15:00+00:00,2023-06-12 23:45:00+00:00,1952.645,1954.145,1942.881775,1960.7784824166922,11,timeout,0.15363775801541113
VWAP_MR,M15,short,2023-06-14 20:00:00+00:00,2023-06-14 22:30:00+00:00,1958.745,1958.535,1968.5387249999997,1948.962261693157,11,timeout,0.02144230106520389
VWAP_MR,M15,short,2023-06-15 21:30:00+00:00,2023-06-16 00:00:00+00:00,1955.324,1959.905,1965.10062,1937.1014711886494,11,timeout,-0.46856684621065015
VWAP_MR,M15,short,2023-06-20 15:00:00+00:00,2023-06-20 17:30:00+00:00,1955.568,1950.893240928677,1965.3458399999997,1950.893240928677,11,tp,0.4780973171296674
VWAP_MR,M15,short,2023-06-23 20:15:00+00:00,2023-06-23 22:45:00+00:00,1929.858,1922.485,1939.5072899999998,1917.8692263369842,11,timeout,0.7640976693622196
VWAP_MR,M15,short,2023-06-30 21:45:00+00:00,2023-07-01 00:15:00+00:00,1917.085,1921.678,1926.6704249999998,1909.5270494583401,11,timeout,-0.47916498225171966
VWAP_MR,M15,short,2023-07-03 21:00:00+00:00,2023-07-03 23:30:00+00:00,1924.775,1925.085,1934.3988749999999,1917.0243702897897,11,timeout,-0.03221155719499191
VWAP_MR,M15,short,2023-07-04 15:15:00+00:00,2023-07-04 17:45:00+00:00,1928.034,1929.534,1937.67417,1923.9118119438874,11,timeout,-0.15559891578675644
VWAP_MR,M15,short,2023-07-06 19:00:00+00:00,2023-07-06 19:30:00+00:00,1926.525,1919.0994509566099,1936.1576249999998,1919.0994509566099,3,tp,0.7708749217778564
VWAP_MR,M15,short,2023-07-07 19:45:00+00:00,2023-07-07 21:45:00+00:00,1920.894,1930.4984699999998,1930.4984699999998,1914.6454149439078,9,sl,-1.0
VWAP_MR,M15,short,2023-07-07 22:45:00+00:00,2023-07-08 01:15:00+00:00,1930.265,1925.985,1939.916325,1920.6951063527697,11,timeout,0.4434624261435898
VWAP_MR,M15,short,2023-07-11 12:00:00+00:00,2023-07-11 14:30:00+00:00,1929.064,1930.875,1938.70932,1924.2800207803257,11,timeout,-0.18775945225248605
VWAP_MR,M15,short,2023-07-12 09:00:00+00:00,2023-07-12 11:30:00+00:00,1938.655,1937.708,1948.3482749999998,1933.71532157754,11,timeout,0.09769659893069194
VWAP_MR,M15,short,2023-07-12 19:45:00+00:00,2023-07-12 20:45:00+00:00,1944.334,1954.05567,1954.05567,1936.9721620950158,5,sl,-1.0
VWAP_MR,M15,short,2023-07-12 22:15:00+00:00,2023-07-13 00:45:00+00:00,1958.075,1956.465,1967.8653749999999,1944.4865623862208,11,timeout,0.16444722495309508
VWAP_MR,M15,short,2023-07-18 10:30:00+00:00,2023-07-18 13:00:00+00:00,1959.095,1959.208,1968.890475,1953.616965923053,11,timeout,-0.011535938788068734
VWAP_MR,M15,short,2023-07-18 20:30:00+00:00,2023-07-18 21:30:00+00:00,1971.524,1981.3816199999997,1981.3816199999997,1962.5574647148667,5,sl,-1.0
VWAP_MR,M15,short,2023-07-20 08:30:00+00:00,2023-07-20 11:00:00+00:00,1980.835,1984.678,1990.739175,1976.3634473972493,11,timeout,-0.3880181842505928
VWAP_MR,M15,long,2023-07-21 16:00:00+00:00,2023-07-21 18:30:00+00:00,1963.055,1963.135,1953.2397250000001,1969.600955517862,11,timeout,0.008150561242545708
VWAP_MR,M15,long,2023-07-25 18:45:00+00:00,2023-07-25 19:00:00+00:00,1953.685,1960.0567592049917,1943.916575,1960.0567592049917,2,tp,0.6522811205482785
VWAP_MR,M15,short,2023-07-27 09:15:00+00:00,2023-07-27 11:45:00+00:00,1978.225,1977.485,1988.1161249999998,1971.872337211233,11,timeout,0.07481454334062287
VWAP_MR,M15,long,2023-07-27 20:00:00+00:00,2023-07-27 20:45:00+00:00,1963.735,1953.916325,1953.916325,1975.1931618775934,4,sl,-1.0
VWAP_MR,M15,short,2023-07-28 22:45:00+00:00,2023-07-29 01:15:00+00:00,1962.768,1960.355,1972.5818399999998,1953.9920271444903,11,timeout,0.24587725090281276
VWAP_MR,M15,short,2023-07-31 19:45:00+00:00,2023-07-31 21:00:00+00:00,1962.428,1972.2401399999999,1972.2401399999999,1956.7437600267683,6,sl,-1.0
VWAP_MR,M15,short,2023-07-31 22:45:00+00:00,2023-08-01 01:15:00+00:00,1969.848,1969.615,1979.6972399999997,1960.363187870911,11,timeout,0.023656647619506928
VWAP_MR,M15,short,2023-08-04 08:15:00+00:00,2023-08-04 10:45:00+00:00,1937.275,1935.835,1946.9613749999999,1934.5489730979746,11,timeout,0.14866242531391657
VWAP_MR,M15,short,2023-08-04 20:30:00+00:00,2023-08-04 23:00:00+00:00,1942.055,1942.615,1951.7652749999997,1936.030899953702,11,timeout,-0.057670869259620734
VWAP_MR,M15,short,2023-08-10 19:45:00+00:00,2023-08-10 20:30:00+00:00,1928.224,1919.7649804514324,1937.8651199999997,1919.7649804514324,4,tp,0.8773897170212318
VWAP_MR,M15,short,2023-08-21 19:15:00+00:00,2023-08-21 21:00:00+00:00,1893.385,1889.558815418021,1902.8519249999997,1889.558815418021,8,tp,0.40416339856703115
VWAP_MR,M15,short,2023-08-23 12:00:00+00:00,2023-08-23 14:30:00+00:00,1902.715,1903.625,1912.2285749999996,1896.6698379968877,11,timeout,-0.09565279088041129
VWAP_MR,M15,short,2023-08-23 21:00:00+00:00,2023-08-23 23:30:00+00:00,1912.445,1919.435,1922.0072249999998,1904.0414670389443,11,timeout,-0.7310014144197698
VWAP_MR,M15,short,2023-08-25 19:30:00+00:00,2023-08-25 20:30:00+00:00,1919.835,1915.3867502062533,1929.4341749999999,1915.3867502062533,5,tp,0.46339917688205834
VWAP_MR,M15,short,2023-08-28 22:45:00+00:00,2023-08-29 01:15:00+00:00,1921.095,1919.685,1930.7004749999999,1915.9041149810869,11,timeout,0.14679128309637005
VWAP_MR,M15,long,2023-08-29 19:15:00+00:00,2023-08-29 21:00:00+00:00,1916.785,1922.4162932404718,1907.2010750000002,1922.4162932404718,8,tp,0.5875769312126015
VWAP_MR,M15,short,2023-08-29 21:30:00+00:00,2023-08-30 00:00:00+00:00,1930.475,1935.828,1940.1273749999998,1923.0687542752198,11,timeout,-0.5545785363705953
VWAP_MR,M15,short,2023-08-31 19:30:00+00:00,2023-08-31 19:30:00+00:00,1946.985,1945.0373265850144,1956.7199249999996,1945.0373265850144,1,tp,0.20007071600300488
VWAP_MR,M15,short,2023-09-01 19:45:00+00:00,2023-09-01 21:00:00+00:00,1951.455,1942.6725107284412,1961.2122749999996,1942.6725107284412,6,tp,0.9000965199360427
VWAP_MR,M15,long,2023-09-05 17:00:00+00:00,2023-09-05 19:30:00+00:00,1931.025,1928.625,1921.369875,1936.3358201623255,11,timeout,-0.2485726492406977
VWAP_MR,M15,short,2023-09-08 08:00:00+00:00,2023-09-08 10:30:00+00:00,1922.495,1924.865,1932.1074749999998,1919.6693873931476,11,timeout,-0.24655460742422133
VWAP_MR,M15,short,2023-09-11 14:30:00+00:00,2023-09-11 17:00:00+00:00,1930.055,1925.195,1939.7052749999998,1922.083817207492,11,timeout,0.5036125913510505
VWAP_MR,M15,short,2023-09-15 09:00:00+00:00,2023-09-15 11:30:00+00:00,1914.885,1915.215,1924.4594249999998,1905.6704635113558,11,timeout,-0.03446682176735777
VWAP_MR,M15,short,2023-09-19 00:15:00+00:00,2023-09-19 02:45:00+00:00,1931.085,1932.365,1940.7404249999997,1927.3667924197669,11,timeout,-0.13256796049889188
VWAP_MR,M15,short,2023-09-20 21:00:00+00:00,2023-09-20 23:30:00+00:00,1941.665,1945.195,1951.3733249999998,1931.7604489398927,11,timeout,-0.36360546232228874
VWAP_MR,M15,long,2023-09-27 23:45:00+00:00,2023-09-28 02:15:00+00:00,1877.115,1877.465,1867.729425,1890.0568821413826,11,timeout,0.037291268782137316
VWAP_MR,M15,short,2023-09-29 20:30:00+00:00,2023-09-29 21:00:00+00:00,1878.395,1869.8294192946678,1887.7869749999998,1869.8294192946678,3,tp,0.9120105947186189
VWAP_MR,M15,short,2023-10-04 19:30:00+00:00,2023-10-04 20:45:00+00:00,1829.265,1822.8776400573788,1838.4113249999998,1822.8776400573788,6,tp,0.6983526107613159
VWAP_MR,M15,short,2023-10-05 11:00:00+00:00,2023-10-05 13:30:00+00:00,1828.405,1823.675,1837.5470249999998,1822.7037791855255,11,timeout,0.5173908406507401
VWAP_MR,M15,long,2023-10-05 20:00:00+00:00,2023-10-05 22:30:00+00:00,1815.085,1815.675,1806.009575,1822.6269893569333,11,timeout,0.06501072952505457
VWAP_MR,M15,short,2023-10-09 05:15:00+00:00,2023-10-09 07:45:00+00:00,1849.415,1849.298,1858.6620749999997,1823.918640654305,11,timeout,0.012652649621633299
VWAP_MR,M15,short,2023-10-09 08:15:00+00:00,2023-10-09 10:45:00+00:00,1851.075,1850.585,1860.3303749999998,1830.7313171946191,11,timeout,0.05294220925678574
VWAP_MR,M15,short,2023-10-10 02:30:00+00:00,2023-10-10 05:45:00+00:00,1860.398,1861.475,1869.6999899999996,1850.0051783642023,11,timeout,-0.1157816768239949
VWAP_MR,M15,short,2023-10-11 15:00:00+00:00,2023-10-11 17:30:00+00:00,1865.875,1873.328,1875.2043749999998,1861.0314962057373,11,timeout,-0.7988745226770426
VWAP_MR,M15,short,2023-10-11 17:45:00+00:00,2023-10-11 20:15:00+00:00,1873.335,1871.785,1882.7016749999998,1864.1256204351512,11,timeout,0.1654802798218145
VWAP_MR,M15,short,2023-10-13 19:00:00+00:00,2023-10-13 19:30:00+00:00,1894.705,1904.1785249999998,1904.1785249999998,1880.2581459170883,3,sl,-1.0
VWAP_MR,M15,short,2023-10-13 19:45:00+00:00,2023-10-13 19:45:00+00:00,1909.245,1918.7912249999997,1918.7912249999997,1883.5968447636305,1,sl,-1.0
VWAP_MR,M15,short,2023-10-17 16:45:00+00:00,2023-10-17 19:15:00+00:00,1922.855,1925.718,1932.469275,1917.6955242411664,11,timeout,-0.2977863645464774
VWAP_MR,M15,short,2023-10-18 08:45:00+00:00,2023-10-18 11:15:00+00:00,1937.385,1936.875,1947.0719249999997,1925.1488257556412,11,timeout,0.05264828622086
VWAP_MR,M15,short,2023-10-18 21:00:00+00:00,2023-10-18 22:15:00+00:00,1960.175,1941.3046145849214,1969.9758749999996,1941.3046145849214,6,tp,1.925377623434557
VWAP_MR,M15,short,2023-10-20 00:15:00+00:00,2023-10-20 00:30:00+00:00,1961.028,1970.8331399999997,1970.8331399999997,1952.6175459062883,2,sl,-1.0
VWAP_MR,M15,short,2023-10-20 06:30:00+00:00,2023-10-20 09:00:00+00:00,1976.325,1976.438,1986.2066249999998,1959.7245110162044,11,timeout,-0.011435366146768286
VWAP_MR,M15,short,2023-10-25 21:15:00+00:00,2023-10-25 22:15:00+00:00,1983.415,1974.4510507490033,1993.3320749999998,1974.4510507490033,5,tp,0.9038904365447236
VWAP_MR,M15,long,2023-10-26 20:30:00+00:00,2023-10-26 23:00:00+00:00,1975.235,1980.008,1965.3588249999998,1985.2180179106692,11,timeout,0.4832842674416045
VWAP_MR,M15,short,2023-10-28 01:00:00+00:00,2023-10-28 01:15:00+00:00,1994.305,2004.2765249999998,2004.2765249999998,1984.375544223978,2,sl,-1.0
VWAP_MR,M15,short,2023-10-31 21:30:00+00:00,2023-10-31 22:15:00+00:00,2005.675,1997.1240052761266,2015.7033749999998,1997.1240052761266,4,tp,0.8526799929074735
VWAP_MR,M15,short,2023-11-03 19:45:00+00:00,2023-11-03 20:30:00+00:00,1996.215,1987.864013977667,2006.1960749999996,1987.864013977667,4,tp,0.8366820229617827
VWAP_MR,M15,long,2023-11-08 17:45:00+00:00,2023-11-08 20:15:00+00:00,1960.155,1966.515,1950.354225,1967.829629982362,11,timeout,0.6489282735294069
VWAP_MR,M15,short,2023-11-09 22:00:00+00:00,2023-11-10 00:30:00+00:00,1957.045,1962.005,1966.830225,1949.3518752503699,11,timeout,-0.5068866582015344
VWAP_MR,M15,short,2023-11-13 23:45:00+00:00,2023-11-14 02:15:00+00:00,1944.225,1947.025,1953.9461249999997,1937.3526442855455,11,timeout,-0.28803250652576107
VWAP_MR,M15,short,2023-11-14 20:45:00+00:00,2023-11-14 21:45:00+00:00,1956.055,1965.835275,1965.835275,1946.6910118142887,5,sl,-1.0
VWAP_MR,M15,short,2023-11-14 22:00:00+00:00,2023-11-15 00:30:00+00:00,1967.644,1963.205,1977.4822199999999,1953.1582804791965,11,timeout,0.4511995056016372
VWAP_MR,M15,short,2023-11-16 22:00:00+00:00,2023-11-17 00:30:00+00:00,1980.148,1983.115,1990.0487399999997,1966.9866386443407,11,timeout,-0.2996745697796482
VWAP_MR,M15,long,2023-11-20 07:15:00+00:00,2023-11-20 09:45:00+00:00,1973.295,1984.3904828455316,1963.428525,1984.3904828455316,11,tp,1.1245640257063882
VWAP_MR,M15,short,2023-11-21 08:15:00+00:00,2023-11-21 10:45:00+00:00,1986.335,1992.525,1996.2666749999999,1973.958482386381,11,timeout,-0.6232584131075746
VWAP_MR,M15,short,2023-11-22 15:30:00+00:00,2023-11-22 18:00:00+00:00,2005.245,2001.155,2015.2712249999997,1998.6956437274425,11,timeout,0.4079302030425193
VWAP_MR,M15,short,2023-11-27 08:30:00+00:00,2023-11-27 08:30:00+00:00,2006.395,2016.4269749999999,2016.4269749999999,1998.0654574091984,1,sl,-1.0
VWAP_MR,M15,short,2023-11-28 21:15:00+00:00,2023-11-28 23:15:00+00:00,2022.845,2032.9592249999998,2032.9592249999998,2015.9757716482868,9,sl,-1.0
VWAP_MR,M15,short,2023-12-01 16:15:00+00:00,2023-12-01 18:45:00+00:00,2045.505,2039.569638933004,2055.732525,2039.569638933004,11,tp,0.5803321005811561
VWAP_MR,M15,short,2023-12-01 23:30:00+00:00,2023-12-02 01:00:00+00:00,2056.445,2066.727225,2066.727225,2043.167742944364,7,sl,-1.0
VWAP_MR,M15,short,2023-12-04 06:45:00+00:00,2023-12-04 06:45:00+00:00,2126.735,2137.3686749999997,2137.3686749999997,2059.3929166711055,1,sl,-1.0
VWAP_MR,M15,short,2023-12-06 15:00:00+00:00,2023-12-06 17:30:00+00:00,2031.575,2022.105,2041.732875,2019.543303165306,11,timeout,0.9322816041741154
VWAP_MR,M15,short,2023-12-07 15:45:00+00:00,2023-12-07 18:15:00+00:00,2032.095,2033.225,2042.2554749999997,2028.3186654466792,11,timeout,-0.11121527290800061
VWAP_MR,M15,short,2023-12-07 21:00:00+00:00,2023-12-07 21:30:00+00:00,2037.855,2031.1572679329945,2048.0442749999997,2031.1572679329945,3,tp,0.6573315635318213
VWAP_MR,M15,long,2023-12-08 20:45:00+00:00,2023-12-08 21:30:00+00:00,2017.695,2007.606525,2007.606525,2029.4551234387213,4,sl,-1.0
VWAP_MR,M15,short,2023-12-12 20:30:00+00:00,2023-12-12 20:45:00+00:00,1991.598,1985.6543005716803,2001.5559899999998,1985.6543005716803,2,tp,0.5968774248939498
VWAP_MR,M15,short,2023-12-14 02:15:00+00:00,2023-12-14 02:15:00+00:00,1992.735,2002.6986749999996,2002.6986749999996,1981.5290725356167,1,sl,-1.0
VWAP_MR,M15,short,2023-12-15 16:30:00+00:00,2023-12-15 19:00:00+00:00,2042.745,2041.755,2052.9587249999995,2035.6306054982495,11,timeout,0.09692839781762475
VWAP_MR,M15,long,2023-12-16 01:45:00+00:00,2023-12-16 04:15:00+00:00,2020.705,2018.855,2010.601475,2035.7428427602072,11,timeout,-0.18310441157911825
VWAP_MR,M15,short,2023-12-19 01:15:00+00:00,2023-12-19 03:45:00+00:00,2032.235,2026.225,2042.3961749999996,2023.5437100758484,11,timeout,0.5914670301417061
VWAP_MR,M15,short,2023-12-19 20:15:00+00:00,2023-12-19 22:00:00+00:00,2030.275,2040.4263749999998,2040.4263749999998,2025.4921797704658,8,sl,-1.0
VWAP_MR,M15,short,2023-12-21 21:00:00+00:00,2023-12-21 23:30:00+00:00,2042.275,2044.095,2052.486375,2036.1673678456216,11,timeout,-0.17823260824325432
VWAP_MR,M15,short,2023-12-22 06:15:00+00:00,2023-12-22 08:45:00+00:00,2048.615,2048.995,2058.8580749999996,2040.5348789800978,11,timeout,-0.037098234660989424
VWAP_MR,M15,short,2023-12-22 18:45:00+00:00,2023-12-22 21:15:00+00:00,2062.105,2066.965,2072.415525,2050.054842694131,11,timeout,-0.4713630004291914
VWAP_MR,M15,short,2023-12-27 04:15:00+00:00,2023-12-27 07:30:00+00:00,2067.908,2064.884,2078.24754,2061.3715999827027,11,timeout,0.2924694909057757
VWAP_MR,M15,short,2023-12-27 22:30:00+00:00,2023-12-28 01:00:00+00:00,2072.755,2081.478,2083.118775,2067.1501488423205,11,timeout,-0.841681723117312
VWAP_MR,M15,short,2024-01-02 17:00:00+00:00,2024-01-02 18:45:00+00:00,2077.885,2068.891387285052,2088.274425,2068.891387285052,8,tp,0.8656506702679136
VWAP_MR,M15,long,2024-01-05 20:45:00+00:00,2024-01-05 21:00:00+00:00,2027.655,2042.0503555220316,2017.516725,2042.0503555220316,2,tp,1.4199018592444592
VWAP_MR,M15,long,2024-01-08 12:45:00+00:00,2024-01-08 15:15:00+00:00,2034.615,2028.715,2024.441925,2047.7984145463474,11,timeout,-0.5799623024503539
VWAP_MR,M15,short,2024-01-19 01:45:00+00:00,2024-01-19 04:15:00+00:00,2019.215,2022.795,2029.3110749999996,2012.2886781312518,11,timeout,-0.3545932453948946
VWAP_MR,M15,long,2024-01-22 13:30:00+00:00,2024-01-22 16:00:00+00:00,2020.805,2021.835,2010.700975,2026.8539170763984,11,timeout,0.10193957358577035
VWAP_MR,M15,short,2024-01-23 11:15:00+00:00,2024-01-23 13:45:00+00:00,2027.115,2030.745,2037.2505749999998,2023.0283163821766,11,timeout,-0.35814445653058236
VWAP_MR,M15,short,2024-01-24 15:00:00+00:00,2024-01-24 17:30:00+00:00,2030.385,2030.575,2040.5369249999999,2026.8402608570893,11,timeout,-0.018715662300505233
VWAP_MR,M15,long,2024-01-24 22:45:00+00:00,2024-01-25 01:15:00+00:00,2019.295,2016.265,2009.198525,2029.4485381128193,11,timeout,-0.3001047395254241
VWAP_MR,M15,short,2024-01-29 06:15:00+00:00,2024-01-29 07:30:00+00:00,2025.964,2020.3655474533796,2036.0938199999998,2020.3655474533796,6,tp,0.5526704864075008
VWAP_MR,M15,short,2024-01-29 11:45:00+00:00,2024-01-29 14:15:00+00:00,2026.935,2031.055,2037.0696749999997,2020.8180874224038,11,timeout,-0.40652512290726683
VWAP_MR,M15,short,2024-01-29 14:30:00+00:00,2024-01-29 17:00:00+00:00,2031.075,2028.135,2041.2303749999999,2022.0958953312606,11,timeout,0.2895018647760527
VWAP_MR,M15,short,2024-01-30 13:30:00+00:00,2024-01-30 16:00:00+00:00,2034.708,2038.155,2044.8815399999999,2029.0947427111175,11,timeout,-0.33882011571193166
VWAP_MR,M15,short,2024-01-30 21:45:00+00:00,2024-01-30 22:15:00+00:00,2046.745,2037.5582196013409,2056.9787249999995,2037.5582196013409,3,tp,0.8976966254867512
VWAP_MR,M15,short,2024-01-31 21:30:00+00:00,2024-01-31 22:00:00+00:00,2043.405,2053.6220249999997,2053.6220249999997,2037.7645626619899,3,sl,-1.0
VWAP_MR,M15,short,2024-02-01 21:45:00+00:00,2024-02-01 22:00:00+00:00,2048.125,2040.6113282731574,2058.365625,2040.6113282731574,2,tp,0.7337122223343495
VWAP_MR,M15,short,2024-02-01 23:15:00+00:00,2024-02-01 23:45:00+00:00,2053.135,2063.400675,2063.400675,2042.4173667285008,3,sl,-1.0
VWAP_MR,M15,short,2024-02-02 00:30:00+00:00,2024-02-02 03:00:00+00:00,2061.298,2054.255,2071.6044899999997,2046.515003085714,11,timeout,0.683355827250568
VWAP_MR,M15,long,2024-02-02 20:45:00+00:00,2024-02-02 21:00:00+00:00,2041.385,2031.178075,2031.178075,2053.8581301580084,2,sl,-1.0
VWAP_MR,M15,long,2024-02-02 22:30:00+00:00,2024-02-03 01:00:00+00:00,2030.345,2034.945,2020.193275,2046.345236432,11,timeout,0.45312496152131143
VWAP_MR,M15,long,2024-02-05 21:15:00+00:00,2024-02-05 23:45:00+00:00,2015.555,2020.445,2005.477225,2028.0386991791554,11,timeout,0.48522615359043886
VWAP_MR,M15,short,2024-02-06 22:30:00+00:00,2024-02-07 01:00:00+00:00,2034.015,2036.935,2044.1850749999999,2027.1311923276858,11,timeout,-0.2871168600034819
VWAP_MR,M15,short,2024-02-07 22:00:00+00:00,2024-02-08 00:30:00+00:00,2042.475,2034.914434978326,2052.6873749999995,2034.914434978326,11,tp,0.7403336659370838
VWAP_MR,M15,short,2024-02-13 14:00:00+00:00,2024-02-13 16:30:00+00:00,2023.165,2025.515,2033.2808249999998,2018.3277834244548,11,timeout,-0.2323092777900141
VWAP_MR,M15,short,2024-02-13 18:45:00+00:00,2024-02-13 20:30:00+00:00,2028.255,2022.4497517603504,2038.3962749999998,2022.4497517603504,8,tp,0.5724377102139384
VWAP_MR,M15,long,2024-02-13 21:15:00+00:00,2024-02-13 22:15:00+00:00,2002.005,1991.994975,1991.994975,2019.6521265894417,5,sl,-1.0
VWAP_MR,M15,short,2024-02-15 17:15:00+00:00,2024-02-15 19:45:00+00:00,1996.395,1998.345,2006.3769749999997,1992.6207243650358,11,timeout,-0.19535212220027653
VWAP_MR,M15,short,2024-02-19 07:30:00+00:00,2024-02-19 10:00:00+00:00,2016.305,2021.918,2026.386525,2006.324753331007,11,timeout,-0.5567610058993976
VWAP_MR,M15,short,2024-02-20 14:45:00+00:00,2024-02-20 17:15:00+00:00,2022.168,2024.458,2032.2788399999997,2017.46225651306,11,timeout,-0.22648958939121086
VWAP_MR,M15,short,2024-02-20 17:45:00+00:00,2024-02-20 20:15:00+00:00,2026.625,2027.265,2036.7581249999998,2020.277906453297,11,timeout,-0.06315919324000349
VWAP_MR,M15,short,2024-02-22 15:30:00+00:00,2024-02-22 18:00:00+00:00,2034.095,2029.455,2044.265475,2026.4513251447347,11,timeout,0.4562225461446144
VWAP_MR,M15,short,2024-02-23 20:00:00+00:00,2024-02-23 22:30:00+00:00,2027.915,2027.198,2038.0545749999997,2022.7443777263563,11,timeout,0.07071302298172186
VWAP_MR,M15,short,2024-02-23 23:15:00+00:00,2024-02-24 01:45:00+00:00,2030.885,2039.305,2041.0394249999997,2024.9607673901053,11,timeout,-0.8291951538369041
VWAP_MR,M15,short,2024-02-24 02:00:00+00:00,2024-02-24 04:30:00+00:00,2039.405,2035.078,2049.6020249999997,2028.2120686825306,11,timeout,0.42433945194800643
VWAP_MR,M15,short,2024-02-27 15:45:00+00:00,2024-02-27 18:15:00+00:00,2037.795,2036.525,2047.9839749999999,2031.5294844688678,11,timeout,0.12464452999443092
VWAP_MR,M15,long,2024-02-29 19:00:00+00:00,2024-02-29 20:30:00+00:00,2029.545,2034.901376727172,2019.397275,2034.901376727172,7,tp,0.5278401540416076
VWAP_MR,M15,short,2024-02-29 21:00:00+00:00,2024-02-29 23:30:00+00:00,2045.385,2044.635,2055.6119249999997,2035.7631226976337,11,timeout,0.07333582675144495
VWAP_MR,M15,short,2024-03-04 23:15:00+00:00,2024-03-05 01:45:00+00:00,2109.985,2114.465,2120.534925,2089.9134264058034,11,timeout,-0.42464756858462044
VWAP_MR,M15,short,2024-03-05 20:45:00+00:00,2024-03-05 23:15:00+00:00,2133.685,2127.815,2144.353425,2120.3298339722282,11,timeout,0.5502217993752571
VWAP_MR,M15,short,2024-03-06 21:15:00+00:00,2024-03-06 23:45:00+00:00,2139.155,2144.955,2149.850775,2129.616385717309,11,timeout,-0.5422701954743717
VWAP_MR,M15,short,2024-03-08 15:45:00+00:00,2024-03-08 18:15:00+00:00,2166.825,2167.815,2177.6591249999997,2159.2109165005404,11,timeout,-0.09137793776610935
VWAP_MR,M15,short,2024-03-08 21:00:00+00:00,2024-03-08 21:15:00+00:00,2180.078,2166.8984851465752,2190.9783899999998,2166.8984851465752,2,tp,1.2090865421718848
VWAP_MR,M15,short,2024-03-09 00:15:00+00:00,2024-03-09 00:30:00+00:00,2182.165,2193.075825,2193.075825,2169.6691577152465,2,sl,-1.0
VWAP_MR,M15,short,2024-03-13 19:30:00+00:00,2024-03-13 22:00:00+00:00,2165.275,2168.535,2176.1013749999997,2160.0364750429467,11,timeout,-0.3011164863585338
VWAP_MR,M15,short,2024-03-13 22:45:00+00:00,2024-03-14 01:15:00+00:00,2173.785,2176.025,2184.6539249999996,2164.559816699437,11,timeout,-0.20609213882700317
VWAP_MR,M15,short,2024-03-20 21:30:00+00:00,2024-03-20 22:00:00+00:00,2163.085,2156.4747843846617,2173.900425,2156.4747843846617,3,tp,0.6111840834122083
VWAP_MR,M15,short,2024-03-25 19:30:00+00:00,2024-03-25 22:00:00+00:00,2174.785,2177.165,2185.6589249999997,2169.1332075917776,11,timeout,-0.21887221035643864
VWAP_MR,M15,short,2024-03-26 15:45:00+00:00,2024-03-26 16:45:00+00:00,2177.225,2188.111125,2188.111125,2172.3306742058776,5,sl,-1.0
VWAP_MR,M15,short,2024-03-27 17:00:00+00:00,2024-03-27 19:30:00+00:00,2188.465,2187.555,2199.407325,2178.409829257365,11,timeout,0.08316331309847867
VWAP_MR,M15,short,2024-03-28 17:45:00+00:00,2024-03-28 19:30:00+00:00,2205.445,2216.472225,2216.472225,2194.840140016482,8,sl,-1.0
VWAP_MR,M15,short,2024-03-28 20:15:00+00:00,2024-03-28 22:45:00+00:00,2216.755,2213.748,2227.8387749999997,2201.639262205718,11,timeout,0.27129745957493445
VWAP_MR,M15,short,2024-04-01 05:00:00+00:00,2024-04-01 07:15:00+00:00,2238.435,2249.6271749999996,2249.6271749999996,2211.7032976386427,10,sl,-1.0
VWAP_MR,M15,short,2024-04-02 21:45:00+00:00,2024-04-02 22:00:00+00:00,2275.275,2259.115237042239,2286.651375,2259.115237042239,2,tp,1.4204667970035405
VWAP_MR,M15,short,2024-04-03 02:30:00+00:00,2024-04-03 05:30:00+00:00,2274.898,2286.27249,2286.27249,2261.4005557157006,10,sl,-1.0
VWAP_MR,M15,short,2024-04-03 23:45:00+00:00,2024-04-04 02:15:00+00:00,2291.855,2295.504,2303.3142749999997,2278.0965809270015,11,timeout,-0.3184320124964259
VWAP_MR,M15,short,2024-04-04 03:15:00+00:00,2024-04-04 06:30:00+00:00,2297.625,2300.025,2309.113125,2281.823183246689,11,timeout,-0.20891137587727512
VWAP_MR,M15,short,2024-04-04 08:15:00+00:00,2024-04-04 10:45:00+00:00,2301.785,2299.635,2313.2939249999995,2284.4185521680834,11,timeout,0.18681153973978493
VWAP_MR,M15,short,2024-04-05 02:00:00+00:00,2024-04-05 02:15:00+00:00,2302.304,2292.4598231978453,2313.8155199999997,2292.4598231978453,2,tp,0.8551587281397424
VWAP_MR,M15,long,2024-04-05 08:30:00+00:00,2024-04-05 11:00:00+00:00,2274.585,2277.035,2263.212075,2291.3635652713324,11,timeout,0.21542391249390913
VWAP_MR,M15,short,2024-04-05 21:30:00+00:00,2024-04-05 21:45:00+00:00,2303.865,2315.3843249999995,2315.3843249999995,2288.4605914350245,2,sl,-1.0
VWAP_MR,M15,short,2024-04-08 10:00:00+00:00,2024-04-08 12:30:00+00:00,2342.835,2339.835,2354.5491749999997,2310.7814780908648,11,timeout,0.2560999814327598
VWAP_MR,M15,short,2024-04-09 08:45:00+00:00,2024-04-09 11:15:00+00:00,2344.615,2343.985,2356.3380749999997,2332.468350721935,11,timeout,0.053740166295930106
VWAP_MR,M15,long,2024-04-10 19:45:00+00:00,2024-04-10 20:15:00+00:00,2336.375,2324.693125,2324.693125,2351.197708184816,3,sl,-1.0
VWAP_MR,M15,short,2024-04-11 21:00:00+00:00,2024-04-11 21:30:00+00:00,2345.728,2337.3024542437183,2357.45664,2337.3024542437183,3,tp,0.7183736355009506
VWAP_MR,M15,short,2024-04-16 01:00:00+00:00,2024-04-16 02:00:00+00:00,2366.155,2377.985775,2377.985775,2351.588470937405,5,sl,-1.0
VWAP_MR,M15,short,2024-04-17 00:00:00+00:00,2024-04-17 02:30:00+00:00,2394.775,2393.015,2406.7488749999998,2376.993873566509,11,timeout,0.14698666889375955
VWAP_MR,M15,short,2024-04-19 08:45:00+00:00,2024-04-19 08:45:00+00:00,2397.325,2409.3116249999994,2409.3116249999994,2383.0580533149555,1,sl,-1.0
VWAP_MR,M15,long,2024-04-22 10:15:00+00:00,2024-04-22 12:45:00+00:00,2370.725,2364.205,2358.8713749999997,2388.1740655548474,11,timeout,-0.5500427084541544
VWAP_MR,M15,short,2024-04-24 22:15:00+00:00,2024-04-25 00:45:00+00:00,2333.095,2322.465,2344.7604749999996,2320.9141878652167,11,timeout,0.9112359333846113
VWAP_MR,M15,short,2024-04-25 22:00:00+00:00,2024-04-25 23:30:00+00:00,2342.048,2323.3781533537053,2353.7582399999997,2323.3781533537053,7,tp,1.594318019638763
VWAP_MR,M15,short,2024-04-26 15:00:00+00:00,2024-04-26 17:30:00+00:00,2344.615,2346.048,2356.3380749999997,2333.2175784775504,11,timeout,-0.12223755286049158
VWAP_MR,M15,long,2024-04-29 08:15:00+00:00,2024-04-29 10:45:00+00:00,2327.975,2325.965,2316.335125,2339.9008904204634,11,timeout,-0.1726822667769018
VWAP_MR,M15,short,2024-05-02 02:00:00+00:00,2024-05-02 05:15:00+00:00,2323.825,2320.085,2335.4441249999995,2301.0593699394253,11,timeout,0.3218831022129355
VWAP_MR,M15,short,2024-05-03 19:45:00+00:00,2024-05-03 19:45:00+00:00,2319.174,2303.1137142309067,2330.7698699999996,2303.1137142309067,1,tp,1.3850005018246827
VWAP_MR,M15,short,2024-05-06 08:45:00+00:00,2024-05-06 11:15:00+00:00,2307.965,2309.975,2319.504825,2297.1797719721203,11,timeout,-0.17417941779877874
VWAP_MR,M15,short,2024-05-06 15:00:00+00:00,2024-05-06 17:30:00+00:00,2323.078,2320.355,2334.69339,2305.2172375197174,11,timeout,0.23443035489983305
VWAP_MR,M15,short,2024-05-08 12:45:00+00:00,2024-05-08 13:30:00+00:00,2320.335,2315.3770742365923,2331.936675,2315.3770742365923,4,tp,0.42734568615374746
VWAP_MR,M15,long,2024-05-08 15:15:00+00:00,2024-05-08 17:30:00+00:00,2304.625,2314.197778482687,2293.101875,2314.197778482687,10,tp,0.8307450003959074
VWAP_MR,M15,short,2024-05-09 19:45:00+00:00,2024-05-09 20:15:00+00:00,2320.335,2312.635134543298,2331.936675,2312.635134543298,3,tp,0.6636856709657851
VWAP_MR,M15,short,2024-05-10 03:15:00+00:00,2024-05-10 06:30:00+00:00,2343.728,2347.325,2355.4466399999997,2324.5759214845716,11,timeout,-0.30694688120804775
VWAP_MR,M15,short,2024-05-10 08:45:00+00:00,2024-05-10 11:15:00+00:00,2353.395,2351.985,2365.1619749999995,2330.1121683059214,11,timeout,0.11982688838889423
VWAP_MR,M15,short,2024-05-14 16:30:00+00:00,2024-05-14 19:00:00+00:00,2347.375,2343.475,2359.1118749999996,2339.9263555946545,11,timeout,0.3322860642206911
VWAP_MR,M15,short,2024-05-14 21:15:00+00:00,2024-05-14 23:45:00+00:00,2354.928,2352.368,2366.7026399999995,2345.0325830252978,11,timeout,0.21741641358037483
VWAP_MR,M15,short,2024-05-15 22:30:00+00:00,2024-05-16 01:00:00+00:00,2381.865,2388.718,2393.7743249999994,2365.503668760655,11,timeout,-0.5754314371301715
VWAP_MR,M15,short,2024-05-16 08:15:00+00:00,2024-05-16 10:45:00+00:00,2396.235,2388.035,2408.216175,2374.990811389388,11,timeout,0.6844069968096071
VWAP_MR,M15,short,2024-05-17 13:45:00+00:00,2024-05-17 16:15:00+00:00,2384.768,2384.235,2396.69184,2379.4217194188127,11,timeout,0.04470036498308473
VWAP_MR,M15,short,2024-05-17 18:45:00+00:00,2024-05-17 20:15:00+00:00,2389.165,2401.1108249999997,2401.1108249999997,2381.7160148423227,7,sl,-1.0
VWAP_MR,M15,long,2024-05-24 01:00:00+00:00,2024-05-24 03:30:00+00:00,2333.465,2330.528,2321.7976750000003,2357.0166292596227,11,timeout,-0.2517286524546441
VWAP_MR,M15,short,2024-05-27 10:15:00+00:00,2024-05-27 12:45:00+00:00,2347.005,2342.035,2358.740025,2338.0403660907837,11,timeout,0.423518484195839
VWAP_MR,M15,short,2024-05-27 21:00:00+00:00,2024-05-27 23:30:00+00:00,2352.388,2353.945,2364.14994,2343.911713276098,11,timeout,-0.13237612162621654
VWAP_MR,M15,short,2024-05-28 20:45:00+00:00,2024-05-28 21:15:00+00:00,2360.875,2349.31977738779,2372.6793749999997,2349.31977738779,3,tp,0.9788932164735727
VWAP_MR,M15,long,2024-05-29 15:45:00+00:00,2024-05-29 18:15:00+00:00,2347.535,2343.325,2335.797325,2356.377604527678,11,timeout,-0.35867409857574767
VWAP_MR,M15,short,2024-05-30 21:15:00+00:00,2024-05-30 23:45:00+00:00,2350.258,2346.788,2362.0092899999995,2336.612834835964,11,timeout,0.2952867302228001
VWAP_MR,M15,short,2024-05-31 20:00:00+00:00,2024-05-31 21:00:00+00:00,2350.985,2343.895331498764,2362.739925,2343.895331498764,5,tp,0.6031232441922352
VWAP_MR,M15,short,2024-06-03 21:15:00+00:00,2024-06-03 23:45:00+00:00,2341.005,2347.155,2352.710025,2327.666095087637,11,timeout,-0.5254153664772371
VWAP_MR,M15,short,2024-06-04 00:00:00+00:00,2024-06-04 02:30:00+00:00,2347.104,2344.835,2358.8395199999995,2331.7222493626327,11,timeout,0.19334464940623267
VWAP_MR,M15,short,2024-06-05 12:30:00+00:00,2024-06-05 15:00:00+00:00,2340.875,2331.485,2352.579375,2326.8077725608528,11,timeout,0.8022641106423908
VWAP_MR,M15,short,2024-06-05 20:15:00+00:00,2024-06-05 22:15:00+00:00,2341.118,2352.8235899999995,2352.8235899999995,2333.476110771402,9,sl,-1.0
VWAP_MR,M15,short,2024-06-06 08:45:00+00:00,2024-06-06 11:15:00+00:00,2368.504,2367.668,2380.3465199999996,2346.971375320429,11,timeout,0.07059308322889106
VWAP_MR,M15,short,2024-06-07 11:45:00+00:00,2024-06-07 14:15:00+00:00,2384.995,2378.795,2396.919975,2370.7725826391033,11,timeout,0.5199172325308747
VWAP_MR,M15,long,2024-06-07 15:30:00+00:00,2024-06-07 16:15:00+00:00,2352.975,2341.210125,2341.210125,2373.9391327013527,4,sl,-1.0
VWAP_MR,M15,long,2024-06-07 19:45:00+00:00,2024-06-07 22:15:00+00:00,2314.925,2314.295,2303.350375,2357.2184632062126,11,timeout,-0.05442940916013248
VWAP_MR,M15,short,2024-06-11 19:30:00+00:00,2024-06-11 22:00:00+00:00,2311.895,2314.335,2323.4544749999995,2305.152258182199,11,timeout,-0.21108225070776537
VWAP_MR,M15,short,2024-06-12 19:45:00+00:00,2024-06-12 20:00:00+00:00,2322.898,2334.51249,2334.51249,2314.3075066070223,2,sl,-1.0
VWAP_MR,M15,short,2024-06-14 17:45:00+00:00,2024-06-14 20:15:00+00:00,2327.375,2330.755,2339.0118749999997,2311.1721218842517,11,timeout,-0.2904559858209527
VWAP_MR,M15,short,2024-06-18 08:00:00+00:00,2024-06-18 08:30:00+00:00,2325.405,2319.406468205128,2337.032025,2319.406468205128,3,tp,0.5159128663499299
VWAP_MR,M15,short,2024-06-19 00:45:00+00:00,2024-06-19 03:15:00+00:00,2331.988,2330.038,2343.6479399999994,2320.8752884600403,11,timeout,0.1672392825348924
VWAP_MR,M15,short,2024-06-20 08:30:00+00:00,2024-06-20 11:00:00+00:00,2333.385,2334.215,2345.0519249999998,2329.278447514245,11,timeout,-0.07114128187161228
VWAP_MR,M15,short,2024-06-20 21:15:00+00:00,2024-06-20 22:00:00+00:00,2349.535,2361.2826749999995,2361.2826749999995,2338.474459661945,4,sl,-1.0
VWAP_MR,M15,long,2024-06-21 21:00:00+00:00,2024-06-21 21:15:00+00:00,2344.075,2332.354625,2332.354625,2360.935627968078,2,sl,-1.0
VWAP_MR,M15,short,2024-06-25 17:30:00+00:00,2024-06-25 18:45:00+00:00,2335.755,2328.2728564970294,2347.433775,2328.2728564970294,6,tp,0.640661670677862
VWAP_MR,M15,short,2024-06-27 16:30:00+00:00,2024-06-27 19:00:00+00:00,2311.345,2317.455,2322.9017249999997,2300.6315776309125,11,timeout,-0.5286964948980072
VWAP_MR,M15,short,2024-06-28 17:45:00+00:00,2024-06-28 20:15:00+00:00,2334.495,2335.695,2346.1674749999997,2325.024859812646,11,timeout,-0.10280596017556588
VWAP_MR,M15,short,2024-07-01 18:30:00+00:00,2024-07-01 20:30:00+00:00,2333.725,2325.9685069367642,2345.3936249999997,2325.9685069367642,9,tp,0.6647306827698897
VWAP_MR,M15,short,2024-07-03 11:45:00+00:00,2024-07-03 14:15:00+00:00,2333.008,2343.055,2344.6730399999997,2327.8921971295035,11,timeout,-0.86129151721727
VWAP_MR,M15,short,2024-07-05 11:15:00+00:00,2024-07-05 13:45:00+00:00,2361.705,2363.998,2373.513525,2358.7074055546436,11,timeout,-0.19418174581500536
VWAP_MR,M15,short,2024-07-05 15:00:00+00:00,2024-07-05 17:30:00+00:00,2366.518,2365.078,2378.3505899999996,2360.595953558958,11,timeout,0.12169778552287472
VWAP_MR,M15,short,2024-07-05 22:00:00+00:00,2024-07-06 00:30:00+00:00,2383.425,2389.078,2395.342125,2368.394212118727,11,timeout,-0.474359377786154
VWAP_MR,M15,long,2024-07-08 23:00:00+00:00,2024-07-09 01:30:00+00:00,2359.265,2356.445,2347.468675,2376.5433266105465,11,timeout,-0.23905750307826865
VWAP_MR,M15,short,2024-07-10 09:00:00+00:00,2024-07-10 11:30:00+00:00,2368.975,2367.015,2380.8198749999997,2361.0317674923003,11,timeout,0.1654724089532455
VWAP_MR,M15,short,2024-07-10 14:45:00+00:00,2024-07-10 17:15:00+00:00,2374.585,2373.605,2386.4579249999997,2365.405235895633,11,timeout,0.08254073869750256
VWAP_MR,M15,short,2024-07-11 19:45:00+00:00,2024-07-11 19:45:00+00:00,2395.885,2407.8644249999998,2407.8644249999998,2380.7119434322376,1,sl,-1.0
VWAP_MR,M15,short,2024-07-11 22:45:00+00:00,2024-07-12 01:15:00+00:00,2422.025,2414.588,2434.135125,2397.1325739743825,11,timeout,0.6141142226029941
VWAP_MR,M15,short,2024-07-15 18:30:00+00:00,2024-07-15 21:00:00+00:00,2416.975,2418.595,2429.0598749999995,2408.955504996408,11,timeout,-0.1340518623485928
VWAP_MR,M15,short,2024-07-15 21:30:00+00:00,2024-07-15 22:00:00+00:00,2421.128,2433.23364,2433.23364,2411.9963318912723,3,sl,-1.0
VWAP_MR,M15,short,2024-07-16 16:30:00+00:00,2024-07-16 19:00:00+00:00,2438.775,2440.045,2450.968875,2429.0336937262136,11,timeout,-0.10415064940390062
VWAP_MR,M15,short,2024-07-16 21:45:00+00:00,2024-07-16 22:30:00+00:00,2447.235,2459.4711749999997,2459.4711749999997,2434.9250418942097,4,sl,-1.0
VWAP_MR,M15,short,2024-07-17 00:45:00+00:00,2024-07-17 03:15:00+00:00,2462.358,2467.658,2474.66979,2441.9357747671206,11,timeout,-0.43048167650681474
VWAP_MR,M15,short,2024-07-23 16:30:00+00:00,2024-07-23 19:00:00+00:00,2406.574,2406.995,2418.6068699999996,2396.693385337148,11,timeout,-0.03498749674847626
VWAP_MR,M15,short,2024-07-24 10:15:00+00:00,2024-07-24 12:45:00+00:00,2414.745,2414.795,2426.8187249999996,2406.209877836145,11,timeout,-0.004141224021599214
VWAP_MR,M15,short,2024-07-24 21:45:00+00:00,2024-07-25 00:15:00+00:00,2426.045,2416.925,2438.175225,2415.4326852039744,11,timeout,0.751840959256731
VWAP_MR,M15,short,2024-07-26 21:30:00+00:00,2024-07-27 00:00:00+00:00,2389.128,2388.975,2401.07364,2373.7418829038224,11,timeout,0.012808020332125237
VWAP_MR,M15,short,2024-07-29 05:30:00+00:00,2024-07-29 08:00:00+00:00,2400.355,2400.235,2412.3567749999997,2380.5780136903786,11,timeout,0.009998521052085513
VWAP_MR,M15,short,2024-07-31 00:15:00+00:00,2024-07-31 02:45:00+00:00,2401.808,2406.595,2413.81704,2389.7642804872075,11,timeout,-0.39861637566365354
VWAP_MR,M15,short,2024-07-31 10:30:00+00:00,2024-07-31 13:00:00+00:00,2415.718,2417.035,2427.7965899999995,2398.6557738202036,11,timeout,-0.10903590568104791
VWAP_MR,M15,short,2024-08-01 02:45:00+00:00,2024-08-01 06:00:00+00:00,2442.395,2447.365,2454.6069749999997,2423.4952370229926,11,timeout,-0.40697757733699236
VWAP_MR,M15,short,2024-08-01 07:45:00+00:00,2024-08-01 10:15:00+00:00,2446.375,2442.395,2458.606875,2428.140878597061,11,timeout,0.3253793878698103
VWAP_MR,M15,short,2024-08-02 10:15:00+00:00,2024-08-02 12:45:00+00:00,2455.885,2459.395,2468.164425,2446.375938666199,11,timeout,-0.2858440032818999
VWAP_MR,M15,short,2024-08-07 19:15:00+00:00,2024-08-07 21:45:00+00:00,2403.205,2401.025,2415.221025,2390.605340376654,11,timeout,0.18142438951315884
VWAP_MR,M15,short,2024-08-08 18:30:00+00:00,2024-08-08 21:00:00+00:00,2410.845,2412.075,2422.8992249999997,2393.1850113274445,11,timeout,-0.10203891166790337
VWAP_MR,M15,short,2024-08-08 21:45:00+00:00,2024-08-09 00:15:00+00:00,2422.935,2421.365,2435.0496749999998,2401.9244425601573,11,timeout,0.1295948921452857
VWAP_MR,M15,short,2024-08-12 14:30:00+00:00,2024-08-12 17:00:00+00:00,2438.405,2442.795,2450.597025,2430.633657912357,11,timeout,-0.3600714401422187
VWAP_MR,M15,short,2024-08-12 21:00:00+00:00,2024-08-12 23:15:00+00:00,2453.185,2465.4509249999996,2465.4509249999996,2437.8270740517446,10,sl,-1.0
VWAP_MR,M15,short,2024-08-12 23:30:00+00:00,2024-08-13 02:00:00+00:00,2464.565,2470.245,2476.887825,2443.9674515684233,11,timeout,-0.46093326814265045
VWAP_MR,M15,short,2024-08-14 16:00:00+00:00,2024-08-14 18:30:00+00:00,2474.735,2473.608,2487.108675,2465.4861475609227,11,timeout,0.09108045911986286
VWAP_MR,M15,long,2024-08-14 20:45:00+00:00,2024-08-14 23:15:00+00:00,2449.785,2443.655,2437.536075,2467.4019689724814,11,timeout,-0.500452080488673
VWAP_MR,M15,long,2024-08-15 20:15:00+00:00,2024-08-15 21:45:00+00:00,2436.328,2453.920681015862,2424.14636,2453.920681015862,7,tp,1.444196431339494
VWAP_MR,M15,short,2024-08-16 15:15:00+00:00,2024-08-16 17:45:00+00:00,2462.205,2465.268,2474.5160249999994,2456.2724224276853,11,timeout,-0.24880137925154258
VWAP_MR,M15,short,2024-08-20 15:00:00+00:00,2024-08-20 16:30:00+00:00,2512.065,2524.625325,2524.625325,2503.1244545469663,7,sl,-1.0
VWAP_MR,M15,short,2024-08-20 17:45:00+00:00,2024-08-20 20:15:00+00:00,2523.088,2524.885,2535.70344,2508.854422252099,11,timeout,-0.1424444965851437
VWAP_MR,M15,short,2024-08-23 21:15:00+00:00,2024-08-23 23:45:00+00:00,2506.995,2504.465,2519.5299749999995,2495.5290104534224,11,timeout,0.20183526492871592
VWAP_MR,M15,short,2024-08-26 15:30:00+00:00,2024-08-26 18:00:00+00:00,2524.125,2524.705,2536.7456249999996,2513.0116336013516,11,timeout,-0.04595651958599097
VWAP_MR,M15,long,2024-08-27 09:30:00+00:00,2024-08-27 12:00:00+00:00,2506.905,2507.088,2494.370475,2518.469735057606,11,timeout,0.014599675695727782
VWAP_MR,M15,long,2024-08-28 19:45:00+00:00,2024-08-28 20:30:00+00:00,2494.095,2510.145429300041,2481.6245249999997,2510.145429300041,4,tp,1.2870744137686163
VWAP_MR,M15,short,2024-08-29 11:15:00+00:00,2024-08-29 13:45:00+00:00,2516.435,2517.325,2529.0171749999995,2506.4768021876775,11,timeout,-0.07073498818764676
VWAP_MR,M15,short,2024-09-03 15:45:00+00:00,2024-09-03 17:30:00+00:00,2504.725,2496.5340861337772,2517.2486249999997,2496.5340861337772,8,tp,0.654036979406745
VWAP_MR,M15,long,2024-09-04 15:15:00+00:00,2024-09-04 17:45:00+00:00,2481.585,2487.364,2469.177075,2490.344445270918,11,timeout,0.46575071980206256
VWAP_MR,M15,short,2024-09-04 22:00:00+00:00,2024-09-05 00:30:00+00:00,2498.425,2494.005,2510.917125,2488.2784957322283,11,timeout,0.353822908432325
VWAP_MR,M15,short,2024-09-05 15:30:00+00:00,2024-09-05 18:00:00+00:00,2509.255,2517.405,2521.801275,2497.651596815674,11,timeout,-0.6495951985748988
VWAP_MR,M15,short,2024-09-05 18:15:00+00:00,2024-09-05 20:45:00+00:00,2517.305,2514.995,2529.8915249999995,2501.8053757274574,11,timeout,0.18352960805305663
VWAP_MR,M15,short,2024-09-06 12:45:00+00:00,2024-09-06 15:15:00+00:00,2520.485,2517.865,2533.0874249999997,2513.004027304294,11,timeout,0.20789649611090183
VWAP_MR,M15,short,2024-09-10 20:00:00+00:00,2024-09-10 21:15:00+00:00,2510.505,2504.376153947115,2523.0575249999997,2504.376153947115,6,tp,0.48825603238273596
VWAP_MR,M15,long,2024-09-11 20:00:00+00:00,2024-09-11 22:30:00+00:00,2503.155,2512.518,2490.6392250000004,2519.441703167609,11,timeout,0.7480959029704467
VWAP_MR,M15,short,2024-09-12 13:15:00+00:00,2024-09-12 15:45:00+00:00,2520.175,2516.678,2532.775875,2512.641062654603,11,timeout,0.2775204102889998
VWAP_MR,M15,short,2024-09-12 20:00:00+00:00,2024-09-12 20:45:00+00:00,2532.825,2545.4891249999996,2545.4891249999996,2517.1986933894227,4,sl,-1.0
VWAP_MR,M15,short,2024-09-12 22:45:00+00:00,2024-09-13 01:15:00+00:00,2553.178,2554.838,2565.9438899999996,2529.677262867092,11,timeout,-0.13003402034643505
VWAP_MR,M15,short,2024-09-18 17:45:00+00:00,2024-09-18 20:15:00+00:00,2575.855,2576.875,2588.734275,2570.236587942402,11,timeout,-0.0791970044897713
VWAP_MR,M15,short,2024-09-20 14:15:00+00:00,2024-09-20 16:45:00+00:00,2605.925,2605.015,2618.954625,2590.4695526841597,11,timeout,0.06984084346251963
VWAP_MR,M15,short,2024-09-23 21:45:00+00:00,2024-09-24 00:15:00+00:00,2633.745,2627.598,2646.9137249999994,2622.7570971112877,11,timeout,0.46678778697255424
VWAP_MR,M15,short,2024-09-24 21:30:00+00:00,2024-09-24 23:45:00+00:00,2638.145,2651.335725,2651.335725,2630.168870536915,10,sl,-1.0
VWAP_MR,M15,short,2024-10-01 21:00:00+00:00,2024-10-01 23:30:00+00:00,2664.195,2664.558,2677.515975,2647.2407767082495,11,timeout,-0.02725025758248469
VWAP_MR,M15,short,2024-10-04 10:00:00+00:00,2024-10-04 12:30:00+00:00,2662.655,2667.444,2675.9682749999997,2652.7134463701354,11,timeout,-0.3597161479801125
VWAP_MR,M15,short,2024-10-04 12:45:00+00:00,2024-10-04 15:15:00+00:00,2667.464,2661.165,2680.8013199999996,2655.6498494012512,11,timeout,0.4722837871476541
VWAP_MR,M15,long,2024-10-04 19:45:00+00:00,2024-10-04 22:00:00+00:00,2641.088,2659.6300025053974,2627.88256,2659.6300025053974,10,tp,1.404118492484688
VWAP_MR,M15,short,2024-10-07 17:15:00+00:00,2024-10-07 19:30:00+00:00,2656.905,2648.4291533022074,2670.189525,2648.4291533022074,10,tp,0.6380240691927693
VWAP_MR,M15,short,2024-10-08 18:45:00+00:00,2024-10-08 19:45:00+00:00,2649.615,2640.080123265446,2662.8630749999993,2640.080123265446,5,tp,0.7197179012463253
VWAP_MR,M15,short,2024-10-10 20:00:00+00:00,2024-10-10 22:30:00+00:00,2622.325,2624.065,2635.4366249999994,2614.4299054839303,11,timeout,-0.13270666298039308
VWAP_MR,M15,short,2024-10-11 09:15:00+00:00,2024-10-11 11:45:00+00:00,2637.165,2645.515,2650.3508249999995,2624.101541009055,11,timeout,-0.6332557879389559
VWAP_MR,M15,short,2024-10-17 23:00:00+00:00,2024-10-18 01:30:00+00:00,2693.995,2691.265,2707.4649749999994,2683.3483407392737,11,timeout,0.20267298194689412
VWAP_MR,M15,short,2024-10-18 09:00:00+00:00,2024-10-18 11:30:00+00:00,2704.618,2709.258,2718.1410899999996,2689.030699426521,11,timeout,-0.34311684681533444
VWAP_MR,M15,long,2024-10-23 21:30:00+00:00,2024-10-23 22:15:00+00:00,2727.985,2714.345075,2714.345075,2744.6514739300683,4,sl,-1.0
VWAP_MR,M15,short,2024-10-25 21:30:00+00:00,2024-10-26 00:00:00+00:00,2737.255,2739.025,2750.9412749999997,2727.155164645801,11,timeout,-0.12932664293242957
VWAP_MR,M15,short,2024-10-26 01:15:00+00:00,2024-10-26 03:45:00+00:00,2744.285,2745.285,2758.0064249999996,2729.920966733332,11,timeout,-0.07287872797468338
VWAP_MR,M15,short,2024-10-28 05:00:00+00:00,2024-10-28 05:00:00+00:00,2735.698,2731.694597905258,2749.3764899999996,2731.694597905258,1,tp,0.29267865785930686
VWAP_MR,M15,short,2024-10-28 21:00:00+00:00,2024-10-28 23:30:00+00:00,2742.265,2743.755,2755.9763249999996,2734.299764341493,11,timeout,-0.10866929344904759
VWAP_MR,M15,short,2024-10-29 09:15:00+00:00,2024-10-29 11:45:00+00:00,2753.718,2753.865,2767.4865899999995,2740.780857291542,11,timeout,-0.010676474497384117
VWAP_MR,M15,short,2024-10-29 21:15:00+00:00,2024-10-29 23:45:00+00:00,2763.565,2765.784,2777.3828249999997,2751.867355577083,11,timeout,-0.16058967312150144
VWAP_MR,M15,short,2024-11-05 16:30:00+00:00,2024-11-05 19:00:00+00:00,2744.615,2741.745,2758.3380749999997,2734.925040509779,11,timeout,0.20913680060772938
VWAP_MR,M15,short,2024-11-07 21:00:00+00:00,2024-11-07 22:30:00+00:00,2684.415,2697.8370749999995,2697.8370749999995,2662.273733254925,7,sl,-1.0
VWAP_MR,M15,long,2024-11-11 21:00:00+00:00,2024-11-11 21:45:00+00:00,2637.825,2624.635875,2624.635875,2667.3133882506786,4,sl,-1.0
VWAP_MR,M15,long,2024-11-11 22:45:00+00:00,2024-11-12 01:15:00+00:00,2618.525,2612.335,2605.432375,2655.5595693836394,11,timeout,-0.47278525123876597
VWAP_MR,M15,short,2024-11-13 20:45:00+00:00,2024-11-13 21:00:00+00:00,2617.808,2607.949594618172,2630.89704,2607.949594618172,2,tp,0.753180170725143
VWAP_MR,M15,short,2024-11-18 07:00:00+00:00,2024-11-18 08:30:00+00:00,2574.144,2587.0147199999997,2587.0147199999997,2567.488492255673,7,sl,-1.0
VWAP_MR,M15,long,2024-11-20 15:15:00+00:00,2024-11-20 17:45:00+00:00,2621.085,2624.275,2607.979575,2632.008783999434,11,timeout,0.2434106486435966
VWAP_MR,M15,short,2024-11-20 22:00:00+00:00,2024-11-21 00:30:00+00:00,2645.115,2649.355,2658.3405749999997,2631.964190148079,11,timeout,-0.32059097619576143
VWAP_MR,M15,short,2024-11-22 09:45:00+00:00,2024-11-22 12:15:00+00:00,2681.695,2688.095,2695.103475,2669.991143161807,11,timeout,-0.47731005949593575
VWAP_MR,M15,long,2024-11-25 10:45:00+00:00,2024-11-25 13:15:00+00:00,2669.025,2665.995,2655.6798750000003,2700.6993078161026,11,timeout,-0.2270492033607958
VWAP_MR,M15,long,2024-11-25 21:45:00+00:00,2024-11-25 23:00:00+00:00,2642.015,2628.804925,2628.804925,2679.8757752653187,6,sl,-1.0
VWAP_MR,M15,short,2024-11-27 11:45:00+00:00,2024-11-27 14:15:00+00:00,2640.335,2646.575,2653.536675,2629.89268206366,11,timeout,-0.4726672941122909
VWAP_MR,M15,short,2024-11-27 16:15:00+00:00,2024-11-27 18:45:00+00:00,2652.975,2650.258,2666.2398749999998,2636.8873631121714,11,timeout,0.20482665686635793
VWAP_MR,M15,short,2024-11-29 09:45:00+00:00,2024-11-29 12:15:00+00:00,2660.494,2660.705,2673.7964699999998,2643.9389126024294,11,timeout,-0.015861715906879792
VWAP_MR,M15,short,2024-11-29 12:45:00+00:00,2024-11-29 15:15:00+00:00,2662.835,2656.735,2676.1491749999996,2646.795420942605,11,timeout,0.45815831623064346
VWAP_MR,M15,short,2024-12-03 13:45:00+00:00,2024-12-03 15:30:00+00:00,2648.735,2640.22743344852,2661.978675,2640.22743344852,8,tp,0.6423871434084764
VWAP_MR,M15,short,2024-12-03 21:15:00+00:00,2024-12-03 22:15:00+00:00,2653.628,2642.4880637331894,2666.89614,2642.4880637331894,5,tp,0.8396004463934686
VWAP_MR,M15,short,2024-12-04 12:45:00+00:00,2024-12-04 14:45:00+00:00,2649.995,2643.6507237037595,2663.2449749999996,2643.6507237037595,9,tp,0.47881420879968123
VWAP_MR,M15,short,2024-12-04 22:45:00+00:00,2024-12-05 01:15:00+00:00,2655.098,2650.704,2668.3734899999995,2645.012148899002,11,timeout,0.3309858995788428
VWAP_MR,M15,long,2024-12-06 08:30:00+00:00,2024-12-06 10:30:00+00:00,2615.865,2637.7604922945357,2602.7856749999996,2637.7604922945357,9,tp,1.674053691190915
VWAP_MR,M15,short,2024-12-09 06:15:00+00:00,2024-12-09 06:30:00+00:00,2647.574,2636.6589649963034,2660.81187,2636.6589649963034,2,tp,0.8245310615451494
VWAP_MR,M15,short,2024-12-09 17:00:00+00:00,2024-12-09 19:30:00+00:00,2654.215,2656.435,2667.486075,2642.2176923174993,11,timeout,-0.16728109817779324
VWAP_MR,M15,short,2024-12-09 21:00:00+00:00,2024-12-09 22:15:00+00:00,2662.245,2675.556225,2675.556225,2646.191062240649,6,sl,-1.0
VWAP_MR,M15,short,2024-12-10 18:00:00+00:00,2024-12-10 20:30:00+00:00,2674.095,2674.665,2687.4654749999995,2665.376831970515,11,timeout,-0.042631245337220694
VWAP_MR,M15,short,2024-12-10 21:00:00+00:00,2024-12-10 23:15:00+00:00,2678.295,2691.686475,2691.686475,2668.6180798299933,10,sl,-1.0
VWAP_MR,M15,short,2024-12-10 23:30:00+00:00,2024-12-11 02:00:00+00:00,2688.498,2691.955,2701.94049,2674.351477001926,11,timeout,-0.25716961664095744
VWAP_MR,M15,short,2024-12-11 22:15:00+00:00,2024-12-12 00:45:00+00:00,2707.014,2717.705,2720.54907,2695.8900834611586,11,timeout,-0.7898740087786674
VWAP_MR,M15,long,2024-12-19 02:30:00+00:00,2024-12-19 03:30:00+00:00,2616.574,2603.49113,2603.49113,2639.035655651229,5,sl,-1.0
VWAP_MR,M15,short,2024-12-20 21:30:00+00:00,2024-12-20 22:45:00+00:00,2613.505,2626.572525,2626.572525,2602.2427606229226,6,sl,-1.0
VWAP_MR,M15,long,2024-12-23 19:00:00+00:00,2024-12-23 21:30:00+00:00,2614.788,2618.265,2601.71406,2624.8844693692754,11,timeout,0.26594890293207735
VWAP_MR,M15,short,2024-12-31 15:30:00+00:00,2024-12-31 18:00:00+00:00,2613.955,2611.748,2627.024775,2605.988342791389,11,timeout,0.16886289167180696
VWAP_MR,M15,short,2025-01-02 08:45:00+00:00,2025-01-02 11:15:00+00:00,2633.598,2632.414,2646.76599,2619.251749676799,11,timeout,0.08991501360494267
VWAP_MR,M15,short,2025-01-03 00:15:00+00:00,2025-01-03 02:45:00+00:00,2659.698,2654.705,2672.9964899999995,2642.004260648456,11,timeout,0.37545616081224714
VWAP_MR,M15,short,2025-01-07 12:45:00+00:00,2025-01-07 15:15:00+00:00,2643.374,2643.205,2656.5908699999995,2634.415759927778,11,timeout,0.012786688527606936
VWAP_MR,M15,short,2025-01-07 20:15:00+00:00,2025-01-07 22:15:00+00:00,2652.418,2642.0372423214717,2665.68009,2642.0372423214717,9,tp,0.7827391971045776
VWAP_MR,M15,short,2025-01-08 22:30:00+00:00,2025-01-09 00:45:00+00:00,2664.165,2653.3745841969253,2677.4858249999997,2653.3745841969253,10,tp,0.8100411050422807
VWAP_MR,M15,short,2025-01-09 18:45:00+00:00,2025-01-09 21:15:00+00:00,2669.604,2672.825,2682.9520199999997,2661.905829358725,11,timeout,-0.24130919791849476
VWAP_MR,M15,short,2025-01-10 14:00:00+00:00,2025-01-10 16:30:00+00:00,2677.405,2678.968,2690.7920249999997,2670.6895664333306,11,timeout,-0.11675484284220736
VWAP_MR,M15,short,2025-01-10 17:30:00+00:00,2025-01-10 20:00:00+00:00,2680.844,2677.455,2694.24822,2673.933966464714,11,timeout,0.2528308249193276
VWAP_MR,M15,short,2025-01-10 21:45:00+00:00,2025-01-11 00:15:00+00:00,2690.274,2695.874,2703.7253699999997,2677.402382345718,11,timeout,-0.4163144720574934
VWAP_MR,M15,short,2025-01-15 17:00:00+00:00,2025-01-15 19:30:00+00:00,2687.755,2686.885,2701.1937749999997,2676.326950635542,11,timeout,0.06473804346005609
VWAP_MR,M15,short,2025-01-16 21:15:00+00:00,2025-01-16 23:45:00+00:00,2716.655,2719.889,2730.2382749999997,2701.134014517258,11,timeout,-0.23808691202968665
VWAP_MR,M15,short,2025-01-21 09:00:00+00:00,2025-01-21 11:30:00+00:00,2716.455,2726.735,2730.0372749999997,2707.8885810970937,11,timeout,-0.7568687867091769
VWAP_MR,M15,short,2025-01-21 12:15:00+00:00,2025-01-21 14:45:00+00:00,2727.485,2730.165,2741.122425,2712.759651903531,11,timeout,-0.19651803767939013
VWAP_MR,M15,short,2025-01-22 02:00:00+00:00,2025-01-22 04:30:00+00:00,2745.285,2742.445,2759.0114249999997,2727.60675100837,11,timeout,0.20690019433317305
VWAP_MR,M15,long,2025-01-23 16:45:00+00:00,2025-01-23 18:15:00+00:00,2743.555,2753.1361935021196,2729.8372249999998,2753.1361935021196,7,tp,0.6984509880151614
VWAP_MR,M15,short,2025-01-24 01:00:00+00:00,2025-01-24 03:30:00+00:00,2758.628,2753.115,2772.42114,2748.7010772705544,11,timeout,0.39969144081771574
VWAP_MR,M15,short,2025-01-24 08:00:00+00:00,2025-01-24 10:00:00+00:00,2760.745,2774.5487249999996,2774.5487249999996,2748.905734465513,9,sl,-1.0
VWAP_MR,M15,short,2025-01-28 21:30:00+00:00,2025-01-29 00:00:00+00:00,2751.265,2758.415,2765.0213249999997,2741.8254590198494,11,timeout,-0.5197609099814214
VWAP_MR,M15,short,2025-01-30 14:30:00+00:00,2025-01-30 17:00:00+00:00,2766.695,2773.925,2780.528475,2755.897703482477,11,timeout,-0.5226452500185287
VWAP_MR,M15,short,2025-01-31 20:00:00+00:00,2025-01-31 22:30:00+00:00,2805.935,2809.685,2819.9646749999997,2795.993754821277,11,timeout,-0.2672905822836282
VWAP_MR,M15,short,2025-02-03 22:15:00+00:00,2025-02-04 00:45:00+00:00,2827.595,2818.685,2841.7329749999994,2794.027332689811,11,timeout,0.6302175523722513
VWAP_MR,M15,short,2025-02-04 20:30:00+00:00,2025-02-04 21:45:00+00:00,2824.415,2838.5370749999997,2838.5370749999997,2816.4487591737966,6,sl,-1.0
VWAP_MR,M15,short,2025-02-04 23:45:00+00:00,2025-02-05 02:15:00+00:00,2840.695,2842.608,2854.898475,2822.884984811794,11,timeout,-0.13468534988797023
VWAP_MR,M15,long,2025-02-06 22:15:00+00:00,2025-02-07 00:45:00+00:00,2838.005,2849.225,2823.8149750000002,2861.7009487758983,11,timeout,0.7906962813666569
VWAP_MR,M15,short,2025-02-07 22:45:00+00:00,2025-02-07 23:30:00+00:00,2882.515,2867.487266080351,2896.9275749999997,2867.487266080351,4,tp,1.0426820966863193
VWAP_MR,M15,short,2025-02-10 13:45:00+00:00,2025-02-10 16:15:00+00:00,2884.455,2898.877275,2898.877275,2869.8422947534186,11,sl,-1.0
VWAP_MR,M15,short,2025-02-11 09:15:00+00:00,2025-02-11 09:45:00+00:00,2934.165,2907.4030454604394,2948.8358249999997,2907.4030454604394,3,tp,1.8241615273552152
VWAP_MR,M15,long,2025-02-12 20:45:00+00:00,2025-02-12 21:15:00+00:00,2865.345,2887.412994679963,2851.018275,2887.412994679963,3,tp,1.5403377031361605
VWAP_MR,M15,short,2025-02-13 00:15:00+00:00,2025-02-13 02:45:00+00:00,2904.355,2895.335,2918.8767749999997,2887.535228667692,11,timeout,0.6211361903073257
VWAP_MR,M15,short,2025-02-13 11:00:00+00:00,2025-02-13 13:30:00+00:00,2917.305,2914.868,2931.8915249999995,2894.1636771127505,11,timeout,0.16707200652656795
VWAP_MR,M15,short,2025-02-14 04:15:00+00:00,2025-02-14 07:30:00+00:00,2928.245,2928.425,2942.8862249999997,2916.6234107148416,11,timeout,-0.012294053264005771
VWAP_MR,M15,short,2025-02-18 10:30:00+00:00,2025-02-18 13:00:00+00:00,2908.195,2910.115,2922.735975,2899.4335536717035,11,timeout,-0.13204066439833867
VWAP_MR,M15,short,2025-02-20 15:15:00+00:00,2025-02-20 17:45:00+00:00,2949.965,2952.698,2964.714825,2935.1072368551636,11,timeout,-0.1852903339530973
VWAP_MR,M15,short,2025-02-22 02:15:00+00:00,2025-02-22 04:45:00+00:00,2942.155,2937.548,2956.8657749999998,2931.609424354961,11,timeout,0.3131718077396034
VWAP_MR,M15,short,2025-02-24 21:15:00+00:00,2025-02-24 21:30:00+00:00,2955.575,2940.377811248533,2970.3528749999996,2940.377811248533,2,tp,1.028374428087066
VWAP_MR,M15,long,2025-02-25 11:30:00+00:00,2025-02-25 14:00:00+00:00,2935.965,2935.335,2921.285175,2945.1441544502763,11,timeout,-0.0429160429364861
VWAP_MR,M15,long,2025-02-28 22:00:00+00:00,2025-03-01 00:30:00+00:00,2836.905,2846.245,2822.720475,2861.126426357775,11,timeout,0.6584640655925814
VWAP_MR,M15,short,2025-03-03 22:45:00+00:00,2025-03-04 01:15:00+00:00,2889.265,2889.685,2903.7113249999998,2869.4892564353504,11,timeout,-0.029073137978003125
VWAP_MR,M15,short,2025-03-04 15:45:00+00:00,2025-03-04 18:15:00+00:00,2914.765,2917.055,2929.3388249999994,2890.8007869686207,11,timeout,-0.15713102085417138
VWAP_MR,M15,short,2025-03-05 23:45:00+00:00,2025-03-06 01:00:00+00:00,2928.819,2914.3854676791593,2943.4630949999996,2914.3854676791593,6,tp,0.9856213252400359
VWAP_MR,M15,short,2025-03-07 15:45:00+00:00,2025-03-07 18:15:00+00:00,2920.075,2921.655,2934.6753749999993,2910.4768598265896,11,timeout,-0.10821639855143671
VWAP_MR,M15,short,2025-03-07 22:15:00+00:00,2025-03-07 22:45:00+00:00,2929.415,2913.6962429692485,2944.062075,2913.6962429692485,3,tp,1.0731669654693259
VWAP_MR,M15,short,2025-03-13 08:15:00+00:00,2025-03-13 10:45:00+00:00,2939.785,2944.405,2954.4839249999995,2923.9737844019687,11,timeout,-0.3143086994457379
VWAP_MR,M15,short,2025-03-13 22:00:00+00:00,2025-03-13 23:15:00+00:00,2964.048,2978.8682399999993,2978.8682399999993,2943.760726598663,6,sl,-1.0
VWAP_MR,M15,short,2025-03-17 17:00:00+00:00,2025-03-17 19:30:00+00:00,2995.015,2987.382310162663,3009.9900749999997,2987.382310162663,11,tp,0.50969292890599
VWAP_MR,M15,short,2025-03-18 10:15:00+00:00,2025-03-18 12:45:00+00:00,3009.478,3013.635,3024.52539,2996.6257788863786,11,timeout,-0.27626053421890634
VWAP_MR,M15,short,2025-03-20 02:00:00+00:00,2025-03-20 05:15:00+00:00,3046.125,3049.515,3061.3556249999997,3034.309505308706,11,timeout,-0.2225778653206905
VWAP_MR,M15,short,2025-03-20 12:00:00+00:00,2025-03-20 14:30:00+00:00,3056.325,3046.235,3071.6066249999994,3040.3628076153145,11,timeout,0.6602700956213715
VWAP_MR,M15,long,2025-03-20 17:45:00+00:00,2025-03-20 20:15:00+00:00,3028.465,3031.705,3013.3226750000003,3045.7630320898393,11,timeout,0.21396978337209274
VWAP_MR,M15,short,2025-03-25 21:15:00+00:00,2025-03-25 23:45:00+00:00,3028.875,3023.805,3044.019375,3017.622948493905,11,timeout,0.33477776402130904
VWAP_MR,M15,short,2025-03-26 15:00:00+00:00,2025-03-26 16:15:00+00:00,3028.725,3021.0552632678146,3043.8686249999996,3021.0552632678146,6,tp,0.5064663666846946
VWAP_MR,M15,short,2025-03-26 19:00:00+00:00,2025-03-26 20:30:00+00:00,3029.735,3022.000630933739,3044.8836749999996,3022.000630933739,7,tp,0.510564063606969
VWAP_MR,M15,short,2025-03-27 10:00:00+00:00,2025-03-27 12:30:00+00:00,3030.335,3031.885,3045.4866749999997,3021.4215013818966,11,timeout,-0.10229892074640073
VWAP_MR,M15,short,2025-03-27 17:30:00+00:00,2025-03-27 20:00:00+00:00,3046.905,3047.225,3062.139525,3030.5194942273024,11,timeout,-0.021004921387421802
VWAP_MR,M15,short,2025-03-31 05:15:00+00:00,2025-03-31 07:45:00+00:00,3088.048,3083.998,3103.488239999999,3077.124524329908,11,timeout,0.26230162225456805
VWAP_MR,M15,short,2025-04-01 09:00:00+00:00,2025-04-01 11:30:00+00:00,3136.465,3144.555,3152.147325,3119.4319425372764,11,timeout,-0.5158673857352026
VWAP_MR,M15,short,2025-04-03 05:15:00+00:00,2025-04-03 05:15:00+00:00,3137.675,3124.8627966237714,3153.363375,3124.8627966237714,1,tp,0.8166686082037836
VWAP_MR,M15,long,2025-04-03 18:15:00+00:00,2025-04-03 19:30:00+00:00,3092.795,3077.331025,3077.331025,3136.7267287087952,6,sl,-1.0
VWAP_MR,M15,short,2025-04-04 18:30:00+00:00,2025-04-04 18:45:00+00:00,3130.778,3101.924720548472,3146.4318899999994,3101.924720548472,2,tp,1.8432018783528197
VWAP_MR,M15,long,2025-04-07 06:45:00+00:00,2025-04-07 09:15:00+00:00,2983.665,3048.175,2968.746675,3062.4451621622825,11,timeout,4.324212001012165
VWAP_MR,M15,long,2025-04-09 00:45:00+00:00,2025-04-09 03:15:00+00:00,2975.195,2978.875,2960.3190250000002,3003.4960928529654,11,timeout,0.24737874324202982
VWAP_MR,M15,short,2025-04-09 13:45:00+00:00,2025-04-09 14:15:00+00:00,3030.992,3046.14696,3046.14696,2996.209889381135,3,sl,-1.0
VWAP_MR,M15,short,2025-04-09 15:30:00+00:00,2025-04-09 18:00:00+00:00,3045.045,3040.605,3060.2702249999998,3001.784152950276,11,timeout,0.29162130608908227
VWAP_MR,M15,short,2025-04-21 07:30:00+00:00,2025-04-21 08:00:00+00:00,3354.665,3371.4383249999996,3371.4383249999996,3319.9032820485,3,sl,-1.0
VWAP_MR,M15,short,2025-04-21 09:00:00+00:00,2025-04-21 11:30:00+00:00,3376.655,3374.295,3393.538275,3329.7645237107436,11,timeout,0.1397833062601996
VWAP_MR,M15,short,2025-04-22 10:45:00+00:00,2025-04-22 13:15:00+00:00,3485.005,3496.605,3502.4300249999997,3429.9919056918948,11,timeout,-0.6657092314071404
VWAP_MR,M15,long,2025-04-23 05:15:00+00:00,2025-04-23 07:45:00+00:00,3319.935,3357.215,3303.335325,3432.999273524643,11,timeout,2.245827102036657
VWAP_MR,M15,short,2025-04-25 04:00:00+00:00,2025-04-25 05:30:00+00:00,3346.365,3363.0968249999996,3363.0968249999996,3329.456530949257,4,sl,-1.0
VWAP_MR,M15,long,2025-04-25 13:00:00+00:00,2025-04-25 13:00:00+00:00,3306.895,3290.360525,3290.360525,3338.477613777917,1,sl,-1.0
VWAP_MR,M15,long,2025-04-25 20:45:00+00:00,2025-04-25 23:15:00+00:00,3267.845,3283.365,3251.5057749999996,3322.381003044654,11,timeout,0.9498614530370822
VWAP_MR,M15,short,2025-04-28 21:45:00+00:00,2025-04-28 22:30:00+00:00,3317.215,3333.801075,3333.801075,3292.16075796209,4,sl,-1.0
VWAP_MR,M15,short,2025-04-29 01:45:00+00:00,2025-04-29 05:00:00+00:00,3348.905,3345.565,3365.649525,3306.3874416103013,11,timeout,0.19946818437669764
VWAP_MR,M15,short,2025-05-02 10:45:00+00:00,2025-05-02 13:15:00+00:00,3254.185,3252.625,3270.4559249999998,3225.904657951745,11,timeout,0.09587654051628682
VWAP_MR,M15,short,2025-05-05 16:15:00+00:00,2025-05-05 16:30:00+00:00,3282.795,3299.2089749999996,3299.2089749999996,3250.4600083786295,2,sl,-1.0
VWAP_MR,M15,short,2025-05-07 00:45:00+00:00,2025-05-07 03:15:00+00:00,3416.595,3421.605,3433.6779749999996,3377.6761221021525,11,timeout,-0.29327444429323785
VWAP_MR,M15,short,2025-05-08 09:00:00+00:00,2025-05-08 09:15:00+00:00,3395.705,3412.6835249999995,3412.6835249999995,3383.589230840242,2,sl,-1.0
VWAP_MR,M15,long,2025-05-08 13:15:00+00:00,2025-05-08 13:30:00+00:00,3355.675,3338.8966250000003,3338.8966250000003,3386.723393015095,2,sl,-1.0
VWAP_MR,M15,long,2025-05-12 05:15:00+00:00,2025-05-12 07:45:00+00:00,3274.365,3272.095,3257.9931749999996,3331.577200753838,11,timeout,-0.13865283803118822
VWAP_MR,M15,short,2025-05-13 12:30:00+00:00,2025-05-13 15:00:00+00:00,3257.705,3258.655,3273.9935249999994,3235.4473407978976,11,timeout,-0.0583232674536401
VWAP_MR,M15,short,2025-05-15 23:15:00+00:00,2025-05-16 01:45:00+00:00,3218.915,3224.865,3235.0095749999996,3165.114322479568,11,timeout,-0.36968978677597625
VWAP_MR,M15,short,2025-05-20 19:15:00+00:00,2025-05-20 21:00:00+00:00,3241.585,3257.7929249999997,3257.7929249999997,3220.2353627841057,8,sl,-1.0
VWAP_MR,M15,short,2025-05-20 21:15:00+00:00,2025-05-20 21:15:00+00:00,3262.045,3278.355225,3278.355225,3223.8821029731425,1,sl,-1.0
VWAP_MR,M15,short,2025-05-22 08:30:00+00:00,2025-05-22 10:00:00+00:00,3327.298,3343.9344899999996,3343.9344899999996,3311.7173622025957,7,sl,-1.0
VWAP_MR,M15,long,2025-05-22 17:45:00+00:00,2025-05-22 20:15:00+00:00,3295.985,3313.125,3279.505075,3326.69538174444,11,timeout,1.0400532769414772
VWAP_MR,M15,short,2025-05-23 13:15:00+00:00,2025-05-23 15:45:00+00:00,3325.495,3325.548,3342.1224749999997,3300.264059619398,11,timeout,-0.003187495395415377
VWAP_MR,M15,short,2025-05-23 19:15:00+00:00,2025-05-23 21:45:00+00:00,3349.199,3352.498,3365.944995,3317.0852574154665,11,timeout,-0.19700232801932785
VWAP_MR,M15,short,2025-05-28 15:00:00+00:00,2025-05-28 17:30:00+00:00,3318.895,3318.505,3335.4894749999994,3304.515152592764,11,timeout,0.02350179803819562
VWAP_MR,M15,short,2025-06-02 06:15:00+00:00,2025-06-02 08:45:00+00:00,3312.445,3305.095,3329.007225,3292.5143704067827,11,timeout,0.4437809533441618
VWAP_MR,M15,short,2025-06-02 13:00:00+00:00,2025-06-02 13:45:00+00:00,3323.948,3340.5677399999995,3340.5677399999995,3298.416861444259,4,sl,-1.0
VWAP_MR,M15,short,2025-06-04 22:00:00+00:00,2025-06-05 00:30:00+00:00,3382.285,3376.698,3399.1964249999996,3359.655057362383,11,timeout,0.33036837522562773
VWAP_MR,M15,short,2025-06-05 17:15:00+00:00,2025-06-05 19:45:00+00:00,3389.088,3394.335,3406.0334399999997,3373.597988933108,11,timeout,-0.3096408237260287
VWAP_MR,M15,long,2025-06-05 23:00:00+00:00,2025-06-06 01:30:00+00:00,3347.998,3355.198,3331.25801,3376.5756264443608,11,timeout,0.43010778381586867
VWAP_MR,M15,short,2025-06-10 00:15:00+00:00,2025-06-10 02:45:00+00:00,3337.575,3327.835,3354.2628749999994,3318.3357008994612,11,timeout,0.5836572960907247
VWAP_MR,M15,long,2025-06-10 09:15:00+00:00,2025-06-10 11:45:00+00:00,3305.015,3304.665,3288.489925,3321.767393507958,11,timeout,-0.02117993413039933
VWAP_MR,M15,short,2025-06-10 18:30:00+00:00,2025-06-10 21:00:00+00:00,3339.775,3340.378,3356.4738749999997,3320.5400466833457,11,timeout,-0.03611021700564142
VWAP_MR,M15,short,2025-06-11 20:00:00+00:00,2025-06-11 20:00:00+00:00,3354.545,3336.7212044467296,3371.317725,3336.7212044467296,1,tp,1.0626654615317803
VWAP_MR,M15,short,2025-06-12 03:45:00+00:00,2025-06-12 06:00:00+00:00,3353.305,3370.0715249999994,3370.0715249999994,3337.916509021105,7,sl,-1.0
VWAP_MR,M15,short,2025-06-13 07:45:00+00:00,2025-06-13 09:00:00+00:00,3414.005,3431.0750249999996,3431.0750249999996,3387.054785201186,6,sl,-1.0
VWAP_MR,M15,short,2025-06-13 10:15:00+00:00,2025-06-13 12:45:00+00:00,3442.445,3423.065,3459.657225,3401.9344104998236,11,timeout,1.1259439148628592
VWAP_MR,M15,long,2025-06-16 21:15:00+00:00,2025-06-16 23:45:00+00:00,3390.495,3399.648,3373.542525,3422.4168323807107,11,timeout,0.5399211619542409
VWAP_MR,M15,short,2025-06-18 12:00:00+00:00,2025-06-18 12:45:00+00:00,3398.848,3384.9063042259454,3415.8422399999995,3384.9063042259454,4,tp,0.8203777146877372
VWAP_MR,M15,short,2025-06-18 20:45:00+00:00,2025-06-18 21:15:00+00:00,3396.248,3384.3977312670536,3413.2292399999997,3384.3977312670536,3,tp,0.6978447235270645
VWAP_MR,M15,short,2025-06-23 05:15:00+00:00,2025-06-23 07:45:00+00:00,3391.398,3359.286588219459,3408.35499,3359.286588219459,11,tp,1.8936976303307107
VWAP_MR,M15,short,2025-06-23 21:00:00+00:00,2025-06-23 23:30:00+00:00,3383.948,3391.865,3400.8677399999997,3364.3689069613106,11,timeout,-0.46791499160152583
VWAP_MR,M15,short,2025-06-23 23:45:00+00:00,2025-06-24 02:15:00+00:00,3391.895,3380.305,3408.8544749999996,3369.1622108763654,11,timeout,0.6833937960933567
VWAP_MR,M15,long,2025-06-24 07:00:00+00:00,2025-06-24 09:30:00+00:00,3349.335,3348.165,3332.588325,3374.692374882628,11,timeout,-0.06986461491610017
VWAP_MR,M15,long,2025-06-27 11:00:00+00:00,2025-06-27 13:30:00+00:00,3297.5,3293.805,3281.0125,3321.1160956344816,11,timeout,-0.2241091736163835
VWAP_MR,M15,short,2025-06-30 14:00:00+00:00,2025-06-30 16:30:00+00:00,3294.535,3281.785,3311.0076749999994,3274.896049707189,11,timeout,0.7740090786712156
VWAP_MR,M15,short,2025-07-01 03:15:00+00:00,2025-07-01 06:30:00+00:00,3307.498,3309.455,3324.0354899999998,3291.4532300846645,11,timeout,-0.11833718417969805
VWAP_MR,M15,short,2025-07-03 01:30:00+00:00,2025-07-03 04:00:00+00:00,3351.315,3357.205,3368.0715749999995,3340.62229107723,11,timeout,-0.3515038126824887
VWAP_MR,M15,short,2025-07-11 08:00:00+00:00,2025-07-11 10:30:00+00:00,3335.525,3335.195,3352.202625,3320.7923357202762,11,timeout,0.019786990054035336
VWAP_MR,M15,short,2025-07-14 14:45:00+00:00,2025-07-14 17:15:00+00:00,3373.305,3372.325,3390.1715249999993,3358.319807732189,11,timeout,0.05810325481983099
VWAP_MR,M15,long,2025-07-15 21:00:00+00:00,2025-07-15 23:30:00+00:00,3335.498,3325.555,3318.82051,3352.8007787701276,11,timeout,-0.5961928323746674
VWAP_MR,M15,short,2025-07-16 22:30:00+00:00,2025-07-16 22:30:00+00:00,3349.655,3366.4032749999997,3366.4032749999997,3334.9750793153958,1,sl,-1.0
VWAP_MR,M15,short,2025-07-21 12:30:00+00:00,2025-07-21 15:00:00+00:00,3363.018,3364.225,3379.8330899999996,3352.7394328207856,11,timeout,-0.07178076358793849
VWAP_MR,M15,short,2025-07-21 19:45:00+00:00,2025-07-21 21:45:00+00:00,3383.248,3400.1642399999996,3400.1642399999996,3365.4239572891915,9,sl,-1.0
VWAP_MR,M15,short,2025-07-22 20:00:00+00:00,2025-07-22 21:00:00+00:00,3402.248,3419.25924,3419.25924,3390.515077213257,5,sl,-1.0
VWAP_MR,M15,short,2025-07-22 21:30:00+00:00,2025-07-23 00:00:00+00:00,3416.155,3431.985,3433.2357749999996,3396.3888267788157,11,timeout,-0.9267729362397454
VWAP_MR,M15,short,2025-07-29 15:45:00+00:00,2025-07-29 18:15:00+00:00,3328.045,3319.885,3344.6852249999997,3315.034949557595,11,timeout,0.4903779846726849
VWAP_MR,M15,long,2025-07-31 02:15:00+00:00,2025-07-31 05:30:00+00:00,3280.325,3277.748,3263.923375,3308.2253006323353,11,timeout,-0.15711857818964742
VWAP_MR,M15,short,2025-08-01 19:45:00+00:00,2025-08-01 19:45:00+00:00,3312.295,3328.8564749999996,3328.8564749999996,3293.2127155159387,1,sl,-1.0
VWAP_MR,M15,short,2025-08-04 20:30:00+00:00,2025-08-04 23:00:00+00:00,3374.155,3375.498,3391.025775,3359.579780022096,11,timeout,-0.07960511594753993
VWAP_MR,M15,short,2025-08-05 23:00:00+00:00,2025-08-06 01:30:00+00:00,3387.489,3379.035,3404.4264449999996,3370.591723939401,11,timeout,0.49913077208518714
VWAP_MR,M15,short,2025-08-07 09:00:00+00:00,2025-08-07 11:30:00+00:00,3380.878,3378.185,3397.78239,3371.532038224226,11,timeout,0.15930773012219074
VWAP_MR,M15,short,2025-08-07 14:00:00+00:00,2025-08-07 15:30:00+00:00,3385.008,3375.0838297590253,3401.9330399999994,3375.0838297590253,7,tp,0.5863602237261897
VWAP_MR,M15,short,2025-08-08 03:00:00+00:00,2025-08-08 06:15:00+00:00,3399.628,3396.405,3416.62614,3384.769992384632,11,timeout,0.18960898074730614
VWAP_MR,M15,short,2025-08-14 07:45:00+00:00,2025-08-14 10:15:00+00:00,3374.445,3359.7040906709403,3391.317225,3359.7040906709403,11,tp,0.8736790393122523
VWAP_MR,M15,short,2025-08-18 09:15:00+00:00,2025-08-18 11:45:00+00:00,3347.165,3355.345,3363.9008249999997,3338.6778419622265,11,timeout,-0.4887718412447524
VWAP_MR,M15,short,2025-08-20 20:15:00+00:00,2025-08-20 22:45:00+00:00,3341.005,3340.945,3357.710025,3323.37774923166,11,timeout,0.0035917336250587068
VWAP_MR,M15,short,2025-08-22 21:15:00+00:00,2025-08-22 21:15:00+00:00,3343.955,3360.6747749999995,3360.6747749999995,3330.8552188267363,1,sl,-1.0
VWAP_MR,M15,short,2025-08-25 21:30:00+00:00,2025-08-26 00:00:00+00:00,3373.195,3373.375,3390.060975,3366.3511619276073,11,timeout,-0.01067237441060119
VWAP_MR,M15,long,2025-08-26 06:30:00+00:00,2025-08-26 07:15:00+00:00,3357.325,3369.002697975423,3340.5383749999996,3369.002697975423,4,tp,0.6956549023656045
VWAP_MR,M15,short,2025-08-26 08:00:00+00:00,2025-08-26 10:15:00+00:00,3382.955,3369.8853880012693,3399.8697749999997,3369.8853880012693,10,tp,0.7726743038988567
VWAP_MR,M15,short,2025-08-27 22:30:00+00:00,2025-08-28 01:00:00+00:00,3388.968,3394.648,3405.9128399999995,3380.2512035551663,11,timeout,-0.3352052896339184
VWAP_MR,M15,short,2025-08-28 18:45:00+00:00,2025-08-28 21:15:00+00:00,3404.715,3410.185,3421.738575,3393.3818119508005,11,timeout,-0.32131911187866785
VWAP_MR,M15,short,2025-08-29 20:30:00+00:00,2025-08-29 21:15:00+00:00,3418.125,3435.215625,3435.215625,3410.9837369252014,4,sl,-1.0
VWAP_MR,M15,short,2025-09-01 10:15:00+00:00,2025-09-01 12:45:00+00:00,3484.095,3478.285,3501.5154749999992,3444.8040802744936,11,timeout,0.3335155901317347
VWAP_MR,M15,short,2025-09-02 08:45:00+00:00,2025-09-02 11:15:00+00:00,3497.505,3495.415,3514.9925249999997,3476.15564800116,11,timeout,0.11951376767153724
VWAP_MR,M15,short,2025-09-02 22:00:00+00:00,2025-09-02 23:45:00+00:00,3510.015,3527.5650749999995,3527.5650749999995,3488.805368426468,8,sl,-1.0
VWAP_MR,M15,short,2025-09-04 00:15:00+00:00,2025-09-04 02:45:00+00:00,3572.629,3562.855,3590.4921449999997,3546.019390033688,11,timeout,0.5471600885510359
VWAP_MR,M15,long,2025-09-04 10:30:00+00:00,2025-09-04 13:00:00+00:00,3520.885,3525.865,3503.280575,3556.34359413373,11,timeout,0.2828834227757831
VWAP_MR,M15,short,2025-09-05 07:15:00+00:00,2025-09-05 09:45:00+00:00,3554.595,3549.205,3572.367974999999,3545.215179035755,11,timeout,0.3032694301319871
VWAP_MR,M15,short,2025-09-05 19:45:00+00:00,2025-09-05 21:00:00+00:00,3573.075,3590.940374999999,3590.940374999999,3552.5780892992493,6,sl,-1.0
VWAP_MR,M15,short,2025-09-08 14:45:00+00:00,2025-09-08 17:15:00+00:00,3609.825,3621.385,3627.8741249999994,3590.9019260699565,11,timeout,-0.6404742612176872
VWAP_MR,M15,short,2025-09-09 21:15:00+00:00,2025-09-09 21:15:00+00:00,3670.098,3650.147287628882,3688.4484899999998,3650.147287628882,1,tp,1.0872032502193671
VWAP_MR,M15,short,2025-09-12 08:30:00+00:00,2025-09-12 11:00:00+00:00,3641.898,3653.195,3660.10749,3630.4079051815934,11,timeout,-0.6203907962276918
VWAP_MR,M15,long,2025-09-17 09:00:00+00:00,2025-09-17 11:30:00+00:00,3677.698,3680.575,3659.30951,3689.2443062134766,11,timeout,0.15645656603668823
VWAP_MR,M15,long,2025-09-18 02:15:00+00:00,2025-09-18 05:30:00+00:00,3646.905,3663.198,3628.6704750000004,3673.151676415823,11,timeout,0.8935247833436737
VWAP_MR,M15,long,2025-09-18 21:00:00+00:00,2025-09-18 23:30:00+00:00,3631.195,3643.845,3613.039025,3656.370132249831,11,timeout,0.6967403292855133
VWAP_MR,M15,short,2025-09-19 22:30:00+00:00,2025-09-20 01:00:00+00:00,3672.025,3678.985,3690.385125,3653.46424341747,11,timeout,-0.3790823864216693
VWAP_MR,M15,short,2025-09-20 01:15:00+00:00,2025-09-20 03:45:00+00:00,3678.965,3684.548,3697.3598249999995,3658.9299211447938,11,timeout,-0.30350927502706937
VWAP_MR,M15,short,2025-09-22 05:45:00+00:00,2025-09-22 08:15:00+00:00,3690.675,3695.595,3709.128375,3666.4049447665084,11,timeout,-0.2666178951004749
VWAP_MR,M15,short,2025-09-23 16:30:00+00:00,2025-09-23 19:00:00+00:00,3783.705,3783.105,3802.6235249999995,3751.398635623858,11,timeout,0.03171494606476573
VWAP_MR,M15,long,2025-09-24 23:00:00+00:00,2025-09-25 01:30:00+00:00,3745.395,3726.668025,3726.668025,3763.191611936485,11,sl,-1.0
VWAP_MR,M15,short,2025-09-26 20:30:00+00:00,2025-09-26 23:00:00+00:00,3765.275,3779.065,3784.1013749999997,3746.743098633325,11,timeout,-0.7324830191685986
VWAP_MR,M15,short,2025-09-29 13:30:00+00:00,2025-09-29 16:00:00+00:00,3818.025,3817.775,3837.115125,3781.8171026902905,11,timeout,0.013095775957465115
VWAP_MR,M15,short,2025-09-30 11:00:00+00:00,2025-09-30 13:30:00+00:00,3865.145,3866.745,3884.4707249999997,3830.588302349153,11,timeout,-0.08279120188246156
VWAP_MR,M15,long,2025-09-30 16:30:00+00:00,2025-09-30 19:00:00+00:00,3804.795,3812.985,3785.771025,3842.399392156499,11,timeout,0.430509396695487
VWAP_MR,M15,short,2025-10-02 17:45:00+00:00,2025-10-02 20:15:00+00:00,3881.988,3889.275,3901.3979399999994,3866.4633356780732,11,timeout,-0.3754261991536517
VWAP_MR,M15,short,2025-10-02 20:30:00+00:00,2025-10-02 21:15:00+00:00,3889.255,3870.496234553793,3908.701275,3870.496234553793,4,tp,0.9646456941603181
VWAP_MR,M15,long,2025-10-02 22:00:00+00:00,2025-10-03 00:30:00+00:00,3836.635,3845.055,3817.451825,3870.3687195528573,11,timeout,0.4389262986966217
VWAP_MR,M15,short,2025-10-03 20:15:00+00:00,2025-10-03 22:45:00+00:00,3873.278,3886.055,3892.6443899999995,3858.7423453377264,11,timeout,-0.6597512494584821
VWAP_MR,M15,short,2025-10-06 06:30:00+00:00,2025-10-06 09:00:00+00:00,3910.148,3920.685,3929.69874,3879.059622749282,11,timeout,-0.5389565816946049
VWAP_MR,M15,short,2025-10-06 09:15:00+00:00,2025-10-06 11:45:00+00:00,3920.715,3939.585,3940.318575,3885.1281312018755,11,timeout,-0.962579529499096
VWAP_MR,M15,short,2025-10-07 22:15:00+00:00,2025-10-07 23:00:00+00:00,3987.085,3965.673461576614,4007.0204249999997,3965.673461576614,4,tp,1.0740447431337103
VWAP_MR,M15,short,2025-10-08 07:30:00+00:00,2025-10-08 10:00:00+00:00,3997.048,4010.035,4017.0332399999993,3975.676740649396,11,timeout,-0.6498295742257982
VWAP_MR,M15,short,2025-10-10 22:45:00+00:00,2025-10-10 23:15:00+00:00,4019.498,3983.686232021707,4039.5954899999997,3983.686232021707,3,tp,1.7819025151048085
VWAP_MR,M15,short,2025-10-13 12:30:00+00:00,2025-10-13 15:00:00+00:00,4063.038,4069.995,4083.3531899999994,4014.905459393949,11,timeout,-0.3424531102096561
VWAP_MR,M15,short,2025-10-15 05:30:00+00:00,2025-10-15 08:00:00+00:00,4162.548,4166.595,4183.360739999999,4131.689196819232,11,timeout,-0.1944482081648355
VWAP_MR,M15,short,2025-10-16 07:45:00+00:00,2025-10-16 10:15:00+00:00,4224.709,4240.055,4245.832544999999,4198.863212913308,11,timeout,-0.7264879072144778
VWAP_MR,M15,short,2025-10-16 23:45:00+00:00,2025-10-17 02:15:00+00:00,4288.485,4292.355,4309.927424999999,4243.146505335382,11,timeout,-0.1804833175352145
VWAP_MR,M15,short,2025-10-17 03:30:00+00:00,2025-10-17 05:00:00+00:00,4316.405,4337.987024999999,4337.987024999999,4259.994176167702,4,sl,-1.0
VWAP_MR,M15,short,2025-10-17 08:00:00+00:00,2025-10-17 08:45:00+00:00,4368.105,4286.169386492244,4389.945524999999,4286.169386492244,4,tp,3.751540473855708
VWAP_MR,M15,long,2025-10-17 21:30:00+00:00,2025-10-18 00:00:00+00:00,4224.339,4203.217305,4203.217305,4326.307146805312,11,sl,-1.0
VWAP_MR,M15,short,2025-10-20 19:30:00+00:00,2025-10-20 19:45:00+00:00,4279.915,4301.314574999999,4301.314574999999,4251.586456288523,2,sl,-1.0
VWAP_MR,M15,short,2025-10-20 21:30:00+00:00,2025-10-20 22:15:00+00:00,4319.895,4341.494475,4341.494475,4263.984317330648,4,sl,-1.0
VWAP_MR,M15,long,2025-10-21 15:30:00+00:00,2025-10-21 18:00:00+00:00,4259.345,4255.075,4238.048275,4343.2768345134855,11,timeout,-0.2005003116676581
VWAP_MR,M15,long,2025-10-21 21:45:00+00:00,2025-10-21 21:45:00+00:00,4131.525,4110.867375,4110.867375,4261.708870209622,1,sl,-1.0
VWAP_MR,M15,short,2025-10-23 13:30:00+00:00,2025-10-23 16:00:00+00:00,4130.798,4117.845,4151.45199,4071.662798618928,11,timeout,0.6271427457842116
VWAP_MR,M15,long,2025-10-27 16:30:00+00:00,2025-10-27 19:00:00+00:00,4033.385,4024.755,4013.218075,4079.99464999986,11,timeout,-0.4279284025700553
VWAP_MR,M15,short,2025-10-29 15:15:00+00:00,2025-10-29 16:45:00+00:00,4001.735,4021.7436749999997,4021.7436749999997,3964.082367583798,7,sl,-1.0
VWAP_MR,M15,short,2025-11-06 14:45:00+00:00,2025-11-06 17:15:00+00:00,4004.105,4008.745,4024.1255249999995,3983.1400274491016,11,timeout,-0.23176215408936576
VWAP_MR,M15,short,2025-11-07 14:30:00+00:00,2025-11-07 17:00:00+00:00,4008.525,4006.895,4028.5676249999997,3986.297554244486,11,timeout,0.08132667252917931
VWAP_MR,M15,short,2025-11-08 00:00:00+00:00,2025-11-08 00:15:00+00:00,4019.105,3999.4709762341345,4039.2005249999997,3999.4709762341345,2,tp,0.977034626657717
VWAP_MR,M15,short,2025-11-12 22:30:00+00:00,2025-11-12 23:00:00+00:00,4161.795,4182.603975,4182.603975,4126.45281404872,3,sl,-1.0
VWAP_MR,M15,short,2025-11-13 01:45:00+00:00,2025-11-13 04:15:00+00:00,4208.875,4190.955,4229.9193749999995,4154.887748781416,11,timeout,0.8515339609753441
VWAP_MR,M15,long,2025-11-18 03:00:00+00:00,2025-11-18 06:15:00+00:00,4016.205,4050.695,3996.123975,4069.524001143866,11,timeout,1.7175418087473282
VWAP_MR,M15,short,2025-11-19 17:15:00+00:00,2025-11-19 19:45:00+00:00,4112.275,4117.775,4132.836374999999,4078.0476700293148,11,timeout,-0.2674918384592559
VWAP_MR,M15,short,2025-11-22 00:15:00+00:00,2025-11-22 02:45:00+00:00,4095.105,4085.729,4115.580524999999,4057.617221872269,11,timeout,0.4579125565767172
VWAP_MR,M15,short,2025-11-25 02:00:00+00:00,2025-11-25 04:30:00+00:00,4114.465,4131.825,4135.037324999999,4077.6584193875597,11,timeout,-0.8438521168608974
VWAP_MR,M15,short,2025-11-25 07:00:00+00:00,2025-11-25 09:30:00+00:00,4138.115,4145.335,4158.805574999999,4093.250417070715,11,timeout,-0.3489511528800135
VWAP_MR,M15,short,2025-11-26 09:00:00+00:00,2025-11-26 11:30:00+00:00,4151.965,4157.015,4172.724824999999,4135.725865698954,11,timeout,-0.24325831263030304
VWAP_MR,M15,short,2025-11-28 23:45:00+00:00,2025-11-29 02:15:00+00:00,4209.435,4218.845,4230.482175,4178.637274011165,11,timeout,-0.4470908803675548
